author1_id,author2_id,paper_id,year,journal,title
2,3,2,2017,American Journal of Sociology,The Interplay of Work and Family Trajectories over the Life Course: Germany and the United States in Comparison
4,5,3,2024,Sage Open,Family Structure and Youth Gender Ideologies in Germany and South Korea
4,6,3,2024,Sage Open,Family Structure and Youth Gender Ideologies in Germany and South Korea
4,7,3,2024,Sage Open,Family Structure and Youth Gender Ideologies in Germany and South Korea
4,8,3,2024,Sage Open,Family Structure and Youth Gender Ideologies in Germany and South Korea
5,6,3,2024,Sage Open,Family Structure and Youth Gender Ideologies in Germany and South Korea
5,7,3,2024,Sage Open,Family Structure and Youth Gender Ideologies in Germany and South Korea
5,8,3,2024,Sage Open,Family Structure and Youth Gender Ideologies in Germany and South Korea
6,7,3,2024,Sage Open,Family Structure and Youth Gender Ideologies in Germany and South Korea
6,8,3,2024,Sage Open,Family Structure and Youth Gender Ideologies in Germany and South Korea
7,8,3,2024,Sage Open,Family Structure and Youth Gender Ideologies in Germany and South Korea
9,10,4,2019,Education as a Lifelong Process,Adult Education and Lifelong Learning
9,11,4,2019,Education as a Lifelong Process,Adult Education and Lifelong Learning
9,12,4,2019,Education as a Lifelong Process,Adult Education and Lifelong Learning
9,13,4,2019,Education as a Lifelong Process,Adult Education and Lifelong Learning
9,14,4,2019,Education as a Lifelong Process,Adult Education and Lifelong Learning
9,15,4,2019,Education as a Lifelong Process,Adult Education and Lifelong Learning
9,16,4,2019,Education as a Lifelong Process,Adult Education and Lifelong Learning
9,17,4,2019,Education as a Lifelong Process,Adult Education and Lifelong Learning
9,18,4,2019,Education as a Lifelong Process,Adult Education and Lifelong Learning
9,19,4,2019,Education as a Lifelong Process,Adult Education and Lifelong Learning
9,20,4,2019,Education as a Lifelong Process,Adult Education and Lifelong Learning
9,21,4,2019,Education as a Lifelong Process,Adult Education and Lifelong Learning
9,22,4,2019,Education as a Lifelong Process,Adult Education and Lifelong Learning
9,23,4,2019,Education as a Lifelong Process,Adult Education and Lifelong Learning
9,24,4,2019,Education as a Lifelong Process,Adult Education and Lifelong Learning
9,25,4,2019,Education as a Lifelong Process,Adult Education and Lifelong Learning
10,11,4,2019,Education as a Lifelong Process,Adult Education and Lifelong Learning
10,12,4,2019,Education as a Lifelong Process,Adult Education and Lifelong Learning
10,13,4,2019,Education as a Lifelong Process,Adult Education and Lifelong Learning
10,14,4,2019,Education as a Lifelong Process,Adult Education and Lifelong Learning
10,15,4,2019,Education as a Lifelong Process,Adult Education and Lifelong Learning
10,16,4,2019,Education as a Lifelong Process,Adult Education and Lifelong Learning
10,17,4,2019,Education as a Lifelong Process,Adult Education and Lifelong Learning
10,18,4,2019,Education as a Lifelong Process,Adult Education and Lifelong Learning
10,19,4,2019,Education as a Lifelong Process,Adult Education and Lifelong Learning
10,20,4,2019,Education as a Lifelong Process,Adult Education and Lifelong Learning
10,21,4,2019,Education as a Lifelong Process,Adult Education and Lifelong Learning
10,22,4,2019,Education as a Lifelong Process,Adult Education and Lifelong Learning
10,23,4,2019,Education as a Lifelong Process,Adult Education and Lifelong Learning
10,24,4,2019,Education as a Lifelong Process,Adult Education and Lifelong Learning
10,25,4,2019,Education as a Lifelong Process,Adult Education and Lifelong Learning
11,12,4,2019,Education as a Lifelong Process,Adult Education and Lifelong Learning
11,13,4,2019,Education as a Lifelong Process,Adult Education and Lifelong Learning
11,14,4,2019,Education as a Lifelong Process,Adult Education and Lifelong Learning
11,15,4,2019,Education as a Lifelong Process,Adult Education and Lifelong Learning
11,16,4,2019,Education as a Lifelong Process,Adult Education and Lifelong Learning
11,17,4,2019,Education as a Lifelong Process,Adult Education and Lifelong Learning
11,18,4,2019,Education as a Lifelong Process,Adult Education and Lifelong Learning
11,19,4,2019,Education as a Lifelong Process,Adult Education and Lifelong Learning
11,20,4,2019,Education as a Lifelong Process,Adult Education and Lifelong Learning
11,21,4,2019,Education as a Lifelong Process,Adult Education and Lifelong Learning
11,22,4,2019,Education as a Lifelong Process,Adult Education and Lifelong Learning
11,23,4,2019,Education as a Lifelong Process,Adult Education and Lifelong Learning
11,24,4,2019,Education as a Lifelong Process,Adult Education and Lifelong Learning
11,25,4,2019,Education as a Lifelong Process,Adult Education and Lifelong Learning
12,13,4,2019,Education as a Lifelong Process,Adult Education and Lifelong Learning
12,14,4,2019,Education as a Lifelong Process,Adult Education and Lifelong Learning
12,15,4,2019,Education as a Lifelong Process,Adult Education and Lifelong Learning
12,16,4,2019,Education as a Lifelong Process,Adult Education and Lifelong Learning
12,17,4,2019,Education as a Lifelong Process,Adult Education and Lifelong Learning
12,18,4,2019,Education as a Lifelong Process,Adult Education and Lifelong Learning
12,19,4,2019,Education as a Lifelong Process,Adult Education and Lifelong Learning
12,20,4,2019,Education as a Lifelong Process,Adult Education and Lifelong Learning
12,21,4,2019,Education as a Lifelong Process,Adult Education and Lifelong Learning
12,22,4,2019,Education as a Lifelong Process,Adult Education and Lifelong Learning
12,23,4,2019,Education as a Lifelong Process,Adult Education and Lifelong Learning
12,24,4,2019,Education as a Lifelong Process,Adult Education and Lifelong Learning
12,25,4,2019,Education as a Lifelong Process,Adult Education and Lifelong Learning
13,14,4,2019,Education as a Lifelong Process,Adult Education and Lifelong Learning
13,15,4,2019,Education as a Lifelong Process,Adult Education and Lifelong Learning
13,16,4,2019,Education as a Lifelong Process,Adult Education and Lifelong Learning
13,17,4,2019,Education as a Lifelong Process,Adult Education and Lifelong Learning
13,18,4,2019,Education as a Lifelong Process,Adult Education and Lifelong Learning
13,19,4,2019,Education as a Lifelong Process,Adult Education and Lifelong Learning
13,20,4,2019,Education as a Lifelong Process,Adult Education and Lifelong Learning
13,21,4,2019,Education as a Lifelong Process,Adult Education and Lifelong Learning
13,22,4,2019,Education as a Lifelong Process,Adult Education and Lifelong Learning
13,23,4,2019,Education as a Lifelong Process,Adult Education and Lifelong Learning
13,24,4,2019,Education as a Lifelong Process,Adult Education and Lifelong Learning
13,25,4,2019,Education as a Lifelong Process,Adult Education and Lifelong Learning
14,15,4,2019,Education as a Lifelong Process,Adult Education and Lifelong Learning
14,16,4,2019,Education as a Lifelong Process,Adult Education and Lifelong Learning
14,17,4,2019,Education as a Lifelong Process,Adult Education and Lifelong Learning
14,18,4,2019,Education as a Lifelong Process,Adult Education and Lifelong Learning
14,19,4,2019,Education as a Lifelong Process,Adult Education and Lifelong Learning
14,20,4,2019,Education as a Lifelong Process,Adult Education and Lifelong Learning
14,21,4,2019,Education as a Lifelong Process,Adult Education and Lifelong Learning
14,22,4,2019,Education as a Lifelong Process,Adult Education and Lifelong Learning
14,23,4,2019,Education as a Lifelong Process,Adult Education and Lifelong Learning
14,24,4,2019,Education as a Lifelong Process,Adult Education and Lifelong Learning
14,25,4,2019,Education as a Lifelong Process,Adult Education and Lifelong Learning
15,16,4,2019,Education as a Lifelong Process,Adult Education and Lifelong Learning
15,17,4,2019,Education as a Lifelong Process,Adult Education and Lifelong Learning
15,18,4,2019,Education as a Lifelong Process,Adult Education and Lifelong Learning
15,19,4,2019,Education as a Lifelong Process,Adult Education and Lifelong Learning
15,20,4,2019,Education as a Lifelong Process,Adult Education and Lifelong Learning
15,21,4,2019,Education as a Lifelong Process,Adult Education and Lifelong Learning
15,22,4,2019,Education as a Lifelong Process,Adult Education and Lifelong Learning
15,23,4,2019,Education as a Lifelong Process,Adult Education and Lifelong Learning
15,24,4,2019,Education as a Lifelong Process,Adult Education and Lifelong Learning
15,25,4,2019,Education as a Lifelong Process,Adult Education and Lifelong Learning
16,17,4,2019,Education as a Lifelong Process,Adult Education and Lifelong Learning
16,18,4,2019,Education as a Lifelong Process,Adult Education and Lifelong Learning
16,19,4,2019,Education as a Lifelong Process,Adult Education and Lifelong Learning
16,20,4,2019,Education as a Lifelong Process,Adult Education and Lifelong Learning
16,21,4,2019,Education as a Lifelong Process,Adult Education and Lifelong Learning
16,22,4,2019,Education as a Lifelong Process,Adult Education and Lifelong Learning
16,23,4,2019,Education as a Lifelong Process,Adult Education and Lifelong Learning
16,24,4,2019,Education as a Lifelong Process,Adult Education and Lifelong Learning
16,25,4,2019,Education as a Lifelong Process,Adult Education and Lifelong Learning
17,18,4,2019,Education as a Lifelong Process,Adult Education and Lifelong Learning
17,19,4,2019,Education as a Lifelong Process,Adult Education and Lifelong Learning
17,20,4,2019,Education as a Lifelong Process,Adult Education and Lifelong Learning
17,21,4,2019,Education as a Lifelong Process,Adult Education and Lifelong Learning
17,22,4,2019,Education as a Lifelong Process,Adult Education and Lifelong Learning
17,23,4,2019,Education as a Lifelong Process,Adult Education and Lifelong Learning
17,24,4,2019,Education as a Lifelong Process,Adult Education and Lifelong Learning
17,25,4,2019,Education as a Lifelong Process,Adult Education and Lifelong Learning
18,19,4,2019,Education as a Lifelong Process,Adult Education and Lifelong Learning
18,20,4,2019,Education as a Lifelong Process,Adult Education and Lifelong Learning
18,21,4,2019,Education as a Lifelong Process,Adult Education and Lifelong Learning
18,22,4,2019,Education as a Lifelong Process,Adult Education and Lifelong Learning
18,23,4,2019,Education as a Lifelong Process,Adult Education and Lifelong Learning
18,24,4,2019,Education as a Lifelong Process,Adult Education and Lifelong Learning
18,25,4,2019,Education as a Lifelong Process,Adult Education and Lifelong Learning
19,20,4,2019,Education as a Lifelong Process,Adult Education and Lifelong Learning
19,21,4,2019,Education as a Lifelong Process,Adult Education and Lifelong Learning
19,22,4,2019,Education as a Lifelong Process,Adult Education and Lifelong Learning
19,23,4,2019,Education as a Lifelong Process,Adult Education and Lifelong Learning
19,24,4,2019,Education as a Lifelong Process,Adult Education and Lifelong Learning
19,25,4,2019,Education as a Lifelong Process,Adult Education and Lifelong Learning
20,21,4,2019,Education as a Lifelong Process,Adult Education and Lifelong Learning
20,22,4,2019,Education as a Lifelong Process,Adult Education and Lifelong Learning
20,23,4,2019,Education as a Lifelong Process,Adult Education and Lifelong Learning
20,24,4,2019,Education as a Lifelong Process,Adult Education and Lifelong Learning
20,25,4,2019,Education as a Lifelong Process,Adult Education and Lifelong Learning
21,22,4,2019,Education as a Lifelong Process,Adult Education and Lifelong Learning
21,23,4,2019,Education as a Lifelong Process,Adult Education and Lifelong Learning
21,24,4,2019,Education as a Lifelong Process,Adult Education and Lifelong Learning
21,25,4,2019,Education as a Lifelong Process,Adult Education and Lifelong Learning
22,23,4,2019,Education as a Lifelong Process,Adult Education and Lifelong Learning
22,24,4,2019,Education as a Lifelong Process,Adult Education and Lifelong Learning
22,25,4,2019,Education as a Lifelong Process,Adult Education and Lifelong Learning
23,24,4,2019,Education as a Lifelong Process,Adult Education and Lifelong Learning
23,25,4,2019,Education as a Lifelong Process,Adult Education and Lifelong Learning
24,25,4,2019,Education as a Lifelong Process,Adult Education and Lifelong Learning
26,27,5,2022,Zeitschrift für Erziehungswissenschaft,Civic Literacy – zur Theorie und Messbarkeit eines Kompetenzmodells für die schulische politische Bildung
26,28,5,2022,Zeitschrift für Erziehungswissenschaft,Civic Literacy – zur Theorie und Messbarkeit eines Kompetenzmodells für die schulische politische Bildung
27,28,5,2022,Zeitschrift für Erziehungswissenschaft,Civic Literacy – zur Theorie und Messbarkeit eines Kompetenzmodells für die schulische politische Bildung
26,27,6,2023,Jahrbuch der Schulentwicklung. Band 23: 50 Jahre Schulentwicklung – Leitthemen der empirischen Bildungsforschung,Towards the measurability of a competence model for school-based civic education
26,28,6,2023,Jahrbuch der Schulentwicklung. Band 23: 50 Jahre Schulentwicklung – Leitthemen der empirischen Bildungsforschung,Towards the measurability of a competence model for school-based civic education
27,28,6,2023,Jahrbuch der Schulentwicklung. Band 23: 50 Jahre Schulentwicklung – Leitthemen der empirischen Bildungsforschung,Towards the measurability of a competence model for school-based civic education
14,21,7,2020,KZfSS Kölner Zeitschrift für Soziologie und Sozialpsychologie,Der Einfluss der beruflichen Geschlechtersegregation und beruflicher Arbeitszeitarrangements auf Teilzeitarbeit: Gleiche Übergangsbedingungen für Frauen und Männer?
29,30,8,2020,Journal of Psychoeducational Assessment,Home Learning Environments: A Cross-Cultural Study Between Germany and Iran
29,31,8,2020,Journal of Psychoeducational Assessment,Home Learning Environments: A Cross-Cultural Study Between Germany and Iran
29,32,8,2020,Journal of Psychoeducational Assessment,Home Learning Environments: A Cross-Cultural Study Between Germany and Iran
30,31,8,2020,Journal of Psychoeducational Assessment,Home Learning Environments: A Cross-Cultural Study Between Germany and Iran
30,32,8,2020,Journal of Psychoeducational Assessment,Home Learning Environments: A Cross-Cultural Study Between Germany and Iran
31,32,8,2020,Journal of Psychoeducational Assessment,Home Learning Environments: A Cross-Cultural Study Between Germany and Iran
33,34,9,2020,Unknown,Bildung zu demokratischer Kompetenz
33,35,9,2020,Unknown,Bildung zu demokratischer Kompetenz
33,36,9,2020,Unknown,Bildung zu demokratischer Kompetenz
33,37,9,2020,Unknown,Bildung zu demokratischer Kompetenz
28,33,9,2020,Unknown,Bildung zu demokratischer Kompetenz
32,33,9,2020,Unknown,Bildung zu demokratischer Kompetenz
33,38,9,2020,Unknown,Bildung zu demokratischer Kompetenz
33,39,9,2020,Unknown,Bildung zu demokratischer Kompetenz
33,40,9,2020,Unknown,Bildung zu demokratischer Kompetenz
34,35,9,2020,Unknown,Bildung zu demokratischer Kompetenz
34,36,9,2020,Unknown,Bildung zu demokratischer Kompetenz
34,37,9,2020,Unknown,Bildung zu demokratischer Kompetenz
28,34,9,2020,Unknown,Bildung zu demokratischer Kompetenz
32,34,9,2020,Unknown,Bildung zu demokratischer Kompetenz
34,38,9,2020,Unknown,Bildung zu demokratischer Kompetenz
34,39,9,2020,Unknown,Bildung zu demokratischer Kompetenz
34,40,9,2020,Unknown,Bildung zu demokratischer Kompetenz
35,36,9,2020,Unknown,Bildung zu demokratischer Kompetenz
35,37,9,2020,Unknown,Bildung zu demokratischer Kompetenz
28,35,9,2020,Unknown,Bildung zu demokratischer Kompetenz
32,35,9,2020,Unknown,Bildung zu demokratischer Kompetenz
35,38,9,2020,Unknown,Bildung zu demokratischer Kompetenz
35,39,9,2020,Unknown,Bildung zu demokratischer Kompetenz
35,40,9,2020,Unknown,Bildung zu demokratischer Kompetenz
36,37,9,2020,Unknown,Bildung zu demokratischer Kompetenz
28,36,9,2020,Unknown,Bildung zu demokratischer Kompetenz
32,36,9,2020,Unknown,Bildung zu demokratischer Kompetenz
36,38,9,2020,Unknown,Bildung zu demokratischer Kompetenz
36,39,9,2020,Unknown,Bildung zu demokratischer Kompetenz
36,40,9,2020,Unknown,Bildung zu demokratischer Kompetenz
28,37,9,2020,Unknown,Bildung zu demokratischer Kompetenz
32,37,9,2020,Unknown,Bildung zu demokratischer Kompetenz
37,38,9,2020,Unknown,Bildung zu demokratischer Kompetenz
37,39,9,2020,Unknown,Bildung zu demokratischer Kompetenz
37,40,9,2020,Unknown,Bildung zu demokratischer Kompetenz
28,32,9,2020,Unknown,Bildung zu demokratischer Kompetenz
28,38,9,2020,Unknown,Bildung zu demokratischer Kompetenz
28,39,9,2020,Unknown,Bildung zu demokratischer Kompetenz
28,40,9,2020,Unknown,Bildung zu demokratischer Kompetenz
32,38,9,2020,Unknown,Bildung zu demokratischer Kompetenz
32,39,9,2020,Unknown,Bildung zu demokratischer Kompetenz
32,40,9,2020,Unknown,Bildung zu demokratischer Kompetenz
38,39,9,2020,Unknown,Bildung zu demokratischer Kompetenz
38,40,9,2020,Unknown,Bildung zu demokratischer Kompetenz
39,40,9,2020,Unknown,Bildung zu demokratischer Kompetenz
41,42,10,2017,Demographic Research,Life-table representations of family dynamics in the 21st century
41,43,10,2017,Demographic Research,Life-table representations of family dynamics in the 21st century
42,43,10,2017,Demographic Research,Life-table representations of family dynamics in the 21st century
44,45,11,2017,IW-Trends. Vierteljahresschrift zur empirischen Wirtschaftsforschung,"Bildungsstand, Bildungsmobilität und Einkommen - Neue Herausforderungen durch die Zuwanderung"
46,47,12,2023,"Education, Competence Development and Career Trajectories",Employment-Related Further Training in a Dynamic Labour Market
46,48,12,2023,"Education, Competence Development and Career Trajectories",Employment-Related Further Training in a Dynamic Labour Market
46,49,12,2023,"Education, Competence Development and Career Trajectories",Employment-Related Further Training in a Dynamic Labour Market
47,48,12,2023,"Education, Competence Development and Career Trajectories",Employment-Related Further Training in a Dynamic Labour Market
47,49,12,2023,"Education, Competence Development and Career Trajectories",Employment-Related Further Training in a Dynamic Labour Market
48,49,12,2023,"Education, Competence Development and Career Trajectories",Employment-Related Further Training in a Dynamic Labour Market
25,46,13,2018,Wirtschaftsdienst,Erwerbsarbeit nach Renteneintritt
46,50,13,2018,Wirtschaftsdienst,Erwerbsarbeit nach Renteneintritt
25,50,13,2018,Wirtschaftsdienst,Erwerbsarbeit nach Renteneintritt
20,46,14,2019,Australian Economic Review,Surveying Lifelong Learning in the German National Educational Panel Study
25,46,14,2019,Australian Economic Review,Surveying Lifelong Learning in the German National Educational Panel Study
12,46,14,2019,Australian Economic Review,Surveying Lifelong Learning in the German National Educational Panel Study
20,25,14,2019,Australian Economic Review,Surveying Lifelong Learning in the German National Educational Panel Study
12,20,14,2019,Australian Economic Review,Surveying Lifelong Learning in the German National Educational Panel Study
12,25,14,2019,Australian Economic Review,Surveying Lifelong Learning in the German National Educational Panel Study
15,51,15,2025,German Economic Review,The Gender Pay Gap in University Student Internships
15,52,15,2025,German Economic Review,The Gender Pay Gap in University Student Internships
15,53,15,2025,German Economic Review,The Gender Pay Gap in University Student Internships
51,52,15,2025,German Economic Review,The Gender Pay Gap in University Student Internships
51,53,15,2025,German Economic Review,The Gender Pay Gap in University Student Internships
52,53,15,2025,German Economic Review,The Gender Pay Gap in University Student Internships
15,54,16,2019,"Methods, Data, Analysis",Validating Earnings in the German National Educational Panel Study. Determinants of Measurement Accuracy of Survey Questions on Earnings
12,15,16,2019,"Methods, Data, Analysis",Validating Earnings in the German National Educational Panel Study. Determinants of Measurement Accuracy of Survey Questions on Earnings
12,54,16,2019,"Methods, Data, Analysis",Validating Earnings in the German National Educational Panel Study. Determinants of Measurement Accuracy of Survey Questions on Earnings
55,56,18,2023,Zeitschrift für Erziehungswissenschaft,"The National Educational Panel Study (NEPS)—framework, design, and research potential"
55,57,19,2019,Bildungsforschung mit Daten der amtlichen Statistik,"Nutzungspotenziale amtlicher Statistik in der Bildungsforschung. Ein Überblick zu Erreichtem, möglichen Chancen und anstehenden Herausforderungen"
10,55,19,2019,Bildungsforschung mit Daten der amtlichen Statistik,"Nutzungspotenziale amtlicher Statistik in der Bildungsforschung. Ein Überblick zu Erreichtem, möglichen Chancen und anstehenden Herausforderungen"
55,58,19,2019,Bildungsforschung mit Daten der amtlichen Statistik,"Nutzungspotenziale amtlicher Statistik in der Bildungsforschung. Ein Überblick zu Erreichtem, möglichen Chancen und anstehenden Herausforderungen"
55,59,19,2019,Bildungsforschung mit Daten der amtlichen Statistik,"Nutzungspotenziale amtlicher Statistik in der Bildungsforschung. Ein Überblick zu Erreichtem, möglichen Chancen und anstehenden Herausforderungen"
10,57,19,2019,Bildungsforschung mit Daten der amtlichen Statistik,"Nutzungspotenziale amtlicher Statistik in der Bildungsforschung. Ein Überblick zu Erreichtem, möglichen Chancen und anstehenden Herausforderungen"
57,58,19,2019,Bildungsforschung mit Daten der amtlichen Statistik,"Nutzungspotenziale amtlicher Statistik in der Bildungsforschung. Ein Überblick zu Erreichtem, möglichen Chancen und anstehenden Herausforderungen"
57,59,19,2019,Bildungsforschung mit Daten der amtlichen Statistik,"Nutzungspotenziale amtlicher Statistik in der Bildungsforschung. Ein Überblick zu Erreichtem, möglichen Chancen und anstehenden Herausforderungen"
10,58,19,2019,Bildungsforschung mit Daten der amtlichen Statistik,"Nutzungspotenziale amtlicher Statistik in der Bildungsforschung. Ein Überblick zu Erreichtem, möglichen Chancen und anstehenden Herausforderungen"
10,59,19,2019,Bildungsforschung mit Daten der amtlichen Statistik,"Nutzungspotenziale amtlicher Statistik in der Bildungsforschung. Ein Überblick zu Erreichtem, möglichen Chancen und anstehenden Herausforderungen"
58,59,19,2019,Bildungsforschung mit Daten der amtlichen Statistik,"Nutzungspotenziale amtlicher Statistik in der Bildungsforschung. Ein Überblick zu Erreichtem, möglichen Chancen und anstehenden Herausforderungen"
61,62,21,2019,"Weiterbildung : Zeitschrift für Grundlagen, Praxis und Trends",Weiterbildung kann engagement fördern. Stärkt das lernen erwachsener die zivillgesellschaft?
61,63,21,2019,"Weiterbildung : Zeitschrift für Grundlagen, Praxis und Trends",Weiterbildung kann engagement fördern. Stärkt das lernen erwachsener die zivillgesellschaft?
62,63,21,2019,"Weiterbildung : Zeitschrift für Grundlagen, Praxis und Trends",Weiterbildung kann engagement fördern. Stärkt das lernen erwachsener die zivillgesellschaft?
64,65,22,2023,Psychometrika,A Bayesian Approach Towards Missing Covariate Data in Multilevel Latent Regression Models
64,66,22,2023,Psychometrika,A Bayesian Approach Towards Missing Covariate Data in Multilevel Latent Regression Models
65,66,22,2023,Psychometrika,A Bayesian Approach Towards Missing Covariate Data in Multilevel Latent Regression Models
64,67,23,2022,SchulVerwaltung spezial,Ein Blick aus vielen Perspektiven: Was längsschnittliche Studien wie das Nationale Bildungspanel (NEPS) bei der Analyse von Übergängen leisten
64,68,23,2022,SchulVerwaltung spezial,Ein Blick aus vielen Perspektiven: Was längsschnittliche Studien wie das Nationale Bildungspanel (NEPS) bei der Analyse von Übergängen leisten
67,68,23,2022,SchulVerwaltung spezial,Ein Blick aus vielen Perspektiven: Was längsschnittliche Studien wie das Nationale Bildungspanel (NEPS) bei der Analyse von Übergängen leisten
64,65,24,2016,Methodological Issues of Longitudinal Surveys,Estimation of Plausible Values Considering Partially Missing Background Information: A Data Augmented MCMC Approach
64,69,24,2016,Methodological Issues of Longitudinal Surveys,Estimation of Plausible Values Considering Partially Missing Background Information: A Data Augmented MCMC Approach
64,70,24,2016,Methodological Issues of Longitudinal Surveys,Estimation of Plausible Values Considering Partially Missing Background Information: A Data Augmented MCMC Approach
65,69,24,2016,Methodological Issues of Longitudinal Surveys,Estimation of Plausible Values Considering Partially Missing Background Information: A Data Augmented MCMC Approach
65,70,24,2016,Methodological Issues of Longitudinal Surveys,Estimation of Plausible Values Considering Partially Missing Background Information: A Data Augmented MCMC Approach
69,70,24,2016,Methodological Issues of Longitudinal Surveys,Estimation of Plausible Values Considering Partially Missing Background Information: A Data Augmented MCMC Approach
64,68,25,2017,Sociological Methods & Research,Nonparametric Multiple Imputation for Questionnaires with Individual Skip Patterns and Constraints: The Case of Income Imputation in the National Educational Panel Study
64,71,25,2017,Sociological Methods & Research,Nonparametric Multiple Imputation for Questionnaires with Individual Skip Patterns and Constraints: The Case of Income Imputation in the National Educational Panel Study
64,72,25,2017,Sociological Methods & Research,Nonparametric Multiple Imputation for Questionnaires with Individual Skip Patterns and Constraints: The Case of Income Imputation in the National Educational Panel Study
64,73,25,2017,Sociological Methods & Research,Nonparametric Multiple Imputation for Questionnaires with Individual Skip Patterns and Constraints: The Case of Income Imputation in the National Educational Panel Study
68,71,25,2017,Sociological Methods & Research,Nonparametric Multiple Imputation for Questionnaires with Individual Skip Patterns and Constraints: The Case of Income Imputation in the National Educational Panel Study
68,72,25,2017,Sociological Methods & Research,Nonparametric Multiple Imputation for Questionnaires with Individual Skip Patterns and Constraints: The Case of Income Imputation in the National Educational Panel Study
68,73,25,2017,Sociological Methods & Research,Nonparametric Multiple Imputation for Questionnaires with Individual Skip Patterns and Constraints: The Case of Income Imputation in the National Educational Panel Study
71,72,25,2017,Sociological Methods & Research,Nonparametric Multiple Imputation for Questionnaires with Individual Skip Patterns and Constraints: The Case of Income Imputation in the National Educational Panel Study
71,73,25,2017,Sociological Methods & Research,Nonparametric Multiple Imputation for Questionnaires with Individual Skip Patterns and Constraints: The Case of Income Imputation in the National Educational Panel Study
72,73,25,2017,Sociological Methods & Research,Nonparametric Multiple Imputation for Questionnaires with Individual Skip Patterns and Constraints: The Case of Income Imputation in the National Educational Panel Study
64,74,26,2019,Education as a Lifelong Process,Sampling Designs of the National Educational Panel Study: Setup and Panel Development
64,68,26,2019,Education as a Lifelong Process,Sampling Designs of the National Educational Panel Study: Setup and Panel Development
64,75,26,2019,Education as a Lifelong Process,Sampling Designs of the National Educational Panel Study: Setup and Panel Development
64,76,26,2019,Education as a Lifelong Process,Sampling Designs of the National Educational Panel Study: Setup and Panel Development
64,77,26,2019,Education as a Lifelong Process,Sampling Designs of the National Educational Panel Study: Setup and Panel Development
64,78,26,2019,Education as a Lifelong Process,Sampling Designs of the National Educational Panel Study: Setup and Panel Development
64,79,26,2019,Education as a Lifelong Process,Sampling Designs of the National Educational Panel Study: Setup and Panel Development
64,80,26,2019,Education as a Lifelong Process,Sampling Designs of the National Educational Panel Study: Setup and Panel Development
68,74,26,2019,Education as a Lifelong Process,Sampling Designs of the National Educational Panel Study: Setup and Panel Development
74,75,26,2019,Education as a Lifelong Process,Sampling Designs of the National Educational Panel Study: Setup and Panel Development
74,76,26,2019,Education as a Lifelong Process,Sampling Designs of the National Educational Panel Study: Setup and Panel Development
74,77,26,2019,Education as a Lifelong Process,Sampling Designs of the National Educational Panel Study: Setup and Panel Development
74,78,26,2019,Education as a Lifelong Process,Sampling Designs of the National Educational Panel Study: Setup and Panel Development
74,79,26,2019,Education as a Lifelong Process,Sampling Designs of the National Educational Panel Study: Setup and Panel Development
74,80,26,2019,Education as a Lifelong Process,Sampling Designs of the National Educational Panel Study: Setup and Panel Development
68,75,26,2019,Education as a Lifelong Process,Sampling Designs of the National Educational Panel Study: Setup and Panel Development
68,76,26,2019,Education as a Lifelong Process,Sampling Designs of the National Educational Panel Study: Setup and Panel Development
68,77,26,2019,Education as a Lifelong Process,Sampling Designs of the National Educational Panel Study: Setup and Panel Development
68,78,26,2019,Education as a Lifelong Process,Sampling Designs of the National Educational Panel Study: Setup and Panel Development
68,79,26,2019,Education as a Lifelong Process,Sampling Designs of the National Educational Panel Study: Setup and Panel Development
68,80,26,2019,Education as a Lifelong Process,Sampling Designs of the National Educational Panel Study: Setup and Panel Development
75,76,26,2019,Education as a Lifelong Process,Sampling Designs of the National Educational Panel Study: Setup and Panel Development
75,77,26,2019,Education as a Lifelong Process,Sampling Designs of the National Educational Panel Study: Setup and Panel Development
75,78,26,2019,Education as a Lifelong Process,Sampling Designs of the National Educational Panel Study: Setup and Panel Development
75,79,26,2019,Education as a Lifelong Process,Sampling Designs of the National Educational Panel Study: Setup and Panel Development
75,80,26,2019,Education as a Lifelong Process,Sampling Designs of the National Educational Panel Study: Setup and Panel Development
76,77,26,2019,Education as a Lifelong Process,Sampling Designs of the National Educational Panel Study: Setup and Panel Development
76,78,26,2019,Education as a Lifelong Process,Sampling Designs of the National Educational Panel Study: Setup and Panel Development
76,79,26,2019,Education as a Lifelong Process,Sampling Designs of the National Educational Panel Study: Setup and Panel Development
76,80,26,2019,Education as a Lifelong Process,Sampling Designs of the National Educational Panel Study: Setup and Panel Development
77,78,26,2019,Education as a Lifelong Process,Sampling Designs of the National Educational Panel Study: Setup and Panel Development
77,79,26,2019,Education as a Lifelong Process,Sampling Designs of the National Educational Panel Study: Setup and Panel Development
77,80,26,2019,Education as a Lifelong Process,Sampling Designs of the National Educational Panel Study: Setup and Panel Development
78,79,26,2019,Education as a Lifelong Process,Sampling Designs of the National Educational Panel Study: Setup and Panel Development
78,80,26,2019,Education as a Lifelong Process,Sampling Designs of the National Educational Panel Study: Setup and Panel Development
79,80,26,2019,Education as a Lifelong Process,Sampling Designs of the National Educational Panel Study: Setup and Panel Development
81,82,27,2023,Journal of Open Psychology Data,Education from the crib on: The potential of the Newborn Cohort of the German National Educational Panel Study
81,83,27,2023,Journal of Open Psychology Data,Education from the crib on: The potential of the Newborn Cohort of the German National Educational Panel Study
82,83,27,2023,Journal of Open Psychology Data,Education from the crib on: The potential of the Newborn Cohort of the German National Educational Panel Study
81,83,28,2019,Sprache · Stimme · Gehör,Häusliche Lernumwelt und Spracherwerb in den ersten Lebensjahren
81,83,29,2018,Frühe Bildung,Soziale Disparitäten im Kontext von Mutter-Kind-Interaktionen und frühen Entwicklungsmaßen von Kindern
81,84,30,2024,Studies in Educational Evaluation,Teaching quality and student reading outcomes: Evidence from a longitudinal study from grade 5 to 7
81,85,30,2024,Studies in Educational Evaluation,Teaching quality and student reading outcomes: Evidence from a longitudinal study from grade 5 to 7
81,86,30,2024,Studies in Educational Evaluation,Teaching quality and student reading outcomes: Evidence from a longitudinal study from grade 5 to 7
84,85,30,2024,Studies in Educational Evaluation,Teaching quality and student reading outcomes: Evidence from a longitudinal study from grade 5 to 7
84,86,30,2024,Studies in Educational Evaluation,Teaching quality and student reading outcomes: Evidence from a longitudinal study from grade 5 to 7
85,86,30,2024,Studies in Educational Evaluation,Teaching quality and student reading outcomes: Evidence from a longitudinal study from grade 5 to 7
81,83,31,2020,Frontiers in Psychology,What Impacts Early Language Skills? Effects of Social Disparities and Different Process Characteristics of the Home Learning Environment in the First 2 Years
81,87,32,2020,NEPS Berichte Corona,Zufriedenheit in unruhigen Zeiten: Welche Rolle die Kommunikation zwischen Eltern und Schulen während der Schulschließungen gespielt hat. Einschätzungen von Eltern zur Unterstützung durch die Schule und zum Lernerfolg ihrer Kinder während des Lockdowns
81,88,32,2020,NEPS Berichte Corona,Zufriedenheit in unruhigen Zeiten: Welche Rolle die Kommunikation zwischen Eltern und Schulen während der Schulschließungen gespielt hat. Einschätzungen von Eltern zur Unterstützung durch die Schule und zum Lernerfolg ihrer Kinder während des Lockdowns
87,88,32,2020,NEPS Berichte Corona,Zufriedenheit in unruhigen Zeiten: Welche Rolle die Kommunikation zwischen Eltern und Schulen während der Schulschließungen gespielt hat. Einschätzungen von Eltern zur Unterstützung durch die Schule und zum Lernerfolg ihrer Kinder während des Lockdowns
89,90,33,2025,International Journal of Social Research Methodology,The effectiveness of between-wave mailings and tailored material incentives on response rates: results from a young adolescent longitudinal survey
89,91,33,2025,International Journal of Social Research Methodology,The effectiveness of between-wave mailings and tailored material incentives on response rates: results from a young adolescent longitudinal survey
89,92,33,2025,International Journal of Social Research Methodology,The effectiveness of between-wave mailings and tailored material incentives on response rates: results from a young adolescent longitudinal survey
89,93,33,2025,International Journal of Social Research Methodology,The effectiveness of between-wave mailings and tailored material incentives on response rates: results from a young adolescent longitudinal survey
90,91,33,2025,International Journal of Social Research Methodology,The effectiveness of between-wave mailings and tailored material incentives on response rates: results from a young adolescent longitudinal survey
90,92,33,2025,International Journal of Social Research Methodology,The effectiveness of between-wave mailings and tailored material incentives on response rates: results from a young adolescent longitudinal survey
90,93,33,2025,International Journal of Social Research Methodology,The effectiveness of between-wave mailings and tailored material incentives on response rates: results from a young adolescent longitudinal survey
91,92,33,2025,International Journal of Social Research Methodology,The effectiveness of between-wave mailings and tailored material incentives on response rates: results from a young adolescent longitudinal survey
91,93,33,2025,International Journal of Social Research Methodology,The effectiveness of between-wave mailings and tailored material incentives on response rates: results from a young adolescent longitudinal survey
92,93,33,2025,International Journal of Social Research Methodology,The effectiveness of between-wave mailings and tailored material incentives on response rates: results from a young adolescent longitudinal survey
101,102,41,2017,Berichterstattung zur sozioökonomischen Entwicklung in Deutschland,Über Ausbildung in Arbeit? Verläufe gering gebildeter Jugendlicher
103,104,42,2022,European Sociological Review,Education and Employment Trajectories in NEPS-ADIAB: The Survey Data of the National Educational Panel Study Linked to Administrative Data of the Institute for Employment Research
103,105,42,2022,European Sociological Review,Education and Employment Trajectories in NEPS-ADIAB: The Survey Data of the National Educational Panel Study Linked to Administrative Data of the Institute for Employment Research
104,105,42,2022,European Sociological Review,Education and Employment Trajectories in NEPS-ADIAB: The Survey Data of the National Educational Panel Study Linked to Administrative Data of the Institute for Employment Research
107,108,44,2020,Evidence-based HRM: a Global Forum for Empirical Scholarship,Atypical employment over the life cycle
107,109,44,2020,Evidence-based HRM: a Global Forum for Empirical Scholarship,Atypical employment over the life cycle
108,109,44,2020,Evidence-based HRM: a Global Forum for Empirical Scholarship,Atypical employment over the life cycle
107,110,45,2022,Zeitschrift für Wirtschaftspolitik,Digitale Kompetenzen in Deutschland
107,111,45,2022,Zeitschrift für Wirtschaftspolitik,Digitale Kompetenzen in Deutschland
107,112,45,2022,Zeitschrift für Wirtschaftspolitik,Digitale Kompetenzen in Deutschland
107,113,45,2022,Zeitschrift für Wirtschaftspolitik,Digitale Kompetenzen in Deutschland
110,111,45,2022,Zeitschrift für Wirtschaftspolitik,Digitale Kompetenzen in Deutschland
110,112,45,2022,Zeitschrift für Wirtschaftspolitik,Digitale Kompetenzen in Deutschland
110,113,45,2022,Zeitschrift für Wirtschaftspolitik,Digitale Kompetenzen in Deutschland
111,112,45,2022,Zeitschrift für Wirtschaftspolitik,Digitale Kompetenzen in Deutschland
111,113,45,2022,Zeitschrift für Wirtschaftspolitik,Digitale Kompetenzen in Deutschland
112,113,45,2022,Zeitschrift für Wirtschaftspolitik,Digitale Kompetenzen in Deutschland
106,114,46,2017,Journal for Labour Market Research,The duration of family-related employment interruptions – the role of occupational characteristics
107,110,47,2025,Applied Economics Letters,The gender gap in digital literacy: a cohort analysis for Germany
115,116,48,2025,Zeitschrift für Interkulturellen Fremdsprachenunterricht,Schriftsprachliche Entwicklung ein- und mehrsprachiger Schüler:innen am Beispiel von Orthographie und Leseverständnis
118,119,50,2022,Survey-Methoden in der Hochschulforschung,Being Mobile: How the Usage of Mobile Devices Affects Surveys with Highly Educated Respondents
120,121,51,2016,Zielgruppen Lebenslangen Lernens an Hochschulen,Gestaltung von Zu- und Übergängen zum Hochschulstudium für nicht-traditionelle Studierende
120,122,51,2016,Zielgruppen Lebenslangen Lernens an Hochschulen,Gestaltung von Zu- und Übergängen zum Hochschulstudium für nicht-traditionelle Studierende
121,122,51,2016,Zielgruppen Lebenslangen Lernens an Hochschulen,Gestaltung von Zu- und Übergängen zum Hochschulstudium für nicht-traditionelle Studierende
123,124,52,2022,Research in Social Stratification and Mobility,Social origin and secondary labour market entry: Ascriptive and institutional inequalities over the early career in Italy and Germany
127,128,55,2019,Education as a Lifelong Process,Education Processes in Life-Course-Specific Learning Environments
127,129,55,2019,Education as a Lifelong Process,Education Processes in Life-Course-Specific Learning Environments
58,127,55,2019,Education as a Lifelong Process,Education Processes in Life-Course-Specific Learning Environments
32,127,55,2019,Education as a Lifelong Process,Education Processes in Life-Course-Specific Learning Environments
127,130,55,2019,Education as a Lifelong Process,Education Processes in Life-Course-Specific Learning Environments
127,131,55,2019,Education as a Lifelong Process,Education Processes in Life-Course-Specific Learning Environments
128,129,55,2019,Education as a Lifelong Process,Education Processes in Life-Course-Specific Learning Environments
58,128,55,2019,Education as a Lifelong Process,Education Processes in Life-Course-Specific Learning Environments
32,128,55,2019,Education as a Lifelong Process,Education Processes in Life-Course-Specific Learning Environments
128,130,55,2019,Education as a Lifelong Process,Education Processes in Life-Course-Specific Learning Environments
128,131,55,2019,Education as a Lifelong Process,Education Processes in Life-Course-Specific Learning Environments
58,129,55,2019,Education as a Lifelong Process,Education Processes in Life-Course-Specific Learning Environments
32,129,55,2019,Education as a Lifelong Process,Education Processes in Life-Course-Specific Learning Environments
129,130,55,2019,Education as a Lifelong Process,Education Processes in Life-Course-Specific Learning Environments
129,131,55,2019,Education as a Lifelong Process,Education Processes in Life-Course-Specific Learning Environments
32,58,55,2019,Education as a Lifelong Process,Education Processes in Life-Course-Specific Learning Environments
58,130,55,2019,Education as a Lifelong Process,Education Processes in Life-Course-Specific Learning Environments
58,131,55,2019,Education as a Lifelong Process,Education Processes in Life-Course-Specific Learning Environments
32,130,55,2019,Education as a Lifelong Process,Education Processes in Life-Course-Specific Learning Environments
32,131,55,2019,Education as a Lifelong Process,Education Processes in Life-Course-Specific Learning Environments
130,131,55,2019,Education as a Lifelong Process,Education Processes in Life-Course-Specific Learning Environments
32,127,56,2016,Methodological Issues of Longitudinal Surveys,Measurement of Preschool Quality Within the National Educational Panel Study—Results of a Methodological Study
132,133,57,2025,Journal of Personality and Social Psychology,Development of life satisfaction in immigrant youth: The role of transition decisions and cultural identification.
132,134,57,2025,Journal of Personality and Social Psychology,Development of life satisfaction in immigrant youth: The role of transition decisions and cultural identification.
132,135,57,2025,Journal of Personality and Social Psychology,Development of life satisfaction in immigrant youth: The role of transition decisions and cultural identification.
36,132,57,2025,Journal of Personality and Social Psychology,Development of life satisfaction in immigrant youth: The role of transition decisions and cultural identification.
133,134,57,2025,Journal of Personality and Social Psychology,Development of life satisfaction in immigrant youth: The role of transition decisions and cultural identification.
133,135,57,2025,Journal of Personality and Social Psychology,Development of life satisfaction in immigrant youth: The role of transition decisions and cultural identification.
36,133,57,2025,Journal of Personality and Social Psychology,Development of life satisfaction in immigrant youth: The role of transition decisions and cultural identification.
134,135,57,2025,Journal of Personality and Social Psychology,Development of life satisfaction in immigrant youth: The role of transition decisions and cultural identification.
36,134,57,2025,Journal of Personality and Social Psychology,Development of life satisfaction in immigrant youth: The role of transition decisions and cultural identification.
36,135,57,2025,Journal of Personality and Social Psychology,Development of life satisfaction in immigrant youth: The role of transition decisions and cultural identification.
136,137,58,2023,Journal of Open Psychology Data,"Data for Psychological Research in the Educational Field: Spotlights, Data Infrastructures, and Findings from Research"
136,138,58,2023,Journal of Open Psychology Data,"Data for Psychological Research in the Educational Field: Spotlights, Data Infrastructures, and Findings from Research"
134,136,58,2023,Journal of Open Psychology Data,"Data for Psychological Research in the Educational Field: Spotlights, Data Infrastructures, and Findings from Research"
136,139,58,2023,Journal of Open Psychology Data,"Data for Psychological Research in the Educational Field: Spotlights, Data Infrastructures, and Findings from Research"
136,140,58,2023,Journal of Open Psychology Data,"Data for Psychological Research in the Educational Field: Spotlights, Data Infrastructures, and Findings from Research"
136,141,58,2023,Journal of Open Psychology Data,"Data for Psychological Research in the Educational Field: Spotlights, Data Infrastructures, and Findings from Research"
137,138,58,2023,Journal of Open Psychology Data,"Data for Psychological Research in the Educational Field: Spotlights, Data Infrastructures, and Findings from Research"
134,137,58,2023,Journal of Open Psychology Data,"Data for Psychological Research in the Educational Field: Spotlights, Data Infrastructures, and Findings from Research"
137,139,58,2023,Journal of Open Psychology Data,"Data for Psychological Research in the Educational Field: Spotlights, Data Infrastructures, and Findings from Research"
137,140,58,2023,Journal of Open Psychology Data,"Data for Psychological Research in the Educational Field: Spotlights, Data Infrastructures, and Findings from Research"
137,141,58,2023,Journal of Open Psychology Data,"Data for Psychological Research in the Educational Field: Spotlights, Data Infrastructures, and Findings from Research"
134,138,58,2023,Journal of Open Psychology Data,"Data for Psychological Research in the Educational Field: Spotlights, Data Infrastructures, and Findings from Research"
138,139,58,2023,Journal of Open Psychology Data,"Data for Psychological Research in the Educational Field: Spotlights, Data Infrastructures, and Findings from Research"
138,140,58,2023,Journal of Open Psychology Data,"Data for Psychological Research in the Educational Field: Spotlights, Data Infrastructures, and Findings from Research"
138,141,58,2023,Journal of Open Psychology Data,"Data for Psychological Research in the Educational Field: Spotlights, Data Infrastructures, and Findings from Research"
134,139,58,2023,Journal of Open Psychology Data,"Data for Psychological Research in the Educational Field: Spotlights, Data Infrastructures, and Findings from Research"
134,140,58,2023,Journal of Open Psychology Data,"Data for Psychological Research in the Educational Field: Spotlights, Data Infrastructures, and Findings from Research"
134,141,58,2023,Journal of Open Psychology Data,"Data for Psychological Research in the Educational Field: Spotlights, Data Infrastructures, and Findings from Research"
139,140,58,2023,Journal of Open Psychology Data,"Data for Psychological Research in the Educational Field: Spotlights, Data Infrastructures, and Findings from Research"
139,141,58,2023,Journal of Open Psychology Data,"Data for Psychological Research in the Educational Field: Spotlights, Data Infrastructures, and Findings from Research"
140,141,58,2023,Journal of Open Psychology Data,"Data for Psychological Research in the Educational Field: Spotlights, Data Infrastructures, and Findings from Research"
143,144,60,2023,International Migration Review,Are They Still Aiming High? The Development of Educational Aspirations of Lower Secondary School Students With Immigrant Backgrounds in Germany
143,145,60,2023,International Migration Review,Are They Still Aiming High? The Development of Educational Aspirations of Lower Secondary School Students With Immigrant Backgrounds in Germany
144,145,60,2023,International Migration Review,Are They Still Aiming High? The Development of Educational Aspirations of Lower Secondary School Students With Immigrant Backgrounds in Germany
146,147,61,2024,AERA Open,Living in the Big Pond: Adding the Neighborhood as a Frame of Reference for Academic Self-Concept Formation
146,148,61,2024,AERA Open,Living in the Big Pond: Adding the Neighborhood as a Frame of Reference for Academic Self-Concept Formation
146,149,61,2024,AERA Open,Living in the Big Pond: Adding the Neighborhood as a Frame of Reference for Academic Self-Concept Formation
146,150,61,2024,AERA Open,Living in the Big Pond: Adding the Neighborhood as a Frame of Reference for Academic Self-Concept Formation
147,148,61,2024,AERA Open,Living in the Big Pond: Adding the Neighborhood as a Frame of Reference for Academic Self-Concept Formation
147,149,61,2024,AERA Open,Living in the Big Pond: Adding the Neighborhood as a Frame of Reference for Academic Self-Concept Formation
147,150,61,2024,AERA Open,Living in the Big Pond: Adding the Neighborhood as a Frame of Reference for Academic Self-Concept Formation
148,149,61,2024,AERA Open,Living in the Big Pond: Adding the Neighborhood as a Frame of Reference for Academic Self-Concept Formation
148,150,61,2024,AERA Open,Living in the Big Pond: Adding the Neighborhood as a Frame of Reference for Academic Self-Concept Formation
149,150,61,2024,AERA Open,Living in the Big Pond: Adding the Neighborhood as a Frame of Reference for Academic Self-Concept Formation
143,151,62,2017,Early Education and Development,Not Just Any Child Care Center? Social and Ethnic Disparities in the Use of Early Education Institutions With a Beneficial Learning Environment
133,152,63,2025,Handbuch Erziehungswissenschaftliche Migrationsforschung,Quantitative Ansätze der erziehungswissenschaftlichen Migrationsforschung
58,133,63,2025,Handbuch Erziehungswissenschaftliche Migrationsforschung,Quantitative Ansätze der erziehungswissenschaftlichen Migrationsforschung
133,153,63,2025,Handbuch Erziehungswissenschaftliche Migrationsforschung,Quantitative Ansätze der erziehungswissenschaftlichen Migrationsforschung
58,152,63,2025,Handbuch Erziehungswissenschaftliche Migrationsforschung,Quantitative Ansätze der erziehungswissenschaftlichen Migrationsforschung
152,153,63,2025,Handbuch Erziehungswissenschaftliche Migrationsforschung,Quantitative Ansätze der erziehungswissenschaftlichen Migrationsforschung
58,153,63,2025,Handbuch Erziehungswissenschaftliche Migrationsforschung,Quantitative Ansätze der erziehungswissenschaftlichen Migrationsforschung
154,155,64,2023,Social Forces,Career Compromises and Dropout from Vocational Education and Training in Germany
154,156,64,2023,Social Forces,Career Compromises and Dropout from Vocational Education and Training in Germany
155,156,64,2023,Social Forces,Career Compromises and Dropout from Vocational Education and Training in Germany
157,158,66,2020,Open Education Studies,Dropping out from Higher Education in Germany an Empirical Evaluation of Determinants for Bachelor Students
157,159,66,2020,Open Education Studies,Dropping out from Higher Education in Germany an Empirical Evaluation of Determinants for Bachelor Students
157,160,66,2020,Open Education Studies,Dropping out from Higher Education in Germany an Empirical Evaluation of Determinants for Bachelor Students
158,159,66,2020,Open Education Studies,Dropping out from Higher Education in Germany an Empirical Evaluation of Determinants for Bachelor Students
158,160,66,2020,Open Education Studies,Dropping out from Higher Education in Germany an Empirical Evaluation of Determinants for Bachelor Students
159,160,66,2020,Open Education Studies,Dropping out from Higher Education in Germany an Empirical Evaluation of Determinants for Bachelor Students
157,158,67,2020,Jahrbücher für Nationalökonomie und Statistik,Early Prediction of University Dropouts – A Random Forest Approach
157,159,67,2020,Jahrbücher für Nationalökonomie und Statistik,Early Prediction of University Dropouts – A Random Forest Approach
157,160,67,2020,Jahrbücher für Nationalökonomie und Statistik,Early Prediction of University Dropouts – A Random Forest Approach
158,159,67,2020,Jahrbücher für Nationalökonomie und Statistik,Early Prediction of University Dropouts – A Random Forest Approach
158,160,67,2020,Jahrbücher für Nationalökonomie und Statistik,Early Prediction of University Dropouts – A Random Forest Approach
159,160,67,2020,Jahrbücher für Nationalökonomie und Statistik,Early Prediction of University Dropouts – A Random Forest Approach
157,158,68,2021,European Journal of Education,Motives for dropping out from higher education—An analysis of bachelor's degree students in Germany
157,159,68,2021,European Journal of Education,Motives for dropping out from higher education—An analysis of bachelor's degree students in Germany
157,160,68,2021,European Journal of Education,Motives for dropping out from higher education—An analysis of bachelor's degree students in Germany
158,159,68,2021,European Journal of Education,Motives for dropping out from higher education—An analysis of bachelor's degree students in Germany
158,160,68,2021,European Journal of Education,Motives for dropping out from higher education—An analysis of bachelor's degree students in Germany
159,160,68,2021,European Journal of Education,Motives for dropping out from higher education—An analysis of bachelor's degree students in Germany
161,162,69,2017,Zeitschrift für Berufs-und Wirtschaftspädagogik,Generationeneffekte beim Übergang von Schulabgängern mit Migrationshintergrund in betriebliche Ausbildung
161,162,70,2019,International Journal for Research in Vocational Education and Training,Transition to company-based vocational training in Germany by young people from a migrant background – the influence of region of origin and generation status
161,162,72,2019,Journal of Education and Work,Who dares wins? Do higher realistic occupational aspirations improve the chances of migrants for access to dual vocational education and training in Germany?
163,164,73,2023,"Education, Competence Development and Career Trajectories",The Emergence of Gender-Specific Competence Patterns and Decision Making During the Course of Educational and Job Careers in Germany
163,165,73,2023,"Education, Competence Development and Career Trajectories",The Emergence of Gender-Specific Competence Patterns and Decision Making During the Course of Educational and Job Careers in Germany
163,166,73,2023,"Education, Competence Development and Career Trajectories",The Emergence of Gender-Specific Competence Patterns and Decision Making During the Course of Educational and Job Careers in Germany
163,167,73,2023,"Education, Competence Development and Career Trajectories",The Emergence of Gender-Specific Competence Patterns and Decision Making During the Course of Educational and Job Careers in Germany
80,163,73,2023,"Education, Competence Development and Career Trajectories",The Emergence of Gender-Specific Competence Patterns and Decision Making During the Course of Educational and Job Careers in Germany
164,165,73,2023,"Education, Competence Development and Career Trajectories",The Emergence of Gender-Specific Competence Patterns and Decision Making During the Course of Educational and Job Careers in Germany
164,166,73,2023,"Education, Competence Development and Career Trajectories",The Emergence of Gender-Specific Competence Patterns and Decision Making During the Course of Educational and Job Careers in Germany
164,167,73,2023,"Education, Competence Development and Career Trajectories",The Emergence of Gender-Specific Competence Patterns and Decision Making During the Course of Educational and Job Careers in Germany
80,164,73,2023,"Education, Competence Development and Career Trajectories",The Emergence of Gender-Specific Competence Patterns and Decision Making During the Course of Educational and Job Careers in Germany
165,166,73,2023,"Education, Competence Development and Career Trajectories",The Emergence of Gender-Specific Competence Patterns and Decision Making During the Course of Educational and Job Careers in Germany
165,167,73,2023,"Education, Competence Development and Career Trajectories",The Emergence of Gender-Specific Competence Patterns and Decision Making During the Course of Educational and Job Careers in Germany
80,165,73,2023,"Education, Competence Development and Career Trajectories",The Emergence of Gender-Specific Competence Patterns and Decision Making During the Course of Educational and Job Careers in Germany
166,167,73,2023,"Education, Competence Development and Career Trajectories",The Emergence of Gender-Specific Competence Patterns and Decision Making During the Course of Educational and Job Careers in Germany
80,166,73,2023,"Education, Competence Development and Career Trajectories",The Emergence of Gender-Specific Competence Patterns and Decision Making During the Course of Educational and Job Careers in Germany
80,167,73,2023,"Education, Competence Development and Career Trajectories",The Emergence of Gender-Specific Competence Patterns and Decision Making During the Course of Educational and Job Careers in Germany
80,163,74,2023,Large-scale Assessments in Education,How do numerical and literacy stimulations in mother–child interactions relate to early gender differences in mathematical competencies? Empirical results from the NEPS Newborn Cohort study
168,169,75,2025,Journal for Educational Research Online,Die Rolle der non-formalen Bildung beim Übergang von der Schule ins Berufsleben. Konzeptioneller Rahmen und Analysepotenziale ausgewählter Umfragedaten in Deutschland
168,170,75,2025,Journal for Educational Research Online,Die Rolle der non-formalen Bildung beim Übergang von der Schule ins Berufsleben. Konzeptioneller Rahmen und Analysepotenziale ausgewählter Umfragedaten in Deutschland
169,170,75,2025,Journal for Educational Research Online,Die Rolle der non-formalen Bildung beim Übergang von der Schule ins Berufsleben. Konzeptioneller Rahmen und Analysepotenziale ausgewählter Umfragedaten in Deutschland
171,172,77,2023,Indikatorenentwicklung im Feld der kulturellen Bildung (InKuBi): Konzeptionelle Grundlagen und erste Befunde,Nutzung. Individuelle Zugänge zu und Beteiligung an kultureller Bildung
171,173,77,2023,Indikatorenentwicklung im Feld der kulturellen Bildung (InKuBi): Konzeptionelle Grundlagen und erste Befunde,Nutzung. Individuelle Zugänge zu und Beteiligung an kultureller Bildung
172,173,77,2023,Indikatorenentwicklung im Feld der kulturellen Bildung (InKuBi): Konzeptionelle Grundlagen und erste Befunde,Nutzung. Individuelle Zugänge zu und Beteiligung an kultureller Bildung
174,175,78,2025,International Journal of Comparative Sociology,Participation in shadow education and academic performance: A comparison of upper secondary school students in Ireland and Germany
174,176,78,2025,International Journal of Comparative Sociology,Participation in shadow education and academic performance: A comparison of upper secondary school students in Ireland and Germany
175,176,78,2025,International Journal of Comparative Sociology,Participation in shadow education and academic performance: A comparison of upper secondary school students in Ireland and Germany
177,178,79,2015,Frühe Bildung,Grammatikverständnis von Kindern unterschiedlicher sprachlicher und sozioökonomischer Herkunft
177,179,79,2015,Frühe Bildung,Grammatikverständnis von Kindern unterschiedlicher sprachlicher und sozioökonomischer Herkunft
150,177,79,2015,Frühe Bildung,Grammatikverständnis von Kindern unterschiedlicher sprachlicher und sozioökonomischer Herkunft
178,179,79,2015,Frühe Bildung,Grammatikverständnis von Kindern unterschiedlicher sprachlicher und sozioökonomischer Herkunft
150,178,79,2015,Frühe Bildung,Grammatikverständnis von Kindern unterschiedlicher sprachlicher und sozioökonomischer Herkunft
150,179,79,2015,Frühe Bildung,Grammatikverständnis von Kindern unterschiedlicher sprachlicher und sozioökonomischer Herkunft
177,180,80,2019,Education as a Lifelong Process,Kindergarten and Elementary School: Starting Cohort 2 of the National Educational Panel Study
177,181,80,2019,Education as a Lifelong Process,Kindergarten and Elementary School: Starting Cohort 2 of the National Educational Panel Study
177,182,80,2019,Education as a Lifelong Process,Kindergarten and Elementary School: Starting Cohort 2 of the National Educational Panel Study
32,177,80,2019,Education as a Lifelong Process,Kindergarten and Elementary School: Starting Cohort 2 of the National Educational Panel Study
177,183,80,2019,Education as a Lifelong Process,Kindergarten and Elementary School: Starting Cohort 2 of the National Educational Panel Study
83,177,80,2019,Education as a Lifelong Process,Kindergarten and Elementary School: Starting Cohort 2 of the National Educational Panel Study
180,181,80,2019,Education as a Lifelong Process,Kindergarten and Elementary School: Starting Cohort 2 of the National Educational Panel Study
180,182,80,2019,Education as a Lifelong Process,Kindergarten and Elementary School: Starting Cohort 2 of the National Educational Panel Study
32,180,80,2019,Education as a Lifelong Process,Kindergarten and Elementary School: Starting Cohort 2 of the National Educational Panel Study
180,183,80,2019,Education as a Lifelong Process,Kindergarten and Elementary School: Starting Cohort 2 of the National Educational Panel Study
83,180,80,2019,Education as a Lifelong Process,Kindergarten and Elementary School: Starting Cohort 2 of the National Educational Panel Study
181,182,80,2019,Education as a Lifelong Process,Kindergarten and Elementary School: Starting Cohort 2 of the National Educational Panel Study
32,181,80,2019,Education as a Lifelong Process,Kindergarten and Elementary School: Starting Cohort 2 of the National Educational Panel Study
181,183,80,2019,Education as a Lifelong Process,Kindergarten and Elementary School: Starting Cohort 2 of the National Educational Panel Study
83,181,80,2019,Education as a Lifelong Process,Kindergarten and Elementary School: Starting Cohort 2 of the National Educational Panel Study
32,182,80,2019,Education as a Lifelong Process,Kindergarten and Elementary School: Starting Cohort 2 of the National Educational Panel Study
182,183,80,2019,Education as a Lifelong Process,Kindergarten and Elementary School: Starting Cohort 2 of the National Educational Panel Study
83,182,80,2019,Education as a Lifelong Process,Kindergarten and Elementary School: Starting Cohort 2 of the National Educational Panel Study
32,183,80,2019,Education as a Lifelong Process,Kindergarten and Elementary School: Starting Cohort 2 of the National Educational Panel Study
32,83,80,2019,Education as a Lifelong Process,Kindergarten and Elementary School: Starting Cohort 2 of the National Educational Panel Study
83,183,80,2019,Education as a Lifelong Process,Kindergarten and Elementary School: Starting Cohort 2 of the National Educational Panel Study
83,177,81,2016,Methodological Issues of Longitudinal Surveys,Selecting Appropriate Phonological Awareness Indicators for the Kindergarten Cohort of the National Educational Panel Study:A Theoretical and Empirical Approach
64,184,82,2024,AStA Wirtschafts- und Sozialstatistisches Archiv,Automated Bayesian variable selection methods for binary regression models with missing covariate data
185,186,83,2021,Studienerfolg und Studienabbruch,Analysen zu Kosten und Erträgen von Fachwechsel und Studienabbruch
185,187,83,2021,Studienerfolg und Studienabbruch,Analysen zu Kosten und Erträgen von Fachwechsel und Studienabbruch
185,188,83,2021,Studienerfolg und Studienabbruch,Analysen zu Kosten und Erträgen von Fachwechsel und Studienabbruch
186,187,83,2021,Studienerfolg und Studienabbruch,Analysen zu Kosten und Erträgen von Fachwechsel und Studienabbruch
186,188,83,2021,Studienerfolg und Studienabbruch,Analysen zu Kosten und Erträgen von Fachwechsel und Studienabbruch
187,188,83,2021,Studienerfolg und Studienabbruch,Analysen zu Kosten und Erträgen von Fachwechsel und Studienabbruch
185,189,84,2023,Economics of Education Review,Preferred field of study and academic performance
185,190,84,2023,Economics of Education Review,Preferred field of study and academic performance
189,190,84,2023,Economics of Education Review,Preferred field of study and academic performance
191,192,85,2017,BzL-Beiträge zur Lehrerinnen-und Lehrerbildung,"Repräsentanz, Integration und Abbruchintentionen von Studierenden mit Migrationshintergrund in Lehramtsstudiengängen: Eine Analyse anhand der Daten des Nationalen Bildungspanels (NEPS)"
193,194,86,2020,Diversität und soziale Ungleichheit,Kinder als ungleiche Akteure in der Schule und im Verhältnis zur Familie. Blinde Flecke in der Erforschung von ungleichen Bildungschancen
193,195,86,2020,Diversität und soziale Ungleichheit,Kinder als ungleiche Akteure in der Schule und im Verhältnis zur Familie. Blinde Flecke in der Erforschung von ungleichen Bildungschancen
193,196,86,2020,Diversität und soziale Ungleichheit,Kinder als ungleiche Akteure in der Schule und im Verhältnis zur Familie. Blinde Flecke in der Erforschung von ungleichen Bildungschancen
193,197,86,2020,Diversität und soziale Ungleichheit,Kinder als ungleiche Akteure in der Schule und im Verhältnis zur Familie. Blinde Flecke in der Erforschung von ungleichen Bildungschancen
193,198,86,2020,Diversität und soziale Ungleichheit,Kinder als ungleiche Akteure in der Schule und im Verhältnis zur Familie. Blinde Flecke in der Erforschung von ungleichen Bildungschancen
194,195,86,2020,Diversität und soziale Ungleichheit,Kinder als ungleiche Akteure in der Schule und im Verhältnis zur Familie. Blinde Flecke in der Erforschung von ungleichen Bildungschancen
194,196,86,2020,Diversität und soziale Ungleichheit,Kinder als ungleiche Akteure in der Schule und im Verhältnis zur Familie. Blinde Flecke in der Erforschung von ungleichen Bildungschancen
194,197,86,2020,Diversität und soziale Ungleichheit,Kinder als ungleiche Akteure in der Schule und im Verhältnis zur Familie. Blinde Flecke in der Erforschung von ungleichen Bildungschancen
194,198,86,2020,Diversität und soziale Ungleichheit,Kinder als ungleiche Akteure in der Schule und im Verhältnis zur Familie. Blinde Flecke in der Erforschung von ungleichen Bildungschancen
195,196,86,2020,Diversität und soziale Ungleichheit,Kinder als ungleiche Akteure in der Schule und im Verhältnis zur Familie. Blinde Flecke in der Erforschung von ungleichen Bildungschancen
195,197,86,2020,Diversität und soziale Ungleichheit,Kinder als ungleiche Akteure in der Schule und im Verhältnis zur Familie. Blinde Flecke in der Erforschung von ungleichen Bildungschancen
195,198,86,2020,Diversität und soziale Ungleichheit,Kinder als ungleiche Akteure in der Schule und im Verhältnis zur Familie. Blinde Flecke in der Erforschung von ungleichen Bildungschancen
196,197,86,2020,Diversität und soziale Ungleichheit,Kinder als ungleiche Akteure in der Schule und im Verhältnis zur Familie. Blinde Flecke in der Erforschung von ungleichen Bildungschancen
196,198,86,2020,Diversität und soziale Ungleichheit,Kinder als ungleiche Akteure in der Schule und im Verhältnis zur Familie. Blinde Flecke in der Erforschung von ungleichen Bildungschancen
197,198,86,2020,Diversität und soziale Ungleichheit,Kinder als ungleiche Akteure in der Schule und im Verhältnis zur Familie. Blinde Flecke in der Erforschung von ungleichen Bildungschancen
199,200,87,2017,Economics of Education Review,Life-cycle educational choices in a system with early tracking and ‘second chance’ options
202,203,92,2021,KZfSS Kölner Zeitschrift für Soziologie und Sozialpsychologie,Analysing Diversion Processes in German Secondary Education: School-Track Effects on Educational Aspirations
202,204,95,2020,SSRN Electronic Journal,"Gute Leistung, gute Noten? Eine Untersuchung über den Zusammenhang von Schulnoten und Kompetenzen in der Sekundarstufe (Good Performance, Good Grades? An Analysis of the Relationship Between Grades and Competences in German Secondary Education)"
202,205,103,2024,Journal for Educational Research Online,A New Instrument to Measure Cultural Knowledge
202,206,103,2024,Journal for Educational Research Online,A New Instrument to Measure Cultural Knowledge
205,206,103,2024,Journal for Educational Research Online,A New Instrument to Measure Cultural Knowledge
207,208,109,2025,European Journal of Special Needs Education,Subjective well-being in early adulthood—long-term consequences of inclusive vs. segregated education for students with special educational needs in Germany?
88,207,109,2025,European Journal of Special Needs Education,Subjective well-being in early adulthood—long-term consequences of inclusive vs. segregated education for students with special educational needs in Germany?
88,208,109,2025,European Journal of Special Needs Education,Subjective well-being in early adulthood—long-term consequences of inclusive vs. segregated education for students with special educational needs in Germany?
209,210,110,2023,Handbook of the Economics of Education,Educational inequality
209,211,110,2023,Handbook of the Economics of Education,Educational inequality
210,211,110,2023,Handbook of the Economics of Education,Educational inequality
212,213,111,2016,"System, Norm und Gebrauch - drei Seiten derselben Medaille? Orthographische Kompetenz und Performanz im Spannungsfeld zwischen System, Norm und Empirie","Erfassung der rechtschreibkompetenz in der Längsschnittstudie ""Nationales Bildungspanel"": Studiendesign und -ergebnisse"
212,214,111,2016,"System, Norm und Gebrauch - drei Seiten derselben Medaille? Orthographische Kompetenz und Performanz im Spannungsfeld zwischen System, Norm und Empirie","Erfassung der rechtschreibkompetenz in der Längsschnittstudie ""Nationales Bildungspanel"": Studiendesign und -ergebnisse"
213,214,111,2016,"System, Norm und Gebrauch - drei Seiten derselben Medaille? Orthographische Kompetenz und Performanz im Spannungsfeld zwischen System, Norm und Empirie","Erfassung der rechtschreibkompetenz in der Längsschnittstudie ""Nationales Bildungspanel"": Studiendesign und -ergebnisse"
212,214,112,2015,Kompetenzmodellierung und Kompetenzmessung in den Fachdidaktiken,Kompetenzmodellierung im Kontext des Nationalen Bildungspanels (NEPS) am Beispiel der Rechtschreibkompetenz
212,213,112,2015,Kompetenzmodellierung und Kompetenzmessung in den Fachdidaktiken,Kompetenzmodellierung im Kontext des Nationalen Bildungspanels (NEPS) am Beispiel der Rechtschreibkompetenz
212,215,112,2015,Kompetenzmodellierung und Kompetenzmessung in den Fachdidaktiken,Kompetenzmodellierung im Kontext des Nationalen Bildungspanels (NEPS) am Beispiel der Rechtschreibkompetenz
212,216,112,2015,Kompetenzmodellierung und Kompetenzmessung in den Fachdidaktiken,Kompetenzmodellierung im Kontext des Nationalen Bildungspanels (NEPS) am Beispiel der Rechtschreibkompetenz
213,214,112,2015,Kompetenzmodellierung und Kompetenzmessung in den Fachdidaktiken,Kompetenzmodellierung im Kontext des Nationalen Bildungspanels (NEPS) am Beispiel der Rechtschreibkompetenz
214,215,112,2015,Kompetenzmodellierung und Kompetenzmessung in den Fachdidaktiken,Kompetenzmodellierung im Kontext des Nationalen Bildungspanels (NEPS) am Beispiel der Rechtschreibkompetenz
214,216,112,2015,Kompetenzmodellierung und Kompetenzmessung in den Fachdidaktiken,Kompetenzmodellierung im Kontext des Nationalen Bildungspanels (NEPS) am Beispiel der Rechtschreibkompetenz
213,215,112,2015,Kompetenzmodellierung und Kompetenzmessung in den Fachdidaktiken,Kompetenzmodellierung im Kontext des Nationalen Bildungspanels (NEPS) am Beispiel der Rechtschreibkompetenz
213,216,112,2015,Kompetenzmodellierung und Kompetenzmessung in den Fachdidaktiken,Kompetenzmodellierung im Kontext des Nationalen Bildungspanels (NEPS) am Beispiel der Rechtschreibkompetenz
215,216,112,2015,Kompetenzmodellierung und Kompetenzmessung in den Fachdidaktiken,Kompetenzmodellierung im Kontext des Nationalen Bildungspanels (NEPS) am Beispiel der Rechtschreibkompetenz
212,217,113,2016,Qualitäten von Deutschunterricht.,Rechtschreibkompetenz in der Sekundarstufe I–Ausgewählte Ergebnisse aus der Längsschnittstudie Nationales Bildungspanel (NEPS)
80,218,114,2019,KZfSS Kölner Zeitschrift für Soziologie und Sozialpsychologie,Conditions and Consequences of Unequal Educational Opportunities in the Life Course: Results from the Cross-National Comparative eduLIFE Project
80,219,114,2019,KZfSS Kölner Zeitschrift für Soziologie und Sozialpsychologie,Conditions and Consequences of Unequal Educational Opportunities in the Life Course: Results from the Cross-National Comparative eduLIFE Project
80,220,114,2019,KZfSS Kölner Zeitschrift für Soziologie und Sozialpsychologie,Conditions and Consequences of Unequal Educational Opportunities in the Life Course: Results from the Cross-National Comparative eduLIFE Project
80,221,114,2019,KZfSS Kölner Zeitschrift für Soziologie und Sozialpsychologie,Conditions and Consequences of Unequal Educational Opportunities in the Life Course: Results from the Cross-National Comparative eduLIFE Project
80,222,114,2019,KZfSS Kölner Zeitschrift für Soziologie und Sozialpsychologie,Conditions and Consequences of Unequal Educational Opportunities in the Life Course: Results from the Cross-National Comparative eduLIFE Project
80,223,114,2019,KZfSS Kölner Zeitschrift für Soziologie und Sozialpsychologie,Conditions and Consequences of Unequal Educational Opportunities in the Life Course: Results from the Cross-National Comparative eduLIFE Project
218,219,114,2019,KZfSS Kölner Zeitschrift für Soziologie und Sozialpsychologie,Conditions and Consequences of Unequal Educational Opportunities in the Life Course: Results from the Cross-National Comparative eduLIFE Project
218,220,114,2019,KZfSS Kölner Zeitschrift für Soziologie und Sozialpsychologie,Conditions and Consequences of Unequal Educational Opportunities in the Life Course: Results from the Cross-National Comparative eduLIFE Project
218,221,114,2019,KZfSS Kölner Zeitschrift für Soziologie und Sozialpsychologie,Conditions and Consequences of Unequal Educational Opportunities in the Life Course: Results from the Cross-National Comparative eduLIFE Project
218,222,114,2019,KZfSS Kölner Zeitschrift für Soziologie und Sozialpsychologie,Conditions and Consequences of Unequal Educational Opportunities in the Life Course: Results from the Cross-National Comparative eduLIFE Project
218,223,114,2019,KZfSS Kölner Zeitschrift für Soziologie und Sozialpsychologie,Conditions and Consequences of Unequal Educational Opportunities in the Life Course: Results from the Cross-National Comparative eduLIFE Project
219,220,114,2019,KZfSS Kölner Zeitschrift für Soziologie und Sozialpsychologie,Conditions and Consequences of Unequal Educational Opportunities in the Life Course: Results from the Cross-National Comparative eduLIFE Project
219,221,114,2019,KZfSS Kölner Zeitschrift für Soziologie und Sozialpsychologie,Conditions and Consequences of Unequal Educational Opportunities in the Life Course: Results from the Cross-National Comparative eduLIFE Project
219,222,114,2019,KZfSS Kölner Zeitschrift für Soziologie und Sozialpsychologie,Conditions and Consequences of Unequal Educational Opportunities in the Life Course: Results from the Cross-National Comparative eduLIFE Project
219,223,114,2019,KZfSS Kölner Zeitschrift für Soziologie und Sozialpsychologie,Conditions and Consequences of Unequal Educational Opportunities in the Life Course: Results from the Cross-National Comparative eduLIFE Project
220,221,114,2019,KZfSS Kölner Zeitschrift für Soziologie und Sozialpsychologie,Conditions and Consequences of Unequal Educational Opportunities in the Life Course: Results from the Cross-National Comparative eduLIFE Project
220,222,114,2019,KZfSS Kölner Zeitschrift für Soziologie und Sozialpsychologie,Conditions and Consequences of Unequal Educational Opportunities in the Life Course: Results from the Cross-National Comparative eduLIFE Project
220,223,114,2019,KZfSS Kölner Zeitschrift für Soziologie und Sozialpsychologie,Conditions and Consequences of Unequal Educational Opportunities in the Life Course: Results from the Cross-National Comparative eduLIFE Project
221,222,114,2019,KZfSS Kölner Zeitschrift für Soziologie und Sozialpsychologie,Conditions and Consequences of Unequal Educational Opportunities in the Life Course: Results from the Cross-National Comparative eduLIFE Project
221,223,114,2019,KZfSS Kölner Zeitschrift für Soziologie und Sozialpsychologie,Conditions and Consequences of Unequal Educational Opportunities in the Life Course: Results from the Cross-National Comparative eduLIFE Project
222,223,114,2019,KZfSS Kölner Zeitschrift für Soziologie und Sozialpsychologie,Conditions and Consequences of Unequal Educational Opportunities in the Life Course: Results from the Cross-National Comparative eduLIFE Project
80,224,115,2018,Unknown,Digitale Souveränität und Bildung: Gutachten
34,80,115,2018,Unknown,Digitale Souveränität und Bildung: Gutachten
35,80,115,2018,Unknown,Digitale Souveränität und Bildung: Gutachten
36,80,115,2018,Unknown,Digitale Souveränität und Bildung: Gutachten
37,80,115,2018,Unknown,Digitale Souveränität und Bildung: Gutachten
28,80,115,2018,Unknown,Digitale Souveränität und Bildung: Gutachten
32,80,115,2018,Unknown,Digitale Souveränität und Bildung: Gutachten
38,80,115,2018,Unknown,Digitale Souveränität und Bildung: Gutachten
39,80,115,2018,Unknown,Digitale Souveränität und Bildung: Gutachten
40,80,115,2018,Unknown,Digitale Souveränität und Bildung: Gutachten
34,224,115,2018,Unknown,Digitale Souveränität und Bildung: Gutachten
35,224,115,2018,Unknown,Digitale Souveränität und Bildung: Gutachten
36,224,115,2018,Unknown,Digitale Souveränität und Bildung: Gutachten
37,224,115,2018,Unknown,Digitale Souveränität und Bildung: Gutachten
28,224,115,2018,Unknown,Digitale Souveränität und Bildung: Gutachten
32,224,115,2018,Unknown,Digitale Souveränität und Bildung: Gutachten
38,224,115,2018,Unknown,Digitale Souveränität und Bildung: Gutachten
39,224,115,2018,Unknown,Digitale Souveränität und Bildung: Gutachten
40,224,115,2018,Unknown,Digitale Souveränität und Bildung: Gutachten
34,35,115,2018,Unknown,Digitale Souveränität und Bildung: Gutachten
34,36,115,2018,Unknown,Digitale Souveränität und Bildung: Gutachten
34,37,115,2018,Unknown,Digitale Souveränität und Bildung: Gutachten
28,34,115,2018,Unknown,Digitale Souveränität und Bildung: Gutachten
32,34,115,2018,Unknown,Digitale Souveränität und Bildung: Gutachten
34,38,115,2018,Unknown,Digitale Souveränität und Bildung: Gutachten
34,39,115,2018,Unknown,Digitale Souveränität und Bildung: Gutachten
34,40,115,2018,Unknown,Digitale Souveränität und Bildung: Gutachten
35,36,115,2018,Unknown,Digitale Souveränität und Bildung: Gutachten
35,37,115,2018,Unknown,Digitale Souveränität und Bildung: Gutachten
28,35,115,2018,Unknown,Digitale Souveränität und Bildung: Gutachten
32,35,115,2018,Unknown,Digitale Souveränität und Bildung: Gutachten
35,38,115,2018,Unknown,Digitale Souveränität und Bildung: Gutachten
35,39,115,2018,Unknown,Digitale Souveränität und Bildung: Gutachten
35,40,115,2018,Unknown,Digitale Souveränität und Bildung: Gutachten
36,37,115,2018,Unknown,Digitale Souveränität und Bildung: Gutachten
28,36,115,2018,Unknown,Digitale Souveränität und Bildung: Gutachten
32,36,115,2018,Unknown,Digitale Souveränität und Bildung: Gutachten
36,38,115,2018,Unknown,Digitale Souveränität und Bildung: Gutachten
36,39,115,2018,Unknown,Digitale Souveränität und Bildung: Gutachten
36,40,115,2018,Unknown,Digitale Souveränität und Bildung: Gutachten
28,37,115,2018,Unknown,Digitale Souveränität und Bildung: Gutachten
32,37,115,2018,Unknown,Digitale Souveränität und Bildung: Gutachten
37,38,115,2018,Unknown,Digitale Souveränität und Bildung: Gutachten
37,39,115,2018,Unknown,Digitale Souveränität und Bildung: Gutachten
37,40,115,2018,Unknown,Digitale Souveränität und Bildung: Gutachten
28,32,115,2018,Unknown,Digitale Souveränität und Bildung: Gutachten
28,38,115,2018,Unknown,Digitale Souveränität und Bildung: Gutachten
28,39,115,2018,Unknown,Digitale Souveränität und Bildung: Gutachten
28,40,115,2018,Unknown,Digitale Souveränität und Bildung: Gutachten
32,38,115,2018,Unknown,Digitale Souveränität und Bildung: Gutachten
32,39,115,2018,Unknown,Digitale Souveränität und Bildung: Gutachten
32,40,115,2018,Unknown,Digitale Souveränität und Bildung: Gutachten
38,39,115,2018,Unknown,Digitale Souveränität und Bildung: Gutachten
38,40,115,2018,Unknown,Digitale Souveränität und Bildung: Gutachten
39,40,115,2018,Unknown,Digitale Souveränität und Bildung: Gutachten
225,226,116,2015,European Sociological Review,Educational Expansion and Inequalities in Educational Opportunity: Long-Term Changes for East and West Germany
80,225,116,2015,European Sociological Review,Educational Expansion and Inequalities in Educational Opportunity: Long-Term Changes for East and West Germany
80,226,116,2015,European Sociological Review,Educational Expansion and Inequalities in Educational Opportunity: Long-Term Changes for East and West Germany
80,227,117,2019,Education as a Lifelong Process,Education as a Lifelong Process
80,219,118,2015,"Gender, Education and Employment: An International Comparison of School-to-Work Transitions","Gender, education and employment: Lessons learned from the comparative perspective"
80,228,118,2015,"Gender, Education and Employment: An International Comparison of School-to-Work Transitions","Gender, education and employment: Lessons learned from the comparative perspective"
80,220,118,2015,"Gender, Education and Employment: An International Comparison of School-to-Work Transitions","Gender, education and employment: Lessons learned from the comparative perspective"
80,223,118,2015,"Gender, Education and Employment: An International Comparison of School-to-Work Transitions","Gender, education and employment: Lessons learned from the comparative perspective"
219,228,118,2015,"Gender, Education and Employment: An International Comparison of School-to-Work Transitions","Gender, education and employment: Lessons learned from the comparative perspective"
219,220,118,2015,"Gender, Education and Employment: An International Comparison of School-to-Work Transitions","Gender, education and employment: Lessons learned from the comparative perspective"
219,223,118,2015,"Gender, Education and Employment: An International Comparison of School-to-Work Transitions","Gender, education and employment: Lessons learned from the comparative perspective"
220,228,118,2015,"Gender, Education and Employment: An International Comparison of School-to-Work Transitions","Gender, education and employment: Lessons learned from the comparative perspective"
223,228,118,2015,"Gender, Education and Employment: An International Comparison of School-to-Work Transitions","Gender, education and employment: Lessons learned from the comparative perspective"
220,223,118,2015,"Gender, Education and Employment: An International Comparison of School-to-Work Transitions","Gender, education and employment: Lessons learned from the comparative perspective"
80,224,121,2016,Unknown,Integration durch Bildung: Migranten und Flüchtlinge in Deutschland: Gutachten
34,80,121,2016,Unknown,Integration durch Bildung: Migranten und Flüchtlinge in Deutschland: Gutachten
35,80,121,2016,Unknown,Integration durch Bildung: Migranten und Flüchtlinge in Deutschland: Gutachten
36,80,121,2016,Unknown,Integration durch Bildung: Migranten und Flüchtlinge in Deutschland: Gutachten
37,80,121,2016,Unknown,Integration durch Bildung: Migranten und Flüchtlinge in Deutschland: Gutachten
32,80,121,2016,Unknown,Integration durch Bildung: Migranten und Flüchtlinge in Deutschland: Gutachten
38,80,121,2016,Unknown,Integration durch Bildung: Migranten und Flüchtlinge in Deutschland: Gutachten
39,80,121,2016,Unknown,Integration durch Bildung: Migranten und Flüchtlinge in Deutschland: Gutachten
40,80,121,2016,Unknown,Integration durch Bildung: Migranten und Flüchtlinge in Deutschland: Gutachten
34,224,121,2016,Unknown,Integration durch Bildung: Migranten und Flüchtlinge in Deutschland: Gutachten
35,224,121,2016,Unknown,Integration durch Bildung: Migranten und Flüchtlinge in Deutschland: Gutachten
36,224,121,2016,Unknown,Integration durch Bildung: Migranten und Flüchtlinge in Deutschland: Gutachten
37,224,121,2016,Unknown,Integration durch Bildung: Migranten und Flüchtlinge in Deutschland: Gutachten
32,224,121,2016,Unknown,Integration durch Bildung: Migranten und Flüchtlinge in Deutschland: Gutachten
38,224,121,2016,Unknown,Integration durch Bildung: Migranten und Flüchtlinge in Deutschland: Gutachten
39,224,121,2016,Unknown,Integration durch Bildung: Migranten und Flüchtlinge in Deutschland: Gutachten
40,224,121,2016,Unknown,Integration durch Bildung: Migranten und Flüchtlinge in Deutschland: Gutachten
34,35,121,2016,Unknown,Integration durch Bildung: Migranten und Flüchtlinge in Deutschland: Gutachten
34,36,121,2016,Unknown,Integration durch Bildung: Migranten und Flüchtlinge in Deutschland: Gutachten
34,37,121,2016,Unknown,Integration durch Bildung: Migranten und Flüchtlinge in Deutschland: Gutachten
32,34,121,2016,Unknown,Integration durch Bildung: Migranten und Flüchtlinge in Deutschland: Gutachten
34,38,121,2016,Unknown,Integration durch Bildung: Migranten und Flüchtlinge in Deutschland: Gutachten
34,39,121,2016,Unknown,Integration durch Bildung: Migranten und Flüchtlinge in Deutschland: Gutachten
34,40,121,2016,Unknown,Integration durch Bildung: Migranten und Flüchtlinge in Deutschland: Gutachten
35,36,121,2016,Unknown,Integration durch Bildung: Migranten und Flüchtlinge in Deutschland: Gutachten
35,37,121,2016,Unknown,Integration durch Bildung: Migranten und Flüchtlinge in Deutschland: Gutachten
32,35,121,2016,Unknown,Integration durch Bildung: Migranten und Flüchtlinge in Deutschland: Gutachten
35,38,121,2016,Unknown,Integration durch Bildung: Migranten und Flüchtlinge in Deutschland: Gutachten
35,39,121,2016,Unknown,Integration durch Bildung: Migranten und Flüchtlinge in Deutschland: Gutachten
35,40,121,2016,Unknown,Integration durch Bildung: Migranten und Flüchtlinge in Deutschland: Gutachten
36,37,121,2016,Unknown,Integration durch Bildung: Migranten und Flüchtlinge in Deutschland: Gutachten
32,36,121,2016,Unknown,Integration durch Bildung: Migranten und Flüchtlinge in Deutschland: Gutachten
36,38,121,2016,Unknown,Integration durch Bildung: Migranten und Flüchtlinge in Deutschland: Gutachten
36,39,121,2016,Unknown,Integration durch Bildung: Migranten und Flüchtlinge in Deutschland: Gutachten
36,40,121,2016,Unknown,Integration durch Bildung: Migranten und Flüchtlinge in Deutschland: Gutachten
32,37,121,2016,Unknown,Integration durch Bildung: Migranten und Flüchtlinge in Deutschland: Gutachten
37,38,121,2016,Unknown,Integration durch Bildung: Migranten und Flüchtlinge in Deutschland: Gutachten
37,39,121,2016,Unknown,Integration durch Bildung: Migranten und Flüchtlinge in Deutschland: Gutachten
37,40,121,2016,Unknown,Integration durch Bildung: Migranten und Flüchtlinge in Deutschland: Gutachten
32,38,121,2016,Unknown,Integration durch Bildung: Migranten und Flüchtlinge in Deutschland: Gutachten
32,39,121,2016,Unknown,Integration durch Bildung: Migranten und Flüchtlinge in Deutschland: Gutachten
32,40,121,2016,Unknown,Integration durch Bildung: Migranten und Flüchtlinge in Deutschland: Gutachten
38,39,121,2016,Unknown,Integration durch Bildung: Migranten und Flüchtlinge in Deutschland: Gutachten
38,40,121,2016,Unknown,Integration durch Bildung: Migranten und Flüchtlinge in Deutschland: Gutachten
39,40,121,2016,Unknown,Integration durch Bildung: Migranten und Flüchtlinge in Deutschland: Gutachten
80,226,122,2023,"Education, Competence Development and Career Trajectories","Introduction – Education, Competence Development and Career Trajectories"
80,83,122,2023,"Education, Competence Development and Career Trajectories","Introduction – Education, Competence Development and Career Trajectories"
83,226,122,2023,"Education, Competence Development and Career Trajectories","Introduction – Education, Competence Development and Career Trajectories"
80,227,125,2019,Education as a Lifelong Process,"The National Educational Panel Study: Need, Main Features, and Research Potential"
80,183,125,2019,Education as a Lifelong Process,"The National Educational Panel Study: Need, Main Features, and Research Potential"
183,227,125,2019,Education as a Lifelong Process,"The National Educational Panel Study: Need, Main Features, and Research Potential"
80,226,129,2019,Journal for Educational Research Online,Soziale Ungleichheiten und Bildungsentscheidungen im Lebensverlauf. Die Perspektive der Bildungssoziologie
80,225,129,2019,Journal for Educational Research Online,Soziale Ungleichheiten und Bildungsentscheidungen im Lebensverlauf. Die Perspektive der Bildungssoziologie
225,226,129,2019,Journal for Educational Research Online,Soziale Ungleichheiten und Bildungsentscheidungen im Lebensverlauf. Die Perspektive der Bildungssoziologie
70,225,131,2019,Handbuch Bildungsarmut,Zertifikatsarmut gleich Kompetenzarmut ?: Zum Analysepotential des Nationalen Bildungspanels bei Fragen der Bildungsarmut
225,227,131,2019,Handbuch Bildungsarmut,Zertifikatsarmut gleich Kompetenzarmut ?: Zum Analysepotential des Nationalen Bildungspanels bei Fragen der Bildungsarmut
70,227,131,2019,Handbuch Bildungsarmut,Zertifikatsarmut gleich Kompetenzarmut ?: Zum Analysepotential des Nationalen Bildungspanels bei Fragen der Bildungsarmut
229,230,132,2019,German Economic Review,Worker personality: Another skill bias beyond education in the digital age
229,231,132,2019,German Economic Review,Worker personality: Another skill bias beyond education in the digital age
229,232,132,2019,German Economic Review,Worker personality: Another skill bias beyond education in the digital age
230,231,132,2019,German Economic Review,Worker personality: Another skill bias beyond education in the digital age
230,232,132,2019,German Economic Review,Worker personality: Another skill bias beyond education in the digital age
231,232,132,2019,German Economic Review,Worker personality: Another skill bias beyond education in the digital age
233,234,133,2022,Unknown,Berufsabschluss durch Weiterbildung: Zur Wirksamkeit beruflicher Nachqualifizierung
233,235,133,2022,Unknown,Berufsabschluss durch Weiterbildung: Zur Wirksamkeit beruflicher Nachqualifizierung
234,235,133,2022,Unknown,Berufsabschluss durch Weiterbildung: Zur Wirksamkeit beruflicher Nachqualifizierung
236,237,135,2023,Education Economics,Revisiting the causal effect of education on political participation and interest
121,238,136,2017,Unknown,"Nicht-traditionelle Studierende. Studienverlauf, studienerfolg und lernumwelten."
122,238,136,2017,Unknown,"Nicht-traditionelle Studierende. Studienverlauf, studienerfolg und lernumwelten."
238,239,136,2017,Unknown,"Nicht-traditionelle Studierende. Studienverlauf, studienerfolg und lernumwelten."
238,240,136,2017,Unknown,"Nicht-traditionelle Studierende. Studienverlauf, studienerfolg und lernumwelten."
121,122,136,2017,Unknown,"Nicht-traditionelle Studierende. Studienverlauf, studienerfolg und lernumwelten."
121,239,136,2017,Unknown,"Nicht-traditionelle Studierende. Studienverlauf, studienerfolg und lernumwelten."
121,240,136,2017,Unknown,"Nicht-traditionelle Studierende. Studienverlauf, studienerfolg und lernumwelten."
122,239,136,2017,Unknown,"Nicht-traditionelle Studierende. Studienverlauf, studienerfolg und lernumwelten."
122,240,136,2017,Unknown,"Nicht-traditionelle Studierende. Studienverlauf, studienerfolg und lernumwelten."
239,240,136,2017,Unknown,"Nicht-traditionelle Studierende. Studienverlauf, studienerfolg und lernumwelten."
241,242,137,2018,Sequence Analysis and Related Approaches,Unpacking Configurational Dynamics: Sequence Analysis and Qualitative Comparative Analysis as a Mixed-Method Design
243,244,138,2023,Multiperspektivität von Unterrichtsprozessen,Trägt Unterrichtsqualität zur Präventation von Entfremdung vom lernen bei?
243,245,138,2023,Multiperspektivität von Unterrichtsprozessen,Trägt Unterrichtsqualität zur Präventation von Entfremdung vom lernen bei?
243,246,138,2023,Multiperspektivität von Unterrichtsprozessen,Trägt Unterrichtsqualität zur Präventation von Entfremdung vom lernen bei?
243,247,138,2023,Multiperspektivität von Unterrichtsprozessen,Trägt Unterrichtsqualität zur Präventation von Entfremdung vom lernen bei?
244,245,138,2023,Multiperspektivität von Unterrichtsprozessen,Trägt Unterrichtsqualität zur Präventation von Entfremdung vom lernen bei?
244,246,138,2023,Multiperspektivität von Unterrichtsprozessen,Trägt Unterrichtsqualität zur Präventation von Entfremdung vom lernen bei?
244,247,138,2023,Multiperspektivität von Unterrichtsprozessen,Trägt Unterrichtsqualität zur Präventation von Entfremdung vom lernen bei?
245,246,138,2023,Multiperspektivität von Unterrichtsprozessen,Trägt Unterrichtsqualität zur Präventation von Entfremdung vom lernen bei?
245,247,138,2023,Multiperspektivität von Unterrichtsprozessen,Trägt Unterrichtsqualität zur Präventation von Entfremdung vom lernen bei?
246,247,138,2023,Multiperspektivität von Unterrichtsprozessen,Trägt Unterrichtsqualität zur Präventation von Entfremdung vom lernen bei?
248,249,139,2019,Education as a Lifelong Process,Higher Education and the Transition to Work
248,250,139,2019,Education as a Lifelong Process,Higher Education and the Transition to Work
248,251,139,2019,Education as a Lifelong Process,Higher Education and the Transition to Work
248,252,139,2019,Education as a Lifelong Process,Higher Education and the Transition to Work
248,253,139,2019,Education as a Lifelong Process,Higher Education and the Transition to Work
248,254,139,2019,Education as a Lifelong Process,Higher Education and the Transition to Work
248,255,139,2019,Education as a Lifelong Process,Higher Education and the Transition to Work
248,256,139,2019,Education as a Lifelong Process,Higher Education and the Transition to Work
249,250,139,2019,Education as a Lifelong Process,Higher Education and the Transition to Work
249,251,139,2019,Education as a Lifelong Process,Higher Education and the Transition to Work
249,252,139,2019,Education as a Lifelong Process,Higher Education and the Transition to Work
249,253,139,2019,Education as a Lifelong Process,Higher Education and the Transition to Work
249,254,139,2019,Education as a Lifelong Process,Higher Education and the Transition to Work
249,255,139,2019,Education as a Lifelong Process,Higher Education and the Transition to Work
249,256,139,2019,Education as a Lifelong Process,Higher Education and the Transition to Work
250,251,139,2019,Education as a Lifelong Process,Higher Education and the Transition to Work
250,252,139,2019,Education as a Lifelong Process,Higher Education and the Transition to Work
250,253,139,2019,Education as a Lifelong Process,Higher Education and the Transition to Work
250,254,139,2019,Education as a Lifelong Process,Higher Education and the Transition to Work
250,255,139,2019,Education as a Lifelong Process,Higher Education and the Transition to Work
250,256,139,2019,Education as a Lifelong Process,Higher Education and the Transition to Work
251,252,139,2019,Education as a Lifelong Process,Higher Education and the Transition to Work
251,253,139,2019,Education as a Lifelong Process,Higher Education and the Transition to Work
251,254,139,2019,Education as a Lifelong Process,Higher Education and the Transition to Work
251,255,139,2019,Education as a Lifelong Process,Higher Education and the Transition to Work
251,256,139,2019,Education as a Lifelong Process,Higher Education and the Transition to Work
252,253,139,2019,Education as a Lifelong Process,Higher Education and the Transition to Work
252,254,139,2019,Education as a Lifelong Process,Higher Education and the Transition to Work
252,255,139,2019,Education as a Lifelong Process,Higher Education and the Transition to Work
252,256,139,2019,Education as a Lifelong Process,Higher Education and the Transition to Work
253,254,139,2019,Education as a Lifelong Process,Higher Education and the Transition to Work
253,255,139,2019,Education as a Lifelong Process,Higher Education and the Transition to Work
253,256,139,2019,Education as a Lifelong Process,Higher Education and the Transition to Work
254,255,139,2019,Education as a Lifelong Process,Higher Education and the Transition to Work
254,256,139,2019,Education as a Lifelong Process,Higher Education and the Transition to Work
255,256,139,2019,Education as a Lifelong Process,Higher Education and the Transition to Work
257,258,140,2021,Zeitschrift für Erziehungswissenschaft,Individuelle Erträge eines dualen Studiums
257,259,140,2021,Zeitschrift für Erziehungswissenschaft,Individuelle Erträge eines dualen Studiums
258,259,140,2021,Zeitschrift für Erziehungswissenschaft,Individuelle Erträge eines dualen Studiums
260,261,141,2022,Journal of Intelligence,Fluid Intelligence and Competence Development in Secondary Schooling: No Evidence for a Moderating Role of Conscientiousness
260,261,142,2020,Journal of Personality,"Personality, cognitive ability, and academic performance: Differential associations across school subjects and school tracks"
260,262,142,2020,Journal of Personality,"Personality, cognitive ability, and academic performance: Differential associations across school subjects and school tracks"
260,263,142,2020,Journal of Personality,"Personality, cognitive ability, and academic performance: Differential associations across school subjects and school tracks"
261,262,142,2020,Journal of Personality,"Personality, cognitive ability, and academic performance: Differential associations across school subjects and school tracks"
261,263,142,2020,Journal of Personality,"Personality, cognitive ability, and academic performance: Differential associations across school subjects and school tracks"
262,263,142,2020,Journal of Personality,"Personality, cognitive ability, and academic performance: Differential associations across school subjects and school tracks"
248,264,143,2018,Zeitschrift für Hochschulentwicklung,Erfassung praxisbezogener Anforderungen und Tätigkeiten von Hochschulabsolventinnen/-absolventen (PAnTHoa)
211,265,144,2018,The Economic Journal,The Transmission of Inequality Across Multiple Generations: Testing Recent Theories With Evidence From Germany
267,268,147,2023,Zeitschrift für Erziehungswissenschaft,Der Einfluss der Tagespflege auf die kindliche Entwicklung
267,269,147,2023,Zeitschrift für Erziehungswissenschaft,Der Einfluss der Tagespflege auf die kindliche Entwicklung
268,269,147,2023,Zeitschrift für Erziehungswissenschaft,Der Einfluss der Tagespflege auf die kindliche Entwicklung
270,271,148,2024,Journal of Research on Educational Effectiveness,Empirical Benchmarks to Interpret Intervention Effects on Student Achievement in Elementary and Secondary School: Meta-Analytic Results from Germany
270,272,148,2024,Journal of Research on Educational Effectiveness,Empirical Benchmarks to Interpret Intervention Effects on Student Achievement in Elementary and Secondary School: Meta-Analytic Results from Germany
271,272,148,2024,Journal of Research on Educational Effectiveness,Empirical Benchmarks to Interpret Intervention Effects on Student Achievement in Elementary and Secondary School: Meta-Analytic Results from Germany
270,271,149,2025,Educational Psychology Review,An Individual Participant Data Meta-Analysis to Support Power Analyses for Randomized Intervention Studies in Preschool: Cognitive and Socio-Emotional Learning Outcomes
55,270,149,2025,Educational Psychology Review,An Individual Participant Data Meta-Analysis to Support Power Analyses for Randomized Intervention Studies in Preschool: Cognitive and Socio-Emotional Learning Outcomes
270,272,149,2025,Educational Psychology Review,An Individual Participant Data Meta-Analysis to Support Power Analyses for Randomized Intervention Studies in Preschool: Cognitive and Socio-Emotional Learning Outcomes
55,271,149,2025,Educational Psychology Review,An Individual Participant Data Meta-Analysis to Support Power Analyses for Randomized Intervention Studies in Preschool: Cognitive and Socio-Emotional Learning Outcomes
271,272,149,2025,Educational Psychology Review,An Individual Participant Data Meta-Analysis to Support Power Analyses for Randomized Intervention Studies in Preschool: Cognitive and Socio-Emotional Learning Outcomes
55,272,149,2025,Educational Psychology Review,An Individual Participant Data Meta-Analysis to Support Power Analyses for Randomized Intervention Studies in Preschool: Cognitive and Socio-Emotional Learning Outcomes
273,274,150,2016,Research in Social Stratification and Mobility,"Compressed, postponed, or disadvantaged? School-to-work-transition patterns and early occupational attainment in West Germany"
223,275,152,2015,European Sociological Review,"New Game, New Chance? Social Inequalities and Upgrading Secondary School Qualifications in West Germany"
219,223,153,2016,Models of Secondary Education and Social Inequality: An International Comparison,Secondary school differentiation and inequality of educational opportunity in Germany
223,276,153,2016,Models of Secondary Education and Social Inequality: An International Comparison,Secondary school differentiation and inequality of educational opportunity in Germany
223,277,153,2016,Models of Secondary Education and Social Inequality: An International Comparison,Secondary school differentiation and inequality of educational opportunity in Germany
198,223,153,2016,Models of Secondary Education and Social Inequality: An International Comparison,Secondary school differentiation and inequality of educational opportunity in Germany
223,275,153,2016,Models of Secondary Education and Social Inequality: An International Comparison,Secondary school differentiation and inequality of educational opportunity in Germany
219,276,153,2016,Models of Secondary Education and Social Inequality: An International Comparison,Secondary school differentiation and inequality of educational opportunity in Germany
219,277,153,2016,Models of Secondary Education and Social Inequality: An International Comparison,Secondary school differentiation and inequality of educational opportunity in Germany
198,219,153,2016,Models of Secondary Education and Social Inequality: An International Comparison,Secondary school differentiation and inequality of educational opportunity in Germany
219,275,153,2016,Models of Secondary Education and Social Inequality: An International Comparison,Secondary school differentiation and inequality of educational opportunity in Germany
276,277,153,2016,Models of Secondary Education and Social Inequality: An International Comparison,Secondary school differentiation and inequality of educational opportunity in Germany
198,276,153,2016,Models of Secondary Education and Social Inequality: An International Comparison,Secondary school differentiation and inequality of educational opportunity in Germany
275,276,153,2016,Models of Secondary Education and Social Inequality: An International Comparison,Secondary school differentiation and inequality of educational opportunity in Germany
198,277,153,2016,Models of Secondary Education and Social Inequality: An International Comparison,Secondary school differentiation and inequality of educational opportunity in Germany
275,277,153,2016,Models of Secondary Education and Social Inequality: An International Comparison,Secondary school differentiation and inequality of educational opportunity in Germany
198,275,153,2016,Models of Secondary Education and Social Inequality: An International Comparison,Secondary school differentiation and inequality of educational opportunity in Germany
223,278,154,2023,Wörterbuch Erwachsenen- und Weiterbildung,Übergänge im Bildungssystem
166,223,155,2017,KZfSS Kölner Zeitschrift für Soziologie und Sozialpsychologie,Wer profitiert von alternativen Bildungswegen? Alles eine Frage des Blickwinkels!: Eine systematische Rekonstruktion des Effektes sozialer Herkunft für alternative Wege zur Hochschulreife
219,223,156,2015,"Gender, education and employment: an international comparison of school-to-work transitions",Young women outcompeting young men? A cohort comparison of gender differences at labor market entry in West Germany.
80,223,156,2015,"Gender, education and employment: an international comparison of school-to-work transitions",Young women outcompeting young men? A cohort comparison of gender differences at labor market entry in West Germany.
80,219,156,2015,"Gender, education and employment: an international comparison of school-to-work transitions",Young women outcompeting young men? A cohort comparison of gender differences at labor market entry in West Germany.
279,280,157,2025,Learning and Instruction,Language abilities and metacognitive monitoring development: Divergent longitudinal pathways for native and non-native speaking children
279,281,157,2025,Learning and Instruction,Language abilities and metacognitive monitoring development: Divergent longitudinal pathways for native and non-native speaking children
279,282,157,2025,Learning and Instruction,Language abilities and metacognitive monitoring development: Divergent longitudinal pathways for native and non-native speaking children
280,281,157,2025,Learning and Instruction,Language abilities and metacognitive monitoring development: Divergent longitudinal pathways for native and non-native speaking children
280,282,157,2025,Learning and Instruction,Language abilities and metacognitive monitoring development: Divergent longitudinal pathways for native and non-native speaking children
281,282,157,2025,Learning and Instruction,Language abilities and metacognitive monitoring development: Divergent longitudinal pathways for native and non-native speaking children
283,284,158,2023,Unknown,Innovationen für und durch ältere Menschen
283,285,158,2023,Unknown,Innovationen für und durch ältere Menschen
283,286,158,2023,Unknown,Innovationen für und durch ältere Menschen
283,287,158,2023,Unknown,Innovationen für und durch ältere Menschen
284,285,158,2023,Unknown,Innovationen für und durch ältere Menschen
284,286,158,2023,Unknown,Innovationen für und durch ältere Menschen
284,287,158,2023,Unknown,Innovationen für und durch ältere Menschen
285,286,158,2023,Unknown,Innovationen für und durch ältere Menschen
285,287,158,2023,Unknown,Innovationen für und durch ältere Menschen
286,287,158,2023,Unknown,Innovationen für und durch ältere Menschen
288,289,159,2018,European Societies,Linking the macro to the micro: a multidimensional approach to educational inequalities in four European countries
223,288,159,2018,European Societies,Linking the macro to the micro: a multidimensional approach to educational inequalities in four European countries
288,290,159,2018,European Societies,Linking the macro to the micro: a multidimensional approach to educational inequalities in four European countries
164,288,159,2018,European Societies,Linking the macro to the micro: a multidimensional approach to educational inequalities in four European countries
288,291,159,2018,European Societies,Linking the macro to the micro: a multidimensional approach to educational inequalities in four European countries
80,288,159,2018,European Societies,Linking the macro to the micro: a multidimensional approach to educational inequalities in four European countries
288,292,159,2018,European Societies,Linking the macro to the micro: a multidimensional approach to educational inequalities in four European countries
288,293,159,2018,European Societies,Linking the macro to the micro: a multidimensional approach to educational inequalities in four European countries
223,289,159,2018,European Societies,Linking the macro to the micro: a multidimensional approach to educational inequalities in four European countries
289,290,159,2018,European Societies,Linking the macro to the micro: a multidimensional approach to educational inequalities in four European countries
164,289,159,2018,European Societies,Linking the macro to the micro: a multidimensional approach to educational inequalities in four European countries
289,291,159,2018,European Societies,Linking the macro to the micro: a multidimensional approach to educational inequalities in four European countries
80,289,159,2018,European Societies,Linking the macro to the micro: a multidimensional approach to educational inequalities in four European countries
289,292,159,2018,European Societies,Linking the macro to the micro: a multidimensional approach to educational inequalities in four European countries
289,293,159,2018,European Societies,Linking the macro to the micro: a multidimensional approach to educational inequalities in four European countries
223,290,159,2018,European Societies,Linking the macro to the micro: a multidimensional approach to educational inequalities in four European countries
164,223,159,2018,European Societies,Linking the macro to the micro: a multidimensional approach to educational inequalities in four European countries
223,291,159,2018,European Societies,Linking the macro to the micro: a multidimensional approach to educational inequalities in four European countries
80,223,159,2018,European Societies,Linking the macro to the micro: a multidimensional approach to educational inequalities in four European countries
223,292,159,2018,European Societies,Linking the macro to the micro: a multidimensional approach to educational inequalities in four European countries
223,293,159,2018,European Societies,Linking the macro to the micro: a multidimensional approach to educational inequalities in four European countries
164,290,159,2018,European Societies,Linking the macro to the micro: a multidimensional approach to educational inequalities in four European countries
290,291,159,2018,European Societies,Linking the macro to the micro: a multidimensional approach to educational inequalities in four European countries
80,290,159,2018,European Societies,Linking the macro to the micro: a multidimensional approach to educational inequalities in four European countries
290,292,159,2018,European Societies,Linking the macro to the micro: a multidimensional approach to educational inequalities in four European countries
290,293,159,2018,European Societies,Linking the macro to the micro: a multidimensional approach to educational inequalities in four European countries
164,291,159,2018,European Societies,Linking the macro to the micro: a multidimensional approach to educational inequalities in four European countries
80,164,159,2018,European Societies,Linking the macro to the micro: a multidimensional approach to educational inequalities in four European countries
164,292,159,2018,European Societies,Linking the macro to the micro: a multidimensional approach to educational inequalities in four European countries
164,293,159,2018,European Societies,Linking the macro to the micro: a multidimensional approach to educational inequalities in four European countries
80,291,159,2018,European Societies,Linking the macro to the micro: a multidimensional approach to educational inequalities in four European countries
291,292,159,2018,European Societies,Linking the macro to the micro: a multidimensional approach to educational inequalities in four European countries
291,293,159,2018,European Societies,Linking the macro to the micro: a multidimensional approach to educational inequalities in four European countries
80,292,159,2018,European Societies,Linking the macro to the micro: a multidimensional approach to educational inequalities in four European countries
80,293,159,2018,European Societies,Linking the macro to the micro: a multidimensional approach to educational inequalities in four European countries
292,293,159,2018,European Societies,Linking the macro to the micro: a multidimensional approach to educational inequalities in four European countries
294,295,161,2023,Empirische Pädagogik: EP: Zeitschrift zu Theorie und Praxis erziehungswissenschaftlicher Forschung,Die Bewältigung des Eintritts in die Krippe aus elterlicher Perspektive
294,296,162,2016,Diskurs Kindheits- und Jugendforschung,Erwartungen von Eltern zu Nutzen und Kosten eines Krippenbesuchs – Eine Analyse zu Zusammenhängen mit kindbezogenen und familialen Strukturmerkmalen
294,297,165,2020,Journal for Educational Research Online,The relevance of the early years home and institutional learning environments for early mathematical competencies
294,298,165,2020,Journal for Educational Research Online,The relevance of the early years home and institutional learning environments for early mathematical competencies
294,299,165,2020,Journal for Educational Research Online,The relevance of the early years home and institutional learning environments for early mathematical competencies
297,298,165,2020,Journal for Educational Research Online,The relevance of the early years home and institutional learning environments for early mathematical competencies
297,299,165,2020,Journal for Educational Research Online,The relevance of the early years home and institutional learning environments for early mathematical competencies
298,299,165,2020,Journal for Educational Research Online,The relevance of the early years home and institutional learning environments for early mathematical competencies
173,300,167,2024,Zeitschrift für Erziehungswissenschaft,Kulturelle Bildung – hausgemacht? Zum Effekt elterlichen kulturellen Kapitals auf die kulturellen Aktivitäten von Jugendlichen
300,301,167,2024,Zeitschrift für Erziehungswissenschaft,Kulturelle Bildung – hausgemacht? Zum Effekt elterlichen kulturellen Kapitals auf die kulturellen Aktivitäten von Jugendlichen
58,300,167,2024,Zeitschrift für Erziehungswissenschaft,Kulturelle Bildung – hausgemacht? Zum Effekt elterlichen kulturellen Kapitals auf die kulturellen Aktivitäten von Jugendlichen
173,301,167,2024,Zeitschrift für Erziehungswissenschaft,Kulturelle Bildung – hausgemacht? Zum Effekt elterlichen kulturellen Kapitals auf die kulturellen Aktivitäten von Jugendlichen
58,173,167,2024,Zeitschrift für Erziehungswissenschaft,Kulturelle Bildung – hausgemacht? Zum Effekt elterlichen kulturellen Kapitals auf die kulturellen Aktivitäten von Jugendlichen
58,301,167,2024,Zeitschrift für Erziehungswissenschaft,Kulturelle Bildung – hausgemacht? Zum Effekt elterlichen kulturellen Kapitals auf die kulturellen Aktivitäten von Jugendlichen
300,302,168,2023,Indikatorenentwicklung im Feld der kulturellen Bildung (InKuBi): Konzeptionelle Grundlagen und erste Befunde,Wirkungen. Ergebnisse zum Zusammenhang von kultureller Bildung und Aspekten der individuellen Entwicklung und Lebensführung
173,300,168,2023,Indikatorenentwicklung im Feld der kulturellen Bildung (InKuBi): Konzeptionelle Grundlagen und erste Befunde,Wirkungen. Ergebnisse zum Zusammenhang von kultureller Bildung und Aspekten der individuellen Entwicklung und Lebensführung
173,302,168,2023,Indikatorenentwicklung im Feld der kulturellen Bildung (InKuBi): Konzeptionelle Grundlagen und erste Befunde,Wirkungen. Ergebnisse zum Zusammenhang von kultureller Bildung und Aspekten der individuellen Entwicklung und Lebensführung
63,303,169,2024,Berufsbildung,Berufs- und Privatleben vereinen – ein Balanceakt in Zeiten von Transformationen?: Work-Life Konflikte bei jungen Beschäftigten
63,304,171,2025,Empirical Research in Vocational Education and Training,Explaining higher VET dropout rates among adolescents with a migration background in Germany: the role of career compromises
63,305,171,2025,Empirical Research in Vocational Education and Training,Explaining higher VET dropout rates among adolescents with a migration background in Germany: the role of career compromises
304,305,171,2025,Empirical Research in Vocational Education and Training,Explaining higher VET dropout rates among adolescents with a migration background in Germany: the role of career compromises
63,306,172,2024,bwp@ Profil 10: Herausforderungen und Gestaltungsfragen für die berufliche Bildung. Digitale Festschrift für Susan Seeber zum 60. Geburtstag,Fachliche Berufswahlkompormisse beim Ausbildungseintritt
63,307,172,2024,bwp@ Profil 10: Herausforderungen und Gestaltungsfragen für die berufliche Bildung. Digitale Festschrift für Susan Seeber zum 60. Geburtstag,Fachliche Berufswahlkompormisse beim Ausbildungseintritt
306,307,172,2024,bwp@ Profil 10: Herausforderungen und Gestaltungsfragen für die berufliche Bildung. Digitale Festschrift für Susan Seeber zum 60. Geburtstag,Fachliche Berufswahlkompormisse beim Ausbildungseintritt
63,305,173,2022,Frontiers in Education,How immigrant optimism shapes educational transitions over the educational life course–Empirical evidence from Germany
63,308,174,2019,JSSE - Journal of Social Science Education,Do non-formal and informal adult education affect citizens’ political participation during adulthood?
63,309,174,2019,JSSE - Journal of Social Science Education,Do non-formal and informal adult education affect citizens’ political participation during adulthood?
308,309,174,2019,JSSE - Journal of Social Science Education,Do non-formal and informal adult education affect citizens’ political participation during adulthood?
63,307,175,2023,Empirical Research in Vocational Education and Training,To what extent do secondary effects shape migrants’ educational trajectories after lower-secondary education?
63,310,175,2023,Empirical Research in Vocational Education and Training,To what extent do secondary effects shape migrants’ educational trajectories after lower-secondary education?
307,310,175,2023,Empirical Research in Vocational Education and Training,To what extent do secondary effects shape migrants’ educational trajectories after lower-secondary education?
63,311,176,2025,Vocations and Learning,When do prevocational programs ease the transition to vocational education and training?
63,312,177,2022,berufsbildung–Zeitschrift für Theorie-Praxis-Dialog,Zur Bedeutung der beruflichen Bildung für die politische Partizipation von Auszubildenden
63,309,177,2022,berufsbildung–Zeitschrift für Theorie-Praxis-Dialog,Zur Bedeutung der beruflichen Bildung für die politische Partizipation von Auszubildenden
63,313,177,2022,berufsbildung–Zeitschrift für Theorie-Praxis-Dialog,Zur Bedeutung der beruflichen Bildung für die politische Partizipation von Auszubildenden
309,312,177,2022,berufsbildung–Zeitschrift für Theorie-Praxis-Dialog,Zur Bedeutung der beruflichen Bildung für die politische Partizipation von Auszubildenden
312,313,177,2022,berufsbildung–Zeitschrift für Theorie-Praxis-Dialog,Zur Bedeutung der beruflichen Bildung für die politische Partizipation von Auszubildenden
309,313,177,2022,berufsbildung–Zeitschrift für Theorie-Praxis-Dialog,Zur Bedeutung der beruflichen Bildung für die politische Partizipation von Auszubildenden
314,315,178,2021,Journal of Official Statistics,Evaluating the Utility of Linked Administrative Data for Nonresponse Bias Adjustment in a Piggyback Longitudinal Survey
12,314,178,2021,Journal of Official Statistics,Evaluating the Utility of Linked Administrative Data for Nonresponse Bias Adjustment in a Piggyback Longitudinal Survey
12,315,178,2021,Journal of Official Statistics,Evaluating the Utility of Linked Administrative Data for Nonresponse Bias Adjustment in a Piggyback Longitudinal Survey
24,316,179,2018,Research in Social Stratification and Mobility,Religiosity as a bridge or barrier to immigrant children’s educational achievement?
317,318,180,2021,British Journal of Educational Psychology,Assertiveness and adaptation: Prospective teachers’ social competence development and its significance for occupational well‐being
319,320,181,2016,Methodological Issues of Longitudinal Surveys,Measuring Health in a Longitudinal Education Study
319,321,181,2016,Methodological Issues of Longitudinal Surveys,Measuring Health in a Longitudinal Education Study
320,321,181,2016,Methodological Issues of Longitudinal Surveys,Measuring Health in a Longitudinal Education Study
319,321,182,2021,Handbuch gesundheitsbezogene Soziale Arbeit,Die Perspektive der Soziologischen Bildungsforschung auf Gesundheit
322,323,183,2019,Economics of Education Review,"Young, gifted and lazy? The role of ability and labor market prospects in student effort decisions"
322,324,183,2019,Economics of Education Review,"Young, gifted and lazy? The role of ability and labor market prospects in student effort decisions"
323,324,183,2019,Economics of Education Review,"Young, gifted and lazy? The role of ability and labor market prospects in student effort decisions"
85,325,184,2024,Personality and Individual Differences,Competing explanations for inconsistent responding to a mixed-worded self-esteem scale: Cognitive abilities or personality?
325,326,184,2024,Personality and Individual Differences,Competing explanations for inconsistent responding to a mixed-worded self-esteem scale: Cognitive abilities or personality?
85,326,184,2024,Personality and Individual Differences,Competing explanations for inconsistent responding to a mixed-worded self-esteem scale: Cognitive abilities or personality?
327,328,186,2015,Journal of Youth Studies,Social capital and aspirations for educational attainment: a cross-national comparison of Australia and Germany
329,330,189,2020,Kulturelle Bildung,Künstlerisch-ästhetische Praxen angehender Lehrkräfte: Befunde einer quantitativen Sekundäranalyse
329,331,192,2018,Theo-Web,Religion und Lernen im Lebenslauf. Impulse der empirischen Bildungsverlaufsforschung
55,329,192,2018,Theo-Web,Religion und Lernen im Lebenslauf. Impulse der empirischen Bildungsverlaufsforschung
55,331,192,2018,Theo-Web,Religion und Lernen im Lebenslauf. Impulse der empirischen Bildungsverlaufsforschung
329,332,193,2024,Zeitschrift für Weiterbildungsforschung,Soziale Ungleichheiten in der Beschäftigung mit nachhaltigkeitsbezogenen Themen im Erwachsenenalter
329,333,194,2023,ZSE Zeitschrift für Soziologie der Erziehung und Sozialisation,Soziale Ungleichheiten innerhalb des freiwilligen Engagements: Soziale Distinktion durch die Auswahl von Engagementbereichen und deren bildungswissenschaftliche Relevanz
329,334,195,2023,Teaching and Teacher Education,Stays abroad of pre-service teachers and their relation to teachers' beliefs about cultural diversity in classrooms
329,335,195,2023,Teaching and Teacher Education,Stays abroad of pre-service teachers and their relation to teachers' beliefs about cultural diversity in classrooms
334,335,195,2023,Teaching and Teacher Education,Stays abroad of pre-service teachers and their relation to teachers' beliefs about cultural diversity in classrooms
329,336,196,2023,heiEDUCATION Journal. Transdisziplinäre Studien zur Lehrerbildung,Zwischen individueller politischer Orientierung und antizipierten Neutralitätsansprüchen
337,338,197,2020,Unknown,Handbuch Lehrerinnen- und Lehrerbildung
337,339,197,2020,Unknown,Handbuch Lehrerinnen- und Lehrerbildung
337,340,197,2020,Unknown,Handbuch Lehrerinnen- und Lehrerbildung
338,339,197,2020,Unknown,Handbuch Lehrerinnen- und Lehrerbildung
338,340,197,2020,Unknown,Handbuch Lehrerinnen- und Lehrerbildung
339,340,197,2020,Unknown,Handbuch Lehrerinnen- und Lehrerbildung
239,240,199,2016,Zielgruppen Lebenslangen Lernens an Hochschulen,Erfolgreich studieren ohne Abi? Ein mehrdimensionaler Vergleich des Studienerfolgs von nicht-traditionellen und traditionellen Studierenden
121,239,202,2018,Öffnung von Hochschulen,Ohne Abitur an die Hochschule – Studienstrategien und Studienerfolg von nicht-traditionellen Studierenden
239,240,202,2018,Öffnung von Hochschulen,Ohne Abitur an die Hochschule – Studienstrategien und Studienerfolg von nicht-traditionellen Studierenden
122,239,202,2018,Öffnung von Hochschulen,Ohne Abitur an die Hochschule – Studienstrategien und Studienerfolg von nicht-traditionellen Studierenden
238,239,202,2018,Öffnung von Hochschulen,Ohne Abitur an die Hochschule – Studienstrategien und Studienerfolg von nicht-traditionellen Studierenden
121,240,202,2018,Öffnung von Hochschulen,Ohne Abitur an die Hochschule – Studienstrategien und Studienerfolg von nicht-traditionellen Studierenden
121,122,202,2018,Öffnung von Hochschulen,Ohne Abitur an die Hochschule – Studienstrategien und Studienerfolg von nicht-traditionellen Studierenden
121,238,202,2018,Öffnung von Hochschulen,Ohne Abitur an die Hochschule – Studienstrategien und Studienerfolg von nicht-traditionellen Studierenden
122,240,202,2018,Öffnung von Hochschulen,Ohne Abitur an die Hochschule – Studienstrategien und Studienerfolg von nicht-traditionellen Studierenden
238,240,202,2018,Öffnung von Hochschulen,Ohne Abitur an die Hochschule – Studienstrategien und Studienerfolg von nicht-traditionellen Studierenden
122,238,202,2018,Öffnung von Hochschulen,Ohne Abitur an die Hochschule – Studienstrategien und Studienerfolg von nicht-traditionellen Studierenden
343,344,204,2023,Social Science Research,"Once outside, always outside? The link between overeducation persistence and training systems throughout the employment career"
345,346,205,2023,Gender & Society,Gender Segregation in Civic Life: Women’s and Men’s Involvement in Voluntary Associations
347,348,207,2023,Frontiers in Public Health,"Self-rated health of university students in Germany–The importance of material, psychosocial, and behavioral factors and the parental socio-economic status"
347,349,207,2023,Frontiers in Public Health,"Self-rated health of university students in Germany–The importance of material, psychosocial, and behavioral factors and the parental socio-economic status"
347,350,207,2023,Frontiers in Public Health,"Self-rated health of university students in Germany–The importance of material, psychosocial, and behavioral factors and the parental socio-economic status"
347,351,207,2023,Frontiers in Public Health,"Self-rated health of university students in Germany–The importance of material, psychosocial, and behavioral factors and the parental socio-economic status"
347,352,207,2023,Frontiers in Public Health,"Self-rated health of university students in Germany–The importance of material, psychosocial, and behavioral factors and the parental socio-economic status"
347,353,207,2023,Frontiers in Public Health,"Self-rated health of university students in Germany–The importance of material, psychosocial, and behavioral factors and the parental socio-economic status"
347,354,207,2023,Frontiers in Public Health,"Self-rated health of university students in Germany–The importance of material, psychosocial, and behavioral factors and the parental socio-economic status"
348,349,207,2023,Frontiers in Public Health,"Self-rated health of university students in Germany–The importance of material, psychosocial, and behavioral factors and the parental socio-economic status"
348,350,207,2023,Frontiers in Public Health,"Self-rated health of university students in Germany–The importance of material, psychosocial, and behavioral factors and the parental socio-economic status"
348,351,207,2023,Frontiers in Public Health,"Self-rated health of university students in Germany–The importance of material, psychosocial, and behavioral factors and the parental socio-economic status"
348,352,207,2023,Frontiers in Public Health,"Self-rated health of university students in Germany–The importance of material, psychosocial, and behavioral factors and the parental socio-economic status"
348,353,207,2023,Frontiers in Public Health,"Self-rated health of university students in Germany–The importance of material, psychosocial, and behavioral factors and the parental socio-economic status"
348,354,207,2023,Frontiers in Public Health,"Self-rated health of university students in Germany–The importance of material, psychosocial, and behavioral factors and the parental socio-economic status"
349,350,207,2023,Frontiers in Public Health,"Self-rated health of university students in Germany–The importance of material, psychosocial, and behavioral factors and the parental socio-economic status"
349,351,207,2023,Frontiers in Public Health,"Self-rated health of university students in Germany–The importance of material, psychosocial, and behavioral factors and the parental socio-economic status"
349,352,207,2023,Frontiers in Public Health,"Self-rated health of university students in Germany–The importance of material, psychosocial, and behavioral factors and the parental socio-economic status"
349,353,207,2023,Frontiers in Public Health,"Self-rated health of university students in Germany–The importance of material, psychosocial, and behavioral factors and the parental socio-economic status"
349,354,207,2023,Frontiers in Public Health,"Self-rated health of university students in Germany–The importance of material, psychosocial, and behavioral factors and the parental socio-economic status"
350,351,207,2023,Frontiers in Public Health,"Self-rated health of university students in Germany–The importance of material, psychosocial, and behavioral factors and the parental socio-economic status"
350,352,207,2023,Frontiers in Public Health,"Self-rated health of university students in Germany–The importance of material, psychosocial, and behavioral factors and the parental socio-economic status"
350,353,207,2023,Frontiers in Public Health,"Self-rated health of university students in Germany–The importance of material, psychosocial, and behavioral factors and the parental socio-economic status"
350,354,207,2023,Frontiers in Public Health,"Self-rated health of university students in Germany–The importance of material, psychosocial, and behavioral factors and the parental socio-economic status"
351,352,207,2023,Frontiers in Public Health,"Self-rated health of university students in Germany–The importance of material, psychosocial, and behavioral factors and the parental socio-economic status"
351,353,207,2023,Frontiers in Public Health,"Self-rated health of university students in Germany–The importance of material, psychosocial, and behavioral factors and the parental socio-economic status"
351,354,207,2023,Frontiers in Public Health,"Self-rated health of university students in Germany–The importance of material, psychosocial, and behavioral factors and the parental socio-economic status"
352,353,207,2023,Frontiers in Public Health,"Self-rated health of university students in Germany–The importance of material, psychosocial, and behavioral factors and the parental socio-economic status"
352,354,207,2023,Frontiers in Public Health,"Self-rated health of university students in Germany–The importance of material, psychosocial, and behavioral factors and the parental socio-economic status"
353,354,207,2023,Frontiers in Public Health,"Self-rated health of university students in Germany–The importance of material, psychosocial, and behavioral factors and the parental socio-economic status"
355,356,208,2023,Social Science & Medicine,"The role of energy balance related behaviors in socioeconomic inequalities in childhood body mass index: A comparative analysis of Germany, the Netherlands, the United Kingdom, and the United States"
355,357,208,2023,Social Science & Medicine,"The role of energy balance related behaviors in socioeconomic inequalities in childhood body mass index: A comparative analysis of Germany, the Netherlands, the United Kingdom, and the United States"
355,358,208,2023,Social Science & Medicine,"The role of energy balance related behaviors in socioeconomic inequalities in childhood body mass index: A comparative analysis of Germany, the Netherlands, the United Kingdom, and the United States"
355,359,208,2023,Social Science & Medicine,"The role of energy balance related behaviors in socioeconomic inequalities in childhood body mass index: A comparative analysis of Germany, the Netherlands, the United Kingdom, and the United States"
355,360,208,2023,Social Science & Medicine,"The role of energy balance related behaviors in socioeconomic inequalities in childhood body mass index: A comparative analysis of Germany, the Netherlands, the United Kingdom, and the United States"
183,355,208,2023,Social Science & Medicine,"The role of energy balance related behaviors in socioeconomic inequalities in childhood body mass index: A comparative analysis of Germany, the Netherlands, the United Kingdom, and the United States"
355,361,208,2023,Social Science & Medicine,"The role of energy balance related behaviors in socioeconomic inequalities in childhood body mass index: A comparative analysis of Germany, the Netherlands, the United Kingdom, and the United States"
355,362,208,2023,Social Science & Medicine,"The role of energy balance related behaviors in socioeconomic inequalities in childhood body mass index: A comparative analysis of Germany, the Netherlands, the United Kingdom, and the United States"
355,363,208,2023,Social Science & Medicine,"The role of energy balance related behaviors in socioeconomic inequalities in childhood body mass index: A comparative analysis of Germany, the Netherlands, the United Kingdom, and the United States"
356,357,208,2023,Social Science & Medicine,"The role of energy balance related behaviors in socioeconomic inequalities in childhood body mass index: A comparative analysis of Germany, the Netherlands, the United Kingdom, and the United States"
356,358,208,2023,Social Science & Medicine,"The role of energy balance related behaviors in socioeconomic inequalities in childhood body mass index: A comparative analysis of Germany, the Netherlands, the United Kingdom, and the United States"
356,359,208,2023,Social Science & Medicine,"The role of energy balance related behaviors in socioeconomic inequalities in childhood body mass index: A comparative analysis of Germany, the Netherlands, the United Kingdom, and the United States"
356,360,208,2023,Social Science & Medicine,"The role of energy balance related behaviors in socioeconomic inequalities in childhood body mass index: A comparative analysis of Germany, the Netherlands, the United Kingdom, and the United States"
183,356,208,2023,Social Science & Medicine,"The role of energy balance related behaviors in socioeconomic inequalities in childhood body mass index: A comparative analysis of Germany, the Netherlands, the United Kingdom, and the United States"
356,361,208,2023,Social Science & Medicine,"The role of energy balance related behaviors in socioeconomic inequalities in childhood body mass index: A comparative analysis of Germany, the Netherlands, the United Kingdom, and the United States"
356,362,208,2023,Social Science & Medicine,"The role of energy balance related behaviors in socioeconomic inequalities in childhood body mass index: A comparative analysis of Germany, the Netherlands, the United Kingdom, and the United States"
356,363,208,2023,Social Science & Medicine,"The role of energy balance related behaviors in socioeconomic inequalities in childhood body mass index: A comparative analysis of Germany, the Netherlands, the United Kingdom, and the United States"
357,358,208,2023,Social Science & Medicine,"The role of energy balance related behaviors in socioeconomic inequalities in childhood body mass index: A comparative analysis of Germany, the Netherlands, the United Kingdom, and the United States"
357,359,208,2023,Social Science & Medicine,"The role of energy balance related behaviors in socioeconomic inequalities in childhood body mass index: A comparative analysis of Germany, the Netherlands, the United Kingdom, and the United States"
357,360,208,2023,Social Science & Medicine,"The role of energy balance related behaviors in socioeconomic inequalities in childhood body mass index: A comparative analysis of Germany, the Netherlands, the United Kingdom, and the United States"
183,357,208,2023,Social Science & Medicine,"The role of energy balance related behaviors in socioeconomic inequalities in childhood body mass index: A comparative analysis of Germany, the Netherlands, the United Kingdom, and the United States"
357,361,208,2023,Social Science & Medicine,"The role of energy balance related behaviors in socioeconomic inequalities in childhood body mass index: A comparative analysis of Germany, the Netherlands, the United Kingdom, and the United States"
357,362,208,2023,Social Science & Medicine,"The role of energy balance related behaviors in socioeconomic inequalities in childhood body mass index: A comparative analysis of Germany, the Netherlands, the United Kingdom, and the United States"
357,363,208,2023,Social Science & Medicine,"The role of energy balance related behaviors in socioeconomic inequalities in childhood body mass index: A comparative analysis of Germany, the Netherlands, the United Kingdom, and the United States"
358,359,208,2023,Social Science & Medicine,"The role of energy balance related behaviors in socioeconomic inequalities in childhood body mass index: A comparative analysis of Germany, the Netherlands, the United Kingdom, and the United States"
358,360,208,2023,Social Science & Medicine,"The role of energy balance related behaviors in socioeconomic inequalities in childhood body mass index: A comparative analysis of Germany, the Netherlands, the United Kingdom, and the United States"
183,358,208,2023,Social Science & Medicine,"The role of energy balance related behaviors in socioeconomic inequalities in childhood body mass index: A comparative analysis of Germany, the Netherlands, the United Kingdom, and the United States"
358,361,208,2023,Social Science & Medicine,"The role of energy balance related behaviors in socioeconomic inequalities in childhood body mass index: A comparative analysis of Germany, the Netherlands, the United Kingdom, and the United States"
358,362,208,2023,Social Science & Medicine,"The role of energy balance related behaviors in socioeconomic inequalities in childhood body mass index: A comparative analysis of Germany, the Netherlands, the United Kingdom, and the United States"
358,363,208,2023,Social Science & Medicine,"The role of energy balance related behaviors in socioeconomic inequalities in childhood body mass index: A comparative analysis of Germany, the Netherlands, the United Kingdom, and the United States"
359,360,208,2023,Social Science & Medicine,"The role of energy balance related behaviors in socioeconomic inequalities in childhood body mass index: A comparative analysis of Germany, the Netherlands, the United Kingdom, and the United States"
183,359,208,2023,Social Science & Medicine,"The role of energy balance related behaviors in socioeconomic inequalities in childhood body mass index: A comparative analysis of Germany, the Netherlands, the United Kingdom, and the United States"
359,361,208,2023,Social Science & Medicine,"The role of energy balance related behaviors in socioeconomic inequalities in childhood body mass index: A comparative analysis of Germany, the Netherlands, the United Kingdom, and the United States"
359,362,208,2023,Social Science & Medicine,"The role of energy balance related behaviors in socioeconomic inequalities in childhood body mass index: A comparative analysis of Germany, the Netherlands, the United Kingdom, and the United States"
359,363,208,2023,Social Science & Medicine,"The role of energy balance related behaviors in socioeconomic inequalities in childhood body mass index: A comparative analysis of Germany, the Netherlands, the United Kingdom, and the United States"
183,360,208,2023,Social Science & Medicine,"The role of energy balance related behaviors in socioeconomic inequalities in childhood body mass index: A comparative analysis of Germany, the Netherlands, the United Kingdom, and the United States"
360,361,208,2023,Social Science & Medicine,"The role of energy balance related behaviors in socioeconomic inequalities in childhood body mass index: A comparative analysis of Germany, the Netherlands, the United Kingdom, and the United States"
360,362,208,2023,Social Science & Medicine,"The role of energy balance related behaviors in socioeconomic inequalities in childhood body mass index: A comparative analysis of Germany, the Netherlands, the United Kingdom, and the United States"
360,363,208,2023,Social Science & Medicine,"The role of energy balance related behaviors in socioeconomic inequalities in childhood body mass index: A comparative analysis of Germany, the Netherlands, the United Kingdom, and the United States"
183,361,208,2023,Social Science & Medicine,"The role of energy balance related behaviors in socioeconomic inequalities in childhood body mass index: A comparative analysis of Germany, the Netherlands, the United Kingdom, and the United States"
183,362,208,2023,Social Science & Medicine,"The role of energy balance related behaviors in socioeconomic inequalities in childhood body mass index: A comparative analysis of Germany, the Netherlands, the United Kingdom, and the United States"
183,363,208,2023,Social Science & Medicine,"The role of energy balance related behaviors in socioeconomic inequalities in childhood body mass index: A comparative analysis of Germany, the Netherlands, the United Kingdom, and the United States"
361,362,208,2023,Social Science & Medicine,"The role of energy balance related behaviors in socioeconomic inequalities in childhood body mass index: A comparative analysis of Germany, the Netherlands, the United Kingdom, and the United States"
361,363,208,2023,Social Science & Medicine,"The role of energy balance related behaviors in socioeconomic inequalities in childhood body mass index: A comparative analysis of Germany, the Netherlands, the United Kingdom, and the United States"
362,363,208,2023,Social Science & Medicine,"The role of energy balance related behaviors in socioeconomic inequalities in childhood body mass index: A comparative analysis of Germany, the Netherlands, the United Kingdom, and the United States"
364,365,209,2023,Educational and Psychological Measurement,Changes in the Speed–Ability Relation Through Different Treatments of Rapid Guessing
364,366,209,2023,Educational and Psychological Measurement,Changes in the Speed–Ability Relation Through Different Treatments of Rapid Guessing
365,366,209,2023,Educational and Psychological Measurement,Changes in the Speed–Ability Relation Through Different Treatments of Rapid Guessing
364,366,210,2021,Journal of Educational Measurement,Model‐Based Treatment of Rapid Guessing
364,365,210,2021,Journal of Educational Measurement,Model‐Based Treatment of Rapid Guessing
365,366,210,2021,Journal of Educational Measurement,Model‐Based Treatment of Rapid Guessing
369,370,213,2023,"Education, Competence Development and Career Trajectories",Addressing Environmental and Individual Factors in Early Secondary School: The Roles of Instruction Techniques and Self-Perception
369,371,213,2023,"Education, Competence Development and Career Trajectories",Addressing Environmental and Individual Factors in Early Secondary School: The Roles of Instruction Techniques and Self-Perception
369,372,213,2023,"Education, Competence Development and Career Trajectories",Addressing Environmental and Individual Factors in Early Secondary School: The Roles of Instruction Techniques and Self-Perception
370,371,213,2023,"Education, Competence Development and Career Trajectories",Addressing Environmental and Individual Factors in Early Secondary School: The Roles of Instruction Techniques and Self-Perception
370,372,213,2023,"Education, Competence Development and Career Trajectories",Addressing Environmental and Individual Factors in Early Secondary School: The Roles of Instruction Techniques and Self-Perception
371,372,213,2023,"Education, Competence Development and Career Trajectories",Addressing Environmental and Individual Factors in Early Secondary School: The Roles of Instruction Techniques and Self-Perception
369,373,214,2025,Developmental Psychology,Exploring the links between gender-(a)typical career aspirations and educational choices: Heterogeneous developmental pathways.
369,374,215,2018,Frontiers in Psychology,How Does Social Behavior Relate to Both Grades and Achievement Scores?
369,372,215,2018,Frontiers in Psychology,How Does Social Behavior Relate to Both Grades and Achievement Scores?
372,374,215,2018,Frontiers in Psychology,How Does Social Behavior Relate to Both Grades and Achievement Scores?
369,370,216,2020,Frontiers in Education,"Individualized Assignments, Group Work and Discussions: How They Interact With Class Size, Low Socioeconomic Status, and Second Language Learners"
369,371,216,2020,Frontiers in Education,"Individualized Assignments, Group Work and Discussions: How They Interact With Class Size, Low Socioeconomic Status, and Second Language Learners"
369,372,216,2020,Frontiers in Education,"Individualized Assignments, Group Work and Discussions: How They Interact With Class Size, Low Socioeconomic Status, and Second Language Learners"
370,371,216,2020,Frontiers in Education,"Individualized Assignments, Group Work and Discussions: How They Interact With Class Size, Low Socioeconomic Status, and Second Language Learners"
370,372,216,2020,Frontiers in Education,"Individualized Assignments, Group Work and Discussions: How They Interact With Class Size, Low Socioeconomic Status, and Second Language Learners"
371,372,216,2020,Frontiers in Education,"Individualized Assignments, Group Work and Discussions: How They Interact With Class Size, Low Socioeconomic Status, and Second Language Learners"
369,370,217,2021,Social Sciences,Subject-Specific Self-Concept and Global Self-Esteem Mediate Risk Factors for Lower Competency in Mathematics and Reading
369,371,217,2021,Social Sciences,Subject-Specific Self-Concept and Global Self-Esteem Mediate Risk Factors for Lower Competency in Mathematics and Reading
369,372,217,2021,Social Sciences,Subject-Specific Self-Concept and Global Self-Esteem Mediate Risk Factors for Lower Competency in Mathematics and Reading
370,371,217,2021,Social Sciences,Subject-Specific Self-Concept and Global Self-Esteem Mediate Risk Factors for Lower Competency in Mathematics and Reading
370,372,217,2021,Social Sciences,Subject-Specific Self-Concept and Global Self-Esteem Mediate Risk Factors for Lower Competency in Mathematics and Reading
371,372,217,2021,Social Sciences,Subject-Specific Self-Concept and Global Self-Esteem Mediate Risk Factors for Lower Competency in Mathematics and Reading
220,375,218,2021,PLOS ONE,The weight of school grades: Evidence of biased teachers’ evaluations against overweight students in Germany
376,377,219,2019,KZfSS Kölner Zeitschrift für Soziologie und Sozialpsychologie,"Soziale Herkunft, Lebensverlaufsereignisse und die verspätete Aufnahme einer beruflichen Ausbildung formal Geringqualifizierter"
376,378,219,2019,KZfSS Kölner Zeitschrift für Soziologie und Sozialpsychologie,"Soziale Herkunft, Lebensverlaufsereignisse und die verspätete Aufnahme einer beruflichen Ausbildung formal Geringqualifizierter"
377,378,219,2019,KZfSS Kölner Zeitschrift für Soziologie und Sozialpsychologie,"Soziale Herkunft, Lebensverlaufsereignisse und die verspätete Aufnahme einer beruflichen Ausbildung formal Geringqualifizierter"
277,379,220,2017,Entwicklung und Qualität des Schulsystems: neue empirische Befunde und Entwicklungstendenzen,Soziale Disparitäten im Bildungsverlauf. Schulische Laufbahnen von der 2. und 7. Jahrgangsstufe
196,277,220,2017,Entwicklung und Qualität des Schulsystems: neue empirische Befunde und Entwicklungstendenzen,Soziale Disparitäten im Bildungsverlauf. Schulische Laufbahnen von der 2. und 7. Jahrgangsstufe
277,380,220,2017,Entwicklung und Qualität des Schulsystems: neue empirische Befunde und Entwicklungstendenzen,Soziale Disparitäten im Bildungsverlauf. Schulische Laufbahnen von der 2. und 7. Jahrgangsstufe
198,277,220,2017,Entwicklung und Qualität des Schulsystems: neue empirische Befunde und Entwicklungstendenzen,Soziale Disparitäten im Bildungsverlauf. Schulische Laufbahnen von der 2. und 7. Jahrgangsstufe
196,379,220,2017,Entwicklung und Qualität des Schulsystems: neue empirische Befunde und Entwicklungstendenzen,Soziale Disparitäten im Bildungsverlauf. Schulische Laufbahnen von der 2. und 7. Jahrgangsstufe
379,380,220,2017,Entwicklung und Qualität des Schulsystems: neue empirische Befunde und Entwicklungstendenzen,Soziale Disparitäten im Bildungsverlauf. Schulische Laufbahnen von der 2. und 7. Jahrgangsstufe
198,379,220,2017,Entwicklung und Qualität des Schulsystems: neue empirische Befunde und Entwicklungstendenzen,Soziale Disparitäten im Bildungsverlauf. Schulische Laufbahnen von der 2. und 7. Jahrgangsstufe
196,380,220,2017,Entwicklung und Qualität des Schulsystems: neue empirische Befunde und Entwicklungstendenzen,Soziale Disparitäten im Bildungsverlauf. Schulische Laufbahnen von der 2. und 7. Jahrgangsstufe
196,198,220,2017,Entwicklung und Qualität des Schulsystems: neue empirische Befunde und Entwicklungstendenzen,Soziale Disparitäten im Bildungsverlauf. Schulische Laufbahnen von der 2. und 7. Jahrgangsstufe
198,380,220,2017,Entwicklung und Qualität des Schulsystems: neue empirische Befunde und Entwicklungstendenzen,Soziale Disparitäten im Bildungsverlauf. Schulische Laufbahnen von der 2. und 7. Jahrgangsstufe
381,382,221,2021,Research in Social Stratification and Mobility,"An investigation of the causal effect of educational expectations on school performance. Behavioral consequences, time-stable confounding, or reciprocal causality?"
383,384,222,2025,Handbuch Bildungsarmut,Migration und Bildungsarmut
385,386,223,2025,Jahrbücher für Nationalökonomie und Statistik,"CILS4NEPS – Unlocking Research Potential Through More Participants, More Schools and International Comparison: Harmonized Data for Research on Education, School-to-work Transition and Integration Processes for Adolescents in Germany, the Netherlands, Sweden and England"
385,387,223,2025,Jahrbücher für Nationalökonomie und Statistik,"CILS4NEPS – Unlocking Research Potential Through More Participants, More Schools and International Comparison: Harmonized Data for Research on Education, School-to-work Transition and Integration Processes for Adolescents in Germany, the Netherlands, Sweden and England"
386,387,223,2025,Jahrbücher für Nationalökonomie und Statistik,"CILS4NEPS – Unlocking Research Potential Through More Participants, More Schools and International Comparison: Harmonized Data for Research on Education, School-to-work Transition and Integration Processes for Adolescents in Germany, the Netherlands, Sweden and England"
83,388,224,2024,Learning and Individual Differences,Self-regulatory abilities as predictors of scientific literacy among children in preschool and primary school years
81,388,224,2024,Learning and Individual Differences,Self-regulatory abilities as predictors of scientific literacy among children in preschool and primary school years
81,83,224,2024,Learning and Individual Differences,Self-regulatory abilities as predictors of scientific literacy among children in preschool and primary school years
389,390,225,2024,European Sociological Review,Does training beget training over the life course? Cumulative advantage in work-related non-formal training participation in Germany and the UK
389,391,225,2024,European Sociological Review,Does training beget training over the life course? Cumulative advantage in work-related non-formal training participation in Germany and the UK
389,392,225,2024,European Sociological Review,Does training beget training over the life course? Cumulative advantage in work-related non-formal training participation in Germany and the UK
390,391,225,2024,European Sociological Review,Does training beget training over the life course? Cumulative advantage in work-related non-formal training participation in Germany and the UK
390,392,225,2024,European Sociological Review,Does training beget training over the life course? Cumulative advantage in work-related non-formal training participation in Germany and the UK
391,392,225,2024,European Sociological Review,Does training beget training over the life course? Cumulative advantage in work-related non-formal training participation in Germany and the UK
356,360,226,2024,AERA Open,Cross-national Differences in Socioeconomic Achievement Inequality in Early Primary School: The Role of Parental Education and Income in Six Countries
183,360,226,2024,AERA Open,Cross-national Differences in Socioeconomic Achievement Inequality in Early Primary School: The Role of Parental Education and Income in Six Countries
360,393,226,2024,AERA Open,Cross-national Differences in Socioeconomic Achievement Inequality in Early Primary School: The Role of Parental Education and Income in Six Countries
360,363,226,2024,AERA Open,Cross-national Differences in Socioeconomic Achievement Inequality in Early Primary School: The Role of Parental Education and Income in Six Countries
360,394,226,2024,AERA Open,Cross-national Differences in Socioeconomic Achievement Inequality in Early Primary School: The Role of Parental Education and Income in Six Countries
358,360,226,2024,AERA Open,Cross-national Differences in Socioeconomic Achievement Inequality in Early Primary School: The Role of Parental Education and Income in Six Countries
355,360,226,2024,AERA Open,Cross-national Differences in Socioeconomic Achievement Inequality in Early Primary School: The Role of Parental Education and Income in Six Countries
360,395,226,2024,AERA Open,Cross-national Differences in Socioeconomic Achievement Inequality in Early Primary School: The Role of Parental Education and Income in Six Countries
359,360,226,2024,AERA Open,Cross-national Differences in Socioeconomic Achievement Inequality in Early Primary School: The Role of Parental Education and Income in Six Countries
360,396,226,2024,AERA Open,Cross-national Differences in Socioeconomic Achievement Inequality in Early Primary School: The Role of Parental Education and Income in Six Countries
357,360,226,2024,AERA Open,Cross-national Differences in Socioeconomic Achievement Inequality in Early Primary School: The Role of Parental Education and Income in Six Countries
360,397,226,2024,AERA Open,Cross-national Differences in Socioeconomic Achievement Inequality in Early Primary School: The Role of Parental Education and Income in Six Countries
360,398,226,2024,AERA Open,Cross-national Differences in Socioeconomic Achievement Inequality in Early Primary School: The Role of Parental Education and Income in Six Countries
360,399,226,2024,AERA Open,Cross-national Differences in Socioeconomic Achievement Inequality in Early Primary School: The Role of Parental Education and Income in Six Countries
183,356,226,2024,AERA Open,Cross-national Differences in Socioeconomic Achievement Inequality in Early Primary School: The Role of Parental Education and Income in Six Countries
356,393,226,2024,AERA Open,Cross-national Differences in Socioeconomic Achievement Inequality in Early Primary School: The Role of Parental Education and Income in Six Countries
356,363,226,2024,AERA Open,Cross-national Differences in Socioeconomic Achievement Inequality in Early Primary School: The Role of Parental Education and Income in Six Countries
356,394,226,2024,AERA Open,Cross-national Differences in Socioeconomic Achievement Inequality in Early Primary School: The Role of Parental Education and Income in Six Countries
356,358,226,2024,AERA Open,Cross-national Differences in Socioeconomic Achievement Inequality in Early Primary School: The Role of Parental Education and Income in Six Countries
355,356,226,2024,AERA Open,Cross-national Differences in Socioeconomic Achievement Inequality in Early Primary School: The Role of Parental Education and Income in Six Countries
356,395,226,2024,AERA Open,Cross-national Differences in Socioeconomic Achievement Inequality in Early Primary School: The Role of Parental Education and Income in Six Countries
356,359,226,2024,AERA Open,Cross-national Differences in Socioeconomic Achievement Inequality in Early Primary School: The Role of Parental Education and Income in Six Countries
356,396,226,2024,AERA Open,Cross-national Differences in Socioeconomic Achievement Inequality in Early Primary School: The Role of Parental Education and Income in Six Countries
356,357,226,2024,AERA Open,Cross-national Differences in Socioeconomic Achievement Inequality in Early Primary School: The Role of Parental Education and Income in Six Countries
356,397,226,2024,AERA Open,Cross-national Differences in Socioeconomic Achievement Inequality in Early Primary School: The Role of Parental Education and Income in Six Countries
356,398,226,2024,AERA Open,Cross-national Differences in Socioeconomic Achievement Inequality in Early Primary School: The Role of Parental Education and Income in Six Countries
356,399,226,2024,AERA Open,Cross-national Differences in Socioeconomic Achievement Inequality in Early Primary School: The Role of Parental Education and Income in Six Countries
183,393,226,2024,AERA Open,Cross-national Differences in Socioeconomic Achievement Inequality in Early Primary School: The Role of Parental Education and Income in Six Countries
183,363,226,2024,AERA Open,Cross-national Differences in Socioeconomic Achievement Inequality in Early Primary School: The Role of Parental Education and Income in Six Countries
183,394,226,2024,AERA Open,Cross-national Differences in Socioeconomic Achievement Inequality in Early Primary School: The Role of Parental Education and Income in Six Countries
183,358,226,2024,AERA Open,Cross-national Differences in Socioeconomic Achievement Inequality in Early Primary School: The Role of Parental Education and Income in Six Countries
183,355,226,2024,AERA Open,Cross-national Differences in Socioeconomic Achievement Inequality in Early Primary School: The Role of Parental Education and Income in Six Countries
183,395,226,2024,AERA Open,Cross-national Differences in Socioeconomic Achievement Inequality in Early Primary School: The Role of Parental Education and Income in Six Countries
183,359,226,2024,AERA Open,Cross-national Differences in Socioeconomic Achievement Inequality in Early Primary School: The Role of Parental Education and Income in Six Countries
183,396,226,2024,AERA Open,Cross-national Differences in Socioeconomic Achievement Inequality in Early Primary School: The Role of Parental Education and Income in Six Countries
183,357,226,2024,AERA Open,Cross-national Differences in Socioeconomic Achievement Inequality in Early Primary School: The Role of Parental Education and Income in Six Countries
183,397,226,2024,AERA Open,Cross-national Differences in Socioeconomic Achievement Inequality in Early Primary School: The Role of Parental Education and Income in Six Countries
183,398,226,2024,AERA Open,Cross-national Differences in Socioeconomic Achievement Inequality in Early Primary School: The Role of Parental Education and Income in Six Countries
183,399,226,2024,AERA Open,Cross-national Differences in Socioeconomic Achievement Inequality in Early Primary School: The Role of Parental Education and Income in Six Countries
363,393,226,2024,AERA Open,Cross-national Differences in Socioeconomic Achievement Inequality in Early Primary School: The Role of Parental Education and Income in Six Countries
393,394,226,2024,AERA Open,Cross-national Differences in Socioeconomic Achievement Inequality in Early Primary School: The Role of Parental Education and Income in Six Countries
358,393,226,2024,AERA Open,Cross-national Differences in Socioeconomic Achievement Inequality in Early Primary School: The Role of Parental Education and Income in Six Countries
355,393,226,2024,AERA Open,Cross-national Differences in Socioeconomic Achievement Inequality in Early Primary School: The Role of Parental Education and Income in Six Countries
393,395,226,2024,AERA Open,Cross-national Differences in Socioeconomic Achievement Inequality in Early Primary School: The Role of Parental Education and Income in Six Countries
359,393,226,2024,AERA Open,Cross-national Differences in Socioeconomic Achievement Inequality in Early Primary School: The Role of Parental Education and Income in Six Countries
393,396,226,2024,AERA Open,Cross-national Differences in Socioeconomic Achievement Inequality in Early Primary School: The Role of Parental Education and Income in Six Countries
357,393,226,2024,AERA Open,Cross-national Differences in Socioeconomic Achievement Inequality in Early Primary School: The Role of Parental Education and Income in Six Countries
393,397,226,2024,AERA Open,Cross-national Differences in Socioeconomic Achievement Inequality in Early Primary School: The Role of Parental Education and Income in Six Countries
393,398,226,2024,AERA Open,Cross-national Differences in Socioeconomic Achievement Inequality in Early Primary School: The Role of Parental Education and Income in Six Countries
393,399,226,2024,AERA Open,Cross-national Differences in Socioeconomic Achievement Inequality in Early Primary School: The Role of Parental Education and Income in Six Countries
363,394,226,2024,AERA Open,Cross-national Differences in Socioeconomic Achievement Inequality in Early Primary School: The Role of Parental Education and Income in Six Countries
358,363,226,2024,AERA Open,Cross-national Differences in Socioeconomic Achievement Inequality in Early Primary School: The Role of Parental Education and Income in Six Countries
355,363,226,2024,AERA Open,Cross-national Differences in Socioeconomic Achievement Inequality in Early Primary School: The Role of Parental Education and Income in Six Countries
363,395,226,2024,AERA Open,Cross-national Differences in Socioeconomic Achievement Inequality in Early Primary School: The Role of Parental Education and Income in Six Countries
359,363,226,2024,AERA Open,Cross-national Differences in Socioeconomic Achievement Inequality in Early Primary School: The Role of Parental Education and Income in Six Countries
363,396,226,2024,AERA Open,Cross-national Differences in Socioeconomic Achievement Inequality in Early Primary School: The Role of Parental Education and Income in Six Countries
357,363,226,2024,AERA Open,Cross-national Differences in Socioeconomic Achievement Inequality in Early Primary School: The Role of Parental Education and Income in Six Countries
363,397,226,2024,AERA Open,Cross-national Differences in Socioeconomic Achievement Inequality in Early Primary School: The Role of Parental Education and Income in Six Countries
363,398,226,2024,AERA Open,Cross-national Differences in Socioeconomic Achievement Inequality in Early Primary School: The Role of Parental Education and Income in Six Countries
363,399,226,2024,AERA Open,Cross-national Differences in Socioeconomic Achievement Inequality in Early Primary School: The Role of Parental Education and Income in Six Countries
358,394,226,2024,AERA Open,Cross-national Differences in Socioeconomic Achievement Inequality in Early Primary School: The Role of Parental Education and Income in Six Countries
355,394,226,2024,AERA Open,Cross-national Differences in Socioeconomic Achievement Inequality in Early Primary School: The Role of Parental Education and Income in Six Countries
394,395,226,2024,AERA Open,Cross-national Differences in Socioeconomic Achievement Inequality in Early Primary School: The Role of Parental Education and Income in Six Countries
359,394,226,2024,AERA Open,Cross-national Differences in Socioeconomic Achievement Inequality in Early Primary School: The Role of Parental Education and Income in Six Countries
394,396,226,2024,AERA Open,Cross-national Differences in Socioeconomic Achievement Inequality in Early Primary School: The Role of Parental Education and Income in Six Countries
357,394,226,2024,AERA Open,Cross-national Differences in Socioeconomic Achievement Inequality in Early Primary School: The Role of Parental Education and Income in Six Countries
394,397,226,2024,AERA Open,Cross-national Differences in Socioeconomic Achievement Inequality in Early Primary School: The Role of Parental Education and Income in Six Countries
394,398,226,2024,AERA Open,Cross-national Differences in Socioeconomic Achievement Inequality in Early Primary School: The Role of Parental Education and Income in Six Countries
394,399,226,2024,AERA Open,Cross-national Differences in Socioeconomic Achievement Inequality in Early Primary School: The Role of Parental Education and Income in Six Countries
355,358,226,2024,AERA Open,Cross-national Differences in Socioeconomic Achievement Inequality in Early Primary School: The Role of Parental Education and Income in Six Countries
358,395,226,2024,AERA Open,Cross-national Differences in Socioeconomic Achievement Inequality in Early Primary School: The Role of Parental Education and Income in Six Countries
358,359,226,2024,AERA Open,Cross-national Differences in Socioeconomic Achievement Inequality in Early Primary School: The Role of Parental Education and Income in Six Countries
358,396,226,2024,AERA Open,Cross-national Differences in Socioeconomic Achievement Inequality in Early Primary School: The Role of Parental Education and Income in Six Countries
357,358,226,2024,AERA Open,Cross-national Differences in Socioeconomic Achievement Inequality in Early Primary School: The Role of Parental Education and Income in Six Countries
358,397,226,2024,AERA Open,Cross-national Differences in Socioeconomic Achievement Inequality in Early Primary School: The Role of Parental Education and Income in Six Countries
358,398,226,2024,AERA Open,Cross-national Differences in Socioeconomic Achievement Inequality in Early Primary School: The Role of Parental Education and Income in Six Countries
358,399,226,2024,AERA Open,Cross-national Differences in Socioeconomic Achievement Inequality in Early Primary School: The Role of Parental Education and Income in Six Countries
355,395,226,2024,AERA Open,Cross-national Differences in Socioeconomic Achievement Inequality in Early Primary School: The Role of Parental Education and Income in Six Countries
355,359,226,2024,AERA Open,Cross-national Differences in Socioeconomic Achievement Inequality in Early Primary School: The Role of Parental Education and Income in Six Countries
355,396,226,2024,AERA Open,Cross-national Differences in Socioeconomic Achievement Inequality in Early Primary School: The Role of Parental Education and Income in Six Countries
355,357,226,2024,AERA Open,Cross-national Differences in Socioeconomic Achievement Inequality in Early Primary School: The Role of Parental Education and Income in Six Countries
355,397,226,2024,AERA Open,Cross-national Differences in Socioeconomic Achievement Inequality in Early Primary School: The Role of Parental Education and Income in Six Countries
355,398,226,2024,AERA Open,Cross-national Differences in Socioeconomic Achievement Inequality in Early Primary School: The Role of Parental Education and Income in Six Countries
355,399,226,2024,AERA Open,Cross-national Differences in Socioeconomic Achievement Inequality in Early Primary School: The Role of Parental Education and Income in Six Countries
359,395,226,2024,AERA Open,Cross-national Differences in Socioeconomic Achievement Inequality in Early Primary School: The Role of Parental Education and Income in Six Countries
395,396,226,2024,AERA Open,Cross-national Differences in Socioeconomic Achievement Inequality in Early Primary School: The Role of Parental Education and Income in Six Countries
357,395,226,2024,AERA Open,Cross-national Differences in Socioeconomic Achievement Inequality in Early Primary School: The Role of Parental Education and Income in Six Countries
395,397,226,2024,AERA Open,Cross-national Differences in Socioeconomic Achievement Inequality in Early Primary School: The Role of Parental Education and Income in Six Countries
395,398,226,2024,AERA Open,Cross-national Differences in Socioeconomic Achievement Inequality in Early Primary School: The Role of Parental Education and Income in Six Countries
395,399,226,2024,AERA Open,Cross-national Differences in Socioeconomic Achievement Inequality in Early Primary School: The Role of Parental Education and Income in Six Countries
359,396,226,2024,AERA Open,Cross-national Differences in Socioeconomic Achievement Inequality in Early Primary School: The Role of Parental Education and Income in Six Countries
357,359,226,2024,AERA Open,Cross-national Differences in Socioeconomic Achievement Inequality in Early Primary School: The Role of Parental Education and Income in Six Countries
359,397,226,2024,AERA Open,Cross-national Differences in Socioeconomic Achievement Inequality in Early Primary School: The Role of Parental Education and Income in Six Countries
359,398,226,2024,AERA Open,Cross-national Differences in Socioeconomic Achievement Inequality in Early Primary School: The Role of Parental Education and Income in Six Countries
359,399,226,2024,AERA Open,Cross-national Differences in Socioeconomic Achievement Inequality in Early Primary School: The Role of Parental Education and Income in Six Countries
357,396,226,2024,AERA Open,Cross-national Differences in Socioeconomic Achievement Inequality in Early Primary School: The Role of Parental Education and Income in Six Countries
396,397,226,2024,AERA Open,Cross-national Differences in Socioeconomic Achievement Inequality in Early Primary School: The Role of Parental Education and Income in Six Countries
396,398,226,2024,AERA Open,Cross-national Differences in Socioeconomic Achievement Inequality in Early Primary School: The Role of Parental Education and Income in Six Countries
396,399,226,2024,AERA Open,Cross-national Differences in Socioeconomic Achievement Inequality in Early Primary School: The Role of Parental Education and Income in Six Countries
357,397,226,2024,AERA Open,Cross-national Differences in Socioeconomic Achievement Inequality in Early Primary School: The Role of Parental Education and Income in Six Countries
357,398,226,2024,AERA Open,Cross-national Differences in Socioeconomic Achievement Inequality in Early Primary School: The Role of Parental Education and Income in Six Countries
357,399,226,2024,AERA Open,Cross-national Differences in Socioeconomic Achievement Inequality in Early Primary School: The Role of Parental Education and Income in Six Countries
397,398,226,2024,AERA Open,Cross-national Differences in Socioeconomic Achievement Inequality in Early Primary School: The Role of Parental Education and Income in Six Countries
397,399,226,2024,AERA Open,Cross-national Differences in Socioeconomic Achievement Inequality in Early Primary School: The Role of Parental Education and Income in Six Countries
398,399,226,2024,AERA Open,Cross-national Differences in Socioeconomic Achievement Inequality in Early Primary School: The Role of Parental Education and Income in Six Countries
155,360,227,2023,Journal of Vocational Education & Training,Misconceptions of earnings and their consequences for social stratification in vocational aspirations and attainment
360,400,228,2022,Advances in Life Course Research,The multiple mediators of early differences in academic abilities by parental financial resources in Germany
183,360,229,2024,European Sociological Review,"The relevance of tracking and social school composition for growing achievement gaps by parental education in lower secondary school: a longitudinal analysis in France, Germany, the United States, and England"
360,361,229,2024,European Sociological Review,"The relevance of tracking and social school composition for growing achievement gaps by parental education in lower secondary school: a longitudinal analysis in France, Germany, the United States, and England"
360,394,229,2024,European Sociological Review,"The relevance of tracking and social school composition for growing achievement gaps by parental education in lower secondary school: a longitudinal analysis in France, Germany, the United States, and England"
360,398,229,2024,European Sociological Review,"The relevance of tracking and social school composition for growing achievement gaps by parental education in lower secondary school: a longitudinal analysis in France, Germany, the United States, and England"
356,360,229,2024,European Sociological Review,"The relevance of tracking and social school composition for growing achievement gaps by parental education in lower secondary school: a longitudinal analysis in France, Germany, the United States, and England"
357,360,229,2024,European Sociological Review,"The relevance of tracking and social school composition for growing achievement gaps by parental education in lower secondary school: a longitudinal analysis in France, Germany, the United States, and England"
359,360,229,2024,European Sociological Review,"The relevance of tracking and social school composition for growing achievement gaps by parental education in lower secondary school: a longitudinal analysis in France, Germany, the United States, and England"
358,360,229,2024,European Sociological Review,"The relevance of tracking and social school composition for growing achievement gaps by parental education in lower secondary school: a longitudinal analysis in France, Germany, the United States, and England"
183,361,229,2024,European Sociological Review,"The relevance of tracking and social school composition for growing achievement gaps by parental education in lower secondary school: a longitudinal analysis in France, Germany, the United States, and England"
183,394,229,2024,European Sociological Review,"The relevance of tracking and social school composition for growing achievement gaps by parental education in lower secondary school: a longitudinal analysis in France, Germany, the United States, and England"
183,398,229,2024,European Sociological Review,"The relevance of tracking and social school composition for growing achievement gaps by parental education in lower secondary school: a longitudinal analysis in France, Germany, the United States, and England"
183,356,229,2024,European Sociological Review,"The relevance of tracking and social school composition for growing achievement gaps by parental education in lower secondary school: a longitudinal analysis in France, Germany, the United States, and England"
183,357,229,2024,European Sociological Review,"The relevance of tracking and social school composition for growing achievement gaps by parental education in lower secondary school: a longitudinal analysis in France, Germany, the United States, and England"
183,359,229,2024,European Sociological Review,"The relevance of tracking and social school composition for growing achievement gaps by parental education in lower secondary school: a longitudinal analysis in France, Germany, the United States, and England"
183,358,229,2024,European Sociological Review,"The relevance of tracking and social school composition for growing achievement gaps by parental education in lower secondary school: a longitudinal analysis in France, Germany, the United States, and England"
361,394,229,2024,European Sociological Review,"The relevance of tracking and social school composition for growing achievement gaps by parental education in lower secondary school: a longitudinal analysis in France, Germany, the United States, and England"
361,398,229,2024,European Sociological Review,"The relevance of tracking and social school composition for growing achievement gaps by parental education in lower secondary school: a longitudinal analysis in France, Germany, the United States, and England"
356,361,229,2024,European Sociological Review,"The relevance of tracking and social school composition for growing achievement gaps by parental education in lower secondary school: a longitudinal analysis in France, Germany, the United States, and England"
357,361,229,2024,European Sociological Review,"The relevance of tracking and social school composition for growing achievement gaps by parental education in lower secondary school: a longitudinal analysis in France, Germany, the United States, and England"
359,361,229,2024,European Sociological Review,"The relevance of tracking and social school composition for growing achievement gaps by parental education in lower secondary school: a longitudinal analysis in France, Germany, the United States, and England"
358,361,229,2024,European Sociological Review,"The relevance of tracking and social school composition for growing achievement gaps by parental education in lower secondary school: a longitudinal analysis in France, Germany, the United States, and England"
394,398,229,2024,European Sociological Review,"The relevance of tracking and social school composition for growing achievement gaps by parental education in lower secondary school: a longitudinal analysis in France, Germany, the United States, and England"
356,394,229,2024,European Sociological Review,"The relevance of tracking and social school composition for growing achievement gaps by parental education in lower secondary school: a longitudinal analysis in France, Germany, the United States, and England"
357,394,229,2024,European Sociological Review,"The relevance of tracking and social school composition for growing achievement gaps by parental education in lower secondary school: a longitudinal analysis in France, Germany, the United States, and England"
359,394,229,2024,European Sociological Review,"The relevance of tracking and social school composition for growing achievement gaps by parental education in lower secondary school: a longitudinal analysis in France, Germany, the United States, and England"
358,394,229,2024,European Sociological Review,"The relevance of tracking and social school composition for growing achievement gaps by parental education in lower secondary school: a longitudinal analysis in France, Germany, the United States, and England"
356,398,229,2024,European Sociological Review,"The relevance of tracking and social school composition for growing achievement gaps by parental education in lower secondary school: a longitudinal analysis in France, Germany, the United States, and England"
357,398,229,2024,European Sociological Review,"The relevance of tracking and social school composition for growing achievement gaps by parental education in lower secondary school: a longitudinal analysis in France, Germany, the United States, and England"
359,398,229,2024,European Sociological Review,"The relevance of tracking and social school composition for growing achievement gaps by parental education in lower secondary school: a longitudinal analysis in France, Germany, the United States, and England"
358,398,229,2024,European Sociological Review,"The relevance of tracking and social school composition for growing achievement gaps by parental education in lower secondary school: a longitudinal analysis in France, Germany, the United States, and England"
356,357,229,2024,European Sociological Review,"The relevance of tracking and social school composition for growing achievement gaps by parental education in lower secondary school: a longitudinal analysis in France, Germany, the United States, and England"
356,359,229,2024,European Sociological Review,"The relevance of tracking and social school composition for growing achievement gaps by parental education in lower secondary school: a longitudinal analysis in France, Germany, the United States, and England"
356,358,229,2024,European Sociological Review,"The relevance of tracking and social school composition for growing achievement gaps by parental education in lower secondary school: a longitudinal analysis in France, Germany, the United States, and England"
357,359,229,2024,European Sociological Review,"The relevance of tracking and social school composition for growing achievement gaps by parental education in lower secondary school: a longitudinal analysis in France, Germany, the United States, and England"
357,358,229,2024,European Sociological Review,"The relevance of tracking and social school composition for growing achievement gaps by parental education in lower secondary school: a longitudinal analysis in France, Germany, the United States, and England"
358,359,229,2024,European Sociological Review,"The relevance of tracking and social school composition for growing achievement gaps by parental education in lower secondary school: a longitudinal analysis in France, Germany, the United States, and England"
360,401,231,2022,Research in Social Stratification and Mobility,Social stratification in downgrading during secondary school after ambitious track choices
360,402,231,2022,Research in Social Stratification and Mobility,Social stratification in downgrading during secondary school after ambitious track choices
401,402,231,2022,Research in Social Stratification and Mobility,Social stratification in downgrading during secondary school after ambitious track choices
360,403,232,2020,Research in Social Stratification and Mobility,Wealth stratification in the early school career in Germany
10,17,233,2016,Methodological Issues of Longitudinal Surveys,Why Do We Collect Data on Educational Histories Over the Life Course the Way We Do ? Core Questionnaire Design Decisions in Starting Cohort 6—Adults
17,22,233,2016,Methodological Issues of Longitudinal Surveys,Why Do We Collect Data on Educational Histories Over the Life Course the Way We Do ? Core Questionnaire Design Decisions in Starting Cohort 6—Adults
17,23,233,2016,Methodological Issues of Longitudinal Surveys,Why Do We Collect Data on Educational Histories Over the Life Course the Way We Do ? Core Questionnaire Design Decisions in Starting Cohort 6—Adults
10,22,233,2016,Methodological Issues of Longitudinal Surveys,Why Do We Collect Data on Educational Histories Over the Life Course the Way We Do ? Core Questionnaire Design Decisions in Starting Cohort 6—Adults
10,23,233,2016,Methodological Issues of Longitudinal Surveys,Why Do We Collect Data on Educational Histories Over the Life Course the Way We Do ? Core Questionnaire Design Decisions in Starting Cohort 6—Adults
22,23,233,2016,Methodological Issues of Longitudinal Surveys,Why Do We Collect Data on Educational Histories Over the Life Course the Way We Do ? Core Questionnaire Design Decisions in Starting Cohort 6—Adults
55,330,234,2025,Studienbuch Empirische Bildungsforschung: Grundlagen und Relevanz für Ausbildung und Schule,"Geht das auch? Aus (internationalen) Large-Scale Assessments wie PISa, PIRLS und NEPS lernen"
405,406,236,2017,International Journal of Science and Mathematics Education,Adults’ Use of Mathematics and Its Influence on Mathematical Competence
405,407,236,2017,International Journal of Science and Mathematics Education,Adults’ Use of Mathematics and Its Influence on Mathematical Competence
406,407,236,2017,International Journal of Science and Mathematics Education,Adults’ Use of Mathematics and Its Influence on Mathematical Competence
405,406,237,2017,Beiträge zum Mathematikunterricht 2013: Vorträge auf der 47. Tagung für Didaktik der Mathematik vom 04.03.2013 bis 08.03.2013 in Münster,Berufsschulen und Gymnasien: Mathematische Kompetenzen und Einstellungen zur Mathematik im Vergleich
405,408,237,2017,Beiträge zum Mathematikunterricht 2013: Vorträge auf der 47. Tagung für Didaktik der Mathematik vom 04.03.2013 bis 08.03.2013 in Münster,Berufsschulen und Gymnasien: Mathematische Kompetenzen und Einstellungen zur Mathematik im Vergleich
406,408,237,2017,Beiträge zum Mathematikunterricht 2013: Vorträge auf der 47. Tagung für Didaktik der Mathematik vom 04.03.2013 bis 08.03.2013 in Münster,Berufsschulen und Gymnasien: Mathematische Kompetenzen und Einstellungen zur Mathematik im Vergleich
409,410,238,2020,Large-scale Assessments in Education,"On the comparability of adults with low literacy across LEO, PIAAC, and NEPS. Methodological considerations and empirical evidence"
409,411,238,2020,Large-scale Assessments in Education,"On the comparability of adults with low literacy across LEO, PIAAC, and NEPS. Methodological considerations and empirical evidence"
261,409,238,2020,Large-scale Assessments in Education,"On the comparability of adults with low literacy across LEO, PIAAC, and NEPS. Methodological considerations and empirical evidence"
55,409,238,2020,Large-scale Assessments in Education,"On the comparability of adults with low literacy across LEO, PIAAC, and NEPS. Methodological considerations and empirical evidence"
410,411,238,2020,Large-scale Assessments in Education,"On the comparability of adults with low literacy across LEO, PIAAC, and NEPS. Methodological considerations and empirical evidence"
261,410,238,2020,Large-scale Assessments in Education,"On the comparability of adults with low literacy across LEO, PIAAC, and NEPS. Methodological considerations and empirical evidence"
55,410,238,2020,Large-scale Assessments in Education,"On the comparability of adults with low literacy across LEO, PIAAC, and NEPS. Methodological considerations and empirical evidence"
261,411,238,2020,Large-scale Assessments in Education,"On the comparability of adults with low literacy across LEO, PIAAC, and NEPS. Methodological considerations and empirical evidence"
55,411,238,2020,Large-scale Assessments in Education,"On the comparability of adults with low literacy across LEO, PIAAC, and NEPS. Methodological considerations and empirical evidence"
55,261,238,2020,Large-scale Assessments in Education,"On the comparability of adults with low literacy across LEO, PIAAC, and NEPS. Methodological considerations and empirical evidence"
55,409,239,2020,International Review of Education,Proficiency level descriptors for low reading proficiency: An integrative process model
261,409,239,2020,International Review of Education,Proficiency level descriptors for low reading proficiency: An integrative process model
263,409,239,2020,International Review of Education,Proficiency level descriptors for low reading proficiency: An integrative process model
155,409,239,2020,International Review of Education,Proficiency level descriptors for low reading proficiency: An integrative process model
55,261,239,2020,International Review of Education,Proficiency level descriptors for low reading proficiency: An integrative process model
55,263,239,2020,International Review of Education,Proficiency level descriptors for low reading proficiency: An integrative process model
55,155,239,2020,International Review of Education,Proficiency level descriptors for low reading proficiency: An integrative process model
261,263,239,2020,International Review of Education,Proficiency level descriptors for low reading proficiency: An integrative process model
155,261,239,2020,International Review of Education,Proficiency level descriptors for low reading proficiency: An integrative process model
155,263,239,2020,International Review of Education,Proficiency level descriptors for low reading proficiency: An integrative process model
412,413,240,2017,Cognitive Development,"Links among parents’ mental state language, family socioeconomic status, and preschoolers’ theory of mind development"
412,414,240,2017,Cognitive Development,"Links among parents’ mental state language, family socioeconomic status, and preschoolers’ theory of mind development"
83,412,240,2017,Cognitive Development,"Links among parents’ mental state language, family socioeconomic status, and preschoolers’ theory of mind development"
413,414,240,2017,Cognitive Development,"Links among parents’ mental state language, family socioeconomic status, and preschoolers’ theory of mind development"
83,413,240,2017,Cognitive Development,"Links among parents’ mental state language, family socioeconomic status, and preschoolers’ theory of mind development"
83,414,240,2017,Cognitive Development,"Links among parents’ mental state language, family socioeconomic status, and preschoolers’ theory of mind development"
391,415,241,2018,KZfSS Kölner Zeitschrift für Soziologie und Sozialpsychologie,Weiterbilden und Weiterkommen? Non-formale berufliche Weiterbildung und Arbeitsmarktmobilität in Deutschland
416,417,242,2019,Zeitschrift für Berufs- und Wirtschaftspädagogik,"Der Einfluss des regionalen Ausbildungsangebots auf die Übergangswahrscheinlichkeit in Ausbildung nicht-studienberechtigter Jugendlicher^,^"
418,419,243,2017,Unknown,Bildungsgerechtigkeit
152,153,245,2016,Methodological Issues of Longitudinal Surveys,Assessment of Immigrant Students’ Listening Comprehension in Their First Languages (L1) Russian and Turkish in Grade 9: Test Construction and Validation
153,420,245,2016,Methodological Issues of Longitudinal Surveys,Assessment of Immigrant Students’ Listening Comprehension in Their First Languages (L1) Russian and Turkish in Grade 9: Test Construction and Validation
152,420,245,2016,Methodological Issues of Longitudinal Surveys,Assessment of Immigrant Students’ Listening Comprehension in Their First Languages (L1) Russian and Turkish in Grade 9: Test Construction and Validation
153,421,246,2018,Learning and Instruction,Does competent bilingualism entail advantages for the third language learning of immigrant students?
152,153,246,2018,Learning and Instruction,Does competent bilingualism entail advantages for the third language learning of immigrant students?
152,421,246,2018,Learning and Instruction,Does competent bilingualism entail advantages for the third language learning of immigrant students?
153,422,247,2023,"Education, Competence Development and Career Trajectories","Is the First Language a Resource, an Obstacle, or Irrelevant for Language Minority Students’ Education?"
152,153,247,2023,"Education, Competence Development and Career Trajectories","Is the First Language a Resource, an Obstacle, or Irrelevant for Language Minority Students’ Education?"
153,423,247,2023,"Education, Competence Development and Career Trajectories","Is the First Language a Resource, an Obstacle, or Irrelevant for Language Minority Students’ Education?"
153,420,247,2023,"Education, Competence Development and Career Trajectories","Is the First Language a Resource, an Obstacle, or Irrelevant for Language Minority Students’ Education?"
152,422,247,2023,"Education, Competence Development and Career Trajectories","Is the First Language a Resource, an Obstacle, or Irrelevant for Language Minority Students’ Education?"
422,423,247,2023,"Education, Competence Development and Career Trajectories","Is the First Language a Resource, an Obstacle, or Irrelevant for Language Minority Students’ Education?"
420,422,247,2023,"Education, Competence Development and Career Trajectories","Is the First Language a Resource, an Obstacle, or Irrelevant for Language Minority Students’ Education?"
152,423,247,2023,"Education, Competence Development and Career Trajectories","Is the First Language a Resource, an Obstacle, or Irrelevant for Language Minority Students’ Education?"
152,420,247,2023,"Education, Competence Development and Career Trajectories","Is the First Language a Resource, an Obstacle, or Irrelevant for Language Minority Students’ Education?"
420,423,247,2023,"Education, Competence Development and Career Trajectories","Is the First Language a Resource, an Obstacle, or Irrelevant for Language Minority Students’ Education?"
153,420,248,2016,Journal of Educational Psychology,The role of first-language listening comprehension in second-language reading comprehension.
153,422,249,2015,Social Science Research,Why bother with testing? The validity of immigrants’ self-assessed language proficiency
153,423,249,2015,Social Science Research,Why bother with testing? The validity of immigrants’ self-assessed language proficiency
153,420,249,2015,Social Science Research,Why bother with testing? The validity of immigrants’ self-assessed language proficiency
422,423,249,2015,Social Science Research,Why bother with testing? The validity of immigrants’ self-assessed language proficiency
420,422,249,2015,Social Science Research,Why bother with testing? The validity of immigrants’ self-assessed language proficiency
420,423,249,2015,Social Science Research,Why bother with testing? The validity of immigrants’ self-assessed language proficiency
153,420,250,2022,Empirische Bildungsforschung,Zuwanderung und soziale Ungleichheit
424,425,251,2022,Journal of Educational and Developmental Psychology,Developmental Relationship Between Metacognitive Monitoring and Reading Comprehension
83,424,251,2022,Journal of Educational and Developmental Psychology,Developmental Relationship Between Metacognitive Monitoring and Reading Comprehension
83,425,251,2022,Journal of Educational and Developmental Psychology,Developmental Relationship Between Metacognitive Monitoring and Reading Comprehension
391,426,252,2024,Unknown,Mehr Weiterbildung  für alle: Fachkräftesicherung durch Bildungszeit
391,427,252,2024,Unknown,Mehr Weiterbildung  für alle: Fachkräftesicherung durch Bildungszeit
391,428,252,2024,Unknown,Mehr Weiterbildung  für alle: Fachkräftesicherung durch Bildungszeit
391,429,252,2024,Unknown,Mehr Weiterbildung  für alle: Fachkräftesicherung durch Bildungszeit
426,427,252,2024,Unknown,Mehr Weiterbildung  für alle: Fachkräftesicherung durch Bildungszeit
426,428,252,2024,Unknown,Mehr Weiterbildung  für alle: Fachkräftesicherung durch Bildungszeit
426,429,252,2024,Unknown,Mehr Weiterbildung  für alle: Fachkräftesicherung durch Bildungszeit
427,428,252,2024,Unknown,Mehr Weiterbildung  für alle: Fachkräftesicherung durch Bildungszeit
427,429,252,2024,Unknown,Mehr Weiterbildung  für alle: Fachkräftesicherung durch Bildungszeit
428,429,252,2024,Unknown,Mehr Weiterbildung  für alle: Fachkräftesicherung durch Bildungszeit
407,430,256,2020,Studies in Educational Evaluation,Measuring mathematics competence in international and national large scale assessments: Linking PISA and the national educational panel study in Germany
407,431,256,2020,Studies in Educational Evaluation,Measuring mathematics competence in international and national large scale assessments: Linking PISA and the national educational panel study in Germany
407,432,256,2020,Studies in Educational Evaluation,Measuring mathematics competence in international and national large scale assessments: Linking PISA and the national educational panel study in Germany
407,433,256,2020,Studies in Educational Evaluation,Measuring mathematics competence in international and national large scale assessments: Linking PISA and the national educational panel study in Germany
430,431,256,2020,Studies in Educational Evaluation,Measuring mathematics competence in international and national large scale assessments: Linking PISA and the national educational panel study in Germany
430,432,256,2020,Studies in Educational Evaluation,Measuring mathematics competence in international and national large scale assessments: Linking PISA and the national educational panel study in Germany
430,433,256,2020,Studies in Educational Evaluation,Measuring mathematics competence in international and national large scale assessments: Linking PISA and the national educational panel study in Germany
431,432,256,2020,Studies in Educational Evaluation,Measuring mathematics competence in international and national large scale assessments: Linking PISA and the national educational panel study in Germany
431,433,256,2020,Studies in Educational Evaluation,Measuring mathematics competence in international and national large scale assessments: Linking PISA and the national educational panel study in Germany
432,433,256,2020,Studies in Educational Evaluation,Measuring mathematics competence in international and national large scale assessments: Linking PISA and the national educational panel study in Germany
87,434,257,2018,Learning and Individual Differences,The impact of students' gender-role orientation on competence development in mathematics and reading in secondary school
87,434,258,2019,Frontiers in Psychology,"The Interrelatedness of Gender-Stereotypical Interest Profiles and Students’ Gender-Role Orientation, Gender, and Reasoning Abilities"
35,434,258,2019,Frontiers in Psychology,"The Interrelatedness of Gender-Stereotypical Interest Profiles and Students’ Gender-Role Orientation, Gender, and Reasoning Abilities"
35,87,258,2019,Frontiers in Psychology,"The Interrelatedness of Gender-Stereotypical Interest Profiles and Students’ Gender-Role Orientation, Gender, and Reasoning Abilities"
436,437,260,2023,Journal of Environmental Economics and Management,Long-run exposure to low-dose radiation reduces cognitive performance
438,439,261,2024,European Journal of Psychology of Education,Teacher autonomy support counters declining trend in intrinsic reading motivation across secondary school
440,441,262,2025,Extended Education,German-Style Shadow Education: The Role of Private Tutoring for School Allocation in a Highly Stratified Education System
442,443,263,2020,Frontiers in Psychology,Analyzing Large-Scale Studies: Benefits and Challenges
432,442,263,2020,Frontiers in Psychology,Analyzing Large-Scale Studies: Benefits and Challenges
432,443,263,2020,Frontiers in Psychology,Analyzing Large-Scale Studies: Benefits and Challenges
442,443,264,2019,Frontiers in Psychology,The Interest Profiles and Interest Congruence of Male and Female Students in STEM and Non-STEM Fields
442,443,265,2023,Journal of Individual Differences,Stability of Vocational Interests During University Studies
442,444,265,2023,Journal of Individual Differences,Stability of Vocational Interests During University Studies
443,444,265,2023,Journal of Individual Differences,Stability of Vocational Interests During University Studies
422,445,267,2020,Zeitschrift für Soziologie,"Kognitive Homogenisierung, schulische Leistungen und soziale Bildungsungleichheit"
445,446,268,2018,KZfSS Kölner Zeitschrift für Soziologie und Sozialpsychologie,Leistungsgerechtigkeit und Bildungsungleichheit: Effekte der Verbindlichkeit der Grundschulempfehlungen beim Übergang auf das Gymnasium. Ein Vergleich der deutschen Bundesländer mit den Daten der „National Educational Panel Study“ (NEPS)
422,445,270,2023,Zeitschrift für Soziologie,"Was ist Dein Replicandum?: Eine Antwort auf die Replik von Heisig und Matthewes (2022) zum Beitrag von Esser und Seuring (2020) über „Kognitive Homogenisierung, schulische Leistungen und soziale Bildungsungleichheit“"
28,447,271,2020,Journal for educational research online,"Bildungsprozesse, Bildungsentscheidungen und Kompetenzentwicklungen in verschiedenen Lebensphasen. Aktuelle Forschungsbefunde aus NEPS"
447,448,272,2019,Education as a Lifelong Process,Transition and Development from Lower Secondary to Upper Secondary School
215,447,272,2019,Education as a Lifelong Process,Transition and Development from Lower Secondary to Upper Secondary School
447,449,272,2019,Education as a Lifelong Process,Transition and Development from Lower Secondary to Upper Secondary School
213,447,272,2019,Education as a Lifelong Process,Transition and Development from Lower Secondary to Upper Secondary School
86,447,272,2019,Education as a Lifelong Process,Transition and Development from Lower Secondary to Upper Secondary School
212,447,272,2019,Education as a Lifelong Process,Transition and Development from Lower Secondary to Upper Secondary School
224,447,272,2019,Education as a Lifelong Process,Transition and Development from Lower Secondary to Upper Secondary School
215,448,272,2019,Education as a Lifelong Process,Transition and Development from Lower Secondary to Upper Secondary School
448,449,272,2019,Education as a Lifelong Process,Transition and Development from Lower Secondary to Upper Secondary School
213,448,272,2019,Education as a Lifelong Process,Transition and Development from Lower Secondary to Upper Secondary School
86,448,272,2019,Education as a Lifelong Process,Transition and Development from Lower Secondary to Upper Secondary School
212,448,272,2019,Education as a Lifelong Process,Transition and Development from Lower Secondary to Upper Secondary School
224,448,272,2019,Education as a Lifelong Process,Transition and Development from Lower Secondary to Upper Secondary School
215,449,272,2019,Education as a Lifelong Process,Transition and Development from Lower Secondary to Upper Secondary School
213,215,272,2019,Education as a Lifelong Process,Transition and Development from Lower Secondary to Upper Secondary School
86,215,272,2019,Education as a Lifelong Process,Transition and Development from Lower Secondary to Upper Secondary School
212,215,272,2019,Education as a Lifelong Process,Transition and Development from Lower Secondary to Upper Secondary School
215,224,272,2019,Education as a Lifelong Process,Transition and Development from Lower Secondary to Upper Secondary School
213,449,272,2019,Education as a Lifelong Process,Transition and Development from Lower Secondary to Upper Secondary School
86,449,272,2019,Education as a Lifelong Process,Transition and Development from Lower Secondary to Upper Secondary School
212,449,272,2019,Education as a Lifelong Process,Transition and Development from Lower Secondary to Upper Secondary School
224,449,272,2019,Education as a Lifelong Process,Transition and Development from Lower Secondary to Upper Secondary School
86,213,272,2019,Education as a Lifelong Process,Transition and Development from Lower Secondary to Upper Secondary School
212,213,272,2019,Education as a Lifelong Process,Transition and Development from Lower Secondary to Upper Secondary School
213,224,272,2019,Education as a Lifelong Process,Transition and Development from Lower Secondary to Upper Secondary School
86,212,272,2019,Education as a Lifelong Process,Transition and Development from Lower Secondary to Upper Secondary School
86,224,272,2019,Education as a Lifelong Process,Transition and Development from Lower Secondary to Upper Secondary School
212,224,272,2019,Education as a Lifelong Process,Transition and Development from Lower Secondary to Upper Secondary School
450,451,273,2021,Studienerfolg und Studienabbruch,Abbruch des Erststudiums bei MINT-Studierenden: Welche Rolle spielen Informations- und Unterstützungsangebote bei Studienbeginn?
452,453,274,2017,Report Psychologie,Qualitätsaspekte für die Nutzung von Forschungsergebnissen in der Praxis.
452,454,274,2017,Report Psychologie,Qualitätsaspekte für die Nutzung von Forschungsergebnissen in der Praxis.
453,454,274,2017,Report Psychologie,Qualitätsaspekte für die Nutzung von Forschungsergebnissen in der Praxis.
452,455,275,2016,Methodological Issues of Longitudinal Surveys,Quality Assurance in the Context of Data Collection
452,456,275,2016,Methodological Issues of Longitudinal Surveys,Quality Assurance in the Context of Data Collection
452,457,275,2016,Methodological Issues of Longitudinal Surveys,Quality Assurance in the Context of Data Collection
455,456,275,2016,Methodological Issues of Longitudinal Surveys,Quality Assurance in the Context of Data Collection
455,457,275,2016,Methodological Issues of Longitudinal Surveys,Quality Assurance in the Context of Data Collection
456,457,275,2016,Methodological Issues of Longitudinal Surveys,Quality Assurance in the Context of Data Collection
138,458,276,2021,PLOS ONE,Setting a standard for low reading proficiency: A comparison of the bookmark procedure and constrained mixture Rasch model
55,458,276,2021,PLOS ONE,Setting a standard for low reading proficiency: A comparison of the bookmark procedure and constrained mixture Rasch model
55,138,276,2021,PLOS ONE,Setting a standard for low reading proficiency: A comparison of the bookmark procedure and constrained mixture Rasch model
223,459,277,2024,Research in Higher Education,Does Gender Composition in a Field of Study Matter? Gender Disparities in College Students’ Academic Self-Concepts
256,459,277,2024,Research in Higher Education,Does Gender Composition in a Field of Study Matter? Gender Disparities in College Students’ Academic Self-Concepts
223,256,277,2024,Research in Higher Education,Does Gender Composition in a Field of Study Matter? Gender Disparities in College Students’ Academic Self-Concepts
460,461,279,2024,Empirical Research in Vocational Education and Training,"Compromises in occupational choice and premature termination of vocational education and training: gender type, prestige, and occupational interests in focus"
10,460,279,2024,Empirical Research in Vocational Education and Training,"Compromises in occupational choice and premature termination of vocational education and training: gender type, prestige, and occupational interests in focus"
460,462,279,2024,Empirical Research in Vocational Education and Training,"Compromises in occupational choice and premature termination of vocational education and training: gender type, prestige, and occupational interests in focus"
10,461,279,2024,Empirical Research in Vocational Education and Training,"Compromises in occupational choice and premature termination of vocational education and training: gender type, prestige, and occupational interests in focus"
461,462,279,2024,Empirical Research in Vocational Education and Training,"Compromises in occupational choice and premature termination of vocational education and training: gender type, prestige, and occupational interests in focus"
10,462,279,2024,Empirical Research in Vocational Education and Training,"Compromises in occupational choice and premature termination of vocational education and training: gender type, prestige, and occupational interests in focus"
138,463,281,2019,Psychological Test and Assessment Modeling,Longitudinal linking of Rasch-model-scaled competence tests in large-scale assessments: A comparison and evaluation of different linking methods and anchoring designs based on two tests on mathematical competence administered in grades 5 and 7
463,464,281,2019,Psychological Test and Assessment Modeling,Longitudinal linking of Rasch-model-scaled competence tests in large-scale assessments: A comparison and evaluation of different linking methods and anchoring designs based on two tests on mathematical competence administered in grades 5 and 7
70,463,281,2019,Psychological Test and Assessment Modeling,Longitudinal linking of Rasch-model-scaled competence tests in large-scale assessments: A comparison and evaluation of different linking methods and anchoring designs based on two tests on mathematical competence administered in grades 5 and 7
138,464,281,2019,Psychological Test and Assessment Modeling,Longitudinal linking of Rasch-model-scaled competence tests in large-scale assessments: A comparison and evaluation of different linking methods and anchoring designs based on two tests on mathematical competence administered in grades 5 and 7
70,138,281,2019,Psychological Test and Assessment Modeling,Longitudinal linking of Rasch-model-scaled competence tests in large-scale assessments: A comparison and evaluation of different linking methods and anchoring designs based on two tests on mathematical competence administered in grades 5 and 7
70,464,281,2019,Psychological Test and Assessment Modeling,Longitudinal linking of Rasch-model-scaled competence tests in large-scale assessments: A comparison and evaluation of different linking methods and anchoring designs based on two tests on mathematical competence administered in grades 5 and 7
465,466,282,2016,Perspektiven der Wirtschaftspolitik,Schule – Berufsausbildung – Arbeitsmarkt: Herausforderungen und Potenziale der ökonomischen Berufsbildungsforschung
465,467,282,2016,Perspektiven der Wirtschaftspolitik,Schule – Berufsausbildung – Arbeitsmarkt: Herausforderungen und Potenziale der ökonomischen Berufsbildungsforschung
466,467,282,2016,Perspektiven der Wirtschaftspolitik,Schule – Berufsausbildung – Arbeitsmarkt: Herausforderungen und Potenziale der ökonomischen Berufsbildungsforschung
468,469,283,2017,IW-Trends. Vierteljahresschrift zur empirischen Wirtschaftsforschung,Einflussfaktoren der Bildungsentscheidunge von Abiturienten für Ausbildung oder Studium
468,470,283,2017,IW-Trends. Vierteljahresschrift zur empirischen Wirtschaftsforschung,Einflussfaktoren der Bildungsentscheidunge von Abiturienten für Ausbildung oder Studium
469,470,283,2017,IW-Trends. Vierteljahresschrift zur empirischen Wirtschaftsforschung,Einflussfaktoren der Bildungsentscheidunge von Abiturienten für Ausbildung oder Studium
208,471,284,2020,KZfSS Kölner Zeitschrift für Soziologie und Sozialpsychologie,Berufliche Aspirationen im Kontext regionaler Berufsstrukturen
471,472,284,2020,KZfSS Kölner Zeitschrift für Soziologie und Sozialpsychologie,Berufliche Aspirationen im Kontext regionaler Berufsstrukturen
208,472,284,2020,KZfSS Kölner Zeitschrift für Soziologie und Sozialpsychologie,Berufliche Aspirationen im Kontext regionaler Berufsstrukturen
471,472,285,2023,Acta Sociologica,Young people’s job-search strategies in the German apprenticeship market: Who relies on referrals by strong ties and why?
473,474,286,2021,Social Inclusion,Cultural Education: Panacea or Amplifier of Existing Inequalities in Political Engagement?
473,474,287,2021,Education Sciences,Regional Patterns of Access and Participation in Non-Formal Cultural Education in Germany
47,476,289,2023,Labour Economics,Preference-choice mismatch and university dropout
212,214,290,2015,Didaktik Deutsch,Gibt es überhaupt einen Unterschied zwischen Hand-und Computerschreiben? Zu Mode-Effects bei der Rechtschreibtestung in Klasse 5
203,334,291,2024,International Journal of Educational Research,Non-completion of teacher education students. Educational and occupational pathways of persons who withdraw from a teacher education program in Germany
334,477,292,2024,European Journal of Teacher Education,Profiles of pre-service teachers’ personality traits and cognitive abilities: Relations with graduation and teacher self-efficacy
334,478,292,2024,European Journal of Teacher Education,Profiles of pre-service teachers’ personality traits and cognitive abilities: Relations with graduation and teacher self-efficacy
477,478,292,2024,European Journal of Teacher Education,Profiles of pre-service teachers’ personality traits and cognitive abilities: Relations with graduation and teacher self-efficacy
334,479,293,2023,"Vielfalt von hochschulischen Bildungsverläufen: Wege in das, durch das und nach dem Studium",Übergänge von Lehramtsabsolventinnen und-absolventen: Wer bleibt im ersten Jahr nach Studienabschluss auf dem Weg zur Lehrkraft?
334,335,293,2023,"Vielfalt von hochschulischen Bildungsverläufen: Wege in das, durch das und nach dem Studium",Übergänge von Lehramtsabsolventinnen und-absolventen: Wer bleibt im ersten Jahr nach Studienabschluss auf dem Weg zur Lehrkraft?
335,479,293,2023,"Vielfalt von hochschulischen Bildungsverläufen: Wege in das, durch das und nach dem Studium",Übergänge von Lehramtsabsolventinnen und-absolventen: Wer bleibt im ersten Jahr nach Studienabschluss auf dem Weg zur Lehrkraft?
87,480,294,2021,PLOS ONE,Determinants of profiles of competence development in mathematics and reading in upper secondary education in Germany
425,480,294,2021,PLOS ONE,Determinants of profiles of competence development in mathematics and reading in upper secondary education in Germany
138,480,294,2021,PLOS ONE,Determinants of profiles of competence development in mathematics and reading in upper secondary education in Germany
87,425,294,2021,PLOS ONE,Determinants of profiles of competence development in mathematics and reading in upper secondary education in Germany
87,138,294,2021,PLOS ONE,Determinants of profiles of competence development in mathematics and reading in upper secondary education in Germany
138,425,294,2021,PLOS ONE,Determinants of profiles of competence development in mathematics and reading in upper secondary education in Germany
297,481,296,2017,Zeitschrift für Entwicklungspsychologie und Pädagogische Psychologie,Einfluss eines schwierigen frühkindlichen Temperaments auf die Qualität der Mutter-Kind-Interaktion unter psychosozialen Risikolagen
83,481,296,2017,Zeitschrift für Entwicklungspsychologie und Pädagogische Psychologie,Einfluss eines schwierigen frühkindlichen Temperaments auf die Qualität der Mutter-Kind-Interaktion unter psychosozialen Risikolagen
83,297,296,2017,Zeitschrift für Entwicklungspsychologie und Pädagogische Psychologie,Einfluss eines schwierigen frühkindlichen Temperaments auf die Qualität der Mutter-Kind-Interaktion unter psychosozialen Risikolagen
297,481,297,2019,Infant Behavior and Development,Longitudinal interplay of young children's negative affectivity and maternal interaction quality in the context of unequal psychosocial resources
83,481,297,2019,Infant Behavior and Development,Longitudinal interplay of young children's negative affectivity and maternal interaction quality in the context of unequal psychosocial resources
83,297,297,2019,Infant Behavior and Development,Longitudinal interplay of young children's negative affectivity and maternal interaction quality in the context of unequal psychosocial resources
87,480,298,2021,PLOS ONE,Profiles of competence development in upper secondary education and their predictors
425,480,298,2021,PLOS ONE,Profiles of competence development in upper secondary education and their predictors
138,480,298,2021,PLOS ONE,Profiles of competence development in upper secondary education and their predictors
87,425,298,2021,PLOS ONE,Profiles of competence development in upper secondary education and their predictors
87,138,298,2021,PLOS ONE,Profiles of competence development in upper secondary education and their predictors
138,425,298,2021,PLOS ONE,Profiles of competence development in upper secondary education and their predictors
482,483,299,2025,Personality Science,Changes in conscientiousness during adolescence – the role of intelligence
12,482,300,2023,Social Inclusion,The Digitalization Boost of the Covid‐19 Pandemic and Changes in Job Quality
20,482,301,2021,Soziale Welt,Grasping Digitalization in the Working World
11,482,301,2021,Soziale Welt,Grasping Digitalization in the Working World
482,484,301,2021,Soziale Welt,Grasping Digitalization in the Working World
24,482,301,2021,Soziale Welt,Grasping Digitalization in the Working World
12,482,301,2021,Soziale Welt,Grasping Digitalization in the Working World
11,20,301,2021,Soziale Welt,Grasping Digitalization in the Working World
20,484,301,2021,Soziale Welt,Grasping Digitalization in the Working World
20,24,301,2021,Soziale Welt,Grasping Digitalization in the Working World
12,20,301,2021,Soziale Welt,Grasping Digitalization in the Working World
11,484,301,2021,Soziale Welt,Grasping Digitalization in the Working World
11,24,301,2021,Soziale Welt,Grasping Digitalization in the Working World
11,12,301,2021,Soziale Welt,Grasping Digitalization in the Working World
24,484,301,2021,Soziale Welt,Grasping Digitalization in the Working World
12,484,301,2021,Soziale Welt,Grasping Digitalization in the Working World
12,24,301,2021,Soziale Welt,Grasping Digitalization in the Working World
485,486,302,2019,Zeitschrift für Pädagogische Psychologie,Bedingungen und Wirkung des elterlichen Engagements bei Schülerinnen und Schülern mit einer Lese-Rechtschreibstörung
105,487,303,2016,Jahrbücher für Nationalökonomie und Statistik,A Unique Research Data Infrastructure for Educational Research and Beyond: The National Educational Panel Study
32,105,303,2016,Jahrbücher für Nationalökonomie und Statistik,A Unique Research Data Infrastructure for Educational Research and Beyond: The National Educational Panel Study
32,487,303,2016,Jahrbücher für Nationalökonomie und Statistik,A Unique Research Data Infrastructure for Educational Research and Beyond: The National Educational Panel Study
488,489,304,2024,European Journal of Teacher Education,Heading for new shores? Longitudinal participation patterns in teacher professional development
488,490,304,2024,European Journal of Teacher Education,Heading for new shores? Longitudinal participation patterns in teacher professional development
488,491,304,2024,European Journal of Teacher Education,Heading for new shores? Longitudinal participation patterns in teacher professional development
489,490,304,2024,European Journal of Teacher Education,Heading for new shores? Longitudinal participation patterns in teacher professional development
489,491,304,2024,European Journal of Teacher Education,Heading for new shores? Longitudinal participation patterns in teacher professional development
490,491,304,2024,European Journal of Teacher Education,Heading for new shores? Longitudinal participation patterns in teacher professional development
372,493,306,2015,Empirische Pädagogik,Einstellungen und Selbstwirksamkeit von Lehrerinnen und Lehrern zur schulischen Inklusion in Deutschland-eine Analyse mit Daten des nationalen Bildungspanels Deutschlands (NEPS)
372,494,306,2015,Empirische Pädagogik,Einstellungen und Selbstwirksamkeit von Lehrerinnen und Lehrern zur schulischen Inklusion in Deutschland-eine Analyse mit Daten des nationalen Bildungspanels Deutschlands (NEPS)
88,372,306,2015,Empirische Pädagogik,Einstellungen und Selbstwirksamkeit von Lehrerinnen und Lehrern zur schulischen Inklusion in Deutschland-eine Analyse mit Daten des nationalen Bildungspanels Deutschlands (NEPS)
493,494,306,2015,Empirische Pädagogik,Einstellungen und Selbstwirksamkeit von Lehrerinnen und Lehrern zur schulischen Inklusion in Deutschland-eine Analyse mit Daten des nationalen Bildungspanels Deutschlands (NEPS)
88,493,306,2015,Empirische Pädagogik,Einstellungen und Selbstwirksamkeit von Lehrerinnen und Lehrern zur schulischen Inklusion in Deutschland-eine Analyse mit Daten des nationalen Bildungspanels Deutschlands (NEPS)
88,494,306,2015,Empirische Pädagogik,Einstellungen und Selbstwirksamkeit von Lehrerinnen und Lehrern zur schulischen Inklusion in Deutschland-eine Analyse mit Daten des nationalen Bildungspanels Deutschlands (NEPS)
88,495,307,2020,Journal for educational research online,Binnendifferenzierender Deutschunterricht und dessen Einfluss auf die Lesekompetenzentwicklung in der Sekundarstufe I
477,495,308,2022,Frontiers in Psychology,"Editorial: Learning in Times of COVID-19: Students', Families', and Educators' Perspectives"
495,496,308,2022,Frontiers in Psychology,"Editorial: Learning in Times of COVID-19: Students', Families', and Educators' Perspectives"
138,495,308,2022,Frontiers in Psychology,"Editorial: Learning in Times of COVID-19: Students', Families', and Educators' Perspectives"
495,497,308,2022,Frontiers in Psychology,"Editorial: Learning in Times of COVID-19: Students', Families', and Educators' Perspectives"
425,495,308,2022,Frontiers in Psychology,"Editorial: Learning in Times of COVID-19: Students', Families', and Educators' Perspectives"
477,496,308,2022,Frontiers in Psychology,"Editorial: Learning in Times of COVID-19: Students', Families', and Educators' Perspectives"
138,477,308,2022,Frontiers in Psychology,"Editorial: Learning in Times of COVID-19: Students', Families', and Educators' Perspectives"
477,497,308,2022,Frontiers in Psychology,"Editorial: Learning in Times of COVID-19: Students', Families', and Educators' Perspectives"
425,477,308,2022,Frontiers in Psychology,"Editorial: Learning in Times of COVID-19: Students', Families', and Educators' Perspectives"
138,496,308,2022,Frontiers in Psychology,"Editorial: Learning in Times of COVID-19: Students', Families', and Educators' Perspectives"
496,497,308,2022,Frontiers in Psychology,"Editorial: Learning in Times of COVID-19: Students', Families', and Educators' Perspectives"
425,496,308,2022,Frontiers in Psychology,"Editorial: Learning in Times of COVID-19: Students', Families', and Educators' Perspectives"
138,497,308,2022,Frontiers in Psychology,"Editorial: Learning in Times of COVID-19: Students', Families', and Educators' Perspectives"
138,425,308,2022,Frontiers in Psychology,"Editorial: Learning in Times of COVID-19: Students', Families', and Educators' Perspectives"
425,497,308,2022,Frontiers in Psychology,"Editorial: Learning in Times of COVID-19: Students', Families', and Educators' Perspectives"
45,498,309,2019,IW Trends,Lebenslagen und Kompetenzentwicklung von Grundschulkindern
361,500,311,2024,Zeitschrift für Entwicklungspsychologie und Pädagogische Psychologie,Teacher Stereotypes and Teacher Expectations at the Intersection of Student Gender and Socioeconomic Status
500,501,311,2024,Zeitschrift für Entwicklungspsychologie und Pädagogische Psychologie,Teacher Stereotypes and Teacher Expectations at the Intersection of Student Gender and Socioeconomic Status
361,501,311,2024,Zeitschrift für Entwicklungspsychologie und Pädagogische Psychologie,Teacher Stereotypes and Teacher Expectations at the Intersection of Student Gender and Socioeconomic Status
475,502,312,2021,The British Journal of Sociology,The adaptation of educational expectations in response to ability tracking: Variations by migration background
503,504,313,2024,Journal of Educational Psychology,"The effects of unstructured out-of-school engagement in science on adolescents’ vocational interests, occupational aspirations, competencies, school grades, and ability self-concepts."
503,505,313,2024,Journal of Educational Psychology,"The effects of unstructured out-of-school engagement in science on adolescents’ vocational interests, occupational aspirations, competencies, school grades, and ability self-concepts."
149,503,313,2024,Journal of Educational Psychology,"The effects of unstructured out-of-school engagement in science on adolescents’ vocational interests, occupational aspirations, competencies, school grades, and ability self-concepts."
504,505,313,2024,Journal of Educational Psychology,"The effects of unstructured out-of-school engagement in science on adolescents’ vocational interests, occupational aspirations, competencies, school grades, and ability self-concepts."
149,504,313,2024,Journal of Educational Psychology,"The effects of unstructured out-of-school engagement in science on adolescents’ vocational interests, occupational aspirations, competencies, school grades, and ability self-concepts."
149,505,313,2024,Journal of Educational Psychology,"The effects of unstructured out-of-school engagement in science on adolescents’ vocational interests, occupational aspirations, competencies, school grades, and ability self-concepts."
124,506,314,2025,Acta Sociologica,"Center-based formal childcare closes gaps, others may widen them: How childcare arrangements shape early educational inequality"
506,507,315,2023,European Sociological Review,Is early formal childcare an equalizer? How attending childcare and education centres affects children’s cognitive and socio-emotional skills in Germany
10,506,315,2023,European Sociological Review,Is early formal childcare an equalizer? How attending childcare and education centres affects children’s cognitive and socio-emotional skills in Germany
220,506,315,2023,European Sociological Review,Is early formal childcare an equalizer? How attending childcare and education centres affects children’s cognitive and socio-emotional skills in Germany
10,507,315,2023,European Sociological Review,Is early formal childcare an equalizer? How attending childcare and education centres affects children’s cognitive and socio-emotional skills in Germany
220,507,315,2023,European Sociological Review,Is early formal childcare an equalizer? How attending childcare and education centres affects children’s cognitive and socio-emotional skills in Germany
10,220,315,2023,European Sociological Review,Is early formal childcare an equalizer? How attending childcare and education centres affects children’s cognitive and socio-emotional skills in Germany
508,509,316,2025,Early Childhood Education Journal,School Entry-Age Effect on Student’s Affective–Motivational Attitudes in German Elementary Schools
510,511,318,2026,Social Science Research,Teacher bias by student SES or measurement error in ability? A cautionary tale for observational studies
63,304,323,2025,International Journal of Comparative Sociology,Does the class composition matter? Social and immigrant class composition in compulsory school and the trajectory to upper-secondary education in Germany and Switzerland
304,305,323,2025,International Journal of Comparative Sociology,Does the class composition matter? Social and immigrant class composition in compulsory school and the trajectory to upper-secondary education in Germany and Switzerland
63,305,323,2025,International Journal of Comparative Sociology,Does the class composition matter? Social and immigrant class composition in compulsory school and the trajectory to upper-secondary education in Germany and Switzerland
138,425,324,2023,Zeitschrift für Erziehungswissenschaft,Bidirectional effects between reading and mathematics development across secondary school
138,513,325,2020,Assessment,Cognitive Abilities Explain Wording Effects in the Rosenberg Self-Esteem Scale
138,514,326,2021,Psychological Test Adaptation and Development,Comparing Perceptual Speed Between Educational Contexts: The Case of Students With Special Educational Needs
138,464,326,2021,Psychological Test Adaptation and Development,Comparing Perceptual Speed Between Educational Contexts: The Case of Students With Special Educational Needs
464,514,326,2021,Psychological Test Adaptation and Development,Comparing Perceptual Speed Between Educational Contexts: The Case of Students With Special Educational Needs
138,515,327,2020,Psychology of Popular Media,Do computer games jeopardize educational outcomes? A prospective study on gaming times and academic achievement.
87,138,327,2020,Psychology of Popular Media,Do computer games jeopardize educational outcomes? A prospective study on gaming times and academic achievement.
138,516,327,2020,Psychology of Popular Media,Do computer games jeopardize educational outcomes? A prospective study on gaming times and academic achievement.
87,515,327,2020,Psychology of Popular Media,Do computer games jeopardize educational outcomes? A prospective study on gaming times and academic achievement.
515,516,327,2020,Psychology of Popular Media,Do computer games jeopardize educational outcomes? A prospective study on gaming times and academic achievement.
87,516,327,2020,Psychology of Popular Media,Do computer games jeopardize educational outcomes? A prospective study on gaming times and academic achievement.
138,516,328,2017,Intelligence,Is computer gaming associated with cognitive abilities? A population study among German adolescents
138,517,330,2025,Computers in Human Behavior,"The development of social, gender, and migration-related disparities in digital competencies during adolescence"
138,518,332,2025,Psychology and Aging,Gender disparities in the development of information and communication technology (ICT) literacy across adulthood: A two-wave study.
88,138,334,2019,Frontiers in Psychology,The Longitudinal Measurement of Reasoning Abilities in Students With Special Educational Needs
138,519,335,2019,Journal of Research in Personality,"No personality change following unemployment: A registered replication of Boyce, Wood, Daly, and Sedikides (2015)"
88,138,336,2024,European Journal of Psychological Assessment,Out-of-Level Cognitive Testing of Children with Special Educational Needs
138,520,338,2024,Assessment,Remote Testing of Reading Comprehension in 8-Year-Old Children: Mode and Setting Effects
138,514,339,2018,Zeitschrift für Psychologie,The Structure of the Rosenberg Self-Esteem Scale: A Cross-Cultural Meta-Analysis
138,513,339,2018,Zeitschrift für Psychologie,The Structure of the Rosenberg Self-Esteem Scale: A Cross-Cultural Meta-Analysis
513,514,339,2018,Zeitschrift für Psychologie,The Structure of the Rosenberg Self-Esteem Scale: A Cross-Cultural Meta-Analysis
88,521,340,2022,Child Indicators Research,School-related Subjective Well-being of Children with and without Special Educational Needs in Inclusive Classrooms
492,521,340,2022,Child Indicators Research,School-related Subjective Well-being of Children with and without Special Educational Needs in Inclusive Classrooms
88,492,340,2022,Child Indicators Research,School-related Subjective Well-being of Children with and without Special Educational Needs in Inclusive Classrooms
196,198,341,2019,Zeitschrift für Erziehungswissenschaft,Determinants of students’ idealistic and realistic educational aspirations in elementary school
522,523,342,2022,Journal of Economic Behavior & Organization,The long-term effect of age at school entry on cognitive competencies in adulthood
109,522,342,2022,Journal of Economic Behavior & Organization,The long-term effect of age at school entry on cognitive competencies in adulthood
109,523,342,2022,Journal of Economic Behavior & Organization,The long-term effect of age at school entry on cognitive competencies in adulthood
522,524,343,2017,The Annals of Regional Science,Regional training supply and employees’ training participation
525,526,344,2016,"Les transitions professionnelles tout au long de la vie: nouveaux regards, nouveaux sens, nouvelles temporalités ?",Aspirations des jeunes issus de l'immigration: quel rôle joue un «choix contrarié» ?
527,528,345,2021,Journal of Happiness Studies,The Effect of Participation in Adult Education on Life Satisfaction of Immigrants and Natives: A Longitudinal Analysis
527,529,345,2021,Journal of Happiness Studies,The Effect of Participation in Adult Education on Life Satisfaction of Immigrants and Natives: A Longitudinal Analysis
528,529,345,2021,Journal of Happiness Studies,The Effect of Participation in Adult Education on Life Satisfaction of Immigrants and Natives: A Longitudinal Analysis
527,528,346,2021,Journal of Community & Applied Social Psychology,Identification through education: Exploring the effects of adult education on national and ethnic identification of people with migration background in Germany
527,529,346,2021,Journal of Community & Applied Social Psychology,Identification through education: Exploring the effects of adult education on national and ethnic identification of people with migration background in Germany
527,530,346,2021,Journal of Community & Applied Social Psychology,Identification through education: Exploring the effects of adult education on national and ethnic identification of people with migration background in Germany
528,529,346,2021,Journal of Community & Applied Social Psychology,Identification through education: Exploring the effects of adult education on national and ethnic identification of people with migration background in Germany
528,530,346,2021,Journal of Community & Applied Social Psychology,Identification through education: Exploring the effects of adult education on national and ethnic identification of people with migration background in Germany
529,530,346,2021,Journal of Community & Applied Social Psychology,Identification through education: Exploring the effects of adult education on national and ethnic identification of people with migration background in Germany
86,144,348,2016,Methodological Issues of Longitudinal Surveys,Reading-Aloud Versus Self-Administered Student Questionnaires: An Experiment on Data Quality
144,532,348,2016,Methodological Issues of Longitudinal Surveys,Reading-Aloud Versus Self-Administered Student Questionnaires: An Experiment on Data Quality
144,274,348,2016,Methodological Issues of Longitudinal Surveys,Reading-Aloud Versus Self-Administered Student Questionnaires: An Experiment on Data Quality
86,532,348,2016,Methodological Issues of Longitudinal Surveys,Reading-Aloud Versus Self-Administered Student Questionnaires: An Experiment on Data Quality
86,274,348,2016,Methodological Issues of Longitudinal Surveys,Reading-Aloud Versus Self-Administered Student Questionnaires: An Experiment on Data Quality
274,532,348,2016,Methodological Issues of Longitudinal Surveys,Reading-Aloud Versus Self-Administered Student Questionnaires: An Experiment on Data Quality
144,533,349,2020,Unknown,Schüler*innen mit sonderpädagogischem Förderbedarf in Schulleistungserhebungen: Einblicke und Entwicklungen
144,534,349,2020,Unknown,Schüler*innen mit sonderpädagogischem Förderbedarf in Schulleistungserhebungen: Einblicke und Entwicklungen
144,431,349,2020,Unknown,Schüler*innen mit sonderpädagogischem Förderbedarf in Schulleistungserhebungen: Einblicke und Entwicklungen
144,420,349,2020,Unknown,Schüler*innen mit sonderpädagogischem Förderbedarf in Schulleistungserhebungen: Einblicke und Entwicklungen
533,534,349,2020,Unknown,Schüler*innen mit sonderpädagogischem Förderbedarf in Schulleistungserhebungen: Einblicke und Entwicklungen
431,533,349,2020,Unknown,Schüler*innen mit sonderpädagogischem Förderbedarf in Schulleistungserhebungen: Einblicke und Entwicklungen
420,533,349,2020,Unknown,Schüler*innen mit sonderpädagogischem Förderbedarf in Schulleistungserhebungen: Einblicke und Entwicklungen
431,534,349,2020,Unknown,Schüler*innen mit sonderpädagogischem Förderbedarf in Schulleistungserhebungen: Einblicke und Entwicklungen
420,534,349,2020,Unknown,Schüler*innen mit sonderpädagogischem Förderbedarf in Schulleistungserhebungen: Einblicke und Entwicklungen
420,431,349,2020,Unknown,Schüler*innen mit sonderpädagogischem Förderbedarf in Schulleistungserhebungen: Einblicke und Entwicklungen
142,535,350,2015,Journal of Family Research,"Eltern und Geschwister als Bildungsressourcen? Der Beitrag von familialem Kapital für Bildungsaspirationen, Selbstkonzept und Schulerfolg von Kindern"
73,536,351,2019,Education as a Lifelong Process,Educational Returns Over the Life Course
321,536,351,2019,Education as a Lifelong Process,Educational Returns Over the Life Course
536,537,351,2019,Education as a Lifelong Process,Educational Returns Over the Life Course
536,538,351,2019,Education as a Lifelong Process,Educational Returns Over the Life Course
73,321,351,2019,Education as a Lifelong Process,Educational Returns Over the Life Course
73,537,351,2019,Education as a Lifelong Process,Educational Returns Over the Life Course
73,538,351,2019,Education as a Lifelong Process,Educational Returns Over the Life Course
321,537,351,2019,Education as a Lifelong Process,Educational Returns Over the Life Course
321,538,351,2019,Education as a Lifelong Process,Educational Returns Over the Life Course
537,538,351,2019,Education as a Lifelong Process,Educational Returns Over the Life Course
536,539,352,2016,Methodological Issues of Longitudinal Surveys,The Standard Stress Scale (SSS): Measuring Stress in the Life Course
540,541,353,2024,Zeitschrift für Erziehungswissenschaft,"Wo soll’s hingehen, kleiner Fisch? Eine konzeptuelle Replikation von Dumont et al. (2017) zu Schulformeffekten auf akademisches Selbstkonzept, schulische Motivation und die Einschätzung eigener Ausbildungschancen am Ende der Sekundarstufe I"
270,540,353,2024,Zeitschrift für Erziehungswissenschaft,"Wo soll’s hingehen, kleiner Fisch? Eine konzeptuelle Replikation von Dumont et al. (2017) zu Schulformeffekten auf akademisches Selbstkonzept, schulische Motivation und die Einschätzung eigener Ausbildungschancen am Ende der Sekundarstufe I"
270,541,353,2024,Zeitschrift für Erziehungswissenschaft,"Wo soll’s hingehen, kleiner Fisch? Eine konzeptuelle Replikation von Dumont et al. (2017) zu Schulformeffekten auf akademisches Selbstkonzept, schulische Motivation und die Einschätzung eigener Ausbildungschancen am Ende der Sekundarstufe I"
272,545,359,2020,British Journal of Educational Psychology,Assessing the instructional quality of private tutoring and its effects on student outcomes: Analyses from the German National Educational Panel Study
36,545,359,2020,British Journal of Educational Psychology,Assessing the instructional quality of private tutoring and its effects on student outcomes: Analyses from the German National Educational Panel Study
36,272,359,2020,British Journal of Educational Psychology,Assessing the instructional quality of private tutoring and its effects on student outcomes: Analyses from the German National Educational Panel Study
272,545,360,2017,Zeitschrift für Pädagogische Psychologie,Qualität von Nachhilfeunterricht und ihre Korrelate
36,545,360,2017,Zeitschrift für Pädagogische Psychologie,Qualität von Nachhilfeunterricht und ihre Korrelate
36,272,360,2017,Zeitschrift für Pädagogische Psychologie,Qualität von Nachhilfeunterricht und ihre Korrelate
544,546,361,2023,ZeHf – Zeitschrift für empirische Hochschulforschung,"Lehramtsstudium – Vorbereitungsdienst – Lehrkräfteberuf, oder? Empirische Analysen aus dem Nationalen Bildungspanel (NEPS)"
544,547,361,2023,ZeHf – Zeitschrift für empirische Hochschulforschung,"Lehramtsstudium – Vorbereitungsdienst – Lehrkräfteberuf, oder? Empirische Analysen aus dem Nationalen Bildungspanel (NEPS)"
546,547,361,2023,ZeHf – Zeitschrift für empirische Hochschulforschung,"Lehramtsstudium – Vorbereitungsdienst – Lehrkräfteberuf, oder? Empirische Analysen aus dem Nationalen Bildungspanel (NEPS)"
549,550,363,2025,Studies of Transition States and Societies,"Intersectional Patterns in Higher Education STEMM: The Role of Gender, Ethnicity and Parental Transmission"
551,552,364,2022,Poetics,Reducing the gap in nonvisitor studies: Evidence on museum attendance from the German National Educational Panel Study
247,553,367,2024,Sociology of Education,Social Inequalities in Study Trajectories: A Comparison of the United States and Germany
69,554,369,2015,Modeling Competence Data in Large-Scale Educational Assessments,Incorporating different response formats of competence tests in an IRT model
70,554,369,2015,Modeling Competence Data in Large-Scale Educational Assessments,Incorporating different response formats of competence tests in an IRT model
69,70,369,2015,Modeling Competence Data in Large-Scale Educational Assessments,Incorporating different response formats of competence tests in an IRT model
69,554,370,2016,Methodological Issues of Longitudinal Surveys,Scoring of Complex Multiple Choice Items in NEPS Competence Tests
70,554,370,2016,Methodological Issues of Longitudinal Surveys,Scoring of Complex Multiple Choice Items in NEPS Competence Tests
69,70,370,2016,Methodological Issues of Longitudinal Surveys,Scoring of Complex Multiple Choice Items in NEPS Competence Tests
81,555,371,2019,Education as a Lifelong Process,From Birth to Early Child Care: The Newborn Cohort Study of the National Educational Panel Study
555,556,371,2019,Education as a Lifelong Process,From Birth to Early Child Care: The Newborn Cohort Study of the National Educational Panel Study
83,555,371,2019,Education as a Lifelong Process,From Birth to Early Child Care: The Newborn Cohort Study of the National Educational Panel Study
183,555,371,2019,Education as a Lifelong Process,From Birth to Early Child Care: The Newborn Cohort Study of the National Educational Panel Study
32,555,371,2019,Education as a Lifelong Process,From Birth to Early Child Care: The Newborn Cohort Study of the National Educational Panel Study
81,556,371,2019,Education as a Lifelong Process,From Birth to Early Child Care: The Newborn Cohort Study of the National Educational Panel Study
81,83,371,2019,Education as a Lifelong Process,From Birth to Early Child Care: The Newborn Cohort Study of the National Educational Panel Study
81,183,371,2019,Education as a Lifelong Process,From Birth to Early Child Care: The Newborn Cohort Study of the National Educational Panel Study
32,81,371,2019,Education as a Lifelong Process,From Birth to Early Child Care: The Newborn Cohort Study of the National Educational Panel Study
83,556,371,2019,Education as a Lifelong Process,From Birth to Early Child Care: The Newborn Cohort Study of the National Educational Panel Study
183,556,371,2019,Education as a Lifelong Process,From Birth to Early Child Care: The Newborn Cohort Study of the National Educational Panel Study
32,556,371,2019,Education as a Lifelong Process,From Birth to Early Child Care: The Newborn Cohort Study of the National Educational Panel Study
83,183,371,2019,Education as a Lifelong Process,From Birth to Early Child Care: The Newborn Cohort Study of the National Educational Panel Study
32,83,371,2019,Education as a Lifelong Process,From Birth to Early Child Care: The Newborn Cohort Study of the National Educational Panel Study
32,183,371,2019,Education as a Lifelong Process,From Birth to Early Child Care: The Newborn Cohort Study of the National Educational Panel Study
247,553,372,2023,European Journal of Higher Education,Refining the Spady–Tinto approach: the roles of individual characteristics and institutional support in students’ higher education dropout intentions in Luxembourg
247,557,372,2023,European Journal of Higher Education,Refining the Spady–Tinto approach: the roles of individual characteristics and institutional support in students’ higher education dropout intentions in Luxembourg
553,557,372,2023,European Journal of Higher Education,Refining the Spady–Tinto approach: the roles of individual characteristics and institutional support in students’ higher education dropout intentions in Luxembourg
558,559,373,2025,European Journal of Personality,Life events and personality trait change: A coordinated data analysis
558,560,373,2025,European Journal of Personality,Life events and personality trait change: A coordinated data analysis
558,561,373,2025,European Journal of Personality,Life events and personality trait change: A coordinated data analysis
559,560,373,2025,European Journal of Personality,Life events and personality trait change: A coordinated data analysis
559,561,373,2025,European Journal of Personality,Life events and personality trait change: A coordinated data analysis
560,561,373,2025,European Journal of Personality,Life events and personality trait change: A coordinated data analysis
425,562,374,2015,Inklusion von Schülerinnen und Schülern mit sonderpädagogischem Förderbedarf in Schulleistungserhebungen,Kompetenztestung bei Schülerinnen und Schülern mit Förderschwerpunkt Lernen: Effekte unterschiedlicher Testbedingungen am Beispiel eines Tests zum metakognitiven Wissen
562,563,374,2015,Inklusion von Schülerinnen und Schülern mit sonderpädagogischem Förderbedarf in Schulleistungserhebungen,Kompetenztestung bei Schülerinnen und Schülern mit Förderschwerpunkt Lernen: Effekte unterschiedlicher Testbedingungen am Beispiel eines Tests zum metakognitiven Wissen
83,562,374,2015,Inklusion von Schülerinnen und Schülern mit sonderpädagogischem Förderbedarf in Schulleistungserhebungen,Kompetenztestung bei Schülerinnen und Schülern mit Förderschwerpunkt Lernen: Effekte unterschiedlicher Testbedingungen am Beispiel eines Tests zum metakognitiven Wissen
55,562,374,2015,Inklusion von Schülerinnen und Schülern mit sonderpädagogischem Förderbedarf in Schulleistungserhebungen,Kompetenztestung bei Schülerinnen und Schülern mit Förderschwerpunkt Lernen: Effekte unterschiedlicher Testbedingungen am Beispiel eines Tests zum metakognitiven Wissen
425,563,374,2015,Inklusion von Schülerinnen und Schülern mit sonderpädagogischem Förderbedarf in Schulleistungserhebungen,Kompetenztestung bei Schülerinnen und Schülern mit Förderschwerpunkt Lernen: Effekte unterschiedlicher Testbedingungen am Beispiel eines Tests zum metakognitiven Wissen
83,425,374,2015,Inklusion von Schülerinnen und Schülern mit sonderpädagogischem Förderbedarf in Schulleistungserhebungen,Kompetenztestung bei Schülerinnen und Schülern mit Förderschwerpunkt Lernen: Effekte unterschiedlicher Testbedingungen am Beispiel eines Tests zum metakognitiven Wissen
55,425,374,2015,Inklusion von Schülerinnen und Schülern mit sonderpädagogischem Förderbedarf in Schulleistungserhebungen,Kompetenztestung bei Schülerinnen und Schülern mit Förderschwerpunkt Lernen: Effekte unterschiedlicher Testbedingungen am Beispiel eines Tests zum metakognitiven Wissen
83,563,374,2015,Inklusion von Schülerinnen und Schülern mit sonderpädagogischem Förderbedarf in Schulleistungserhebungen,Kompetenztestung bei Schülerinnen und Schülern mit Förderschwerpunkt Lernen: Effekte unterschiedlicher Testbedingungen am Beispiel eines Tests zum metakognitiven Wissen
55,563,374,2015,Inklusion von Schülerinnen und Schülern mit sonderpädagogischem Förderbedarf in Schulleistungserhebungen,Kompetenztestung bei Schülerinnen und Schülern mit Förderschwerpunkt Lernen: Effekte unterschiedlicher Testbedingungen am Beispiel eines Tests zum metakognitiven Wissen
55,83,374,2015,Inklusion von Schülerinnen und Schülern mit sonderpädagogischem Förderbedarf in Schulleistungserhebungen,Kompetenztestung bei Schülerinnen und Schülern mit Förderschwerpunkt Lernen: Effekte unterschiedlicher Testbedingungen am Beispiel eines Tests zum metakognitiven Wissen
106,564,375,2017,Research in Social Stratification and Mobility,Fast lane or down the drain? Does the occupation held prior to unemployment shape the transition back to work?
565,566,376,2019,Frühe Bildung,Bildungsunterschiede von Anfang an?: Die Bedeutung von Struktur- und Prozessmerkmalen für die naturwissenschaftliche Kompetenz von Vorschulkindern mit und ohne Migrationshintergrund
568,569,378,2021,Frontiers in Education,Parents’ Perceptions of School Support During COVID-19: What Satisfies Parents?
570,571,379,2022,European Sociological Review,"Marriage, the Risk of Overeducation, and Selection into Both: Evidence from Germany"
75,76,380,2020,Journal of the Royal Statistical Society Series C: Applied Statistics,Multiple Imputation of Binary Multilevel Missing not at Random Data
572,573,382,2024,Journal of Happiness Studies,The Effect of the COVID-19 Pandemic on Life Satisfaction: Does Social Belonging Matter as a Mechanism and are There Differences by Age?
276,572,382,2024,Journal of Happiness Studies,The Effect of the COVID-19 Pandemic on Life Satisfaction: Does Social Belonging Matter as a Mechanism and are There Differences by Age?
276,573,382,2024,Journal of Happiness Studies,The Effect of the COVID-19 Pandemic on Life Satisfaction: Does Social Belonging Matter as a Mechanism and are There Differences by Age?
575,576,384,2019,Journal of Human Resources,The Value of Smarter Teachers: International Evidence on Teacher Cognitive Skills and Student Performance
575,577,384,2019,Journal of Human Resources,The Value of Smarter Teachers: International Evidence on Teacher Cognitive Skills and Student Performance
576,577,384,2019,Journal of Human Resources,The Value of Smarter Teachers: International Evidence on Teacher Cognitive Skills and Student Performance
442,443,385,2023,Current Psychology,Big Five personality trait differences between students from different majors aspiring to the teaching profession
443,578,386,2022,Teaching and Teacher Education,The Big Six interests of STEM and non-STEM students inside and outside of teacher education
442,443,386,2022,Teaching and Teacher Education,The Big Six interests of STEM and non-STEM students inside and outside of teacher education
442,578,386,2022,Teaching and Teacher Education,The Big Six interests of STEM and non-STEM students inside and outside of teacher education
148,579,387,2025,Journal of Vocational Education & Training,Discouraged and hedged – why students enter VET after obtaining university eligibility
148,579,388,2022,Journal of Education and Work,Interplay between family background and labour-market conditions in shaping students’ occupational status expectations
579,580,388,2022,Journal of Education and Work,Interplay between family background and labour-market conditions in shaping students’ occupational status expectations
148,580,388,2022,Journal of Education and Work,Interplay between family background and labour-market conditions in shaping students’ occupational status expectations
581,582,389,2017,Standard Setting in Education,Setting Standards to a Scientific Literacy Test for Adults Using the Item-Descriptor (ID) Matching Method
565,581,389,2017,Standard Setting in Education,Setting Standards to a Scientific Literacy Test for Adults Using the Item-Descriptor (ID) Matching Method
36,581,389,2017,Standard Setting in Education,Setting Standards to a Scientific Literacy Test for Adults Using the Item-Descriptor (ID) Matching Method
565,582,389,2017,Standard Setting in Education,Setting Standards to a Scientific Literacy Test for Adults Using the Item-Descriptor (ID) Matching Method
36,582,389,2017,Standard Setting in Education,Setting Standards to a Scientific Literacy Test for Adults Using the Item-Descriptor (ID) Matching Method
36,565,389,2017,Standard Setting in Education,Setting Standards to a Scientific Literacy Test for Adults Using the Item-Descriptor (ID) Matching Method
583,584,390,2024,Structural Equation Modeling: A Multidisciplinary Journal,Leveraging Observation Timing Variability to Understand Intervention Effects in Panel Studies: An Empirical Illustration and Simulation Study
583,585,390,2024,Structural Equation Modeling: A Multidisciplinary Journal,Leveraging Observation Timing Variability to Understand Intervention Effects in Panel Studies: An Empirical Illustration and Simulation Study
541,583,390,2024,Structural Equation Modeling: A Multidisciplinary Journal,Leveraging Observation Timing Variability to Understand Intervention Effects in Panel Studies: An Empirical Illustration and Simulation Study
270,583,390,2024,Structural Equation Modeling: A Multidisciplinary Journal,Leveraging Observation Timing Variability to Understand Intervention Effects in Panel Studies: An Empirical Illustration and Simulation Study
584,585,390,2024,Structural Equation Modeling: A Multidisciplinary Journal,Leveraging Observation Timing Variability to Understand Intervention Effects in Panel Studies: An Empirical Illustration and Simulation Study
541,584,390,2024,Structural Equation Modeling: A Multidisciplinary Journal,Leveraging Observation Timing Variability to Understand Intervention Effects in Panel Studies: An Empirical Illustration and Simulation Study
270,584,390,2024,Structural Equation Modeling: A Multidisciplinary Journal,Leveraging Observation Timing Variability to Understand Intervention Effects in Panel Studies: An Empirical Illustration and Simulation Study
541,585,390,2024,Structural Equation Modeling: A Multidisciplinary Journal,Leveraging Observation Timing Variability to Understand Intervention Effects in Panel Studies: An Empirical Illustration and Simulation Study
270,585,390,2024,Structural Equation Modeling: A Multidisciplinary Journal,Leveraging Observation Timing Variability to Understand Intervention Effects in Panel Studies: An Empirical Illustration and Simulation Study
270,541,390,2024,Structural Equation Modeling: A Multidisciplinary Journal,Leveraging Observation Timing Variability to Understand Intervention Effects in Panel Studies: An Empirical Illustration and Simulation Study
138,517,391,2025,Learning and Individual Differences,The accuracy of performance judgements and academic achievement: A two-sample two-wave study of German primary and lower secondary school students
425,517,391,2025,Learning and Individual Differences,The accuracy of performance judgements and academic achievement: A two-sample two-wave study of German primary and lower secondary school students
138,425,391,2025,Learning and Individual Differences,The accuracy of performance judgements and academic achievement: A two-sample two-wave study of German primary and lower secondary school students
517,586,393,2024,Reading and Writing,Do changes in perceived teacher behaviour predict changes in intrinsic reading motivation? A five-wave analysis in German lower secondary school students
517,587,394,2025,Journal of Educational Psychology,"The decline in learning enjoyment and learning effort over primary and secondary schools: Do gender, migration background, and socioeconomic status matter?"
87,517,394,2025,Journal of Educational Psychology,"The decline in learning enjoyment and learning effort over primary and secondary schools: Do gender, migration background, and socioeconomic status matter?"
87,587,394,2025,Journal of Educational Psychology,"The decline in learning enjoyment and learning effort over primary and secondary schools: Do gender, migration background, and socioeconomic status matter?"
88,517,395,2024,Children and Youth Services Review,The home environment during the COVID-19 pandemic and changes in learning enjoyment and learning effort: A study of German lower secondary school students
88,517,396,2025,Scandinavian Journal of Educational Research,How does the home learning environment contribute to private tutoring attendance? A study among Grade 8 students in Germany
517,586,397,2024,European Journal of Psychology of Education,Parent-child school-related interactions and helplessness in maths: the role of maths self-efficacy
589,590,400,2021,Das Gesundheitswesen,Die Bedeutung der „Big Five“-Persönlichkeitsmerkmale für die subjektive Gesundheit und Lebenszufriedenheit im Jugendalter: Ergebnisse des Nationalen Bildungspanels (NEPS)
589,591,400,2021,Das Gesundheitswesen,Die Bedeutung der „Big Five“-Persönlichkeitsmerkmale für die subjektive Gesundheit und Lebenszufriedenheit im Jugendalter: Ergebnisse des Nationalen Bildungspanels (NEPS)
350,589,400,2021,Das Gesundheitswesen,Die Bedeutung der „Big Five“-Persönlichkeitsmerkmale für die subjektive Gesundheit und Lebenszufriedenheit im Jugendalter: Ergebnisse des Nationalen Bildungspanels (NEPS)
374,589,400,2021,Das Gesundheitswesen,Die Bedeutung der „Big Five“-Persönlichkeitsmerkmale für die subjektive Gesundheit und Lebenszufriedenheit im Jugendalter: Ergebnisse des Nationalen Bildungspanels (NEPS)
590,591,400,2021,Das Gesundheitswesen,Die Bedeutung der „Big Five“-Persönlichkeitsmerkmale für die subjektive Gesundheit und Lebenszufriedenheit im Jugendalter: Ergebnisse des Nationalen Bildungspanels (NEPS)
350,590,400,2021,Das Gesundheitswesen,Die Bedeutung der „Big Five“-Persönlichkeitsmerkmale für die subjektive Gesundheit und Lebenszufriedenheit im Jugendalter: Ergebnisse des Nationalen Bildungspanels (NEPS)
374,590,400,2021,Das Gesundheitswesen,Die Bedeutung der „Big Five“-Persönlichkeitsmerkmale für die subjektive Gesundheit und Lebenszufriedenheit im Jugendalter: Ergebnisse des Nationalen Bildungspanels (NEPS)
350,591,400,2021,Das Gesundheitswesen,Die Bedeutung der „Big Five“-Persönlichkeitsmerkmale für die subjektive Gesundheit und Lebenszufriedenheit im Jugendalter: Ergebnisse des Nationalen Bildungspanels (NEPS)
374,591,400,2021,Das Gesundheitswesen,Die Bedeutung der „Big Five“-Persönlichkeitsmerkmale für die subjektive Gesundheit und Lebenszufriedenheit im Jugendalter: Ergebnisse des Nationalen Bildungspanels (NEPS)
350,374,400,2021,Das Gesundheitswesen,Die Bedeutung der „Big Five“-Persönlichkeitsmerkmale für die subjektive Gesundheit und Lebenszufriedenheit im Jugendalter: Ergebnisse des Nationalen Bildungspanels (NEPS)
592,593,401,2021,Journal for Educational Research Online,Der Einfluss der innerschulischen Peer-Group auf die individuelle Studienentscheidung
592,594,402,2022,Education Sciences,"What Drives Regional Disparities in Educational Expansion: School Reform, Modernization, or Social Structure?"
595,596,403,2018,Sequence Analysis and Related Approaches,Combining Sequence Analysis and Hidden Markov Models in the Analysis of Complex Life Sequence Data
595,597,403,2018,Sequence Analysis and Related Approaches,Combining Sequence Analysis and Hidden Markov Models in the Analysis of Complex Life Sequence Data
596,597,403,2018,Sequence Analysis and Related Approaches,Combining Sequence Analysis and Hidden Markov Models in the Analysis of Complex Life Sequence Data
598,599,404,2021,Music Education Research,Equity and inclusion in extracurricular musical activities: empirical findings from Germany and implications for teaching music in secondary school
374,591,406,2021,Das Gesundheitswesen,Entwicklung der selbstberichteten Gesundheit über die Sekundarstufe: Ergebnisse des Nationalen Bildungspanels
350,591,406,2021,Das Gesundheitswesen,Entwicklung der selbstberichteten Gesundheit über die Sekundarstufe: Ergebnisse des Nationalen Bildungspanels
350,374,406,2021,Das Gesundheitswesen,Entwicklung der selbstberichteten Gesundheit über die Sekundarstufe: Ergebnisse des Nationalen Bildungspanels
374,591,408,2019,European Journal of Public Health,Trajectories of students’ well-being in secondary education in Germany and differences by social background
350,591,408,2019,European Journal of Public Health,Trajectories of students’ well-being in secondary education in Germany and differences by social background
350,374,408,2019,European Journal of Public Health,Trajectories of students’ well-being in secondary education in Germany and differences by social background
252,601,409,2023,Research in Higher Education,Early Careers of Graduates from Private and Public Universities in Germany: A Comparison of Income Differences Regarding the First Employment
602,603,410,2024,Empirical Research in Vocational Education and Training,Is informedness the key? An empirical analysis of VET dropouts in Germany
252,604,412,2022,British Journal of Educational Psychology,Matthew or compensatory effects? Factors that influence the math literacy of primary‐school children in Germany
252,605,412,2022,British Journal of Educational Psychology,Matthew or compensatory effects? Factors that influence the math literacy of primary‐school children in Germany
252,277,412,2022,British Journal of Educational Psychology,Matthew or compensatory effects? Factors that influence the math literacy of primary‐school children in Germany
604,605,412,2022,British Journal of Educational Psychology,Matthew or compensatory effects? Factors that influence the math literacy of primary‐school children in Germany
277,604,412,2022,British Journal of Educational Psychology,Matthew or compensatory effects? Factors that influence the math literacy of primary‐school children in Germany
277,605,412,2022,British Journal of Educational Psychology,Matthew or compensatory effects? Factors that influence the math literacy of primary‐school children in Germany
47,48,416,2023,Economics of Education Review,The effect of automation technology on workers’ training participation
47,49,416,2023,Economics of Education Review,The effect of automation technology on workers’ training participation
48,49,416,2023,Economics of Education Review,The effect of automation technology on workers’ training participation
270,606,417,2018,Learning and Individual Differences,Teachers' aptitude beliefs as a predictor of helplessness in low-achieving students: Commonalities and differences between academic domains
55,607,419,2020,Lingua,Instructed highlighting of text passages – Indicator of reading or strategic performance?
138,607,419,2020,Lingua,Instructed highlighting of text passages – Indicator of reading or strategic performance?
495,607,419,2020,Lingua,Instructed highlighting of text passages – Indicator of reading or strategic performance?
607,608,419,2020,Lingua,Instructed highlighting of text passages – Indicator of reading or strategic performance?
55,138,419,2020,Lingua,Instructed highlighting of text passages – Indicator of reading or strategic performance?
55,495,419,2020,Lingua,Instructed highlighting of text passages – Indicator of reading or strategic performance?
55,608,419,2020,Lingua,Instructed highlighting of text passages – Indicator of reading or strategic performance?
138,495,419,2020,Lingua,Instructed highlighting of text passages – Indicator of reading or strategic performance?
138,608,419,2020,Lingua,Instructed highlighting of text passages – Indicator of reading or strategic performance?
495,608,419,2020,Lingua,Instructed highlighting of text passages – Indicator of reading or strategic performance?
138,607,420,2024,Large-scale Assessments in Education,"Participation rates, characteristics, and differential effects on reading literacy of extracurricular tutoring in a German large-scale assessment"
607,609,420,2024,Large-scale Assessments in Education,"Participation rates, characteristics, and differential effects on reading literacy of extracurricular tutoring in a German large-scale assessment"
138,609,420,2024,Large-scale Assessments in Education,"Participation rates, characteristics, and differential effects on reading literacy of extracurricular tutoring in a German large-scale assessment"
138,607,421,2023,Current Psychology,"Predictors of adolescents’ change in reading literacy: the role of reading strategies, reading motivation, and declarative metacognition"
425,607,421,2023,Current Psychology,"Predictors of adolescents’ change in reading literacy: the role of reading strategies, reading motivation, and declarative metacognition"
607,610,421,2023,Current Psychology,"Predictors of adolescents’ change in reading literacy: the role of reading strategies, reading motivation, and declarative metacognition"
138,425,421,2023,Current Psychology,"Predictors of adolescents’ change in reading literacy: the role of reading strategies, reading motivation, and declarative metacognition"
138,610,421,2023,Current Psychology,"Predictors of adolescents’ change in reading literacy: the role of reading strategies, reading motivation, and declarative metacognition"
425,610,421,2023,Current Psychology,"Predictors of adolescents’ change in reading literacy: the role of reading strategies, reading motivation, and declarative metacognition"
367,611,422,2025,Journal of Vocational Education & Training,Regional differences in digitalisation and their impact on young people’s status attainment in vocational education and training
155,611,422,2025,Journal of Vocational Education & Training,Regional differences in digitalisation and their impact on young people’s status attainment in vocational education and training
155,367,422,2025,Journal of Vocational Education & Training,Regional differences in digitalisation and their impact on young people’s status attainment in vocational education and training
61,580,423,2020,Handbuch Soziologie des Alter(n)s,Bildung und lebenslanges Lernen
579,580,424,2017,European Sociological Review,A Decomposition of Local Labour-Market Conditions and Their Relevance for Inequalities in Transitions to Vocational Training
148,580,424,2017,European Sociological Review,A Decomposition of Local Labour-Market Conditions and Their Relevance for Inequalities in Transitions to Vocational Training
148,579,424,2017,European Sociological Review,A Decomposition of Local Labour-Market Conditions and Their Relevance for Inequalities in Transitions to Vocational Training
579,580,425,2023,"Education, Competence Development and Career Trajectories",Studying Influences of Socio-economic Contexts and Spatial Effects on Educational Careers
148,580,425,2023,"Education, Competence Development and Career Trajectories",Studying Influences of Socio-economic Contexts and Spatial Effects on Educational Careers
148,579,425,2023,"Education, Competence Development and Career Trajectories",Studying Influences of Socio-economic Contexts and Spatial Effects on Educational Careers
11,446,428,2016,Methodological Issues of Longitudinal Surveys,"Social Capital, Participation in Adult Education, and Labor Market Success: Constructing a New Instrument"
24,446,428,2016,Methodological Issues of Longitudinal Surveys,"Social Capital, Participation in Adult Education, and Labor Market Success: Constructing a New Instrument"
446,613,428,2016,Methodological Issues of Longitudinal Surveys,"Social Capital, Participation in Adult Education, and Labor Market Success: Constructing a New Instrument"
11,24,428,2016,Methodological Issues of Longitudinal Surveys,"Social Capital, Participation in Adult Education, and Labor Market Success: Constructing a New Instrument"
11,613,428,2016,Methodological Issues of Longitudinal Surveys,"Social Capital, Participation in Adult Education, and Labor Market Success: Constructing a New Instrument"
24,613,428,2016,Methodological Issues of Longitudinal Surveys,"Social Capital, Participation in Adult Education, and Labor Market Success: Constructing a New Instrument"
615,616,430,2020,Monetäre und nicht monetäre Erträge von Weiterbildung,Der Beitrag non-formaler Bildungsbeteiligung für Lebenszufriedenheit älterer Erwerbstätiger / The role of non-formal education for life satisfaction of older workers
615,617,430,2020,Monetäre und nicht monetäre Erträge von Weiterbildung,Der Beitrag non-formaler Bildungsbeteiligung für Lebenszufriedenheit älterer Erwerbstätiger / The role of non-formal education for life satisfaction of older workers
615,618,430,2020,Monetäre und nicht monetäre Erträge von Weiterbildung,Der Beitrag non-formaler Bildungsbeteiligung für Lebenszufriedenheit älterer Erwerbstätiger / The role of non-formal education for life satisfaction of older workers
616,617,430,2020,Monetäre und nicht monetäre Erträge von Weiterbildung,Der Beitrag non-formaler Bildungsbeteiligung für Lebenszufriedenheit älterer Erwerbstätiger / The role of non-formal education for life satisfaction of older workers
616,618,430,2020,Monetäre und nicht monetäre Erträge von Weiterbildung,Der Beitrag non-formaler Bildungsbeteiligung für Lebenszufriedenheit älterer Erwerbstätiger / The role of non-formal education for life satisfaction of older workers
617,618,430,2020,Monetäre und nicht monetäre Erträge von Weiterbildung,Der Beitrag non-formaler Bildungsbeteiligung für Lebenszufriedenheit älterer Erwerbstätiger / The role of non-formal education for life satisfaction of older workers
619,620,431,2020,Zeitschrift für Weiterbildungsforschung,Drop-out in der Weiterbildung – eine Verschränkung von Perspektiven zur (Re‑)Konstruktion des Phänomens Drop-out
619,621,431,2020,Zeitschrift für Weiterbildungsforschung,Drop-out in der Weiterbildung – eine Verschränkung von Perspektiven zur (Re‑)Konstruktion des Phänomens Drop-out
619,622,431,2020,Zeitschrift für Weiterbildungsforschung,Drop-out in der Weiterbildung – eine Verschränkung von Perspektiven zur (Re‑)Konstruktion des Phänomens Drop-out
620,621,431,2020,Zeitschrift für Weiterbildungsforschung,Drop-out in der Weiterbildung – eine Verschränkung von Perspektiven zur (Re‑)Konstruktion des Phänomens Drop-out
620,622,431,2020,Zeitschrift für Weiterbildungsforschung,Drop-out in der Weiterbildung – eine Verschränkung von Perspektiven zur (Re‑)Konstruktion des Phänomens Drop-out
621,622,431,2020,Zeitschrift für Weiterbildungsforschung,Drop-out in der Weiterbildung – eine Verschränkung von Perspektiven zur (Re‑)Konstruktion des Phänomens Drop-out
155,614,432,2023,Social Sciences,»Should I Stay or Should I Go?« Prevalence and Predictors of Spatial Mobility among Youth in the Transition to Vocational Education and Training in Germany
489,623,434,2022,Das unvergleichliche Abitur: Entwicklungen - Herausforderungen - Empirische Analysen,Und wenn man die Abiturprüfungen einfach ausfallen ließe? Empirische Befunde zu Unterschieden zwischen Abiturprüfungsnoten und Kursnoten
623,624,434,2022,Das unvergleichliche Abitur: Entwicklungen - Herausforderungen - Empirische Analysen,Und wenn man die Abiturprüfungen einfach ausfallen ließe? Empirische Befunde zu Unterschieden zwischen Abiturprüfungsnoten und Kursnoten
623,625,434,2022,Das unvergleichliche Abitur: Entwicklungen - Herausforderungen - Empirische Analysen,Und wenn man die Abiturprüfungen einfach ausfallen ließe? Empirische Befunde zu Unterschieden zwischen Abiturprüfungsnoten und Kursnoten
489,624,434,2022,Das unvergleichliche Abitur: Entwicklungen - Herausforderungen - Empirische Analysen,Und wenn man die Abiturprüfungen einfach ausfallen ließe? Empirische Befunde zu Unterschieden zwischen Abiturprüfungsnoten und Kursnoten
489,625,434,2022,Das unvergleichliche Abitur: Entwicklungen - Herausforderungen - Empirische Analysen,Und wenn man die Abiturprüfungen einfach ausfallen ließe? Empirische Befunde zu Unterschieden zwischen Abiturprüfungsnoten und Kursnoten
624,625,434,2022,Das unvergleichliche Abitur: Entwicklungen - Herausforderungen - Empirische Analysen,Und wenn man die Abiturprüfungen einfach ausfallen ließe? Empirische Befunde zu Unterschieden zwischen Abiturprüfungsnoten und Kursnoten
623,625,435,2022,Unknown,Das unvergleichliche Abitur: Entwicklungen - Herausforderungen - Empirische Analysen
623,626,435,2022,Unknown,Das unvergleichliche Abitur: Entwicklungen - Herausforderungen - Empirische Analysen
547,623,435,2022,Unknown,Das unvergleichliche Abitur: Entwicklungen - Herausforderungen - Empirische Analysen
420,623,435,2022,Unknown,Das unvergleichliche Abitur: Entwicklungen - Herausforderungen - Empirische Analysen
625,626,435,2022,Unknown,Das unvergleichliche Abitur: Entwicklungen - Herausforderungen - Empirische Analysen
547,625,435,2022,Unknown,Das unvergleichliche Abitur: Entwicklungen - Herausforderungen - Empirische Analysen
420,625,435,2022,Unknown,Das unvergleichliche Abitur: Entwicklungen - Herausforderungen - Empirische Analysen
547,626,435,2022,Unknown,Das unvergleichliche Abitur: Entwicklungen - Herausforderungen - Empirische Analysen
420,626,435,2022,Unknown,Das unvergleichliche Abitur: Entwicklungen - Herausforderungen - Empirische Analysen
420,547,435,2022,Unknown,Das unvergleichliche Abitur: Entwicklungen - Herausforderungen - Empirische Analysen
627,628,436,2024,Forschen in der Pädagogik der frühen Kindheit: eine kritische Reflexion methodischer Ansätze,Das Denken der Anderen – Reflexionen über Möglichkeiten und Herausforderungen von Mixed-Method-Studien am Beispiel eines Projektes zu Segregation in der Kindertagesbetreuung
627,628,437,2023,Qualitätsentwicklung in der Frühen Bildung: Akteure – Organisationen – Systeme,Kita-Träger – (k)eine segregationsrelevante Einflussgröße?
627,629,437,2023,Qualitätsentwicklung in der Frühen Bildung: Akteure – Organisationen – Systeme,Kita-Träger – (k)eine segregationsrelevante Einflussgröße?
627,630,437,2023,Qualitätsentwicklung in der Frühen Bildung: Akteure – Organisationen – Systeme,Kita-Träger – (k)eine segregationsrelevante Einflussgröße?
628,629,437,2023,Qualitätsentwicklung in der Frühen Bildung: Akteure – Organisationen – Systeme,Kita-Träger – (k)eine segregationsrelevante Einflussgröße?
628,630,437,2023,Qualitätsentwicklung in der Frühen Bildung: Akteure – Organisationen – Systeme,Kita-Träger – (k)eine segregationsrelevante Einflussgröße?
629,630,437,2023,Qualitätsentwicklung in der Frühen Bildung: Akteure – Organisationen – Systeme,Kita-Träger – (k)eine segregationsrelevante Einflussgröße?
627,628,438,2021,Soziale Ungleichheit im Sozial- und Bildungswesen: Reproduktion und Legitimierung,Platzvergabeprozesse in Kindertageseinrichtungen: Aufnahmekriterien aus Sicht pädagogischer Fachkräfte unter Berücksichtigung der Trägerorganisationen
627,629,438,2021,Soziale Ungleichheit im Sozial- und Bildungswesen: Reproduktion und Legitimierung,Platzvergabeprozesse in Kindertageseinrichtungen: Aufnahmekriterien aus Sicht pädagogischer Fachkräfte unter Berücksichtigung der Trägerorganisationen
627,630,438,2021,Soziale Ungleichheit im Sozial- und Bildungswesen: Reproduktion und Legitimierung,Platzvergabeprozesse in Kindertageseinrichtungen: Aufnahmekriterien aus Sicht pädagogischer Fachkräfte unter Berücksichtigung der Trägerorganisationen
628,629,438,2021,Soziale Ungleichheit im Sozial- und Bildungswesen: Reproduktion und Legitimierung,Platzvergabeprozesse in Kindertageseinrichtungen: Aufnahmekriterien aus Sicht pädagogischer Fachkräfte unter Berücksichtigung der Trägerorganisationen
628,630,438,2021,Soziale Ungleichheit im Sozial- und Bildungswesen: Reproduktion und Legitimierung,Platzvergabeprozesse in Kindertageseinrichtungen: Aufnahmekriterien aus Sicht pädagogischer Fachkräfte unter Berücksichtigung der Trägerorganisationen
629,630,438,2021,Soziale Ungleichheit im Sozial- und Bildungswesen: Reproduktion und Legitimierung,Platzvergabeprozesse in Kindertageseinrichtungen: Aufnahmekriterien aus Sicht pädagogischer Fachkräfte unter Berücksichtigung der Trägerorganisationen
627,631,439,2021,Diskurs Kindheits- und Jugendforschung / Discourse Journal of Childhood and Adolescence Research,Segregation in Early Childhood Education and Care in Germany: Insights on Regional Distribution Patterns Using National Educational Studies
627,630,439,2021,Diskurs Kindheits- und Jugendforschung / Discourse Journal of Childhood and Adolescence Research,Segregation in Early Childhood Education and Care in Germany: Insights on Regional Distribution Patterns Using National Educational Studies
630,631,439,2021,Diskurs Kindheits- und Jugendforschung / Discourse Journal of Childhood and Adolescence Research,Segregation in Early Childhood Education and Care in Germany: Insights on Regional Distribution Patterns Using National Educational Studies
632,633,440,2021,European Journal of Psychology of Education,Transfer effects of mathematical literacy: an integrative longitudinal study
632,634,440,2021,European Journal of Psychology of Education,Transfer effects of mathematical literacy: an integrative longitudinal study
633,634,440,2021,European Journal of Psychology of Education,Transfer effects of mathematical literacy: an integrative longitudinal study
274,635,441,2023,Zeitschrift für Erziehungswissenschaft,Dropping or stopping out of apprenticeships: The role of performance- and integration-related risk factors
391,635,442,2021,European Sociological Review,Improving Formal Qualifications or Firm Linkages-What Supports Successful School-to-Work Transitions among Low-Achieving School Leavers in Germany?
208,635,442,2021,European Sociological Review,Improving Formal Qualifications or Firm Linkages-What Supports Successful School-to-Work Transitions among Low-Achieving School Leavers in Germany?
274,635,442,2021,European Sociological Review,Improving Formal Qualifications or Firm Linkages-What Supports Successful School-to-Work Transitions among Low-Achieving School Leavers in Germany?
208,391,442,2021,European Sociological Review,Improving Formal Qualifications or Firm Linkages-What Supports Successful School-to-Work Transitions among Low-Achieving School Leavers in Germany?
274,391,442,2021,European Sociological Review,Improving Formal Qualifications or Firm Linkages-What Supports Successful School-to-Work Transitions among Low-Achieving School Leavers in Germany?
208,274,442,2021,European Sociological Review,Improving Formal Qualifications or Firm Linkages-What Supports Successful School-to-Work Transitions among Low-Achieving School Leavers in Germany?
208,635,443,2021,American Behavioral Scientist,Intergenerational Transmission of Educational Attainment: How Important Are Children’s Personality Characteristics?
274,635,443,2021,American Behavioral Scientist,Intergenerational Transmission of Educational Attainment: How Important Are Children’s Personality Characteristics?
208,274,443,2021,American Behavioral Scientist,Intergenerational Transmission of Educational Attainment: How Important Are Children’s Personality Characteristics?
208,635,444,2023,"Education, Competence Development and Career Trajectories",Low-Achieving School-Leavers in Germany: Who Are They and Where Do They Go?
274,635,444,2023,"Education, Competence Development and Career Trajectories",Low-Achieving School-Leavers in Germany: Who Are They and Where Do They Go?
208,274,444,2023,"Education, Competence Development and Career Trajectories",Low-Achieving School-Leavers in Germany: Who Are They and Where Do They Go?
208,635,445,2018,Bedingungen erfolgreicher Bildungsverläufe in gesellschaftlicher Heterogenität: Interdisziplinäre Forschungsbefunde und Perspektiven für Theorie und Praxis,Mangelt es wirklich an der „Ausbildungsreife “? Die Bedeutung von Handlungsressourcen und
274,635,445,2018,Bedingungen erfolgreicher Bildungsverläufe in gesellschaftlicher Heterogenität: Interdisziplinäre Forschungsbefunde und Perspektiven für Theorie und Praxis,Mangelt es wirklich an der „Ausbildungsreife “? Die Bedeutung von Handlungsressourcen und
208,274,445,2018,Bedingungen erfolgreicher Bildungsverläufe in gesellschaftlicher Heterogenität: Interdisziplinäre Forschungsbefunde und Perspektiven für Theorie und Praxis,Mangelt es wirklich an der „Ausbildungsreife “? Die Bedeutung von Handlungsressourcen und
208,635,446,2017,Journal of Youth and Adolescence,Persistent Disadvantages or New Opportunities? The Role of Agency and Structural Constraints for Low-Achieving Adolescents’ School-to-Work Transitions
274,635,446,2017,Journal of Youth and Adolescence,Persistent Disadvantages or New Opportunities? The Role of Agency and Structural Constraints for Low-Achieving Adolescents’ School-to-Work Transitions
208,274,446,2017,Journal of Youth and Adolescence,Persistent Disadvantages or New Opportunities? The Role of Agency and Structural Constraints for Low-Achieving Adolescents’ School-to-Work Transitions
208,635,447,2019,Handbuch Bildungsarmut,Schulabgänger und -abgängerinnen mit maximal Hauptschulabschluss
274,635,447,2019,Handbuch Bildungsarmut,Schulabgänger und -abgängerinnen mit maximal Hauptschulabschluss
208,274,447,2019,Handbuch Bildungsarmut,Schulabgänger und -abgängerinnen mit maximal Hauptschulabschluss
202,636,448,2023,Soziale Welt,Less learned but still good grades (for some). What impact had school closures on social inequality of educational opportunity?
223,637,449,2017,Journal of Family Research,Beeinflussen berufstypische Arbeitszeitmerkmale die Unterbrechungsdauer von Frauen? Eine längsschnittliche Analyse der Bedeutung beruflicher Merkmale für die Berufsrückkehr von Müttern in Deutschland
10,637,450,2021,Advances in Life Course Research,Do children influence their mothers’ decisions? Early child development and maternal employment entries after birth
146,638,451,2025,Erziehungswissenschaftliche Studien,Determinanten für Bildungsübergänge von Abiturientinnen und Abiturienten: Welche Rollespielen Bildungsaspiration und Lernmotivation beider Studienwahl?
638,639,451,2025,Erziehungswissenschaftliche Studien,Determinanten für Bildungsübergänge von Abiturientinnen und Abiturienten: Welche Rollespielen Bildungsaspiration und Lernmotivation beider Studienwahl?
638,640,451,2025,Erziehungswissenschaftliche Studien,Determinanten für Bildungsübergänge von Abiturientinnen und Abiturienten: Welche Rollespielen Bildungsaspiration und Lernmotivation beider Studienwahl?
146,639,451,2025,Erziehungswissenschaftliche Studien,Determinanten für Bildungsübergänge von Abiturientinnen und Abiturienten: Welche Rollespielen Bildungsaspiration und Lernmotivation beider Studienwahl?
146,640,451,2025,Erziehungswissenschaftliche Studien,Determinanten für Bildungsübergänge von Abiturientinnen und Abiturienten: Welche Rollespielen Bildungsaspiration und Lernmotivation beider Studienwahl?
639,640,451,2025,Erziehungswissenschaftliche Studien,Determinanten für Bildungsübergänge von Abiturientinnen und Abiturienten: Welche Rollespielen Bildungsaspiration und Lernmotivation beider Studienwahl?
183,641,452,2021,Zeitschrift für Erziehungswissenschaft,Liefern Jugendliche valide Informationen zum Bildungsstand ihrer Eltern in standardisierten Erhebungen? Befunde zu Schülerinnen und Schülern der 9. Jahrgangsstufe in Deutschland
83,642,453,2022,Frontiers in Psychology,The Emergence of 5-Year-Olds’ Behavioral Difficulties: Analyzing Risk and Protective Pathways in the United Kingdom and Germany
642,643,453,2022,Frontiers in Psychology,The Emergence of 5-Year-Olds’ Behavioral Difficulties: Analyzing Risk and Protective Pathways in the United Kingdom and Germany
642,644,453,2022,Frontiers in Psychology,The Emergence of 5-Year-Olds’ Behavioral Difficulties: Analyzing Risk and Protective Pathways in the United Kingdom and Germany
81,642,453,2022,Frontiers in Psychology,The Emergence of 5-Year-Olds’ Behavioral Difficulties: Analyzing Risk and Protective Pathways in the United Kingdom and Germany
227,642,453,2022,Frontiers in Psychology,The Emergence of 5-Year-Olds’ Behavioral Difficulties: Analyzing Risk and Protective Pathways in the United Kingdom and Germany
32,642,453,2022,Frontiers in Psychology,The Emergence of 5-Year-Olds’ Behavioral Difficulties: Analyzing Risk and Protective Pathways in the United Kingdom and Germany
83,643,453,2022,Frontiers in Psychology,The Emergence of 5-Year-Olds’ Behavioral Difficulties: Analyzing Risk and Protective Pathways in the United Kingdom and Germany
83,644,453,2022,Frontiers in Psychology,The Emergence of 5-Year-Olds’ Behavioral Difficulties: Analyzing Risk and Protective Pathways in the United Kingdom and Germany
81,83,453,2022,Frontiers in Psychology,The Emergence of 5-Year-Olds’ Behavioral Difficulties: Analyzing Risk and Protective Pathways in the United Kingdom and Germany
83,227,453,2022,Frontiers in Psychology,The Emergence of 5-Year-Olds’ Behavioral Difficulties: Analyzing Risk and Protective Pathways in the United Kingdom and Germany
32,83,453,2022,Frontiers in Psychology,The Emergence of 5-Year-Olds’ Behavioral Difficulties: Analyzing Risk and Protective Pathways in the United Kingdom and Germany
643,644,453,2022,Frontiers in Psychology,The Emergence of 5-Year-Olds’ Behavioral Difficulties: Analyzing Risk and Protective Pathways in the United Kingdom and Germany
81,643,453,2022,Frontiers in Psychology,The Emergence of 5-Year-Olds’ Behavioral Difficulties: Analyzing Risk and Protective Pathways in the United Kingdom and Germany
227,643,453,2022,Frontiers in Psychology,The Emergence of 5-Year-Olds’ Behavioral Difficulties: Analyzing Risk and Protective Pathways in the United Kingdom and Germany
32,643,453,2022,Frontiers in Psychology,The Emergence of 5-Year-Olds’ Behavioral Difficulties: Analyzing Risk and Protective Pathways in the United Kingdom and Germany
81,644,453,2022,Frontiers in Psychology,The Emergence of 5-Year-Olds’ Behavioral Difficulties: Analyzing Risk and Protective Pathways in the United Kingdom and Germany
227,644,453,2022,Frontiers in Psychology,The Emergence of 5-Year-Olds’ Behavioral Difficulties: Analyzing Risk and Protective Pathways in the United Kingdom and Germany
32,644,453,2022,Frontiers in Psychology,The Emergence of 5-Year-Olds’ Behavioral Difficulties: Analyzing Risk and Protective Pathways in the United Kingdom and Germany
81,227,453,2022,Frontiers in Psychology,The Emergence of 5-Year-Olds’ Behavioral Difficulties: Analyzing Risk and Protective Pathways in the United Kingdom and Germany
32,81,453,2022,Frontiers in Psychology,The Emergence of 5-Year-Olds’ Behavioral Difficulties: Analyzing Risk and Protective Pathways in the United Kingdom and Germany
32,227,453,2022,Frontiers in Psychology,The Emergence of 5-Year-Olds’ Behavioral Difficulties: Analyzing Risk and Protective Pathways in the United Kingdom and Germany
83,642,454,2022,Journal of Family Psychology,Specific parenting behaviors link maternal education to toddlers’ language and social competence.
227,642,454,2022,Journal of Family Psychology,Specific parenting behaviors link maternal education to toddlers’ language and social competence.
81,642,454,2022,Journal of Family Psychology,Specific parenting behaviors link maternal education to toddlers’ language and social competence.
83,227,454,2022,Journal of Family Psychology,Specific parenting behaviors link maternal education to toddlers’ language and social competence.
81,83,454,2022,Journal of Family Psychology,Specific parenting behaviors link maternal education to toddlers’ language and social competence.
81,227,454,2022,Journal of Family Psychology,Specific parenting behaviors link maternal education to toddlers’ language and social competence.
178,489,455,2020,Journal of Educational Psychology,Comparing apples and oranges: Curricular intensification reforms can change the meaning of students’ grades!
489,645,455,2020,Journal of Educational Psychology,Comparing apples and oranges: Curricular intensification reforms can change the meaning of students’ grades!
489,624,455,2020,Journal of Educational Psychology,Comparing apples and oranges: Curricular intensification reforms can change the meaning of students’ grades!
149,489,455,2020,Journal of Educational Psychology,Comparing apples and oranges: Curricular intensification reforms can change the meaning of students’ grades!
178,645,455,2020,Journal of Educational Psychology,Comparing apples and oranges: Curricular intensification reforms can change the meaning of students’ grades!
178,624,455,2020,Journal of Educational Psychology,Comparing apples and oranges: Curricular intensification reforms can change the meaning of students’ grades!
149,178,455,2020,Journal of Educational Psychology,Comparing apples and oranges: Curricular intensification reforms can change the meaning of students’ grades!
624,645,455,2020,Journal of Educational Psychology,Comparing apples and oranges: Curricular intensification reforms can change the meaning of students’ grades!
149,645,455,2020,Journal of Educational Psychology,Comparing apples and oranges: Curricular intensification reforms can change the meaning of students’ grades!
149,624,455,2020,Journal of Educational Psychology,Comparing apples and oranges: Curricular intensification reforms can change the meaning of students’ grades!
178,489,456,2019,School Effectiveness and School Improvement,Putting all students in one basket does not produce equality: gender-specific effects of curricular intensification in upper secondary school
149,489,456,2019,School Effectiveness and School Improvement,Putting all students in one basket does not produce equality: gender-specific effects of curricular intensification in upper secondary school
150,489,456,2019,School Effectiveness and School Improvement,Putting all students in one basket does not produce equality: gender-specific effects of curricular intensification in upper secondary school
149,178,456,2019,School Effectiveness and School Improvement,Putting all students in one basket does not produce equality: gender-specific effects of curricular intensification in upper secondary school
150,178,456,2019,School Effectiveness and School Improvement,Putting all students in one basket does not produce equality: gender-specific effects of curricular intensification in upper secondary school
149,150,456,2019,School Effectiveness and School Improvement,Putting all students in one basket does not produce equality: gender-specific effects of curricular intensification in upper secondary school
178,489,457,2022,Frontiers in Psychology,"To Those Who Have, More Will Be Given? Effects of an Instructional Time Reform on Gender Disparities in STEM Subjects, Stress, and Health"
489,646,457,2022,Frontiers in Psychology,"To Those Who Have, More Will Be Given? Effects of an Instructional Time Reform on Gender Disparities in STEM Subjects, Stress, and Health"
489,647,457,2022,Frontiers in Psychology,"To Those Who Have, More Will Be Given? Effects of an Instructional Time Reform on Gender Disparities in STEM Subjects, Stress, and Health"
178,646,457,2022,Frontiers in Psychology,"To Those Who Have, More Will Be Given? Effects of an Instructional Time Reform on Gender Disparities in STEM Subjects, Stress, and Health"
178,647,457,2022,Frontiers in Psychology,"To Those Who Have, More Will Be Given? Effects of an Instructional Time Reform on Gender Disparities in STEM Subjects, Stress, and Health"
646,647,457,2022,Frontiers in Psychology,"To Those Who Have, More Will Be Given? Effects of an Instructional Time Reform on Gender Disparities in STEM Subjects, Stress, and Health"
489,648,458,2023,Computers & Education,What predicts students’ future ICT literacy? Evidence from a large-scale study conducted in different stages of secondary school
489,649,458,2023,Computers & Education,What predicts students’ future ICT literacy? Evidence from a large-scale study conducted in different stages of secondary school
489,650,458,2023,Computers & Education,What predicts students’ future ICT literacy? Evidence from a large-scale study conducted in different stages of secondary school
648,649,458,2023,Computers & Education,What predicts students’ future ICT literacy? Evidence from a large-scale study conducted in different stages of secondary school
648,650,458,2023,Computers & Education,What predicts students’ future ICT literacy? Evidence from a large-scale study conducted in different stages of secondary school
649,650,458,2023,Computers & Education,What predicts students’ future ICT literacy? Evidence from a large-scale study conducted in different stages of secondary school
652,653,460,2018,Verwaltete Biografien,Die Ausbildungsentscheidungen von Migranten im stratifizierten deutschen Bildungssystem: zu optimistisch?
152,652,461,2023,Zeitschrift für Erziehungswissenschaft,Educational integration by the third generation? Placement and academic achievement of students with immigrant background in Germany
272,654,462,2025,Journal of Educational Psychology,Language in good company: Unraveling peer effects on language development in early education using integrative data analysis of six German studies.
654,655,462,2025,Journal of Educational Psychology,Language in good company: Unraveling peer effects on language development in early education using integrative data analysis of six German studies.
272,655,462,2025,Journal of Educational Psychology,Language in good company: Unraveling peer effects on language development in early education using integrative data analysis of six German studies.
656,657,463,2017,Zeitschrift für Entwicklungspsychologie und Pädagogische Psychologie,Warum können Jugendliche ihre eigenen computerbezogenen Kompetenzen nicht realistisch einschätzen?
272,658,464,2019,Learning and Individual Differences,The longitudinal association between personality and achievement in adolescence: Differential effects across all Big Five traits and four achievement indicators
658,659,464,2019,Learning and Individual Differences,The longitudinal association between personality and achievement in adolescence: Differential effects across all Big Five traits and four achievement indicators
272,659,464,2019,Learning and Individual Differences,The longitudinal association between personality and achievement in adolescence: Differential effects across all Big Five traits and four achievement indicators
660,661,465,2020,Unknown,DJI-Kinder- und Jugendmigrationsreport 2020: Datenanalyse zur Situation junger Menschen in Deutschland
13,18,466,2016,Methodological Issues of Longitudinal Surveys,Measurement of Further Training Activities in Life-Course Studies
18,662,466,2016,Methodological Issues of Longitudinal Surveys,Measurement of Further Training Activities in Life-Course Studies
13,662,466,2016,Methodological Issues of Longitudinal Surveys,Measurement of Further Training Activities in Life-Course Studies
134,663,467,2022,Handbuch Schulforschung,Sekundäranalysen in der Schulforschung
134,420,467,2022,Handbuch Schulforschung,Sekundäranalysen in der Schulforschung
420,663,467,2022,Handbuch Schulforschung,Sekundäranalysen in der Schulforschung
214,215,468,2016,Methodological Issues of Longitudinal Surveys,Assessing Spelling Competence Development in the National Educational Panel Study
212,215,468,2016,Methodological Issues of Longitudinal Surveys,Assessing Spelling Competence Development in the National Educational Panel Study
215,224,468,2016,Methodological Issues of Longitudinal Surveys,Assessing Spelling Competence Development in the National Educational Panel Study
215,532,468,2016,Methodological Issues of Longitudinal Surveys,Assessing Spelling Competence Development in the National Educational Panel Study
212,214,468,2016,Methodological Issues of Longitudinal Surveys,Assessing Spelling Competence Development in the National Educational Panel Study
214,224,468,2016,Methodological Issues of Longitudinal Surveys,Assessing Spelling Competence Development in the National Educational Panel Study
214,532,468,2016,Methodological Issues of Longitudinal Surveys,Assessing Spelling Competence Development in the National Educational Panel Study
212,224,468,2016,Methodological Issues of Longitudinal Surveys,Assessing Spelling Competence Development in the National Educational Panel Study
212,532,468,2016,Methodological Issues of Longitudinal Surveys,Assessing Spelling Competence Development in the National Educational Panel Study
224,532,468,2016,Methodological Issues of Longitudinal Surveys,Assessing Spelling Competence Development in the National Educational Panel Study
5,664,469,2025,Children,Bridging the Gap: The Role of Parent–Teacher Perception in Child Developmental Outcomes
7,664,469,2025,Children,Bridging the Gap: The Role of Parent–Teacher Perception in Child Developmental Outcomes
664,665,469,2025,Children,Bridging the Gap: The Role of Parent–Teacher Perception in Child Developmental Outcomes
5,7,469,2025,Children,Bridging the Gap: The Role of Parent–Teacher Perception in Child Developmental Outcomes
5,665,469,2025,Children,Bridging the Gap: The Role of Parent–Teacher Perception in Child Developmental Outcomes
7,665,469,2025,Children,Bridging the Gap: The Role of Parent–Teacher Perception in Child Developmental Outcomes
666,667,470,2022,Large-scale Assessments in Education,Dynamics between reading and math proficiency over time in secondary education – observational evidence from continuous time models
666,668,470,2022,Large-scale Assessments in Education,Dynamics between reading and math proficiency over time in secondary education – observational evidence from continuous time models
667,668,470,2022,Large-scale Assessments in Education,Dynamics between reading and math proficiency over time in secondary education – observational evidence from continuous time models
666,667,471,2025,Multivariate Behavioral Research,Targeted Maximum Likelihood Estimation for Causal Inference With Observational Data—The Example of Private Tutoring
260,669,472,2024,Journal of Personality and Social Psychology,Who flourishes in school? The interplay of academic self-concept and personality and its role for academic performance in middle adolescence.
36,669,472,2024,Journal of Personality and Social Psychology,Who flourishes in school? The interplay of academic self-concept and personality and its role for academic performance in middle adolescence.
659,669,472,2024,Journal of Personality and Social Psychology,Who flourishes in school? The interplay of academic self-concept and personality and its role for academic performance in middle adolescence.
36,260,472,2024,Journal of Personality and Social Psychology,Who flourishes in school? The interplay of academic self-concept and personality and its role for academic performance in middle adolescence.
260,659,472,2024,Journal of Personality and Social Psychology,Who flourishes in school? The interplay of academic self-concept and personality and its role for academic performance in middle adolescence.
36,659,472,2024,Journal of Personality and Social Psychology,Who flourishes in school? The interplay of academic self-concept and personality and its role for academic performance in middle adolescence.
670,671,473,2025,Journal of Educational Psychology,Are early career teachers innovative? A comparison with other university graduates.
670,672,473,2025,Journal of Educational Psychology,Are early career teachers innovative? A comparison with other university graduates.
479,670,473,2025,Journal of Educational Psychology,Are early career teachers innovative? A comparison with other university graduates.
670,673,473,2025,Journal of Educational Psychology,Are early career teachers innovative? A comparison with other university graduates.
671,672,473,2025,Journal of Educational Psychology,Are early career teachers innovative? A comparison with other university graduates.
479,671,473,2025,Journal of Educational Psychology,Are early career teachers innovative? A comparison with other university graduates.
671,673,473,2025,Journal of Educational Psychology,Are early career teachers innovative? A comparison with other university graduates.
479,672,473,2025,Journal of Educational Psychology,Are early career teachers innovative? A comparison with other university graduates.
672,673,473,2025,Journal of Educational Psychology,Are early career teachers innovative? A comparison with other university graduates.
479,673,473,2025,Journal of Educational Psychology,Are early career teachers innovative? A comparison with other university graduates.
10,674,474,2018,Sozialer Fortschritt,Haben höher Gebildete mehr Sozialkapital? Ungleichheit im Zugang zu sozialen Netzwerkressourcen
261,674,475,2025,Higher Education,The level and development of university students’ social integration: personality traits and person-environment fit predict integration with fellow students and teaching staff
36,675,477,2024,Psychologie in Erziehung und Unterricht,Empirische Arbeit: Entwicklung der mathematischen und Lesekompetenzen über sieben Jahre: Individuelle Determinanten und die Rolle der Schulform in der Sekundarstufe I
565,675,478,2020,Psychologie in Erziehung und Unterricht,Empirische Arbeit: Naturwissenschaftliche Kompetenz von Vorschulkindern
656,675,478,2020,Psychologie in Erziehung und Unterricht,Empirische Arbeit: Naturwissenschaftliche Kompetenz von Vorschulkindern
36,675,478,2020,Psychologie in Erziehung und Unterricht,Empirische Arbeit: Naturwissenschaftliche Kompetenz von Vorschulkindern
565,656,478,2020,Psychologie in Erziehung und Unterricht,Empirische Arbeit: Naturwissenschaftliche Kompetenz von Vorschulkindern
36,565,478,2020,Psychologie in Erziehung und Unterricht,Empirische Arbeit: Naturwissenschaftliche Kompetenz von Vorschulkindern
36,656,478,2020,Psychologie in Erziehung und Unterricht,Empirische Arbeit: Naturwissenschaftliche Kompetenz von Vorschulkindern
565,675,479,2023,Zeitschrift für Pädagogische Psychologie,Naturwissenschaftliche Kompetenz in der Grundschule: Effekte von Familienmerkmalen und Klassenkomposition
36,675,479,2023,Zeitschrift für Pädagogische Psychologie,Naturwissenschaftliche Kompetenz in der Grundschule: Effekte von Familienmerkmalen und Klassenkomposition
36,565,479,2023,Zeitschrift für Pädagogische Psychologie,Naturwissenschaftliche Kompetenz in der Grundschule: Effekte von Familienmerkmalen und Klassenkomposition
565,675,480,2020,International Journal of Science Education,The development of early scientific literacy gaps in kindergarten children
36,675,480,2020,International Journal of Science Education,The development of early scientific literacy gaps in kindergarten children
36,565,480,2020,International Journal of Science Education,The development of early scientific literacy gaps in kindergarten children
565,675,481,2025,Journal of Educational Psychology,The effect of achievement composition on STEM competencies: Analyzing longitudinal data of German students’ scientific and computer literacy in secondary school.
36,675,481,2025,Journal of Educational Psychology,The effect of achievement composition on STEM competencies: Analyzing longitudinal data of German students’ scientific and computer literacy in secondary school.
36,565,481,2025,Journal of Educational Psychology,The effect of achievement composition on STEM competencies: Analyzing longitudinal data of German students’ scientific and computer literacy in secondary school.
550,676,482,2020,Soziale Welt,An empirical–analytical approach to the study of recent refugee migrants in Germany
109,111,483,2023,Applied Economics Letters,The fertility effects of school entry decisions
677,678,484,2019,Journal of the European Economic Association,Heterogeneity in Marginal Non-Monetary Returns to Higher Education
677,679,484,2019,Journal of the European Economic Association,Heterogeneity in Marginal Non-Monetary Returns to Higher Education
678,679,484,2019,Journal of the European Economic Association,Heterogeneity in Marginal Non-Monetary Returns to Higher Education
582,681,485,2018,Zeitschrift für Erziehungswissenschaft,Standardbezogene Kompetenzen im Fach Mathematik am Ende der gymnasialen Oberstufe: Ein Vergleich über eine Linking-Studie
36,582,485,2018,Zeitschrift für Erziehungswissenschaft,Standardbezogene Kompetenzen im Fach Mathematik am Ende der gymnasialen Oberstufe: Ein Vergleich über eine Linking-Studie
36,681,485,2018,Zeitschrift für Erziehungswissenschaft,Standardbezogene Kompetenzen im Fach Mathematik am Ende der gymnasialen Oberstufe: Ein Vergleich über eine Linking-Studie
582,682,486,2019,Large-scale Assessments in Education,The standard setting process: validating interpretations of stakeholders
36,582,486,2019,Large-scale Assessments in Education,The standard setting process: validating interpretations of stakeholders
36,682,486,2019,Large-scale Assessments in Education,The standard setting process: validating interpretations of stakeholders
81,683,487,2023,Journal of Child and Family Studies,Does Poverty Affect Early Language in 2-year-old Children in Germany?
227,683,487,2023,Journal of Child and Family Studies,Does Poverty Affect Early Language in 2-year-old Children in Germany?
83,683,487,2023,Journal of Child and Family Studies,Does Poverty Affect Early Language in 2-year-old Children in Germany?
81,227,487,2023,Journal of Child and Family Studies,Does Poverty Affect Early Language in 2-year-old Children in Germany?
81,83,487,2023,Journal of Child and Family Studies,Does Poverty Affect Early Language in 2-year-old Children in Germany?
83,227,487,2023,Journal of Child and Family Studies,Does Poverty Affect Early Language in 2-year-old Children in Germany?
684,685,488,2018,Hybride Erwerbsformen,Erwerbshybridisierung – Verbreitung und Entwicklung in Deutschland
684,686,488,2018,Hybride Erwerbsformen,Erwerbshybridisierung – Verbreitung und Entwicklung in Deutschland
685,686,488,2018,Hybride Erwerbsformen,Erwerbshybridisierung – Verbreitung und Entwicklung in Deutschland
687,688,489,2025,Handbuch Bildungsarmut,Soziale Folgen von Bildungsarmut
687,689,489,2025,Handbuch Bildungsarmut,Soziale Folgen von Bildungsarmut
687,690,489,2025,Handbuch Bildungsarmut,Soziale Folgen von Bildungsarmut
688,689,489,2025,Handbuch Bildungsarmut,Soziale Folgen von Bildungsarmut
688,690,489,2025,Handbuch Bildungsarmut,Soziale Folgen von Bildungsarmut
689,690,489,2025,Handbuch Bildungsarmut,Soziale Folgen von Bildungsarmut
238,240,491,2022,Unknown,"Studierfähigkeit beruflich Qualifizierter ohne schulische Studienberechtigung: Studienvoraussetzungen, Studienverläufe und Studienerfolg"
239,240,492,2022,"Studierfähigkeit beruflich Qualifizierter ohne schulische Studienberechtigung: Studienvoraussetzungen, Studienverläufe und Studienerfolg",Übergänge von nicht-traditionellen Studierenden nach dem Bachelorabschluss - Ergebnisse zu einem bislang vernachlässigtem Forschungsthema
121,240,492,2022,"Studierfähigkeit beruflich Qualifizierter ohne schulische Studienberechtigung: Studienvoraussetzungen, Studienverläufe und Studienerfolg",Übergänge von nicht-traditionellen Studierenden nach dem Bachelorabschluss - Ergebnisse zu einem bislang vernachlässigtem Forschungsthema
238,240,492,2022,"Studierfähigkeit beruflich Qualifizierter ohne schulische Studienberechtigung: Studienvoraussetzungen, Studienverläufe und Studienerfolg",Übergänge von nicht-traditionellen Studierenden nach dem Bachelorabschluss - Ergebnisse zu einem bislang vernachlässigtem Forschungsthema
121,239,492,2022,"Studierfähigkeit beruflich Qualifizierter ohne schulische Studienberechtigung: Studienvoraussetzungen, Studienverläufe und Studienerfolg",Übergänge von nicht-traditionellen Studierenden nach dem Bachelorabschluss - Ergebnisse zu einem bislang vernachlässigtem Forschungsthema
238,239,492,2022,"Studierfähigkeit beruflich Qualifizierter ohne schulische Studienberechtigung: Studienvoraussetzungen, Studienverläufe und Studienerfolg",Übergänge von nicht-traditionellen Studierenden nach dem Bachelorabschluss - Ergebnisse zu einem bislang vernachlässigtem Forschungsthema
121,238,492,2022,"Studierfähigkeit beruflich Qualifizierter ohne schulische Studienberechtigung: Studienvoraussetzungen, Studienverläufe und Studienerfolg",Übergänge von nicht-traditionellen Studierenden nach dem Bachelorabschluss - Ergebnisse zu einem bislang vernachlässigtem Forschungsthema
691,692,493,2023,Zeitschrift für Psychologie,Discovering Exceptional Development of Commitment in Interdisciplinary Study Programs: An Illustration of the SubgroupSEM Approach
691,693,493,2023,Zeitschrift für Psychologie,Discovering Exceptional Development of Commitment in Interdisciplinary Study Programs: An Illustration of the SubgroupSEM Approach
691,694,493,2023,Zeitschrift für Psychologie,Discovering Exceptional Development of Commitment in Interdisciplinary Study Programs: An Illustration of the SubgroupSEM Approach
691,695,493,2023,Zeitschrift für Psychologie,Discovering Exceptional Development of Commitment in Interdisciplinary Study Programs: An Illustration of the SubgroupSEM Approach
692,693,493,2023,Zeitschrift für Psychologie,Discovering Exceptional Development of Commitment in Interdisciplinary Study Programs: An Illustration of the SubgroupSEM Approach
692,694,493,2023,Zeitschrift für Psychologie,Discovering Exceptional Development of Commitment in Interdisciplinary Study Programs: An Illustration of the SubgroupSEM Approach
692,695,493,2023,Zeitschrift für Psychologie,Discovering Exceptional Development of Commitment in Interdisciplinary Study Programs: An Illustration of the SubgroupSEM Approach
693,694,493,2023,Zeitschrift für Psychologie,Discovering Exceptional Development of Commitment in Interdisciplinary Study Programs: An Illustration of the SubgroupSEM Approach
693,695,493,2023,Zeitschrift für Psychologie,Discovering Exceptional Development of Commitment in Interdisciplinary Study Programs: An Illustration of the SubgroupSEM Approach
694,695,493,2023,Zeitschrift für Psychologie,Discovering Exceptional Development of Commitment in Interdisciplinary Study Programs: An Illustration of the SubgroupSEM Approach
609,691,494,2025,Behaviormetrika,Mining exceptional Rasch models
691,696,495,2018,Psychological Test and Assessment Modeling,Modeling and predicting non-linear changes in educational trajectories: The multilevel latent growth components approach
691,694,495,2018,Psychological Test and Assessment Modeling,Modeling and predicting non-linear changes in educational trajectories: The multilevel latent growth components approach
691,695,495,2018,Psychological Test and Assessment Modeling,Modeling and predicting non-linear changes in educational trajectories: The multilevel latent growth components approach
694,696,495,2018,Psychological Test and Assessment Modeling,Modeling and predicting non-linear changes in educational trajectories: The multilevel latent growth components approach
695,696,495,2018,Psychological Test and Assessment Modeling,Modeling and predicting non-linear changes in educational trajectories: The multilevel latent growth components approach
694,695,495,2018,Psychological Test and Assessment Modeling,Modeling and predicting non-linear changes in educational trajectories: The multilevel latent growth components approach
698,699,498,2023,Acta Sociologica,A downside to high aspirations: Immigrants’ (non-)success in tertiary education
10,16,499,2015,Nonresponse Bias,Auswirkungen der Administration von Kompetenztests im Rahmen einer Panelerhebung für Erwachsene
10,23,499,2015,Nonresponse Bias,Auswirkungen der Administration von Kompetenztests im Rahmen einer Panelerhebung für Erwachsene
16,23,499,2015,Nonresponse Bias,Auswirkungen der Administration von Kompetenztests im Rahmen einer Panelerhebung für Erwachsene
10,507,500,2024,European Sociological Review,Correction to: Is early formal childcare an equalizer?: how attending childcare and education centres affects children’s cognitive and socio-emotional skills in Germany
10,506,500,2024,European Sociological Review,Correction to: Is early formal childcare an equalizer?: how attending childcare and education centres affects children’s cognitive and socio-emotional skills in Germany
10,220,500,2024,European Sociological Review,Correction to: Is early formal childcare an equalizer?: how attending childcare and education centres affects children’s cognitive and socio-emotional skills in Germany
506,507,500,2024,European Sociological Review,Correction to: Is early formal childcare an equalizer?: how attending childcare and education centres affects children’s cognitive and socio-emotional skills in Germany
220,507,500,2024,European Sociological Review,Correction to: Is early formal childcare an equalizer?: how attending childcare and education centres affects children’s cognitive and socio-emotional skills in Germany
220,506,500,2024,European Sociological Review,Correction to: Is early formal childcare an equalizer?: how attending childcare and education centres affects children’s cognitive and socio-emotional skills in Germany
10,492,501,2023,Soziale Welt,Editorial: Consequences of the Corona crisis for social inequalities in Germany
10,276,502,2023,Gesunder Start ins Berufsleben,Entwicklung und Muster von Bildungs- und Erwerbsbiographien in Deutschland
10,16,504,2021,Sociological Methods & Research,Experimental Evidence on Immediate and Long-term Consequences of Test-induced Respondent Burden for Panel Attrition
10,23,504,2021,Sociological Methods & Research,Experimental Evidence on Immediate and Long-term Consequences of Test-induced Respondent Burden for Panel Attrition
16,23,504,2021,Sociological Methods & Research,Experimental Evidence on Immediate and Long-term Consequences of Test-induced Respondent Burden for Panel Attrition
10,21,505,2023,"Education, Competence Development and Career Trajectories",Occupational Sex Segregation and its Consequences for the (Re-)Production of Gender Inequalities in the German Labour Market
10,106,505,2023,"Education, Competence Development and Career Trajectories",Occupational Sex Segregation and its Consequences for the (Re-)Production of Gender Inequalities in the German Labour Market
10,114,505,2023,"Education, Competence Development and Career Trajectories",Occupational Sex Segregation and its Consequences for the (Re-)Production of Gender Inequalities in the German Labour Market
10,564,505,2023,"Education, Competence Development and Career Trajectories",Occupational Sex Segregation and its Consequences for the (Re-)Production of Gender Inequalities in the German Labour Market
10,700,505,2023,"Education, Competence Development and Career Trajectories",Occupational Sex Segregation and its Consequences for the (Re-)Production of Gender Inequalities in the German Labour Market
21,106,505,2023,"Education, Competence Development and Career Trajectories",Occupational Sex Segregation and its Consequences for the (Re-)Production of Gender Inequalities in the German Labour Market
21,114,505,2023,"Education, Competence Development and Career Trajectories",Occupational Sex Segregation and its Consequences for the (Re-)Production of Gender Inequalities in the German Labour Market
21,564,505,2023,"Education, Competence Development and Career Trajectories",Occupational Sex Segregation and its Consequences for the (Re-)Production of Gender Inequalities in the German Labour Market
21,700,505,2023,"Education, Competence Development and Career Trajectories",Occupational Sex Segregation and its Consequences for the (Re-)Production of Gender Inequalities in the German Labour Market
106,114,505,2023,"Education, Competence Development and Career Trajectories",Occupational Sex Segregation and its Consequences for the (Re-)Production of Gender Inequalities in the German Labour Market
106,564,505,2023,"Education, Competence Development and Career Trajectories",Occupational Sex Segregation and its Consequences for the (Re-)Production of Gender Inequalities in the German Labour Market
106,700,505,2023,"Education, Competence Development and Career Trajectories",Occupational Sex Segregation and its Consequences for the (Re-)Production of Gender Inequalities in the German Labour Market
114,564,505,2023,"Education, Competence Development and Career Trajectories",Occupational Sex Segregation and its Consequences for the (Re-)Production of Gender Inequalities in the German Labour Market
114,700,505,2023,"Education, Competence Development and Career Trajectories",Occupational Sex Segregation and its Consequences for the (Re-)Production of Gender Inequalities in the German Labour Market
564,700,505,2023,"Education, Competence Development and Career Trajectories",Occupational Sex Segregation and its Consequences for the (Re-)Production of Gender Inequalities in the German Labour Market
10,701,506,2023,Zeitschrift für Erziehungswissenschaft,Polarisierung oder Verringerung ungleicher Teilnahmechancen? Auswirkungen der COVID-19-Pandemie auf das berufliche Lernen im Erwachsenenalter
10,13,507,2018,Berufsbildung in Wissenschaft und Praxis,Technologischer Wandel und Weiterbildungsteilnahme
10,701,510,2021,Zeitschrift für Weiterbildungsforschung,Work-related online learning during the COVID-19 pandemic in Germany
10,12,510,2021,Zeitschrift für Weiterbildungsforschung,Work-related online learning during the COVID-19 pandemic in Germany
10,391,510,2021,Zeitschrift für Weiterbildungsforschung,Work-related online learning during the COVID-19 pandemic in Germany
12,701,510,2021,Zeitschrift für Weiterbildungsforschung,Work-related online learning during the COVID-19 pandemic in Germany
391,701,510,2021,Zeitschrift für Weiterbildungsforschung,Work-related online learning during the COVID-19 pandemic in Germany
12,391,510,2021,Zeitschrift für Weiterbildungsforschung,Work-related online learning during the COVID-19 pandemic in Germany
10,462,511,2020,KZfSS Kölner Zeitschrift für Soziologie und Sozialpsychologie,"Zurück zur Norm? Kompromissbildung zwischen geschlechtstypischen und -untypischen Berufsaspirationen, Bewerbungs- und Ausbildungsberufen"
702,703,512,2020,Journal for educational research online,A longitudinal analysis of reciprocal relations between students' well-being and academic achievement
28,702,512,2020,Journal for educational research online,A longitudinal analysis of reciprocal relations between students' well-being and academic achievement
28,703,512,2020,Journal for educational research online,A longitudinal analysis of reciprocal relations between students' well-being and academic achievement
702,703,513,2023,Journal of Research on Adolescence,"The longitudinal development of students' <span style=""font-variant:small-caps;"" smallcaps=""smallcaps"">well‐being</span> in adolescence: The role of perceived teacher autonomy support"
28,702,513,2023,Journal of Research on Adolescence,"The longitudinal development of students' <span style=""font-variant:small-caps;"" smallcaps=""smallcaps"">well‐being</span> in adolescence: The role of perceived teacher autonomy support"
28,703,513,2023,Journal of Research on Adolescence,"The longitudinal development of students' <span style=""font-variant:small-caps;"" smallcaps=""smallcaps"">well‐being</span> in adolescence: The role of perceived teacher autonomy support"
698,704,514,2021,Studienerfolg und Studienabbruch,Die langfristigen individuellen Konsequenzen des Studienabbruchs
698,705,514,2021,Studienerfolg und Studienabbruch,Die langfristigen individuellen Konsequenzen des Studienabbruchs
704,705,514,2021,Studienerfolg und Studienabbruch,Die langfristigen individuellen Konsequenzen des Studienabbruchs
698,705,515,2021,ZeHf – Zeitschrift für empirische Hochschulforschung,"Soziale, ethnische und geschlechtsspezifische Ungleichheiten beim Studienabbruch. Welche Rolle spielen akademische Leistungen vor und während des Studiums?"
706,707,516,2024,Adult Education Quarterly,"Exploring the Association Between Adult Education, Personality Traits, and Civic Participation: An Analysis of National Education Panel Study Data"
706,708,516,2024,Adult Education Quarterly,"Exploring the Association Between Adult Education, Personality Traits, and Civic Participation: An Analysis of National Education Panel Study Data"
707,708,516,2024,Adult Education Quarterly,"Exploring the Association Between Adult Education, Personality Traits, and Civic Participation: An Analysis of National Education Panel Study Data"
296,709,517,2024,Handbuch Grundschulpädagogik und Grundschuldidaktik,Heterogene Lerngruppen in der Grundschule
32,296,517,2024,Handbuch Grundschulpädagogik und Grundschuldidaktik,Heterogene Lerngruppen in der Grundschule
183,296,517,2024,Handbuch Grundschulpädagogik und Grundschuldidaktik,Heterogene Lerngruppen in der Grundschule
32,709,517,2024,Handbuch Grundschulpädagogik und Grundschuldidaktik,Heterogene Lerngruppen in der Grundschule
183,709,517,2024,Handbuch Grundschulpädagogik und Grundschuldidaktik,Heterogene Lerngruppen in der Grundschule
32,183,517,2024,Handbuch Grundschulpädagogik und Grundschuldidaktik,Heterogene Lerngruppen in der Grundschule
296,454,518,2019,European Educational Research Journal,"Relations between socio-economic risk factors, home learning environment and children’s language competencies: Findings from a German study"
712,713,521,2023,Journal of Multilingual and Multicultural Development,Extending the cognitive advantage hypothesis: a conceptual replication study of the relationship between multilingualism and flexible goal adjustment
712,714,521,2023,Journal of Multilingual and Multicultural Development,Extending the cognitive advantage hypothesis: a conceptual replication study of the relationship between multilingualism and flexible goal adjustment
713,714,521,2023,Journal of Multilingual and Multicultural Development,Extending the cognitive advantage hypothesis: a conceptual replication study of the relationship between multilingualism and flexible goal adjustment
36,58,522,2017,Bildungsgerechtigkeit,Soziale Disparitäten bei Abiturleistungen
528,715,523,2023,Zeitschrift für Erziehungswissenschaft,The effect of adult education on health-related behaviours
69,716,524,2017,Journal of Educational Measurement,Dealing With Item Nonresponse in Large‐Scale Cognitive Assessments: The Impact of Missing Data Methods on Estimated Explanatory Relationships
70,716,524,2017,Journal of Educational Measurement,Dealing With Item Nonresponse in Large‐Scale Cognitive Assessments: The Impact of Missing Data Methods on Estimated Explanatory Relationships
69,70,524,2017,Journal of Educational Measurement,Dealing With Item Nonresponse in Large‐Scale Cognitive Assessments: The Impact of Missing Data Methods on Estimated Explanatory Relationships
69,716,525,2015,Psychological Test and Assessment Modeling,Investigating mechanisms for missing responses in competence tests
70,716,525,2015,Psychological Test and Assessment Modeling,Investigating mechanisms for missing responses in competence tests
69,70,525,2015,Psychological Test and Assessment Modeling,Investigating mechanisms for missing responses in competence tests
69,716,526,2015,Educational and Psychological Measurement,Taking the Missing Propensity Into Account When Estimating Competence Scores: Evaluation of Item Response Theory Models for Nonignorable Omissions
70,716,526,2015,Educational and Psychological Measurement,Taking the Missing Propensity Into Account When Estimating Competence Scores: Evaluation of Item Response Theory Models for Nonignorable Omissions
69,70,526,2015,Educational and Psychological Measurement,Taking the Missing Propensity Into Account When Estimating Competence Scores: Evaluation of Item Response Theory Models for Nonignorable Omissions
717,718,530,2024,Research in Social Stratification and Mobility,"Upward track mobility into academic upper secondary education: Effects of challenging parental expectations, immigrant origin, and older siblings on students' educational choices"
70,719,531,2016,Statistics and causality: Methods for applied empirical research,Granger meets Rasch: Investigating Granger causation with multidimensional longitudinal item response models
719,720,531,2016,Statistics and causality: Methods for applied empirical research,Granger meets Rasch: Investigating Granger causation with multidimensional longitudinal item response models
719,721,531,2016,Statistics and causality: Methods for applied empirical research,Granger meets Rasch: Investigating Granger causation with multidimensional longitudinal item response models
70,720,531,2016,Statistics and causality: Methods for applied empirical research,Granger meets Rasch: Investigating Granger causation with multidimensional longitudinal item response models
70,721,531,2016,Statistics and causality: Methods for applied empirical research,Granger meets Rasch: Investigating Granger causation with multidimensional longitudinal item response models
720,721,531,2016,Statistics and causality: Methods for applied empirical research,Granger meets Rasch: Investigating Granger causation with multidimensional longitudinal item response models
722,723,532,2020,"Handbuch Familie: Gesellschaft, Familienbeziehungen und differentielle Felder",Die Familie in der Gegenwart: Familienformen und -verläufe
294,299,533,2021,Frontiers in Psychology,Differences in Children’s Social Development: How Migration Background Impacts the Effect of Early Institutional Childcare Upon Children’s Prosocial Behavior and Peer Problems
580,724,534,2025,Studies in Higher Education,Empirical selectivity of study programmes in higher education: does it matter for degree completion?
725,726,535,2025,International Journal of Social Welfare,How large families fare in Germany: Examining child poverty risks and policy solutions
725,727,535,2025,International Journal of Social Welfare,How large families fare in Germany: Examining child poverty risks and policy solutions
726,727,535,2025,International Journal of Social Welfare,How large families fare in Germany: Examining child poverty risks and policy solutions
87,728,536,2021,Learning and Instruction,Profiling secondary school students in mathematics and German language arts using learning-relevant cognitive and motivational-affective characteristics
38,728,536,2021,Learning and Instruction,Profiling secondary school students in mathematics and German language arts using learning-relevant cognitive and motivational-affective characteristics
38,87,536,2021,Learning and Instruction,Profiling secondary school students in mathematics and German language arts using learning-relevant cognitive and motivational-affective characteristics
228,729,537,2017,Studies of Transition States and Societies,"Institutional change and gender inequalities at labour market entry: A comparison of Estonia, Russia, and East and West Germany"
228,730,537,2017,Studies of Transition States and Societies,"Institutional change and gender inequalities at labour market entry: A comparison of Estonia, Russia, and East and West Germany"
729,730,537,2017,Studies of Transition States and Societies,"Institutional change and gender inequalities at labour market entry: A comparison of Estonia, Russia, and East and West Germany"
731,732,539,2018,Social Indicators Research,Wage Losses Due to Overqualification: The Role of Formal Degrees and Occupational Skills
12,731,539,2018,Social Indicators Research,Wage Losses Due to Overqualification: The Role of Formal Degrees and Occupational Skills
12,732,539,2018,Social Indicators Research,Wage Losses Due to Overqualification: The Role of Formal Degrees and Occupational Skills
109,733,540,2018,Economics of Education Review,Does learning trigger learning throughout adulthood? Evidence from training participation of the employed population
734,735,541,2021,Zeitschrift für Erziehungswissenschaft,Test zur Einschätzung wissenschaftlicher Widersprüche (TEWI): Messung wissenschaftsbezogenen Reflexionsvermögens in der Sekundarstufe II
734,736,541,2021,Zeitschrift für Erziehungswissenschaft,Test zur Einschätzung wissenschaftlicher Widersprüche (TEWI): Messung wissenschaftsbezogenen Reflexionsvermögens in der Sekundarstufe II
178,734,541,2021,Zeitschrift für Erziehungswissenschaft,Test zur Einschätzung wissenschaftlicher Widersprüche (TEWI): Messung wissenschaftsbezogenen Reflexionsvermögens in der Sekundarstufe II
734,737,541,2021,Zeitschrift für Erziehungswissenschaft,Test zur Einschätzung wissenschaftlicher Widersprüche (TEWI): Messung wissenschaftsbezogenen Reflexionsvermögens in der Sekundarstufe II
735,736,541,2021,Zeitschrift für Erziehungswissenschaft,Test zur Einschätzung wissenschaftlicher Widersprüche (TEWI): Messung wissenschaftsbezogenen Reflexionsvermögens in der Sekundarstufe II
178,735,541,2021,Zeitschrift für Erziehungswissenschaft,Test zur Einschätzung wissenschaftlicher Widersprüche (TEWI): Messung wissenschaftsbezogenen Reflexionsvermögens in der Sekundarstufe II
735,737,541,2021,Zeitschrift für Erziehungswissenschaft,Test zur Einschätzung wissenschaftlicher Widersprüche (TEWI): Messung wissenschaftsbezogenen Reflexionsvermögens in der Sekundarstufe II
178,736,541,2021,Zeitschrift für Erziehungswissenschaft,Test zur Einschätzung wissenschaftlicher Widersprüche (TEWI): Messung wissenschaftsbezogenen Reflexionsvermögens in der Sekundarstufe II
736,737,541,2021,Zeitschrift für Erziehungswissenschaft,Test zur Einschätzung wissenschaftlicher Widersprüche (TEWI): Messung wissenschaftsbezogenen Reflexionsvermögens in der Sekundarstufe II
178,737,541,2021,Zeitschrift für Erziehungswissenschaft,Test zur Einschätzung wissenschaftlicher Widersprüche (TEWI): Messung wissenschaftsbezogenen Reflexionsvermögens in der Sekundarstufe II
541,738,542,2017,ZeHf – Zeitschrift für empirische Hochschulforschung,Wenn sich die Masterfrage stellt: Soziale Herkunftseffekte auf die Übergangsintention nach dem Bachelorstudium
541,739,542,2017,ZeHf – Zeitschrift für empirische Hochschulforschung,Wenn sich die Masterfrage stellt: Soziale Herkunftseffekte auf die Übergangsintention nach dem Bachelorstudium
541,740,542,2017,ZeHf – Zeitschrift für empirische Hochschulforschung,Wenn sich die Masterfrage stellt: Soziale Herkunftseffekte auf die Übergangsintention nach dem Bachelorstudium
738,739,542,2017,ZeHf – Zeitschrift für empirische Hochschulforschung,Wenn sich die Masterfrage stellt: Soziale Herkunftseffekte auf die Übergangsintention nach dem Bachelorstudium
738,740,542,2017,ZeHf – Zeitschrift für empirische Hochschulforschung,Wenn sich die Masterfrage stellt: Soziale Herkunftseffekte auf die Übergangsintention nach dem Bachelorstudium
739,740,542,2017,ZeHf – Zeitschrift für empirische Hochschulforschung,Wenn sich die Masterfrage stellt: Soziale Herkunftseffekte auf die Übergangsintention nach dem Bachelorstudium
378,741,543,2017,methods,The Wave 6 NEPS Adult Study Incentive Experiment
153,423,544,2019,Education as a Lifelong Process,The Education of Migrants and Their Children Across the Life Course
423,676,544,2019,Education as a Lifelong Process,The Education of Migrants and Their Children Across the Life Course
423,550,544,2019,Education as a Lifelong Process,The Education of Migrants and Their Children Across the Life Course
24,423,544,2019,Education as a Lifelong Process,The Education of Migrants and Their Children Across the Life Course
420,423,544,2019,Education as a Lifelong Process,The Education of Migrants and Their Children Across the Life Course
423,742,544,2019,Education as a Lifelong Process,The Education of Migrants and Their Children Across the Life Course
153,676,544,2019,Education as a Lifelong Process,The Education of Migrants and Their Children Across the Life Course
153,550,544,2019,Education as a Lifelong Process,The Education of Migrants and Their Children Across the Life Course
24,153,544,2019,Education as a Lifelong Process,The Education of Migrants and Their Children Across the Life Course
153,420,544,2019,Education as a Lifelong Process,The Education of Migrants and Their Children Across the Life Course
153,742,544,2019,Education as a Lifelong Process,The Education of Migrants and Their Children Across the Life Course
550,676,544,2019,Education as a Lifelong Process,The Education of Migrants and Their Children Across the Life Course
24,676,544,2019,Education as a Lifelong Process,The Education of Migrants and Their Children Across the Life Course
420,676,544,2019,Education as a Lifelong Process,The Education of Migrants and Their Children Across the Life Course
676,742,544,2019,Education as a Lifelong Process,The Education of Migrants and Their Children Across the Life Course
24,550,544,2019,Education as a Lifelong Process,The Education of Migrants and Their Children Across the Life Course
420,550,544,2019,Education as a Lifelong Process,The Education of Migrants and Their Children Across the Life Course
550,742,544,2019,Education as a Lifelong Process,The Education of Migrants and Their Children Across the Life Course
24,420,544,2019,Education as a Lifelong Process,The Education of Migrants and Their Children Across the Life Course
24,742,544,2019,Education as a Lifelong Process,The Education of Migrants and Their Children Across the Life Course
420,742,544,2019,Education as a Lifelong Process,The Education of Migrants and Their Children Across the Life Course
361,423,545,2016,Methodological Issues of Longitudinal Surveys,Identifying Immigrants and Their Descendants in the National Educational Panel Study
423,742,545,2016,Methodological Issues of Longitudinal Surveys,Identifying Immigrants and Their Descendants in the National Educational Panel Study
361,742,545,2016,Methodological Issues of Longitudinal Surveys,Identifying Immigrants and Their Descendants in the National Educational Panel Study
422,423,547,2019,Zeitschrift für Erziehungswissenschaft,Muster und Bedingungen des Erwerbs und Erhalts herkunftssprachlicher Kompetenzen
420,423,547,2019,Zeitschrift für Erziehungswissenschaft,Muster und Bedingungen des Erwerbs und Erhalts herkunftssprachlicher Kompetenzen
420,422,547,2019,Zeitschrift für Erziehungswissenschaft,Muster und Bedingungen des Erwerbs und Erhalts herkunftssprachlicher Kompetenzen
364,366,548,2020,Psychological Test and Assessment Modeling,Rapid guessing rates across administration mode and test setting
365,366,548,2020,Psychological Test and Assessment Modeling,Rapid guessing rates across administration mode and test setting
364,365,548,2020,Psychological Test and Assessment Modeling,Rapid guessing rates across administration mode and test setting
573,743,549,2023,Child Indicators Research,"How do Children Rate Their Health? An Investigation of Considered Health Dimensions, Health Factors, and Assessment Strategies"
573,744,549,2023,Child Indicators Research,"How do Children Rate Their Health? An Investigation of Considered Health Dimensions, Health Factors, and Assessment Strategies"
573,745,549,2023,Child Indicators Research,"How do Children Rate Their Health? An Investigation of Considered Health Dimensions, Health Factors, and Assessment Strategies"
743,744,549,2023,Child Indicators Research,"How do Children Rate Their Health? An Investigation of Considered Health Dimensions, Health Factors, and Assessment Strategies"
743,745,549,2023,Child Indicators Research,"How do Children Rate Their Health? An Investigation of Considered Health Dimensions, Health Factors, and Assessment Strategies"
744,745,549,2023,Child Indicators Research,"How do Children Rate Their Health? An Investigation of Considered Health Dimensions, Health Factors, and Assessment Strategies"
746,747,550,2017,"Arbeitsmarkt kompakt: Analysen, Daten, Fakten",Weiterbildungsabsicht von Arbeitslosen und Kompetenzen formal Geringqualifizierter
148,748,551,2025,Unknown,Whole lotta training - studying school-to-training transitions by training artificial neural networks
58,173,552,2023,Unknown,Indikatorenentwicklung im Feld der kulturellen Bildung (InKuBi): Konzeptionelle Grundlagen und erste Befunde
749,750,553,2020,Demography,Does Starting Universal Childcare Earlier Influence Children’s Skill Development?
129,333,554,2021,"Kindheit - Jugend - Geschlecht: Beiträge zu einer empirischen, gendersensiblen Kindheits- und Jugendforschung",Umgang mit Medien im Kindergartenalter. Unterschiede zwischen Mädchen und Jungen
329,332,556,2024,Erwachsenenbildung und Nachhaltigkeit: Sondierungen und Forschung zwischen Anspruch und Wirklichkeit,Informelles Lernen und Nachhaltigkeit. Empirische Perspektiven auf nachhaltigskeitsbezogene Lernthemen von Erwachsenen
218,219,557,2017,"Childcare, Early Education and Social Inequality: An International Perspective","Childcare, early education, and social inequality: Perspectives for a cross-national und multidisciplinary study"
218,220,557,2017,"Childcare, Early Education and Social Inequality: An International Perspective","Childcare, early education, and social inequality: Perspectives for a cross-national und multidisciplinary study"
80,218,557,2017,"Childcare, Early Education and Social Inequality: An International Perspective","Childcare, early education, and social inequality: Perspectives for a cross-national und multidisciplinary study"
219,220,557,2017,"Childcare, Early Education and Social Inequality: An International Perspective","Childcare, early education, and social inequality: Perspectives for a cross-national und multidisciplinary study"
80,219,557,2017,"Childcare, Early Education and Social Inequality: An International Perspective","Childcare, early education, and social inequality: Perspectives for a cross-national und multidisciplinary study"
80,220,557,2017,"Childcare, Early Education and Social Inequality: An International Perspective","Childcare, early education, and social inequality: Perspectives for a cross-national und multidisciplinary study"
609,751,559,2024,Large-scale Assessments in Education,The national educational panel study (NEPS) and methodological innovations in longitudinal large-scale assessments
138,751,559,2024,Large-scale Assessments in Education,The national educational panel study (NEPS) and methodological innovations in longitudinal large-scale assessments
70,751,559,2024,Large-scale Assessments in Education,The national educational panel study (NEPS) and methodological innovations in longitudinal large-scale assessments
64,751,559,2024,Large-scale Assessments in Education,The national educational panel study (NEPS) and methodological innovations in longitudinal large-scale assessments
138,609,559,2024,Large-scale Assessments in Education,The national educational panel study (NEPS) and methodological innovations in longitudinal large-scale assessments
70,609,559,2024,Large-scale Assessments in Education,The national educational panel study (NEPS) and methodological innovations in longitudinal large-scale assessments
64,609,559,2024,Large-scale Assessments in Education,The national educational panel study (NEPS) and methodological innovations in longitudinal large-scale assessments
70,138,559,2024,Large-scale Assessments in Education,The national educational panel study (NEPS) and methodological innovations in longitudinal large-scale assessments
64,138,559,2024,Large-scale Assessments in Education,The national educational panel study (NEPS) and methodological innovations in longitudinal large-scale assessments
64,70,559,2024,Large-scale Assessments in Education,The national educational panel study (NEPS) and methodological innovations in longitudinal large-scale assessments
752,753,560,2021,Journal for Educational Research Online,Besteht ein Zusammenhang zwischen dem Besuch eines inklusiven Bildungssettings und dem Selbstwertgefühl von Schüler:innen ohne sonderpädagogischen Förderbedarf?
88,752,560,2021,Journal for Educational Research Online,Besteht ein Zusammenhang zwischen dem Besuch eines inklusiven Bildungssettings und dem Selbstwertgefühl von Schüler:innen ohne sonderpädagogischen Förderbedarf?
752,754,560,2021,Journal for Educational Research Online,Besteht ein Zusammenhang zwischen dem Besuch eines inklusiven Bildungssettings und dem Selbstwertgefühl von Schüler:innen ohne sonderpädagogischen Förderbedarf?
88,753,560,2021,Journal for Educational Research Online,Besteht ein Zusammenhang zwischen dem Besuch eines inklusiven Bildungssettings und dem Selbstwertgefühl von Schüler:innen ohne sonderpädagogischen Förderbedarf?
753,754,560,2021,Journal for Educational Research Online,Besteht ein Zusammenhang zwischen dem Besuch eines inklusiven Bildungssettings und dem Selbstwertgefühl von Schüler:innen ohne sonderpädagogischen Förderbedarf?
88,754,560,2021,Journal for Educational Research Online,Besteht ein Zusammenhang zwischen dem Besuch eines inklusiven Bildungssettings und dem Selbstwertgefühl von Schüler:innen ohne sonderpädagogischen Förderbedarf?
88,752,561,2021,Zeitschrift für Erziehungswissenschaft,"Gemeinsam lernen, miteinander teilen – Zusammenhänge zwischen dem Besuch eines inklusiven Bildungsettings und dem sozialen Verhalten von SchülerInnen ohne sonderpädagogischen Förderbedarf"
752,753,561,2021,Zeitschrift für Erziehungswissenschaft,"Gemeinsam lernen, miteinander teilen – Zusammenhänge zwischen dem Besuch eines inklusiven Bildungsettings und dem sozialen Verhalten von SchülerInnen ohne sonderpädagogischen Förderbedarf"
752,754,561,2021,Zeitschrift für Erziehungswissenschaft,"Gemeinsam lernen, miteinander teilen – Zusammenhänge zwischen dem Besuch eines inklusiven Bildungsettings und dem sozialen Verhalten von SchülerInnen ohne sonderpädagogischen Förderbedarf"
88,753,561,2021,Zeitschrift für Erziehungswissenschaft,"Gemeinsam lernen, miteinander teilen – Zusammenhänge zwischen dem Besuch eines inklusiven Bildungsettings und dem sozialen Verhalten von SchülerInnen ohne sonderpädagogischen Förderbedarf"
88,754,561,2021,Zeitschrift für Erziehungswissenschaft,"Gemeinsam lernen, miteinander teilen – Zusammenhänge zwischen dem Besuch eines inklusiven Bildungsettings und dem sozialen Verhalten von SchülerInnen ohne sonderpädagogischen Förderbedarf"
753,754,561,2021,Zeitschrift für Erziehungswissenschaft,"Gemeinsam lernen, miteinander teilen – Zusammenhänge zwischen dem Besuch eines inklusiven Bildungsettings und dem sozialen Verhalten von SchülerInnen ohne sonderpädagogischen Förderbedarf"
755,756,562,2019,Zeitschrift für Erziehungswissenschaft,Soziale Kosten von Bildungsaspirationen bei Sekundarstufenschüler(inne)n ohne und mit Migrationshintergrund: Wenn die eigenen Aspirationen nicht denen der Freundinnen und Freunde entsprechen
20,46,563,2020,Frontiers in Psychology,Personality Traits and Further Training
20,757,563,2020,Frontiers in Psychology,Personality Traits and Further Training
46,757,563,2020,Frontiers in Psychology,Personality Traits and Further Training
758,759,564,2019,Journal for educational research online,Comparing the effect of home and institutional learning environment on children's vocabulary in primary school
758,760,564,2019,Journal for educational research online,Comparing the effect of home and institutional learning environment on children's vocabulary in primary school
758,761,564,2019,Journal for educational research online,Comparing the effect of home and institutional learning environment on children's vocabulary in primary school
758,762,564,2019,Journal for educational research online,Comparing the effect of home and institutional learning environment on children's vocabulary in primary school
759,760,564,2019,Journal for educational research online,Comparing the effect of home and institutional learning environment on children's vocabulary in primary school
759,761,564,2019,Journal for educational research online,Comparing the effect of home and institutional learning environment on children's vocabulary in primary school
759,762,564,2019,Journal for educational research online,Comparing the effect of home and institutional learning environment on children's vocabulary in primary school
760,761,564,2019,Journal for educational research online,Comparing the effect of home and institutional learning environment on children's vocabulary in primary school
760,762,564,2019,Journal for educational research online,Comparing the effect of home and institutional learning environment on children's vocabulary in primary school
761,762,564,2019,Journal for educational research online,Comparing the effect of home and institutional learning environment on children's vocabulary in primary school
758,759,565,2019,Zeitschrift für Erziehungswissenschaft,Die Rolle der Kindergartenqualität: Eine Mehrebenenanalyse zur Prädiktion des Wortschatzes von Kindergartenkindern
758,760,565,2019,Zeitschrift für Erziehungswissenschaft,Die Rolle der Kindergartenqualität: Eine Mehrebenenanalyse zur Prädiktion des Wortschatzes von Kindergartenkindern
758,761,565,2019,Zeitschrift für Erziehungswissenschaft,Die Rolle der Kindergartenqualität: Eine Mehrebenenanalyse zur Prädiktion des Wortschatzes von Kindergartenkindern
758,762,565,2019,Zeitschrift für Erziehungswissenschaft,Die Rolle der Kindergartenqualität: Eine Mehrebenenanalyse zur Prädiktion des Wortschatzes von Kindergartenkindern
759,760,565,2019,Zeitschrift für Erziehungswissenschaft,Die Rolle der Kindergartenqualität: Eine Mehrebenenanalyse zur Prädiktion des Wortschatzes von Kindergartenkindern
759,761,565,2019,Zeitschrift für Erziehungswissenschaft,Die Rolle der Kindergartenqualität: Eine Mehrebenenanalyse zur Prädiktion des Wortschatzes von Kindergartenkindern
759,762,565,2019,Zeitschrift für Erziehungswissenschaft,Die Rolle der Kindergartenqualität: Eine Mehrebenenanalyse zur Prädiktion des Wortschatzes von Kindergartenkindern
760,761,565,2019,Zeitschrift für Erziehungswissenschaft,Die Rolle der Kindergartenqualität: Eine Mehrebenenanalyse zur Prädiktion des Wortschatzes von Kindergartenkindern
760,762,565,2019,Zeitschrift für Erziehungswissenschaft,Die Rolle der Kindergartenqualität: Eine Mehrebenenanalyse zur Prädiktion des Wortschatzes von Kindergartenkindern
761,762,565,2019,Zeitschrift für Erziehungswissenschaft,Die Rolle der Kindergartenqualität: Eine Mehrebenenanalyse zur Prädiktion des Wortschatzes von Kindergartenkindern
425,763,566,2025,Current Psychology,ADHD and secondary school grades: evidence from two longitudinal studies
138,763,566,2025,Current Psychology,ADHD and secondary school grades: evidence from two longitudinal studies
138,425,566,2025,Current Psychology,ADHD and secondary school grades: evidence from two longitudinal studies
764,765,567,2023,Journal of Research in Social Sciences and Language,Do multilingual teachers make the difference? Evaluating the potential language resource of primary school teachers and their cultural beliefs
296,764,567,2023,Journal of Research in Social Sciences and Language,Do multilingual teachers make the difference? Evaluating the potential language resource of primary school teachers and their cultural beliefs
296,765,567,2023,Journal of Research in Social Sciences and Language,Do multilingual teachers make the difference? Evaluating the potential language resource of primary school teachers and their cultural beliefs
92,766,568,2016,Methodological Issues of Longitudinal Surveys,Challenges and Intentions of Target-Specific Public Relations Work
92,93,568,2016,Methodological Issues of Longitudinal Surveys,Challenges and Intentions of Target-Specific Public Relations Work
93,766,568,2016,Methodological Issues of Longitudinal Surveys,Challenges and Intentions of Target-Specific Public Relations Work
261,767,569,2017,Personality and Individual Differences,How is personality related to intelligence and achievement? A replication and extension of Borghans et al. and Salkever
261,263,569,2017,Personality and Individual Differences,How is personality related to intelligence and achievement? A replication and extension of Borghans et al. and Salkever
263,767,569,2017,Personality and Individual Differences,How is personality related to intelligence and achievement? A replication and extension of Borghans et al. and Salkever
261,768,571,2019,Intelligence,"Should students be smart, curious, or both? Fluid intelligence, openness, and interest co-shape the acquisition of reading and math competence"
261,769,571,2019,Intelligence,"Should students be smart, curious, or both? Fluid intelligence, openness, and interest co-shape the acquisition of reading and math competence"
768,769,571,2019,Intelligence,"Should students be smart, curious, or both? Fluid intelligence, openness, and interest co-shape the acquisition of reading and math competence"
46,261,572,2019,Research handbook on the sociology of education,Socioemotional Skills in Education and Beyond: Recent evidence and Future Research Avenues
261,263,572,2019,Research handbook on the sociology of education,Socioemotional Skills in Education and Beyond: Recent evidence and Future Research Avenues
46,263,572,2019,Research handbook on the sociology of education,Socioemotional Skills in Education and Beyond: Recent evidence and Future Research Avenues
261,410,573,2021,Personality and Individual Differences,Stability and change in adults' literacy and numeracy skills: Evidence from two large-scale panel studies
261,768,573,2021,Personality and Individual Differences,Stability and change in adults' literacy and numeracy skills: Evidence from two large-scale panel studies
155,261,573,2021,Personality and Individual Differences,Stability and change in adults' literacy and numeracy skills: Evidence from two large-scale panel studies
410,768,573,2021,Personality and Individual Differences,Stability and change in adults' literacy and numeracy skills: Evidence from two large-scale panel studies
155,410,573,2021,Personality and Individual Differences,Stability and change in adults' literacy and numeracy skills: Evidence from two large-scale panel studies
155,768,573,2021,Personality and Individual Differences,Stability and change in adults' literacy and numeracy skills: Evidence from two large-scale panel studies
261,770,574,2021,Frontiers in Psychology,Two Forms of Social Inequality in Students' Socio-Emotional Skills: Do the Levels of Big Five Personality Traits and Their Associations With Academic Achievement Depend on Parental Socioeconomic Status?
260,261,574,2021,Frontiers in Psychology,Two Forms of Social Inequality in Students' Socio-Emotional Skills: Do the Levels of Big Five Personality Traits and Their Associations With Academic Achievement Depend on Parental Socioeconomic Status?
261,263,574,2021,Frontiers in Psychology,Two Forms of Social Inequality in Students' Socio-Emotional Skills: Do the Levels of Big Five Personality Traits and Their Associations With Academic Achievement Depend on Parental Socioeconomic Status?
260,770,574,2021,Frontiers in Psychology,Two Forms of Social Inequality in Students' Socio-Emotional Skills: Do the Levels of Big Five Personality Traits and Their Associations With Academic Achievement Depend on Parental Socioeconomic Status?
263,770,574,2021,Frontiers in Psychology,Two Forms of Social Inequality in Students' Socio-Emotional Skills: Do the Levels of Big Five Personality Traits and Their Associations With Academic Achievement Depend on Parental Socioeconomic Status?
260,263,574,2021,Frontiers in Psychology,Two Forms of Social Inequality in Students' Socio-Emotional Skills: Do the Levels of Big Five Personality Traits and Their Associations With Academic Achievement Depend on Parental Socioeconomic Status?
771,772,575,2024,Frontiers in Education,Interests and personality matter in the choice of teacher education program
771,773,575,2024,Frontiers in Education,Interests and personality matter in the choice of teacher education program
771,774,575,2024,Frontiers in Education,Interests and personality matter in the choice of teacher education program
771,775,575,2024,Frontiers in Education,Interests and personality matter in the choice of teacher education program
772,773,575,2024,Frontiers in Education,Interests and personality matter in the choice of teacher education program
772,774,575,2024,Frontiers in Education,Interests and personality matter in the choice of teacher education program
772,775,575,2024,Frontiers in Education,Interests and personality matter in the choice of teacher education program
773,774,575,2024,Frontiers in Education,Interests and personality matter in the choice of teacher education program
773,775,575,2024,Frontiers in Education,Interests and personality matter in the choice of teacher education program
774,775,575,2024,Frontiers in Education,Interests and personality matter in the choice of teacher education program
776,777,576,2023,Scientific Reports,Adolescent leisure reading and its longitudinal association with prosocial behavior and social adjustment
516,776,576,2023,Scientific Reports,Adolescent leisure reading and its longitudinal association with prosocial behavior and social adjustment
776,778,576,2023,Scientific Reports,Adolescent leisure reading and its longitudinal association with prosocial behavior and social adjustment
516,777,576,2023,Scientific Reports,Adolescent leisure reading and its longitudinal association with prosocial behavior and social adjustment
777,778,576,2023,Scientific Reports,Adolescent leisure reading and its longitudinal association with prosocial behavior and social adjustment
516,778,576,2023,Scientific Reports,Adolescent leisure reading and its longitudinal association with prosocial behavior and social adjustment
779,780,577,2020,American Sociological Review,The Variability of Occupational Attainment: How Prestige Trajectories Diversified within Birth Cohorts over the Twentieth Century
779,781,577,2020,American Sociological Review,The Variability of Occupational Attainment: How Prestige Trajectories Diversified within Birth Cohorts over the Twentieth Century
780,781,577,2020,American Sociological Review,The Variability of Occupational Attainment: How Prestige Trajectories Diversified within Birth Cohorts over the Twentieth Century
783,784,580,2022,Unknown,"The Dynamics of Marginalized Youth: Not in Education, Employment, or Training Around the World"
273,783,580,2022,Unknown,"The Dynamics of Marginalized Youth: Not in Education, Employment, or Training Around the World"
783,785,580,2022,Unknown,"The Dynamics of Marginalized Youth: Not in Education, Employment, or Training Around the World"
783,786,580,2022,Unknown,"The Dynamics of Marginalized Youth: Not in Education, Employment, or Training Around the World"
273,784,580,2022,Unknown,"The Dynamics of Marginalized Youth: Not in Education, Employment, or Training Around the World"
784,785,580,2022,Unknown,"The Dynamics of Marginalized Youth: Not in Education, Employment, or Training Around the World"
784,786,580,2022,Unknown,"The Dynamics of Marginalized Youth: Not in Education, Employment, or Training Around the World"
273,785,580,2022,Unknown,"The Dynamics of Marginalized Youth: Not in Education, Employment, or Training Around the World"
273,786,580,2022,Unknown,"The Dynamics of Marginalized Youth: Not in Education, Employment, or Training Around the World"
785,786,580,2022,Unknown,"The Dynamics of Marginalized Youth: Not in Education, Employment, or Training Around the World"
3,787,581,2021,Sociological Methodology,Comparing Groups of Life-Course Sequences Using the Bayesian Information Criterion and the Likelihood-Ratio Test
765,788,582,2021,Zeitschrift für Erziehungswissenschaft,"Assimiliert – Abitur, separiert – Hauptschulabschluss? Zum Zusammenhang zwischen Akkulturation und angestrebtem Schulabschluss"
765,789,582,2021,Zeitschrift für Erziehungswissenschaft,"Assimiliert – Abitur, separiert – Hauptschulabschluss? Zum Zusammenhang zwischen Akkulturation und angestrebtem Schulabschluss"
754,765,582,2021,Zeitschrift für Erziehungswissenschaft,"Assimiliert – Abitur, separiert – Hauptschulabschluss? Zum Zusammenhang zwischen Akkulturation und angestrebtem Schulabschluss"
788,789,582,2021,Zeitschrift für Erziehungswissenschaft,"Assimiliert – Abitur, separiert – Hauptschulabschluss? Zum Zusammenhang zwischen Akkulturation und angestrebtem Schulabschluss"
754,788,582,2021,Zeitschrift für Erziehungswissenschaft,"Assimiliert – Abitur, separiert – Hauptschulabschluss? Zum Zusammenhang zwischen Akkulturation und angestrebtem Schulabschluss"
754,789,582,2021,Zeitschrift für Erziehungswissenschaft,"Assimiliert – Abitur, separiert – Hauptschulabschluss? Zum Zusammenhang zwischen Akkulturation und angestrebtem Schulabschluss"
765,788,583,2021,Education Sciences,Exploring Academic Self-Concepts Depending on Acculturation Profile. Investigation of a Possible Factor for Immigrant Students’ School Success
765,789,583,2021,Education Sciences,Exploring Academic Self-Concepts Depending on Acculturation Profile. Investigation of a Possible Factor for Immigrant Students’ School Success
754,765,583,2021,Education Sciences,Exploring Academic Self-Concepts Depending on Acculturation Profile. Investigation of a Possible Factor for Immigrant Students’ School Success
788,789,583,2021,Education Sciences,Exploring Academic Self-Concepts Depending on Acculturation Profile. Investigation of a Possible Factor for Immigrant Students’ School Success
754,788,583,2021,Education Sciences,Exploring Academic Self-Concepts Depending on Acculturation Profile. Investigation of a Possible Factor for Immigrant Students’ School Success
754,789,583,2021,Education Sciences,Exploring Academic Self-Concepts Depending on Acculturation Profile. Investigation of a Possible Factor for Immigrant Students’ School Success
754,765,584,2019,Extended Education from an International Comparative Point of View,How Attendance of All-Day Schools in Germany Relates to Second Grade Foreign Language Students’ Reading Achievement in German in Primary School
389,790,585,2025,European Sociological Review,The gendered impact of parenthood on job-related training participation in Germany and the United Kingdom
180,182,586,2017,Journal for educational research online,Ausmaß und Verteilung sozioökonomischer und migrationsspezifischer Ungleichheiten im Sprachstand fünfjähriger Kindergartenkinder
297,481,587,2017,Interaktionsgestaltung in Familie und Kindertagesbetreuung,Bedingungen sensitiver Mutter-Kind-Interaktionen
297,791,587,2017,Interaktionsgestaltung in Familie und Kindertagesbetreuung,Bedingungen sensitiver Mutter-Kind-Interaktionen
481,791,587,2017,Interaktionsgestaltung in Familie und Kindertagesbetreuung,Bedingungen sensitiver Mutter-Kind-Interaktionen
294,297,588,2020,Early Child Development and Care,Differential effect of duration of early childcare under the age of three on socio-emotional outcomes
297,481,588,2020,Early Child Development and Care,Differential effect of duration of early childcare under the age of three on socio-emotional outcomes
83,297,588,2020,Early Child Development and Care,Differential effect of duration of early childcare under the age of three on socio-emotional outcomes
294,481,588,2020,Early Child Development and Care,Differential effect of duration of early childcare under the age of three on socio-emotional outcomes
83,294,588,2020,Early Child Development and Care,Differential effect of duration of early childcare under the age of three on socio-emotional outcomes
83,481,588,2020,Early Child Development and Care,Differential effect of duration of early childcare under the age of three on socio-emotional outcomes
297,298,589,2020,Frontiers in Psychology,The Early Years Home Learning Environment – Associations With Parent-Child-Course Attendance and Children’s Vocabulary at Age 3
83,297,589,2020,Frontiers in Psychology,The Early Years Home Learning Environment – Associations With Parent-Child-Course Attendance and Children’s Vocabulary at Age 3
83,298,589,2020,Frontiers in Psychology,The Early Years Home Learning Environment – Associations With Parent-Child-Course Attendance and Children’s Vocabulary at Age 3
296,297,590,2019,Early Child Development and Care,Quality of toddler childcare – Can it be assessed with questionnaires?
294,297,590,2019,Early Child Development and Care,Quality of toddler childcare – Can it be assessed with questionnaires?
297,481,590,2019,Early Child Development and Care,Quality of toddler childcare – Can it be assessed with questionnaires?
294,296,590,2019,Early Child Development and Care,Quality of toddler childcare – Can it be assessed with questionnaires?
296,481,590,2019,Early Child Development and Care,Quality of toddler childcare – Can it be assessed with questionnaires?
294,481,590,2019,Early Child Development and Care,Quality of toddler childcare – Can it be assessed with questionnaires?
180,183,592,2019,Social Science Research,Socioeconomic status gaps in child cognitive development in Germany and the United States
180,358,592,2019,Social Science Research,Socioeconomic status gaps in child cognitive development in Germany and the United States
180,794,592,2019,Social Science Research,Socioeconomic status gaps in child cognitive development in Germany and the United States
183,358,592,2019,Social Science Research,Socioeconomic status gaps in child cognitive development in Germany and the United States
183,794,592,2019,Social Science Research,Socioeconomic status gaps in child cognitive development in Germany and the United States
358,794,592,2019,Social Science Research,Socioeconomic status gaps in child cognitive development in Germany and the United States
131,180,593,2018,Zeitschrift für Erziehungswissenschaft,Vorzug Ganztagsschule? Zusammenhänge mit der Kompetenzentwicklung im Bereich Lesen und Mathematik
127,180,593,2018,Zeitschrift für Erziehungswissenschaft,Vorzug Ganztagsschule? Zusammenhänge mit der Kompetenzentwicklung im Bereich Lesen und Mathematik
127,131,593,2018,Zeitschrift für Erziehungswissenschaft,Vorzug Ganztagsschule? Zusammenhänge mit der Kompetenzentwicklung im Bereich Lesen und Mathematik
131,180,594,2019,Gute Ganztagsschulen entwickeln: Zwischenbilanz und Perspektiven,Zwischen Hoffnung und Realität: Die Wirkung von Ganztagsschule auf die Schülerkompetenzen in Lesen und Mathematik
127,180,594,2019,Gute Ganztagsschulen entwickeln: Zwischenbilanz und Perspektiven,Zwischen Hoffnung und Realität: Die Wirkung von Ganztagsschule auf die Schülerkompetenzen in Lesen und Mathematik
127,131,594,2019,Gute Ganztagsschulen entwickeln: Zwischenbilanz und Perspektiven,Zwischen Hoffnung und Realität: Die Wirkung von Ganztagsschule auf die Schülerkompetenzen in Lesen und Mathematik
795,796,596,2019,European Sociological Review,Parental Unemployment and the Transition to Vocational Training in Germany: Interaction of Household and Regional Sources of Disadvantage
88,797,597,2021,Frontiers in Psychology,"Differentiation and Grouping Practices as a Response to Heterogeneity – Teachers’ Implementation of Inclusive Teaching Approaches in Regular, Inclusive and Special Classrooms"
495,797,597,2021,Frontiers in Psychology,"Differentiation and Grouping Practices as a Response to Heterogeneity – Teachers’ Implementation of Inclusive Teaching Approaches in Regular, Inclusive and Special Classrooms"
493,797,597,2021,Frontiers in Psychology,"Differentiation and Grouping Practices as a Response to Heterogeneity – Teachers’ Implementation of Inclusive Teaching Approaches in Regular, Inclusive and Special Classrooms"
88,495,597,2021,Frontiers in Psychology,"Differentiation and Grouping Practices as a Response to Heterogeneity – Teachers’ Implementation of Inclusive Teaching Approaches in Regular, Inclusive and Special Classrooms"
88,493,597,2021,Frontiers in Psychology,"Differentiation and Grouping Practices as a Response to Heterogeneity – Teachers’ Implementation of Inclusive Teaching Approaches in Regular, Inclusive and Special Classrooms"
493,495,597,2021,Frontiers in Psychology,"Differentiation and Grouping Practices as a Response to Heterogeneity – Teachers’ Implementation of Inclusive Teaching Approaches in Regular, Inclusive and Special Classrooms"
63,308,598,2020,Soziale Welt,"Der Einfluss von schulischer, nachschulischer und Erwachsenenbildung auf die politische Partizipation. Ein integratives Modell unter Kontrolle des familiären Hintergrundes"
308,309,598,2020,Soziale Welt,"Der Einfluss von schulischer, nachschulischer und Erwachsenenbildung auf die politische Partizipation. Ein integratives Modell unter Kontrolle des familiären Hintergrundes"
308,798,598,2020,Soziale Welt,"Der Einfluss von schulischer, nachschulischer und Erwachsenenbildung auf die politische Partizipation. Ein integratives Modell unter Kontrolle des familiären Hintergrundes"
63,309,598,2020,Soziale Welt,"Der Einfluss von schulischer, nachschulischer und Erwachsenenbildung auf die politische Partizipation. Ein integratives Modell unter Kontrolle des familiären Hintergrundes"
63,798,598,2020,Soziale Welt,"Der Einfluss von schulischer, nachschulischer und Erwachsenenbildung auf die politische Partizipation. Ein integratives Modell unter Kontrolle des familiären Hintergrundes"
309,798,598,2020,Soziale Welt,"Der Einfluss von schulischer, nachschulischer und Erwachsenenbildung auf die politische Partizipation. Ein integratives Modell unter Kontrolle des familiären Hintergrundes"
63,308,599,2020,Monetäre und nicht monetäre Erträge von Weiterbildung,Weiterbildungserträge in Abhängigkeit unterschiedlicher Bildungsverläufe. Dargestellt am Beispiel der Wahlbeteiligung als zentraler Facette politischer Partizipation / Returns to further education depending on different educational pathways: the example of voter turnout as a central facet of political participation
308,309,599,2020,Monetäre und nicht monetäre Erträge von Weiterbildung,Weiterbildungserträge in Abhängigkeit unterschiedlicher Bildungsverläufe. Dargestellt am Beispiel der Wahlbeteiligung als zentraler Facette politischer Partizipation / Returns to further education depending on different educational pathways: the example of voter turnout as a central facet of political participation
308,798,599,2020,Monetäre und nicht monetäre Erträge von Weiterbildung,Weiterbildungserträge in Abhängigkeit unterschiedlicher Bildungsverläufe. Dargestellt am Beispiel der Wahlbeteiligung als zentraler Facette politischer Partizipation / Returns to further education depending on different educational pathways: the example of voter turnout as a central facet of political participation
63,309,599,2020,Monetäre und nicht monetäre Erträge von Weiterbildung,Weiterbildungserträge in Abhängigkeit unterschiedlicher Bildungsverläufe. Dargestellt am Beispiel der Wahlbeteiligung als zentraler Facette politischer Partizipation / Returns to further education depending on different educational pathways: the example of voter turnout as a central facet of political participation
63,798,599,2020,Monetäre und nicht monetäre Erträge von Weiterbildung,Weiterbildungserträge in Abhängigkeit unterschiedlicher Bildungsverläufe. Dargestellt am Beispiel der Wahlbeteiligung als zentraler Facette politischer Partizipation / Returns to further education depending on different educational pathways: the example of voter turnout as a central facet of political participation
309,798,599,2020,Monetäre und nicht monetäre Erträge von Weiterbildung,Weiterbildungserträge in Abhängigkeit unterschiedlicher Bildungsverläufe. Dargestellt am Beispiel der Wahlbeteiligung als zentraler Facette politischer Partizipation / Returns to further education depending on different educational pathways: the example of voter turnout as a central facet of political participation
799,800,600,2019,Diagnostica,Erfassung des Lesevolumens in Large-Scale Studien: Ein Vergleich von Globalurteil und textspezifischem Urteil
799,801,601,2019,AERA Open,The Relation Between Students’ Intrinsic Reading Motivation and Book Reading in Recreational and School Contexts
799,800,601,2019,AERA Open,The Relation Between Students’ Intrinsic Reading Motivation and Book Reading in Recreational and School Contexts
800,801,601,2019,AERA Open,The Relation Between Students’ Intrinsic Reading Motivation and Book Reading in Recreational and School Contexts
799,800,602,2020,Journal of Research in Reading,The relation between time spent reading and reading comprehension throughout the life course
81,425,603,2021,Frontiers in Psychology,Cognitive and Affective-Motivational Factors as Predictors of Students’ Home Learning During the School Lockdown
88,425,603,2021,Frontiers in Psychology,Cognitive and Affective-Motivational Factors as Predictors of Students’ Home Learning During the School Lockdown
87,425,603,2021,Frontiers in Psychology,Cognitive and Affective-Motivational Factors as Predictors of Students’ Home Learning During the School Lockdown
81,88,603,2021,Frontiers in Psychology,Cognitive and Affective-Motivational Factors as Predictors of Students’ Home Learning During the School Lockdown
81,87,603,2021,Frontiers in Psychology,Cognitive and Affective-Motivational Factors as Predictors of Students’ Home Learning During the School Lockdown
87,88,603,2021,Frontiers in Psychology,Cognitive and Affective-Motivational Factors as Predictors of Students’ Home Learning During the School Lockdown
425,562,604,2018,Zeitschrift für Entwicklungspsychologie und Pädagogische Psychologie,Kompetenztestung bei Grundschulkindern: Differenzielle Effekte unterschiedlicher Testbedingungen
55,425,604,2018,Zeitschrift für Entwicklungspsychologie und Pädagogische Psychologie,Kompetenztestung bei Grundschulkindern: Differenzielle Effekte unterschiedlicher Testbedingungen
55,562,604,2018,Zeitschrift für Entwicklungspsychologie und Pädagogische Psychologie,Kompetenztestung bei Grundschulkindern: Differenzielle Effekte unterschiedlicher Testbedingungen
425,562,605,2016,Methodological Issues of Longitudinal Surveys,Metacognitive Knowledge in Young Children: Development of a New Test Procedure for First Graders
425,554,605,2016,Methodological Issues of Longitudinal Surveys,Metacognitive Knowledge in Young Children: Development of a New Test Procedure for First Graders
83,425,605,2016,Methodological Issues of Longitudinal Surveys,Metacognitive Knowledge in Young Children: Development of a New Test Procedure for First Graders
554,562,605,2016,Methodological Issues of Longitudinal Surveys,Metacognitive Knowledge in Young Children: Development of a New Test Procedure for First Graders
83,562,605,2016,Methodological Issues of Longitudinal Surveys,Metacognitive Knowledge in Young Children: Development of a New Test Procedure for First Graders
83,554,605,2016,Methodological Issues of Longitudinal Surveys,Metacognitive Knowledge in Young Children: Development of a New Test Procedure for First Graders
143,802,606,2025,Kinder mit erhöhtem Risiko für Bildungsmisserfolg,Addressing the Heterogeneity of German Language Competence in Children with Immigrant Background: Patterns of Vocabulary Development from Age Three to Nine
568,802,607,2025,Research in Social Stratification and Mobility,Loss of Vocabulary Growth during Lockdown? Stability in Language Trajectories among bi- and monolingual Children during the School Closures 2020/2021
556,803,608,2023,Zeitschrift für Erziehungswissenschaft,Erwartete Schulprobleme als Folge der Corona-Schulschließungen im Frühjahr 2020 – Empirische Evidenz zur Bedeutung familialer Ressourcen mittels nichtlinearer Modellierung
556,804,608,2023,Zeitschrift für Erziehungswissenschaft,Erwartete Schulprobleme als Folge der Corona-Schulschließungen im Frühjahr 2020 – Empirische Evidenz zur Bedeutung familialer Ressourcen mittels nichtlinearer Modellierung
146,556,608,2023,Zeitschrift für Erziehungswissenschaft,Erwartete Schulprobleme als Folge der Corona-Schulschließungen im Frühjahr 2020 – Empirische Evidenz zur Bedeutung familialer Ressourcen mittels nichtlinearer Modellierung
556,805,608,2023,Zeitschrift für Erziehungswissenschaft,Erwartete Schulprobleme als Folge der Corona-Schulschließungen im Frühjahr 2020 – Empirische Evidenz zur Bedeutung familialer Ressourcen mittels nichtlinearer Modellierung
556,806,608,2023,Zeitschrift für Erziehungswissenschaft,Erwartete Schulprobleme als Folge der Corona-Schulschließungen im Frühjahr 2020 – Empirische Evidenz zur Bedeutung familialer Ressourcen mittels nichtlinearer Modellierung
803,804,608,2023,Zeitschrift für Erziehungswissenschaft,Erwartete Schulprobleme als Folge der Corona-Schulschließungen im Frühjahr 2020 – Empirische Evidenz zur Bedeutung familialer Ressourcen mittels nichtlinearer Modellierung
146,803,608,2023,Zeitschrift für Erziehungswissenschaft,Erwartete Schulprobleme als Folge der Corona-Schulschließungen im Frühjahr 2020 – Empirische Evidenz zur Bedeutung familialer Ressourcen mittels nichtlinearer Modellierung
803,805,608,2023,Zeitschrift für Erziehungswissenschaft,Erwartete Schulprobleme als Folge der Corona-Schulschließungen im Frühjahr 2020 – Empirische Evidenz zur Bedeutung familialer Ressourcen mittels nichtlinearer Modellierung
803,806,608,2023,Zeitschrift für Erziehungswissenschaft,Erwartete Schulprobleme als Folge der Corona-Schulschließungen im Frühjahr 2020 – Empirische Evidenz zur Bedeutung familialer Ressourcen mittels nichtlinearer Modellierung
146,804,608,2023,Zeitschrift für Erziehungswissenschaft,Erwartete Schulprobleme als Folge der Corona-Schulschließungen im Frühjahr 2020 – Empirische Evidenz zur Bedeutung familialer Ressourcen mittels nichtlinearer Modellierung
804,805,608,2023,Zeitschrift für Erziehungswissenschaft,Erwartete Schulprobleme als Folge der Corona-Schulschließungen im Frühjahr 2020 – Empirische Evidenz zur Bedeutung familialer Ressourcen mittels nichtlinearer Modellierung
804,806,608,2023,Zeitschrift für Erziehungswissenschaft,Erwartete Schulprobleme als Folge der Corona-Schulschließungen im Frühjahr 2020 – Empirische Evidenz zur Bedeutung familialer Ressourcen mittels nichtlinearer Modellierung
146,805,608,2023,Zeitschrift für Erziehungswissenschaft,Erwartete Schulprobleme als Folge der Corona-Schulschließungen im Frühjahr 2020 – Empirische Evidenz zur Bedeutung familialer Ressourcen mittels nichtlinearer Modellierung
146,806,608,2023,Zeitschrift für Erziehungswissenschaft,Erwartete Schulprobleme als Folge der Corona-Schulschließungen im Frühjahr 2020 – Empirische Evidenz zur Bedeutung familialer Ressourcen mittels nichtlinearer Modellierung
805,806,608,2023,Zeitschrift für Erziehungswissenschaft,Erwartete Schulprobleme als Folge der Corona-Schulschließungen im Frühjahr 2020 – Empirische Evidenz zur Bedeutung familialer Ressourcen mittels nichtlinearer Modellierung
556,639,609,2020,Journal for educational research online,Private tutoring as a means for maintaining social status
753,807,610,2016,Zeitschrift für Grundschulforschung: ZfG; Bildung im Elementar-und Primarbereich,Soziale Disparitäten im Vorschulalter und der Einfluss der Selbstregulation
807,808,610,2016,Zeitschrift für Grundschulforschung: ZfG; Bildung im Elementar-und Primarbereich,Soziale Disparitäten im Vorschulalter und der Einfluss der Selbstregulation
807,809,610,2016,Zeitschrift für Grundschulforschung: ZfG; Bildung im Elementar-und Primarbereich,Soziale Disparitäten im Vorschulalter und der Einfluss der Selbstregulation
753,808,610,2016,Zeitschrift für Grundschulforschung: ZfG; Bildung im Elementar-und Primarbereich,Soziale Disparitäten im Vorschulalter und der Einfluss der Selbstregulation
753,809,610,2016,Zeitschrift für Grundschulforschung: ZfG; Bildung im Elementar-und Primarbereich,Soziale Disparitäten im Vorschulalter und der Einfluss der Selbstregulation
808,809,610,2016,Zeitschrift für Grundschulforschung: ZfG; Bildung im Elementar-und Primarbereich,Soziale Disparitäten im Vorschulalter und der Einfluss der Selbstregulation
810,811,611,2025,"Work, Employment and Society",Computer Use and Digital Frustration in German Workplaces: Is There a Gendered Part-Time Gap?
813,814,613,2023,Applied Economics Letters,Gender role models and early-career decisions
813,815,613,2023,Applied Economics Letters,Gender role models and early-career decisions
814,815,613,2023,Applied Economics Letters,Gender role models and early-career decisions
26,27,614,2022,Behavior Research Methods,What makes domain knowledge difficult? Word usage frequency from SUBTLEX and dlexDB explains knowledge item difficulty
27,816,614,2022,Behavior Research Methods,What makes domain knowledge difficult? Word usage frequency from SUBTLEX and dlexDB explains knowledge item difficulty
27,28,614,2022,Behavior Research Methods,What makes domain knowledge difficult? Word usage frequency from SUBTLEX and dlexDB explains knowledge item difficulty
26,816,614,2022,Behavior Research Methods,What makes domain knowledge difficult? Word usage frequency from SUBTLEX and dlexDB explains knowledge item difficulty
26,28,614,2022,Behavior Research Methods,What makes domain knowledge difficult? Word usage frequency from SUBTLEX and dlexDB explains knowledge item difficulty
28,816,614,2022,Behavior Research Methods,What makes domain knowledge difficult? Word usage frequency from SUBTLEX and dlexDB explains knowledge item difficulty
817,818,615,2020,Soziale Welt,Familienkonstellation und Bildungserfolg
155,817,615,2020,Soziale Welt,Familienkonstellation und Bildungserfolg
155,818,615,2020,Soziale Welt,Familienkonstellation und Bildungserfolg
11,817,616,2019,Education as a Lifelong Process,Vocational Education and Training and Transitions into the Labor Market
274,817,616,2019,Education as a Lifelong Process,Vocational Education and Training and Transitions into the Labor Market
208,817,616,2019,Education as a Lifelong Process,Vocational Education and Training and Transitions into the Labor Market
21,817,616,2019,Education as a Lifelong Process,Vocational Education and Training and Transitions into the Labor Market
817,819,616,2019,Education as a Lifelong Process,Vocational Education and Training and Transitions into the Labor Market
19,817,616,2019,Education as a Lifelong Process,Vocational Education and Training and Transitions into the Labor Market
817,820,616,2019,Education as a Lifelong Process,Vocational Education and Training and Transitions into the Labor Market
250,817,616,2019,Education as a Lifelong Process,Vocational Education and Training and Transitions into the Labor Market
11,274,616,2019,Education as a Lifelong Process,Vocational Education and Training and Transitions into the Labor Market
11,208,616,2019,Education as a Lifelong Process,Vocational Education and Training and Transitions into the Labor Market
11,21,616,2019,Education as a Lifelong Process,Vocational Education and Training and Transitions into the Labor Market
11,819,616,2019,Education as a Lifelong Process,Vocational Education and Training and Transitions into the Labor Market
11,19,616,2019,Education as a Lifelong Process,Vocational Education and Training and Transitions into the Labor Market
11,820,616,2019,Education as a Lifelong Process,Vocational Education and Training and Transitions into the Labor Market
11,250,616,2019,Education as a Lifelong Process,Vocational Education and Training and Transitions into the Labor Market
208,274,616,2019,Education as a Lifelong Process,Vocational Education and Training and Transitions into the Labor Market
21,274,616,2019,Education as a Lifelong Process,Vocational Education and Training and Transitions into the Labor Market
274,819,616,2019,Education as a Lifelong Process,Vocational Education and Training and Transitions into the Labor Market
19,274,616,2019,Education as a Lifelong Process,Vocational Education and Training and Transitions into the Labor Market
274,820,616,2019,Education as a Lifelong Process,Vocational Education and Training and Transitions into the Labor Market
250,274,616,2019,Education as a Lifelong Process,Vocational Education and Training and Transitions into the Labor Market
21,208,616,2019,Education as a Lifelong Process,Vocational Education and Training and Transitions into the Labor Market
208,819,616,2019,Education as a Lifelong Process,Vocational Education and Training and Transitions into the Labor Market
19,208,616,2019,Education as a Lifelong Process,Vocational Education and Training and Transitions into the Labor Market
208,820,616,2019,Education as a Lifelong Process,Vocational Education and Training and Transitions into the Labor Market
208,250,616,2019,Education as a Lifelong Process,Vocational Education and Training and Transitions into the Labor Market
21,819,616,2019,Education as a Lifelong Process,Vocational Education and Training and Transitions into the Labor Market
19,21,616,2019,Education as a Lifelong Process,Vocational Education and Training and Transitions into the Labor Market
21,820,616,2019,Education as a Lifelong Process,Vocational Education and Training and Transitions into the Labor Market
21,250,616,2019,Education as a Lifelong Process,Vocational Education and Training and Transitions into the Labor Market
19,819,616,2019,Education as a Lifelong Process,Vocational Education and Training and Transitions into the Labor Market
819,820,616,2019,Education as a Lifelong Process,Vocational Education and Training and Transitions into the Labor Market
250,819,616,2019,Education as a Lifelong Process,Vocational Education and Training and Transitions into the Labor Market
19,820,616,2019,Education as a Lifelong Process,Vocational Education and Training and Transitions into the Labor Market
19,250,616,2019,Education as a Lifelong Process,Vocational Education and Training and Transitions into the Labor Market
250,820,616,2019,Education as a Lifelong Process,Vocational Education and Training and Transitions into the Labor Market
58,822,617,2019,Jahrbuch Schulleitung 2019,Bildung in Deutschland 2018: Zentrale Ergebnisse des 7. Nationalen Bildungsbericht unter besonderer Berücksichtigung des Schulsystems
58,173,617,2019,Jahrbuch Schulleitung 2019,Bildung in Deutschland 2018: Zentrale Ergebnisse des 7. Nationalen Bildungsbericht unter besonderer Berücksichtigung des Schulsystems
58,823,617,2019,Jahrbuch Schulleitung 2019,Bildung in Deutschland 2018: Zentrale Ergebnisse des 7. Nationalen Bildungsbericht unter besonderer Berücksichtigung des Schulsystems
173,822,617,2019,Jahrbuch Schulleitung 2019,Bildung in Deutschland 2018: Zentrale Ergebnisse des 7. Nationalen Bildungsbericht unter besonderer Berücksichtigung des Schulsystems
822,823,617,2019,Jahrbuch Schulleitung 2019,Bildung in Deutschland 2018: Zentrale Ergebnisse des 7. Nationalen Bildungsbericht unter besonderer Berücksichtigung des Schulsystems
173,823,617,2019,Jahrbuch Schulleitung 2019,Bildung in Deutschland 2018: Zentrale Ergebnisse des 7. Nationalen Bildungsbericht unter besonderer Berücksichtigung des Schulsystems
58,822,619,2019,Handbuch Bildungsarmut,Bildungsprozesse im Lebensverlauf: Der kontinuierliche Erwerb von allgemeinbildenden Bildungsabschlüssen
58,80,620,2019,Zeitschrift für Erziehungswissenschaft,Editorial „Strukturveränderungen in der beruflichen Ausbildung“
139,824,621,2016,Unknown,Methoden der Migrationsforschung
469,825,622,2019,Journal of Vocational Education & Training,Gendered occupational aspirations of boys and girls in Germany: the impact of local VET and labour markets
469,826,623,2018,Sequence Analysis and Related Approaches,"Glass Ceilings, Glass Escalators and Revolving Doors: Comparing Gendered Occupational Trajectories and the Upward Mobility of Men and Women in West Germany"
450,451,624,2024,Studies in Higher Education,"Social events, bridging courses, and academic skills trainings – participation in first-year courses and higher education dropout in Germany"
451,827,624,2024,Studies in Higher Education,"Social events, bridging courses, and academic skills trainings – participation in first-year courses and higher education dropout in Germany"
450,827,624,2024,Studies in Higher Education,"Social events, bridging courses, and academic skills trainings – participation in first-year courses and higher education dropout in Germany"
261,828,625,2021,International Journal of Social Research Methodology,Literacy skills predict probability of refusal in follow-up wave: evidence from two longitudinal assessment surveys
10,828,625,2021,International Journal of Social Research Methodology,Literacy skills predict probability of refusal in follow-up wave: evidence from two longitudinal assessment surveys
263,828,625,2021,International Journal of Social Research Methodology,Literacy skills predict probability of refusal in follow-up wave: evidence from two longitudinal assessment surveys
10,261,625,2021,International Journal of Social Research Methodology,Literacy skills predict probability of refusal in follow-up wave: evidence from two longitudinal assessment surveys
261,263,625,2021,International Journal of Social Research Methodology,Literacy skills predict probability of refusal in follow-up wave: evidence from two longitudinal assessment surveys
10,263,625,2021,International Journal of Social Research Methodology,Literacy skills predict probability of refusal in follow-up wave: evidence from two longitudinal assessment surveys
130,829,626,2018,Handbuch Kindheits- und Jugendsoziologie,Non-formale und informelle Bildung
691,695,628,2021,"Handbook of Computational Social Science, Volume 2",Using subgroup discovery and latent growth curve modeling to identify unusual developmental trajectories
695,831,628,2021,"Handbook of Computational Social Science, Volume 2",Using subgroup discovery and latent growth curve modeling to identify unusual developmental trajectories
695,832,628,2021,"Handbook of Computational Social Science, Volume 2",Using subgroup discovery and latent growth curve modeling to identify unusual developmental trajectories
691,831,628,2021,"Handbook of Computational Social Science, Volume 2",Using subgroup discovery and latent growth curve modeling to identify unusual developmental trajectories
691,832,628,2021,"Handbook of Computational Social Science, Volume 2",Using subgroup discovery and latent growth curve modeling to identify unusual developmental trajectories
831,832,628,2021,"Handbook of Computational Social Science, Volume 2",Using subgroup discovery and latent growth curve modeling to identify unusual developmental trajectories
28,224,629,2018,Unknown,Bedingungen erfolgreicher Bildungsverläufe in gesellschaftlicher Heterogenität: interdisziplinäre Forschungsbefunde und Perspektiven für Theorie und Praxis
28,833,629,2018,Unknown,Bedingungen erfolgreicher Bildungsverläufe in gesellschaftlicher Heterogenität: interdisziplinäre Forschungsbefunde und Perspektiven für Theorie und Praxis
28,834,629,2018,Unknown,Bedingungen erfolgreicher Bildungsverläufe in gesellschaftlicher Heterogenität: interdisziplinäre Forschungsbefunde und Perspektiven für Theorie und Praxis
28,835,629,2018,Unknown,Bedingungen erfolgreicher Bildungsverläufe in gesellschaftlicher Heterogenität: interdisziplinäre Forschungsbefunde und Perspektiven für Theorie und Praxis
224,833,629,2018,Unknown,Bedingungen erfolgreicher Bildungsverläufe in gesellschaftlicher Heterogenität: interdisziplinäre Forschungsbefunde und Perspektiven für Theorie und Praxis
224,834,629,2018,Unknown,Bedingungen erfolgreicher Bildungsverläufe in gesellschaftlicher Heterogenität: interdisziplinäre Forschungsbefunde und Perspektiven für Theorie und Praxis
224,835,629,2018,Unknown,Bedingungen erfolgreicher Bildungsverläufe in gesellschaftlicher Heterogenität: interdisziplinäre Forschungsbefunde und Perspektiven für Theorie und Praxis
833,834,629,2018,Unknown,Bedingungen erfolgreicher Bildungsverläufe in gesellschaftlicher Heterogenität: interdisziplinäre Forschungsbefunde und Perspektiven für Theorie und Praxis
833,835,629,2018,Unknown,Bedingungen erfolgreicher Bildungsverläufe in gesellschaftlicher Heterogenität: interdisziplinäre Forschungsbefunde und Perspektiven für Theorie und Praxis
834,835,629,2018,Unknown,Bedingungen erfolgreicher Bildungsverläufe in gesellschaftlicher Heterogenität: interdisziplinäre Forschungsbefunde und Perspektiven für Theorie und Praxis
28,244,630,2023,Unknown,Jahrbuch der Schulentwicklung. Band 23: 50 Jahre Schulentwicklung – Leitthemen der empirischen Bildungsforschung
28,836,630,2023,Unknown,Jahrbuch der Schulentwicklung. Band 23: 50 Jahre Schulentwicklung – Leitthemen der empirischen Bildungsforschung
28,133,630,2023,Unknown,Jahrbuch der Schulentwicklung. Band 23: 50 Jahre Schulentwicklung – Leitthemen der empirischen Bildungsforschung
28,837,630,2023,Unknown,Jahrbuch der Schulentwicklung. Band 23: 50 Jahre Schulentwicklung – Leitthemen der empirischen Bildungsforschung
28,838,630,2023,Unknown,Jahrbuch der Schulentwicklung. Band 23: 50 Jahre Schulentwicklung – Leitthemen der empirischen Bildungsforschung
28,373,630,2023,Unknown,Jahrbuch der Schulentwicklung. Band 23: 50 Jahre Schulentwicklung – Leitthemen der empirischen Bildungsforschung
244,836,630,2023,Unknown,Jahrbuch der Schulentwicklung. Band 23: 50 Jahre Schulentwicklung – Leitthemen der empirischen Bildungsforschung
133,244,630,2023,Unknown,Jahrbuch der Schulentwicklung. Band 23: 50 Jahre Schulentwicklung – Leitthemen der empirischen Bildungsforschung
244,837,630,2023,Unknown,Jahrbuch der Schulentwicklung. Band 23: 50 Jahre Schulentwicklung – Leitthemen der empirischen Bildungsforschung
244,838,630,2023,Unknown,Jahrbuch der Schulentwicklung. Band 23: 50 Jahre Schulentwicklung – Leitthemen der empirischen Bildungsforschung
244,373,630,2023,Unknown,Jahrbuch der Schulentwicklung. Band 23: 50 Jahre Schulentwicklung – Leitthemen der empirischen Bildungsforschung
133,836,630,2023,Unknown,Jahrbuch der Schulentwicklung. Band 23: 50 Jahre Schulentwicklung – Leitthemen der empirischen Bildungsforschung
836,837,630,2023,Unknown,Jahrbuch der Schulentwicklung. Band 23: 50 Jahre Schulentwicklung – Leitthemen der empirischen Bildungsforschung
836,838,630,2023,Unknown,Jahrbuch der Schulentwicklung. Band 23: 50 Jahre Schulentwicklung – Leitthemen der empirischen Bildungsforschung
373,836,630,2023,Unknown,Jahrbuch der Schulentwicklung. Band 23: 50 Jahre Schulentwicklung – Leitthemen der empirischen Bildungsforschung
133,837,630,2023,Unknown,Jahrbuch der Schulentwicklung. Band 23: 50 Jahre Schulentwicklung – Leitthemen der empirischen Bildungsforschung
133,838,630,2023,Unknown,Jahrbuch der Schulentwicklung. Band 23: 50 Jahre Schulentwicklung – Leitthemen der empirischen Bildungsforschung
133,373,630,2023,Unknown,Jahrbuch der Schulentwicklung. Band 23: 50 Jahre Schulentwicklung – Leitthemen der empirischen Bildungsforschung
837,838,630,2023,Unknown,Jahrbuch der Schulentwicklung. Band 23: 50 Jahre Schulentwicklung – Leitthemen der empirischen Bildungsforschung
373,837,630,2023,Unknown,Jahrbuch der Schulentwicklung. Band 23: 50 Jahre Schulentwicklung – Leitthemen der empirischen Bildungsforschung
373,838,630,2023,Unknown,Jahrbuch der Schulentwicklung. Band 23: 50 Jahre Schulentwicklung – Leitthemen der empirischen Bildungsforschung
28,839,631,2025,Unknown,Jahrbuch der Schulentwicklung. Band 24: Bildungsprozesse und Kompetenzentwicklungen im Kontext sprachlicher und sozialer Heterogenität
28,840,631,2025,Unknown,Jahrbuch der Schulentwicklung. Band 24: Bildungsprozesse und Kompetenzentwicklungen im Kontext sprachlicher und sozialer Heterogenität
28,133,631,2025,Unknown,Jahrbuch der Schulentwicklung. Band 24: Bildungsprozesse und Kompetenzentwicklungen im Kontext sprachlicher und sozialer Heterogenität
28,837,631,2025,Unknown,Jahrbuch der Schulentwicklung. Band 24: Bildungsprozesse und Kompetenzentwicklungen im Kontext sprachlicher und sozialer Heterogenität
28,841,631,2025,Unknown,Jahrbuch der Schulentwicklung. Band 24: Bildungsprozesse und Kompetenzentwicklungen im Kontext sprachlicher und sozialer Heterogenität
28,842,631,2025,Unknown,Jahrbuch der Schulentwicklung. Band 24: Bildungsprozesse und Kompetenzentwicklungen im Kontext sprachlicher und sozialer Heterogenität
839,840,631,2025,Unknown,Jahrbuch der Schulentwicklung. Band 24: Bildungsprozesse und Kompetenzentwicklungen im Kontext sprachlicher und sozialer Heterogenität
133,839,631,2025,Unknown,Jahrbuch der Schulentwicklung. Band 24: Bildungsprozesse und Kompetenzentwicklungen im Kontext sprachlicher und sozialer Heterogenität
837,839,631,2025,Unknown,Jahrbuch der Schulentwicklung. Band 24: Bildungsprozesse und Kompetenzentwicklungen im Kontext sprachlicher und sozialer Heterogenität
839,841,631,2025,Unknown,Jahrbuch der Schulentwicklung. Band 24: Bildungsprozesse und Kompetenzentwicklungen im Kontext sprachlicher und sozialer Heterogenität
839,842,631,2025,Unknown,Jahrbuch der Schulentwicklung. Band 24: Bildungsprozesse und Kompetenzentwicklungen im Kontext sprachlicher und sozialer Heterogenität
133,840,631,2025,Unknown,Jahrbuch der Schulentwicklung. Band 24: Bildungsprozesse und Kompetenzentwicklungen im Kontext sprachlicher und sozialer Heterogenität
837,840,631,2025,Unknown,Jahrbuch der Schulentwicklung. Band 24: Bildungsprozesse und Kompetenzentwicklungen im Kontext sprachlicher und sozialer Heterogenität
840,841,631,2025,Unknown,Jahrbuch der Schulentwicklung. Band 24: Bildungsprozesse und Kompetenzentwicklungen im Kontext sprachlicher und sozialer Heterogenität
840,842,631,2025,Unknown,Jahrbuch der Schulentwicklung. Band 24: Bildungsprozesse und Kompetenzentwicklungen im Kontext sprachlicher und sozialer Heterogenität
133,837,631,2025,Unknown,Jahrbuch der Schulentwicklung. Band 24: Bildungsprozesse und Kompetenzentwicklungen im Kontext sprachlicher und sozialer Heterogenität
133,841,631,2025,Unknown,Jahrbuch der Schulentwicklung. Band 24: Bildungsprozesse und Kompetenzentwicklungen im Kontext sprachlicher und sozialer Heterogenität
133,842,631,2025,Unknown,Jahrbuch der Schulentwicklung. Band 24: Bildungsprozesse und Kompetenzentwicklungen im Kontext sprachlicher und sozialer Heterogenität
837,841,631,2025,Unknown,Jahrbuch der Schulentwicklung. Band 24: Bildungsprozesse und Kompetenzentwicklungen im Kontext sprachlicher und sozialer Heterogenität
837,842,631,2025,Unknown,Jahrbuch der Schulentwicklung. Band 24: Bildungsprozesse und Kompetenzentwicklungen im Kontext sprachlicher und sozialer Heterogenität
841,842,631,2025,Unknown,Jahrbuch der Schulentwicklung. Band 24: Bildungsprozesse und Kompetenzentwicklungen im Kontext sprachlicher und sozialer Heterogenität
843,844,632,2021,British Educational Research Journal,Geographical mobility and children’s non‐completion of upper secondary education in Finland and Germany: Do parental resources matter?
221,843,632,2021,British Educational Research Journal,Geographical mobility and children’s non‐completion of upper secondary education in Finland and Germany: Do parental resources matter?
843,845,632,2021,British Educational Research Journal,Geographical mobility and children’s non‐completion of upper secondary education in Finland and Germany: Do parental resources matter?
221,844,632,2021,British Educational Research Journal,Geographical mobility and children’s non‐completion of upper secondary education in Finland and Germany: Do parental resources matter?
844,845,632,2021,British Educational Research Journal,Geographical mobility and children’s non‐completion of upper secondary education in Finland and Germany: Do parental resources matter?
221,845,632,2021,British Educational Research Journal,Geographical mobility and children’s non‐completion of upper secondary education in Finland and Germany: Do parental resources matter?
846,847,633,2024,Journal of Personality Assessment,Perceiver Effects and Socioeconomic Background: Contrasting Parent-Reports against Teacher-Reports of Elementary School Students’ Personality
739,846,634,2025,European Journal of Personality,Personality in the classroom: Interactions of parental SES and students’ Big Five in predicting school performance
846,848,634,2025,European Journal of Personality,Personality in the classroom: Interactions of parental SES and students’ Big Five in predicting school performance
846,849,634,2025,European Journal of Personality,Personality in the classroom: Interactions of parental SES and students’ Big Five in predicting school performance
846,850,634,2025,European Journal of Personality,Personality in the classroom: Interactions of parental SES and students’ Big Five in predicting school performance
739,848,634,2025,European Journal of Personality,Personality in the classroom: Interactions of parental SES and students’ Big Five in predicting school performance
739,849,634,2025,European Journal of Personality,Personality in the classroom: Interactions of parental SES and students’ Big Five in predicting school performance
739,850,634,2025,European Journal of Personality,Personality in the classroom: Interactions of parental SES and students’ Big Five in predicting school performance
848,849,634,2025,European Journal of Personality,Personality in the classroom: Interactions of parental SES and students’ Big Five in predicting school performance
848,850,634,2025,European Journal of Personality,Personality in the classroom: Interactions of parental SES and students’ Big Five in predicting school performance
849,850,634,2025,European Journal of Personality,Personality in the classroom: Interactions of parental SES and students’ Big Five in predicting school performance
851,852,635,2020,Survey Methods: Insights from the Field,Fieldwork monitoring in practice: insights from 17 large-scale social science surveys in Germany
851,853,635,2020,Survey Methods: Insights from the Field,Fieldwork monitoring in practice: insights from 17 large-scale social science surveys in Germany
89,851,635,2020,Survey Methods: Insights from the Field,Fieldwork monitoring in practice: insights from 17 large-scale social science surveys in Germany
851,854,635,2020,Survey Methods: Insights from the Field,Fieldwork monitoring in practice: insights from 17 large-scale social science surveys in Germany
851,855,635,2020,Survey Methods: Insights from the Field,Fieldwork monitoring in practice: insights from 17 large-scale social science surveys in Germany
851,856,635,2020,Survey Methods: Insights from the Field,Fieldwork monitoring in practice: insights from 17 large-scale social science surveys in Germany
851,857,635,2020,Survey Methods: Insights from the Field,Fieldwork monitoring in practice: insights from 17 large-scale social science surveys in Germany
851,858,635,2020,Survey Methods: Insights from the Field,Fieldwork monitoring in practice: insights from 17 large-scale social science surveys in Germany
851,859,635,2020,Survey Methods: Insights from the Field,Fieldwork monitoring in practice: insights from 17 large-scale social science surveys in Germany
851,860,635,2020,Survey Methods: Insights from the Field,Fieldwork monitoring in practice: insights from 17 large-scale social science surveys in Germany
851,861,635,2020,Survey Methods: Insights from the Field,Fieldwork monitoring in practice: insights from 17 large-scale social science surveys in Germany
851,862,635,2020,Survey Methods: Insights from the Field,Fieldwork monitoring in practice: insights from 17 large-scale social science surveys in Germany
851,863,635,2020,Survey Methods: Insights from the Field,Fieldwork monitoring in practice: insights from 17 large-scale social science surveys in Germany
851,864,635,2020,Survey Methods: Insights from the Field,Fieldwork monitoring in practice: insights from 17 large-scale social science surveys in Germany
851,865,635,2020,Survey Methods: Insights from the Field,Fieldwork monitoring in practice: insights from 17 large-scale social science surveys in Germany
851,866,635,2020,Survey Methods: Insights from the Field,Fieldwork monitoring in practice: insights from 17 large-scale social science surveys in Germany
828,851,635,2020,Survey Methods: Insights from the Field,Fieldwork monitoring in practice: insights from 17 large-scale social science surveys in Germany
851,867,635,2020,Survey Methods: Insights from the Field,Fieldwork monitoring in practice: insights from 17 large-scale social science surveys in Germany
263,851,635,2020,Survey Methods: Insights from the Field,Fieldwork monitoring in practice: insights from 17 large-scale social science surveys in Germany
851,868,635,2020,Survey Methods: Insights from the Field,Fieldwork monitoring in practice: insights from 17 large-scale social science surveys in Germany
851,869,635,2020,Survey Methods: Insights from the Field,Fieldwork monitoring in practice: insights from 17 large-scale social science surveys in Germany
851,870,635,2020,Survey Methods: Insights from the Field,Fieldwork monitoring in practice: insights from 17 large-scale social science surveys in Germany
851,871,635,2020,Survey Methods: Insights from the Field,Fieldwork monitoring in practice: insights from 17 large-scale social science surveys in Germany
851,872,635,2020,Survey Methods: Insights from the Field,Fieldwork monitoring in practice: insights from 17 large-scale social science surveys in Germany
851,873,635,2020,Survey Methods: Insights from the Field,Fieldwork monitoring in practice: insights from 17 large-scale social science surveys in Germany
851,874,635,2020,Survey Methods: Insights from the Field,Fieldwork monitoring in practice: insights from 17 large-scale social science surveys in Germany
852,853,635,2020,Survey Methods: Insights from the Field,Fieldwork monitoring in practice: insights from 17 large-scale social science surveys in Germany
89,852,635,2020,Survey Methods: Insights from the Field,Fieldwork monitoring in practice: insights from 17 large-scale social science surveys in Germany
852,854,635,2020,Survey Methods: Insights from the Field,Fieldwork monitoring in practice: insights from 17 large-scale social science surveys in Germany
852,855,635,2020,Survey Methods: Insights from the Field,Fieldwork monitoring in practice: insights from 17 large-scale social science surveys in Germany
852,856,635,2020,Survey Methods: Insights from the Field,Fieldwork monitoring in practice: insights from 17 large-scale social science surveys in Germany
852,857,635,2020,Survey Methods: Insights from the Field,Fieldwork monitoring in practice: insights from 17 large-scale social science surveys in Germany
852,858,635,2020,Survey Methods: Insights from the Field,Fieldwork monitoring in practice: insights from 17 large-scale social science surveys in Germany
852,859,635,2020,Survey Methods: Insights from the Field,Fieldwork monitoring in practice: insights from 17 large-scale social science surveys in Germany
852,860,635,2020,Survey Methods: Insights from the Field,Fieldwork monitoring in practice: insights from 17 large-scale social science surveys in Germany
852,861,635,2020,Survey Methods: Insights from the Field,Fieldwork monitoring in practice: insights from 17 large-scale social science surveys in Germany
852,862,635,2020,Survey Methods: Insights from the Field,Fieldwork monitoring in practice: insights from 17 large-scale social science surveys in Germany
852,863,635,2020,Survey Methods: Insights from the Field,Fieldwork monitoring in practice: insights from 17 large-scale social science surveys in Germany
852,864,635,2020,Survey Methods: Insights from the Field,Fieldwork monitoring in practice: insights from 17 large-scale social science surveys in Germany
852,865,635,2020,Survey Methods: Insights from the Field,Fieldwork monitoring in practice: insights from 17 large-scale social science surveys in Germany
852,866,635,2020,Survey Methods: Insights from the Field,Fieldwork monitoring in practice: insights from 17 large-scale social science surveys in Germany
828,852,635,2020,Survey Methods: Insights from the Field,Fieldwork monitoring in practice: insights from 17 large-scale social science surveys in Germany
852,867,635,2020,Survey Methods: Insights from the Field,Fieldwork monitoring in practice: insights from 17 large-scale social science surveys in Germany
263,852,635,2020,Survey Methods: Insights from the Field,Fieldwork monitoring in practice: insights from 17 large-scale social science surveys in Germany
852,868,635,2020,Survey Methods: Insights from the Field,Fieldwork monitoring in practice: insights from 17 large-scale social science surveys in Germany
852,869,635,2020,Survey Methods: Insights from the Field,Fieldwork monitoring in practice: insights from 17 large-scale social science surveys in Germany
852,870,635,2020,Survey Methods: Insights from the Field,Fieldwork monitoring in practice: insights from 17 large-scale social science surveys in Germany
852,871,635,2020,Survey Methods: Insights from the Field,Fieldwork monitoring in practice: insights from 17 large-scale social science surveys in Germany
852,872,635,2020,Survey Methods: Insights from the Field,Fieldwork monitoring in practice: insights from 17 large-scale social science surveys in Germany
852,873,635,2020,Survey Methods: Insights from the Field,Fieldwork monitoring in practice: insights from 17 large-scale social science surveys in Germany
852,874,635,2020,Survey Methods: Insights from the Field,Fieldwork monitoring in practice: insights from 17 large-scale social science surveys in Germany
89,853,635,2020,Survey Methods: Insights from the Field,Fieldwork monitoring in practice: insights from 17 large-scale social science surveys in Germany
853,854,635,2020,Survey Methods: Insights from the Field,Fieldwork monitoring in practice: insights from 17 large-scale social science surveys in Germany
853,855,635,2020,Survey Methods: Insights from the Field,Fieldwork monitoring in practice: insights from 17 large-scale social science surveys in Germany
853,856,635,2020,Survey Methods: Insights from the Field,Fieldwork monitoring in practice: insights from 17 large-scale social science surveys in Germany
853,857,635,2020,Survey Methods: Insights from the Field,Fieldwork monitoring in practice: insights from 17 large-scale social science surveys in Germany
853,858,635,2020,Survey Methods: Insights from the Field,Fieldwork monitoring in practice: insights from 17 large-scale social science surveys in Germany
853,859,635,2020,Survey Methods: Insights from the Field,Fieldwork monitoring in practice: insights from 17 large-scale social science surveys in Germany
853,860,635,2020,Survey Methods: Insights from the Field,Fieldwork monitoring in practice: insights from 17 large-scale social science surveys in Germany
853,861,635,2020,Survey Methods: Insights from the Field,Fieldwork monitoring in practice: insights from 17 large-scale social science surveys in Germany
853,862,635,2020,Survey Methods: Insights from the Field,Fieldwork monitoring in practice: insights from 17 large-scale social science surveys in Germany
853,863,635,2020,Survey Methods: Insights from the Field,Fieldwork monitoring in practice: insights from 17 large-scale social science surveys in Germany
853,864,635,2020,Survey Methods: Insights from the Field,Fieldwork monitoring in practice: insights from 17 large-scale social science surveys in Germany
853,865,635,2020,Survey Methods: Insights from the Field,Fieldwork monitoring in practice: insights from 17 large-scale social science surveys in Germany
853,866,635,2020,Survey Methods: Insights from the Field,Fieldwork monitoring in practice: insights from 17 large-scale social science surveys in Germany
828,853,635,2020,Survey Methods: Insights from the Field,Fieldwork monitoring in practice: insights from 17 large-scale social science surveys in Germany
853,867,635,2020,Survey Methods: Insights from the Field,Fieldwork monitoring in practice: insights from 17 large-scale social science surveys in Germany
263,853,635,2020,Survey Methods: Insights from the Field,Fieldwork monitoring in practice: insights from 17 large-scale social science surveys in Germany
853,868,635,2020,Survey Methods: Insights from the Field,Fieldwork monitoring in practice: insights from 17 large-scale social science surveys in Germany
853,869,635,2020,Survey Methods: Insights from the Field,Fieldwork monitoring in practice: insights from 17 large-scale social science surveys in Germany
853,870,635,2020,Survey Methods: Insights from the Field,Fieldwork monitoring in practice: insights from 17 large-scale social science surveys in Germany
853,871,635,2020,Survey Methods: Insights from the Field,Fieldwork monitoring in practice: insights from 17 large-scale social science surveys in Germany
853,872,635,2020,Survey Methods: Insights from the Field,Fieldwork monitoring in practice: insights from 17 large-scale social science surveys in Germany
853,873,635,2020,Survey Methods: Insights from the Field,Fieldwork monitoring in practice: insights from 17 large-scale social science surveys in Germany
853,874,635,2020,Survey Methods: Insights from the Field,Fieldwork monitoring in practice: insights from 17 large-scale social science surveys in Germany
89,854,635,2020,Survey Methods: Insights from the Field,Fieldwork monitoring in practice: insights from 17 large-scale social science surveys in Germany
89,855,635,2020,Survey Methods: Insights from the Field,Fieldwork monitoring in practice: insights from 17 large-scale social science surveys in Germany
89,856,635,2020,Survey Methods: Insights from the Field,Fieldwork monitoring in practice: insights from 17 large-scale social science surveys in Germany
89,857,635,2020,Survey Methods: Insights from the Field,Fieldwork monitoring in practice: insights from 17 large-scale social science surveys in Germany
89,858,635,2020,Survey Methods: Insights from the Field,Fieldwork monitoring in practice: insights from 17 large-scale social science surveys in Germany
89,859,635,2020,Survey Methods: Insights from the Field,Fieldwork monitoring in practice: insights from 17 large-scale social science surveys in Germany
89,860,635,2020,Survey Methods: Insights from the Field,Fieldwork monitoring in practice: insights from 17 large-scale social science surveys in Germany
89,861,635,2020,Survey Methods: Insights from the Field,Fieldwork monitoring in practice: insights from 17 large-scale social science surveys in Germany
89,862,635,2020,Survey Methods: Insights from the Field,Fieldwork monitoring in practice: insights from 17 large-scale social science surveys in Germany
89,863,635,2020,Survey Methods: Insights from the Field,Fieldwork monitoring in practice: insights from 17 large-scale social science surveys in Germany
89,864,635,2020,Survey Methods: Insights from the Field,Fieldwork monitoring in practice: insights from 17 large-scale social science surveys in Germany
89,865,635,2020,Survey Methods: Insights from the Field,Fieldwork monitoring in practice: insights from 17 large-scale social science surveys in Germany
89,866,635,2020,Survey Methods: Insights from the Field,Fieldwork monitoring in practice: insights from 17 large-scale social science surveys in Germany
89,828,635,2020,Survey Methods: Insights from the Field,Fieldwork monitoring in practice: insights from 17 large-scale social science surveys in Germany
89,867,635,2020,Survey Methods: Insights from the Field,Fieldwork monitoring in practice: insights from 17 large-scale social science surveys in Germany
89,263,635,2020,Survey Methods: Insights from the Field,Fieldwork monitoring in practice: insights from 17 large-scale social science surveys in Germany
89,868,635,2020,Survey Methods: Insights from the Field,Fieldwork monitoring in practice: insights from 17 large-scale social science surveys in Germany
89,869,635,2020,Survey Methods: Insights from the Field,Fieldwork monitoring in practice: insights from 17 large-scale social science surveys in Germany
89,870,635,2020,Survey Methods: Insights from the Field,Fieldwork monitoring in practice: insights from 17 large-scale social science surveys in Germany
89,871,635,2020,Survey Methods: Insights from the Field,Fieldwork monitoring in practice: insights from 17 large-scale social science surveys in Germany
89,872,635,2020,Survey Methods: Insights from the Field,Fieldwork monitoring in practice: insights from 17 large-scale social science surveys in Germany
89,873,635,2020,Survey Methods: Insights from the Field,Fieldwork monitoring in practice: insights from 17 large-scale social science surveys in Germany
89,874,635,2020,Survey Methods: Insights from the Field,Fieldwork monitoring in practice: insights from 17 large-scale social science surveys in Germany
854,855,635,2020,Survey Methods: Insights from the Field,Fieldwork monitoring in practice: insights from 17 large-scale social science surveys in Germany
854,856,635,2020,Survey Methods: Insights from the Field,Fieldwork monitoring in practice: insights from 17 large-scale social science surveys in Germany
854,857,635,2020,Survey Methods: Insights from the Field,Fieldwork monitoring in practice: insights from 17 large-scale social science surveys in Germany
854,858,635,2020,Survey Methods: Insights from the Field,Fieldwork monitoring in practice: insights from 17 large-scale social science surveys in Germany
854,859,635,2020,Survey Methods: Insights from the Field,Fieldwork monitoring in practice: insights from 17 large-scale social science surveys in Germany
854,860,635,2020,Survey Methods: Insights from the Field,Fieldwork monitoring in practice: insights from 17 large-scale social science surveys in Germany
854,861,635,2020,Survey Methods: Insights from the Field,Fieldwork monitoring in practice: insights from 17 large-scale social science surveys in Germany
854,862,635,2020,Survey Methods: Insights from the Field,Fieldwork monitoring in practice: insights from 17 large-scale social science surveys in Germany
854,863,635,2020,Survey Methods: Insights from the Field,Fieldwork monitoring in practice: insights from 17 large-scale social science surveys in Germany
854,864,635,2020,Survey Methods: Insights from the Field,Fieldwork monitoring in practice: insights from 17 large-scale social science surveys in Germany
854,865,635,2020,Survey Methods: Insights from the Field,Fieldwork monitoring in practice: insights from 17 large-scale social science surveys in Germany
854,866,635,2020,Survey Methods: Insights from the Field,Fieldwork monitoring in practice: insights from 17 large-scale social science surveys in Germany
828,854,635,2020,Survey Methods: Insights from the Field,Fieldwork monitoring in practice: insights from 17 large-scale social science surveys in Germany
854,867,635,2020,Survey Methods: Insights from the Field,Fieldwork monitoring in practice: insights from 17 large-scale social science surveys in Germany
263,854,635,2020,Survey Methods: Insights from the Field,Fieldwork monitoring in practice: insights from 17 large-scale social science surveys in Germany
854,868,635,2020,Survey Methods: Insights from the Field,Fieldwork monitoring in practice: insights from 17 large-scale social science surveys in Germany
854,869,635,2020,Survey Methods: Insights from the Field,Fieldwork monitoring in practice: insights from 17 large-scale social science surveys in Germany
854,870,635,2020,Survey Methods: Insights from the Field,Fieldwork monitoring in practice: insights from 17 large-scale social science surveys in Germany
854,871,635,2020,Survey Methods: Insights from the Field,Fieldwork monitoring in practice: insights from 17 large-scale social science surveys in Germany
854,872,635,2020,Survey Methods: Insights from the Field,Fieldwork monitoring in practice: insights from 17 large-scale social science surveys in Germany
854,873,635,2020,Survey Methods: Insights from the Field,Fieldwork monitoring in practice: insights from 17 large-scale social science surveys in Germany
854,874,635,2020,Survey Methods: Insights from the Field,Fieldwork monitoring in practice: insights from 17 large-scale social science surveys in Germany
855,856,635,2020,Survey Methods: Insights from the Field,Fieldwork monitoring in practice: insights from 17 large-scale social science surveys in Germany
855,857,635,2020,Survey Methods: Insights from the Field,Fieldwork monitoring in practice: insights from 17 large-scale social science surveys in Germany
855,858,635,2020,Survey Methods: Insights from the Field,Fieldwork monitoring in practice: insights from 17 large-scale social science surveys in Germany
855,859,635,2020,Survey Methods: Insights from the Field,Fieldwork monitoring in practice: insights from 17 large-scale social science surveys in Germany
855,860,635,2020,Survey Methods: Insights from the Field,Fieldwork monitoring in practice: insights from 17 large-scale social science surveys in Germany
855,861,635,2020,Survey Methods: Insights from the Field,Fieldwork monitoring in practice: insights from 17 large-scale social science surveys in Germany
855,862,635,2020,Survey Methods: Insights from the Field,Fieldwork monitoring in practice: insights from 17 large-scale social science surveys in Germany
855,863,635,2020,Survey Methods: Insights from the Field,Fieldwork monitoring in practice: insights from 17 large-scale social science surveys in Germany
855,864,635,2020,Survey Methods: Insights from the Field,Fieldwork monitoring in practice: insights from 17 large-scale social science surveys in Germany
855,865,635,2020,Survey Methods: Insights from the Field,Fieldwork monitoring in practice: insights from 17 large-scale social science surveys in Germany
855,866,635,2020,Survey Methods: Insights from the Field,Fieldwork monitoring in practice: insights from 17 large-scale social science surveys in Germany
828,855,635,2020,Survey Methods: Insights from the Field,Fieldwork monitoring in practice: insights from 17 large-scale social science surveys in Germany
855,867,635,2020,Survey Methods: Insights from the Field,Fieldwork monitoring in practice: insights from 17 large-scale social science surveys in Germany
263,855,635,2020,Survey Methods: Insights from the Field,Fieldwork monitoring in practice: insights from 17 large-scale social science surveys in Germany
855,868,635,2020,Survey Methods: Insights from the Field,Fieldwork monitoring in practice: insights from 17 large-scale social science surveys in Germany
855,869,635,2020,Survey Methods: Insights from the Field,Fieldwork monitoring in practice: insights from 17 large-scale social science surveys in Germany
855,870,635,2020,Survey Methods: Insights from the Field,Fieldwork monitoring in practice: insights from 17 large-scale social science surveys in Germany
855,871,635,2020,Survey Methods: Insights from the Field,Fieldwork monitoring in practice: insights from 17 large-scale social science surveys in Germany
855,872,635,2020,Survey Methods: Insights from the Field,Fieldwork monitoring in practice: insights from 17 large-scale social science surveys in Germany
855,873,635,2020,Survey Methods: Insights from the Field,Fieldwork monitoring in practice: insights from 17 large-scale social science surveys in Germany
855,874,635,2020,Survey Methods: Insights from the Field,Fieldwork monitoring in practice: insights from 17 large-scale social science surveys in Germany
856,857,635,2020,Survey Methods: Insights from the Field,Fieldwork monitoring in practice: insights from 17 large-scale social science surveys in Germany
856,858,635,2020,Survey Methods: Insights from the Field,Fieldwork monitoring in practice: insights from 17 large-scale social science surveys in Germany
856,859,635,2020,Survey Methods: Insights from the Field,Fieldwork monitoring in practice: insights from 17 large-scale social science surveys in Germany
856,860,635,2020,Survey Methods: Insights from the Field,Fieldwork monitoring in practice: insights from 17 large-scale social science surveys in Germany
856,861,635,2020,Survey Methods: Insights from the Field,Fieldwork monitoring in practice: insights from 17 large-scale social science surveys in Germany
856,862,635,2020,Survey Methods: Insights from the Field,Fieldwork monitoring in practice: insights from 17 large-scale social science surveys in Germany
856,863,635,2020,Survey Methods: Insights from the Field,Fieldwork monitoring in practice: insights from 17 large-scale social science surveys in Germany
856,864,635,2020,Survey Methods: Insights from the Field,Fieldwork monitoring in practice: insights from 17 large-scale social science surveys in Germany
856,865,635,2020,Survey Methods: Insights from the Field,Fieldwork monitoring in practice: insights from 17 large-scale social science surveys in Germany
856,866,635,2020,Survey Methods: Insights from the Field,Fieldwork monitoring in practice: insights from 17 large-scale social science surveys in Germany
828,856,635,2020,Survey Methods: Insights from the Field,Fieldwork monitoring in practice: insights from 17 large-scale social science surveys in Germany
856,867,635,2020,Survey Methods: Insights from the Field,Fieldwork monitoring in practice: insights from 17 large-scale social science surveys in Germany
263,856,635,2020,Survey Methods: Insights from the Field,Fieldwork monitoring in practice: insights from 17 large-scale social science surveys in Germany
856,868,635,2020,Survey Methods: Insights from the Field,Fieldwork monitoring in practice: insights from 17 large-scale social science surveys in Germany
856,869,635,2020,Survey Methods: Insights from the Field,Fieldwork monitoring in practice: insights from 17 large-scale social science surveys in Germany
856,870,635,2020,Survey Methods: Insights from the Field,Fieldwork monitoring in practice: insights from 17 large-scale social science surveys in Germany
856,871,635,2020,Survey Methods: Insights from the Field,Fieldwork monitoring in practice: insights from 17 large-scale social science surveys in Germany
856,872,635,2020,Survey Methods: Insights from the Field,Fieldwork monitoring in practice: insights from 17 large-scale social science surveys in Germany
856,873,635,2020,Survey Methods: Insights from the Field,Fieldwork monitoring in practice: insights from 17 large-scale social science surveys in Germany
856,874,635,2020,Survey Methods: Insights from the Field,Fieldwork monitoring in practice: insights from 17 large-scale social science surveys in Germany
857,858,635,2020,Survey Methods: Insights from the Field,Fieldwork monitoring in practice: insights from 17 large-scale social science surveys in Germany
857,859,635,2020,Survey Methods: Insights from the Field,Fieldwork monitoring in practice: insights from 17 large-scale social science surveys in Germany
857,860,635,2020,Survey Methods: Insights from the Field,Fieldwork monitoring in practice: insights from 17 large-scale social science surveys in Germany
857,861,635,2020,Survey Methods: Insights from the Field,Fieldwork monitoring in practice: insights from 17 large-scale social science surveys in Germany
857,862,635,2020,Survey Methods: Insights from the Field,Fieldwork monitoring in practice: insights from 17 large-scale social science surveys in Germany
857,863,635,2020,Survey Methods: Insights from the Field,Fieldwork monitoring in practice: insights from 17 large-scale social science surveys in Germany
857,864,635,2020,Survey Methods: Insights from the Field,Fieldwork monitoring in practice: insights from 17 large-scale social science surveys in Germany
857,865,635,2020,Survey Methods: Insights from the Field,Fieldwork monitoring in practice: insights from 17 large-scale social science surveys in Germany
857,866,635,2020,Survey Methods: Insights from the Field,Fieldwork monitoring in practice: insights from 17 large-scale social science surveys in Germany
828,857,635,2020,Survey Methods: Insights from the Field,Fieldwork monitoring in practice: insights from 17 large-scale social science surveys in Germany
857,867,635,2020,Survey Methods: Insights from the Field,Fieldwork monitoring in practice: insights from 17 large-scale social science surveys in Germany
263,857,635,2020,Survey Methods: Insights from the Field,Fieldwork monitoring in practice: insights from 17 large-scale social science surveys in Germany
857,868,635,2020,Survey Methods: Insights from the Field,Fieldwork monitoring in practice: insights from 17 large-scale social science surveys in Germany
857,869,635,2020,Survey Methods: Insights from the Field,Fieldwork monitoring in practice: insights from 17 large-scale social science surveys in Germany
857,870,635,2020,Survey Methods: Insights from the Field,Fieldwork monitoring in practice: insights from 17 large-scale social science surveys in Germany
857,871,635,2020,Survey Methods: Insights from the Field,Fieldwork monitoring in practice: insights from 17 large-scale social science surveys in Germany
857,872,635,2020,Survey Methods: Insights from the Field,Fieldwork monitoring in practice: insights from 17 large-scale social science surveys in Germany
857,873,635,2020,Survey Methods: Insights from the Field,Fieldwork monitoring in practice: insights from 17 large-scale social science surveys in Germany
857,874,635,2020,Survey Methods: Insights from the Field,Fieldwork monitoring in practice: insights from 17 large-scale social science surveys in Germany
858,859,635,2020,Survey Methods: Insights from the Field,Fieldwork monitoring in practice: insights from 17 large-scale social science surveys in Germany
858,860,635,2020,Survey Methods: Insights from the Field,Fieldwork monitoring in practice: insights from 17 large-scale social science surveys in Germany
858,861,635,2020,Survey Methods: Insights from the Field,Fieldwork monitoring in practice: insights from 17 large-scale social science surveys in Germany
858,862,635,2020,Survey Methods: Insights from the Field,Fieldwork monitoring in practice: insights from 17 large-scale social science surveys in Germany
858,863,635,2020,Survey Methods: Insights from the Field,Fieldwork monitoring in practice: insights from 17 large-scale social science surveys in Germany
858,864,635,2020,Survey Methods: Insights from the Field,Fieldwork monitoring in practice: insights from 17 large-scale social science surveys in Germany
858,865,635,2020,Survey Methods: Insights from the Field,Fieldwork monitoring in practice: insights from 17 large-scale social science surveys in Germany
858,866,635,2020,Survey Methods: Insights from the Field,Fieldwork monitoring in practice: insights from 17 large-scale social science surveys in Germany
828,858,635,2020,Survey Methods: Insights from the Field,Fieldwork monitoring in practice: insights from 17 large-scale social science surveys in Germany
858,867,635,2020,Survey Methods: Insights from the Field,Fieldwork monitoring in practice: insights from 17 large-scale social science surveys in Germany
263,858,635,2020,Survey Methods: Insights from the Field,Fieldwork monitoring in practice: insights from 17 large-scale social science surveys in Germany
858,868,635,2020,Survey Methods: Insights from the Field,Fieldwork monitoring in practice: insights from 17 large-scale social science surveys in Germany
858,869,635,2020,Survey Methods: Insights from the Field,Fieldwork monitoring in practice: insights from 17 large-scale social science surveys in Germany
858,870,635,2020,Survey Methods: Insights from the Field,Fieldwork monitoring in practice: insights from 17 large-scale social science surveys in Germany
858,871,635,2020,Survey Methods: Insights from the Field,Fieldwork monitoring in practice: insights from 17 large-scale social science surveys in Germany
858,872,635,2020,Survey Methods: Insights from the Field,Fieldwork monitoring in practice: insights from 17 large-scale social science surveys in Germany
858,873,635,2020,Survey Methods: Insights from the Field,Fieldwork monitoring in practice: insights from 17 large-scale social science surveys in Germany
858,874,635,2020,Survey Methods: Insights from the Field,Fieldwork monitoring in practice: insights from 17 large-scale social science surveys in Germany
859,860,635,2020,Survey Methods: Insights from the Field,Fieldwork monitoring in practice: insights from 17 large-scale social science surveys in Germany
859,861,635,2020,Survey Methods: Insights from the Field,Fieldwork monitoring in practice: insights from 17 large-scale social science surveys in Germany
859,862,635,2020,Survey Methods: Insights from the Field,Fieldwork monitoring in practice: insights from 17 large-scale social science surveys in Germany
859,863,635,2020,Survey Methods: Insights from the Field,Fieldwork monitoring in practice: insights from 17 large-scale social science surveys in Germany
859,864,635,2020,Survey Methods: Insights from the Field,Fieldwork monitoring in practice: insights from 17 large-scale social science surveys in Germany
859,865,635,2020,Survey Methods: Insights from the Field,Fieldwork monitoring in practice: insights from 17 large-scale social science surveys in Germany
859,866,635,2020,Survey Methods: Insights from the Field,Fieldwork monitoring in practice: insights from 17 large-scale social science surveys in Germany
828,859,635,2020,Survey Methods: Insights from the Field,Fieldwork monitoring in practice: insights from 17 large-scale social science surveys in Germany
859,867,635,2020,Survey Methods: Insights from the Field,Fieldwork monitoring in practice: insights from 17 large-scale social science surveys in Germany
263,859,635,2020,Survey Methods: Insights from the Field,Fieldwork monitoring in practice: insights from 17 large-scale social science surveys in Germany
859,868,635,2020,Survey Methods: Insights from the Field,Fieldwork monitoring in practice: insights from 17 large-scale social science surveys in Germany
859,869,635,2020,Survey Methods: Insights from the Field,Fieldwork monitoring in practice: insights from 17 large-scale social science surveys in Germany
859,870,635,2020,Survey Methods: Insights from the Field,Fieldwork monitoring in practice: insights from 17 large-scale social science surveys in Germany
859,871,635,2020,Survey Methods: Insights from the Field,Fieldwork monitoring in practice: insights from 17 large-scale social science surveys in Germany
859,872,635,2020,Survey Methods: Insights from the Field,Fieldwork monitoring in practice: insights from 17 large-scale social science surveys in Germany
859,873,635,2020,Survey Methods: Insights from the Field,Fieldwork monitoring in practice: insights from 17 large-scale social science surveys in Germany
859,874,635,2020,Survey Methods: Insights from the Field,Fieldwork monitoring in practice: insights from 17 large-scale social science surveys in Germany
860,861,635,2020,Survey Methods: Insights from the Field,Fieldwork monitoring in practice: insights from 17 large-scale social science surveys in Germany
860,862,635,2020,Survey Methods: Insights from the Field,Fieldwork monitoring in practice: insights from 17 large-scale social science surveys in Germany
860,863,635,2020,Survey Methods: Insights from the Field,Fieldwork monitoring in practice: insights from 17 large-scale social science surveys in Germany
860,864,635,2020,Survey Methods: Insights from the Field,Fieldwork monitoring in practice: insights from 17 large-scale social science surveys in Germany
860,865,635,2020,Survey Methods: Insights from the Field,Fieldwork monitoring in practice: insights from 17 large-scale social science surveys in Germany
860,866,635,2020,Survey Methods: Insights from the Field,Fieldwork monitoring in practice: insights from 17 large-scale social science surveys in Germany
828,860,635,2020,Survey Methods: Insights from the Field,Fieldwork monitoring in practice: insights from 17 large-scale social science surveys in Germany
860,867,635,2020,Survey Methods: Insights from the Field,Fieldwork monitoring in practice: insights from 17 large-scale social science surveys in Germany
263,860,635,2020,Survey Methods: Insights from the Field,Fieldwork monitoring in practice: insights from 17 large-scale social science surveys in Germany
860,868,635,2020,Survey Methods: Insights from the Field,Fieldwork monitoring in practice: insights from 17 large-scale social science surveys in Germany
860,869,635,2020,Survey Methods: Insights from the Field,Fieldwork monitoring in practice: insights from 17 large-scale social science surveys in Germany
860,870,635,2020,Survey Methods: Insights from the Field,Fieldwork monitoring in practice: insights from 17 large-scale social science surveys in Germany
860,871,635,2020,Survey Methods: Insights from the Field,Fieldwork monitoring in practice: insights from 17 large-scale social science surveys in Germany
860,872,635,2020,Survey Methods: Insights from the Field,Fieldwork monitoring in practice: insights from 17 large-scale social science surveys in Germany
860,873,635,2020,Survey Methods: Insights from the Field,Fieldwork monitoring in practice: insights from 17 large-scale social science surveys in Germany
860,874,635,2020,Survey Methods: Insights from the Field,Fieldwork monitoring in practice: insights from 17 large-scale social science surveys in Germany
861,862,635,2020,Survey Methods: Insights from the Field,Fieldwork monitoring in practice: insights from 17 large-scale social science surveys in Germany
861,863,635,2020,Survey Methods: Insights from the Field,Fieldwork monitoring in practice: insights from 17 large-scale social science surveys in Germany
861,864,635,2020,Survey Methods: Insights from the Field,Fieldwork monitoring in practice: insights from 17 large-scale social science surveys in Germany
861,865,635,2020,Survey Methods: Insights from the Field,Fieldwork monitoring in practice: insights from 17 large-scale social science surveys in Germany
861,866,635,2020,Survey Methods: Insights from the Field,Fieldwork monitoring in practice: insights from 17 large-scale social science surveys in Germany
828,861,635,2020,Survey Methods: Insights from the Field,Fieldwork monitoring in practice: insights from 17 large-scale social science surveys in Germany
861,867,635,2020,Survey Methods: Insights from the Field,Fieldwork monitoring in practice: insights from 17 large-scale social science surveys in Germany
263,861,635,2020,Survey Methods: Insights from the Field,Fieldwork monitoring in practice: insights from 17 large-scale social science surveys in Germany
861,868,635,2020,Survey Methods: Insights from the Field,Fieldwork monitoring in practice: insights from 17 large-scale social science surveys in Germany
861,869,635,2020,Survey Methods: Insights from the Field,Fieldwork monitoring in practice: insights from 17 large-scale social science surveys in Germany
861,870,635,2020,Survey Methods: Insights from the Field,Fieldwork monitoring in practice: insights from 17 large-scale social science surveys in Germany
861,871,635,2020,Survey Methods: Insights from the Field,Fieldwork monitoring in practice: insights from 17 large-scale social science surveys in Germany
861,872,635,2020,Survey Methods: Insights from the Field,Fieldwork monitoring in practice: insights from 17 large-scale social science surveys in Germany
861,873,635,2020,Survey Methods: Insights from the Field,Fieldwork monitoring in practice: insights from 17 large-scale social science surveys in Germany
861,874,635,2020,Survey Methods: Insights from the Field,Fieldwork monitoring in practice: insights from 17 large-scale social science surveys in Germany
862,863,635,2020,Survey Methods: Insights from the Field,Fieldwork monitoring in practice: insights from 17 large-scale social science surveys in Germany
862,864,635,2020,Survey Methods: Insights from the Field,Fieldwork monitoring in practice: insights from 17 large-scale social science surveys in Germany
862,865,635,2020,Survey Methods: Insights from the Field,Fieldwork monitoring in practice: insights from 17 large-scale social science surveys in Germany
862,866,635,2020,Survey Methods: Insights from the Field,Fieldwork monitoring in practice: insights from 17 large-scale social science surveys in Germany
828,862,635,2020,Survey Methods: Insights from the Field,Fieldwork monitoring in practice: insights from 17 large-scale social science surveys in Germany
862,867,635,2020,Survey Methods: Insights from the Field,Fieldwork monitoring in practice: insights from 17 large-scale social science surveys in Germany
263,862,635,2020,Survey Methods: Insights from the Field,Fieldwork monitoring in practice: insights from 17 large-scale social science surveys in Germany
862,868,635,2020,Survey Methods: Insights from the Field,Fieldwork monitoring in practice: insights from 17 large-scale social science surveys in Germany
862,869,635,2020,Survey Methods: Insights from the Field,Fieldwork monitoring in practice: insights from 17 large-scale social science surveys in Germany
862,870,635,2020,Survey Methods: Insights from the Field,Fieldwork monitoring in practice: insights from 17 large-scale social science surveys in Germany
862,871,635,2020,Survey Methods: Insights from the Field,Fieldwork monitoring in practice: insights from 17 large-scale social science surveys in Germany
862,872,635,2020,Survey Methods: Insights from the Field,Fieldwork monitoring in practice: insights from 17 large-scale social science surveys in Germany
862,873,635,2020,Survey Methods: Insights from the Field,Fieldwork monitoring in practice: insights from 17 large-scale social science surveys in Germany
862,874,635,2020,Survey Methods: Insights from the Field,Fieldwork monitoring in practice: insights from 17 large-scale social science surveys in Germany
863,864,635,2020,Survey Methods: Insights from the Field,Fieldwork monitoring in practice: insights from 17 large-scale social science surveys in Germany
863,865,635,2020,Survey Methods: Insights from the Field,Fieldwork monitoring in practice: insights from 17 large-scale social science surveys in Germany
863,866,635,2020,Survey Methods: Insights from the Field,Fieldwork monitoring in practice: insights from 17 large-scale social science surveys in Germany
828,863,635,2020,Survey Methods: Insights from the Field,Fieldwork monitoring in practice: insights from 17 large-scale social science surveys in Germany
863,867,635,2020,Survey Methods: Insights from the Field,Fieldwork monitoring in practice: insights from 17 large-scale social science surveys in Germany
263,863,635,2020,Survey Methods: Insights from the Field,Fieldwork monitoring in practice: insights from 17 large-scale social science surveys in Germany
863,868,635,2020,Survey Methods: Insights from the Field,Fieldwork monitoring in practice: insights from 17 large-scale social science surveys in Germany
863,869,635,2020,Survey Methods: Insights from the Field,Fieldwork monitoring in practice: insights from 17 large-scale social science surveys in Germany
863,870,635,2020,Survey Methods: Insights from the Field,Fieldwork monitoring in practice: insights from 17 large-scale social science surveys in Germany
863,871,635,2020,Survey Methods: Insights from the Field,Fieldwork monitoring in practice: insights from 17 large-scale social science surveys in Germany
863,872,635,2020,Survey Methods: Insights from the Field,Fieldwork monitoring in practice: insights from 17 large-scale social science surveys in Germany
863,873,635,2020,Survey Methods: Insights from the Field,Fieldwork monitoring in practice: insights from 17 large-scale social science surveys in Germany
863,874,635,2020,Survey Methods: Insights from the Field,Fieldwork monitoring in practice: insights from 17 large-scale social science surveys in Germany
864,865,635,2020,Survey Methods: Insights from the Field,Fieldwork monitoring in practice: insights from 17 large-scale social science surveys in Germany
864,866,635,2020,Survey Methods: Insights from the Field,Fieldwork monitoring in practice: insights from 17 large-scale social science surveys in Germany
828,864,635,2020,Survey Methods: Insights from the Field,Fieldwork monitoring in practice: insights from 17 large-scale social science surveys in Germany
864,867,635,2020,Survey Methods: Insights from the Field,Fieldwork monitoring in practice: insights from 17 large-scale social science surveys in Germany
263,864,635,2020,Survey Methods: Insights from the Field,Fieldwork monitoring in practice: insights from 17 large-scale social science surveys in Germany
864,868,635,2020,Survey Methods: Insights from the Field,Fieldwork monitoring in practice: insights from 17 large-scale social science surveys in Germany
864,869,635,2020,Survey Methods: Insights from the Field,Fieldwork monitoring in practice: insights from 17 large-scale social science surveys in Germany
864,870,635,2020,Survey Methods: Insights from the Field,Fieldwork monitoring in practice: insights from 17 large-scale social science surveys in Germany
864,871,635,2020,Survey Methods: Insights from the Field,Fieldwork monitoring in practice: insights from 17 large-scale social science surveys in Germany
864,872,635,2020,Survey Methods: Insights from the Field,Fieldwork monitoring in practice: insights from 17 large-scale social science surveys in Germany
864,873,635,2020,Survey Methods: Insights from the Field,Fieldwork monitoring in practice: insights from 17 large-scale social science surveys in Germany
864,874,635,2020,Survey Methods: Insights from the Field,Fieldwork monitoring in practice: insights from 17 large-scale social science surveys in Germany
865,866,635,2020,Survey Methods: Insights from the Field,Fieldwork monitoring in practice: insights from 17 large-scale social science surveys in Germany
828,865,635,2020,Survey Methods: Insights from the Field,Fieldwork monitoring in practice: insights from 17 large-scale social science surveys in Germany
865,867,635,2020,Survey Methods: Insights from the Field,Fieldwork monitoring in practice: insights from 17 large-scale social science surveys in Germany
263,865,635,2020,Survey Methods: Insights from the Field,Fieldwork monitoring in practice: insights from 17 large-scale social science surveys in Germany
865,868,635,2020,Survey Methods: Insights from the Field,Fieldwork monitoring in practice: insights from 17 large-scale social science surveys in Germany
865,869,635,2020,Survey Methods: Insights from the Field,Fieldwork monitoring in practice: insights from 17 large-scale social science surveys in Germany
865,870,635,2020,Survey Methods: Insights from the Field,Fieldwork monitoring in practice: insights from 17 large-scale social science surveys in Germany
865,871,635,2020,Survey Methods: Insights from the Field,Fieldwork monitoring in practice: insights from 17 large-scale social science surveys in Germany
865,872,635,2020,Survey Methods: Insights from the Field,Fieldwork monitoring in practice: insights from 17 large-scale social science surveys in Germany
865,873,635,2020,Survey Methods: Insights from the Field,Fieldwork monitoring in practice: insights from 17 large-scale social science surveys in Germany
865,874,635,2020,Survey Methods: Insights from the Field,Fieldwork monitoring in practice: insights from 17 large-scale social science surveys in Germany
828,866,635,2020,Survey Methods: Insights from the Field,Fieldwork monitoring in practice: insights from 17 large-scale social science surveys in Germany
866,867,635,2020,Survey Methods: Insights from the Field,Fieldwork monitoring in practice: insights from 17 large-scale social science surveys in Germany
263,866,635,2020,Survey Methods: Insights from the Field,Fieldwork monitoring in practice: insights from 17 large-scale social science surveys in Germany
866,868,635,2020,Survey Methods: Insights from the Field,Fieldwork monitoring in practice: insights from 17 large-scale social science surveys in Germany
866,869,635,2020,Survey Methods: Insights from the Field,Fieldwork monitoring in practice: insights from 17 large-scale social science surveys in Germany
866,870,635,2020,Survey Methods: Insights from the Field,Fieldwork monitoring in practice: insights from 17 large-scale social science surveys in Germany
866,871,635,2020,Survey Methods: Insights from the Field,Fieldwork monitoring in practice: insights from 17 large-scale social science surveys in Germany
866,872,635,2020,Survey Methods: Insights from the Field,Fieldwork monitoring in practice: insights from 17 large-scale social science surveys in Germany
866,873,635,2020,Survey Methods: Insights from the Field,Fieldwork monitoring in practice: insights from 17 large-scale social science surveys in Germany
866,874,635,2020,Survey Methods: Insights from the Field,Fieldwork monitoring in practice: insights from 17 large-scale social science surveys in Germany
828,867,635,2020,Survey Methods: Insights from the Field,Fieldwork monitoring in practice: insights from 17 large-scale social science surveys in Germany
263,828,635,2020,Survey Methods: Insights from the Field,Fieldwork monitoring in practice: insights from 17 large-scale social science surveys in Germany
828,868,635,2020,Survey Methods: Insights from the Field,Fieldwork monitoring in practice: insights from 17 large-scale social science surveys in Germany
828,869,635,2020,Survey Methods: Insights from the Field,Fieldwork monitoring in practice: insights from 17 large-scale social science surveys in Germany
828,870,635,2020,Survey Methods: Insights from the Field,Fieldwork monitoring in practice: insights from 17 large-scale social science surveys in Germany
828,871,635,2020,Survey Methods: Insights from the Field,Fieldwork monitoring in practice: insights from 17 large-scale social science surveys in Germany
828,872,635,2020,Survey Methods: Insights from the Field,Fieldwork monitoring in practice: insights from 17 large-scale social science surveys in Germany
828,873,635,2020,Survey Methods: Insights from the Field,Fieldwork monitoring in practice: insights from 17 large-scale social science surveys in Germany
828,874,635,2020,Survey Methods: Insights from the Field,Fieldwork monitoring in practice: insights from 17 large-scale social science surveys in Germany
263,867,635,2020,Survey Methods: Insights from the Field,Fieldwork monitoring in practice: insights from 17 large-scale social science surveys in Germany
867,868,635,2020,Survey Methods: Insights from the Field,Fieldwork monitoring in practice: insights from 17 large-scale social science surveys in Germany
867,869,635,2020,Survey Methods: Insights from the Field,Fieldwork monitoring in practice: insights from 17 large-scale social science surveys in Germany
867,870,635,2020,Survey Methods: Insights from the Field,Fieldwork monitoring in practice: insights from 17 large-scale social science surveys in Germany
867,871,635,2020,Survey Methods: Insights from the Field,Fieldwork monitoring in practice: insights from 17 large-scale social science surveys in Germany
867,872,635,2020,Survey Methods: Insights from the Field,Fieldwork monitoring in practice: insights from 17 large-scale social science surveys in Germany
867,873,635,2020,Survey Methods: Insights from the Field,Fieldwork monitoring in practice: insights from 17 large-scale social science surveys in Germany
867,874,635,2020,Survey Methods: Insights from the Field,Fieldwork monitoring in practice: insights from 17 large-scale social science surveys in Germany
263,868,635,2020,Survey Methods: Insights from the Field,Fieldwork monitoring in practice: insights from 17 large-scale social science surveys in Germany
263,869,635,2020,Survey Methods: Insights from the Field,Fieldwork monitoring in practice: insights from 17 large-scale social science surveys in Germany
263,870,635,2020,Survey Methods: Insights from the Field,Fieldwork monitoring in practice: insights from 17 large-scale social science surveys in Germany
263,871,635,2020,Survey Methods: Insights from the Field,Fieldwork monitoring in practice: insights from 17 large-scale social science surveys in Germany
263,872,635,2020,Survey Methods: Insights from the Field,Fieldwork monitoring in practice: insights from 17 large-scale social science surveys in Germany
263,873,635,2020,Survey Methods: Insights from the Field,Fieldwork monitoring in practice: insights from 17 large-scale social science surveys in Germany
263,874,635,2020,Survey Methods: Insights from the Field,Fieldwork monitoring in practice: insights from 17 large-scale social science surveys in Germany
868,869,635,2020,Survey Methods: Insights from the Field,Fieldwork monitoring in practice: insights from 17 large-scale social science surveys in Germany
868,870,635,2020,Survey Methods: Insights from the Field,Fieldwork monitoring in practice: insights from 17 large-scale social science surveys in Germany
868,871,635,2020,Survey Methods: Insights from the Field,Fieldwork monitoring in practice: insights from 17 large-scale social science surveys in Germany
868,872,635,2020,Survey Methods: Insights from the Field,Fieldwork monitoring in practice: insights from 17 large-scale social science surveys in Germany
868,873,635,2020,Survey Methods: Insights from the Field,Fieldwork monitoring in practice: insights from 17 large-scale social science surveys in Germany
868,874,635,2020,Survey Methods: Insights from the Field,Fieldwork monitoring in practice: insights from 17 large-scale social science surveys in Germany
869,870,635,2020,Survey Methods: Insights from the Field,Fieldwork monitoring in practice: insights from 17 large-scale social science surveys in Germany
869,871,635,2020,Survey Methods: Insights from the Field,Fieldwork monitoring in practice: insights from 17 large-scale social science surveys in Germany
869,872,635,2020,Survey Methods: Insights from the Field,Fieldwork monitoring in practice: insights from 17 large-scale social science surveys in Germany
869,873,635,2020,Survey Methods: Insights from the Field,Fieldwork monitoring in practice: insights from 17 large-scale social science surveys in Germany
869,874,635,2020,Survey Methods: Insights from the Field,Fieldwork monitoring in practice: insights from 17 large-scale social science surveys in Germany
870,871,635,2020,Survey Methods: Insights from the Field,Fieldwork monitoring in practice: insights from 17 large-scale social science surveys in Germany
870,872,635,2020,Survey Methods: Insights from the Field,Fieldwork monitoring in practice: insights from 17 large-scale social science surveys in Germany
870,873,635,2020,Survey Methods: Insights from the Field,Fieldwork monitoring in practice: insights from 17 large-scale social science surveys in Germany
870,874,635,2020,Survey Methods: Insights from the Field,Fieldwork monitoring in practice: insights from 17 large-scale social science surveys in Germany
871,872,635,2020,Survey Methods: Insights from the Field,Fieldwork monitoring in practice: insights from 17 large-scale social science surveys in Germany
871,873,635,2020,Survey Methods: Insights from the Field,Fieldwork monitoring in practice: insights from 17 large-scale social science surveys in Germany
871,874,635,2020,Survey Methods: Insights from the Field,Fieldwork monitoring in practice: insights from 17 large-scale social science surveys in Germany
872,873,635,2020,Survey Methods: Insights from the Field,Fieldwork monitoring in practice: insights from 17 large-scale social science surveys in Germany
872,874,635,2020,Survey Methods: Insights from the Field,Fieldwork monitoring in practice: insights from 17 large-scale social science surveys in Germany
873,874,635,2020,Survey Methods: Insights from the Field,Fieldwork monitoring in practice: insights from 17 large-scale social science surveys in Germany
484,875,636,2024,Digitalisierung der Arbeitswelten,Mixed-Method Approaches to Capture Digitalisation. The Case of Networked Digital Technology Permeation in German Hospitals
11,875,636,2024,Digitalisierung der Arbeitswelten,Mixed-Method Approaches to Capture Digitalisation. The Case of Networked Digital Technology Permeation in German Hospitals
11,484,636,2024,Digitalisierung der Arbeitswelten,Mixed-Method Approaches to Capture Digitalisation. The Case of Networked Digital Technology Permeation in German Hospitals
256,335,637,2018,Zeitschrift für Erziehungswissenschaft,Berufliche Selbstregulation von Lehrkräften: Überprüfung eines Kurzinstruments
335,876,639,2026,Teaching and Teacher Education,The potential of transformational leadership and self-regulation for enhanced occupational well-being among early-career teachers
335,877,640,2021,Zeitschrift für Erziehungswissenschaft,Überzeugungen und Selbstwirksamkeitserwartungen zum inklusiven Unterricht bei (angehenden) Lehrkräften: der Einfluss von Lerngelegenheiten
256,335,640,2021,Zeitschrift für Erziehungswissenschaft,Überzeugungen und Selbstwirksamkeitserwartungen zum inklusiven Unterricht bei (angehenden) Lehrkräften: der Einfluss von Lerngelegenheiten
256,877,640,2021,Zeitschrift für Erziehungswissenschaft,Überzeugungen und Selbstwirksamkeitserwartungen zum inklusiven Unterricht bei (angehenden) Lehrkräften: der Einfluss von Lerngelegenheiten
208,274,642,2023,Acta Sociologica,Long-term scarring from institutional labelling: The risk of NEET of students from schools for learning disability in Germany
11,208,642,2023,Acta Sociologica,Long-term scarring from institutional labelling: The risk of NEET of students from schools for learning disability in Germany
11,274,642,2023,Acta Sociologica,Long-term scarring from institutional labelling: The risk of NEET of students from schools for learning disability in Germany
208,878,643,2022,Sozialrecht + Praxis,Schwieriger Übergang in Ausbildung und Arbeitsmarkt
46,208,643,2022,Sozialrecht + Praxis,Schwieriger Übergang in Ausbildung und Arbeitsmarkt
11,208,643,2022,Sozialrecht + Praxis,Schwieriger Übergang in Ausbildung und Arbeitsmarkt
208,274,643,2022,Sozialrecht + Praxis,Schwieriger Übergang in Ausbildung und Arbeitsmarkt
46,878,643,2022,Sozialrecht + Praxis,Schwieriger Übergang in Ausbildung und Arbeitsmarkt
11,878,643,2022,Sozialrecht + Praxis,Schwieriger Übergang in Ausbildung und Arbeitsmarkt
274,878,643,2022,Sozialrecht + Praxis,Schwieriger Übergang in Ausbildung und Arbeitsmarkt
11,46,643,2022,Sozialrecht + Praxis,Schwieriger Übergang in Ausbildung und Arbeitsmarkt
46,274,643,2022,Sozialrecht + Praxis,Schwieriger Übergang in Ausbildung und Arbeitsmarkt
11,274,643,2022,Sozialrecht + Praxis,Schwieriger Übergang in Ausbildung und Arbeitsmarkt
208,635,644,2019,Zeitschrift für Erziehungswissenschaft,Was können Schulabgängerinnen und Schulabgänger ohne Mittleren Schulabschluss aus Übergangsmaßnahmen mitnehmen? Entwicklungen und Übergangschancen in Ausbildung
879,880,645,2020,Wirtschaftsdienst,Gleicht Schulbildung soziale Unterschiede aus?
269,879,645,2020,Wirtschaftsdienst,Gleicht Schulbildung soziale Unterschiede aus?
269,880,645,2020,Wirtschaftsdienst,Gleicht Schulbildung soziale Unterschiede aus?
21,881,646,2022,Research in Higher Education,"Individual Achievement, Person-Major Fit, or Social Expectations: Why Do Students Switch Majors in German Higher Education?"
881,882,646,2022,Research in Higher Education,"Individual Achievement, Person-Major Fit, or Social Expectations: Why Do Students Switch Majors in German Higher Education?"
21,882,646,2022,Research in Higher Education,"Individual Achievement, Person-Major Fit, or Social Expectations: Why Do Students Switch Majors in German Higher Education?"
307,883,647,2024,Empirical Research in Vocational Education and Training,Different dropout directions in vocational education and training: the role of the initiating party and trainees’ reasons for dropping out
307,884,648,2022,Empirical Research in Vocational Education and Training,Discontinuities in vocational education and training: the influence of early-risk factors and personality constructs on premature training termination and subsequent trajectories
63,307,649,2020,Digitale Welt: Herausforderungen für die berufliche Bildung und die Professionalität der Lehrenden,Indikatoren der Chancengerechtigkeit: Ein Vergleich migrationsbedingter Disparitäten zwischen amtlichen Daten und Survey-Daten.
307,883,650,2022,Frontiers in Psychology,Influence of Person-Vocation Fit on Satisfaction and Persistence in Vocational Training Programs
307,883,651,2024,Zeitschrift für Erziehungswissenschaft,Long-term effects of different VET-to-labor market transition patterns on subjective well-being
63,307,652,2022,Unknown,Nachschulische Bildungsverläufe in Deutschland: Schulentlassene zwischen institutionalisierten Idealwegen und schwierigen Umwegen
307,309,652,2022,Unknown,Nachschulische Bildungsverläufe in Deutschland: Schulentlassene zwischen institutionalisierten Idealwegen und schwierigen Umwegen
307,416,652,2022,Unknown,Nachschulische Bildungsverläufe in Deutschland: Schulentlassene zwischen institutionalisierten Idealwegen und schwierigen Umwegen
63,309,652,2022,Unknown,Nachschulische Bildungsverläufe in Deutschland: Schulentlassene zwischen institutionalisierten Idealwegen und schwierigen Umwegen
63,416,652,2022,Unknown,Nachschulische Bildungsverläufe in Deutschland: Schulentlassene zwischen institutionalisierten Idealwegen und schwierigen Umwegen
309,416,652,2022,Unknown,Nachschulische Bildungsverläufe in Deutschland: Schulentlassene zwischen institutionalisierten Idealwegen und schwierigen Umwegen
63,307,653,2021,International Journal for Research in Vocational Education and Training,Regional Disparities in the Training Market: Opportunities for Adolescents to Obtain a Company-Based Training Place Depending on Regional Training Market Conditions
885,886,654,2020,British Journal of Sociology of Education,Children’s conversion of cultural capital into educational success: the symbolic and skill-generating functions of cultural capital
151,885,654,2020,British Journal of Sociology of Education,Children’s conversion of cultural capital into educational success: the symbolic and skill-generating functions of cultural capital
151,886,654,2020,British Journal of Sociology of Education,Children’s conversion of cultural capital into educational success: the symbolic and skill-generating functions of cultural capital
885,886,655,2021,Research in Social Stratification and Mobility,Concerted cultivation in early childhood and social inequalities in cognitive skills: Evidence from a German panel study
151,885,655,2021,Research in Social Stratification and Mobility,Concerted cultivation in early childhood and social inequalities in cognitive skills: Evidence from a German panel study
151,886,655,2021,Research in Social Stratification and Mobility,Concerted cultivation in early childhood and social inequalities in cognitive skills: Evidence from a German panel study
80,164,656,2017,Social Inequality Across the Generations,Can adult education compensate for early disadvantages? The role of adult education in reducing inequalities for German men and women
80,164,657,2017,British Journal of Sociology of Education,From parents to children: the impact of mothers’ and fathers’ educational attainments on those of their sons and daughters in West Germany
21,887,658,2023,"International Journal of Gender, Science and Technology",Is there a “STEM Personality” in Germany?  Linking Personality Traits with STEM Occupational Aspirations in German Secondary Education
887,888,658,2023,"International Journal of Gender, Science and Technology",Is there a “STEM Personality” in Germany?  Linking Personality Traits with STEM Occupational Aspirations in German Secondary Education
21,888,658,2023,"International Journal of Gender, Science and Technology",Is there a “STEM Personality” in Germany?  Linking Personality Traits with STEM Occupational Aspirations in German Secondary Education
698,704,659,2025,European Journal of Higher Education,"Does the higher education experience affect political interest, efficacy, and participation? Comparing dropouts to graduates and ‘non-starters’"
704,705,659,2025,European Journal of Higher Education,"Does the higher education experience affect political interest, efficacy, and participation? Comparing dropouts to graduates and ‘non-starters’"
698,705,659,2025,European Journal of Higher Education,"Does the higher education experience affect political interest, efficacy, and participation? Comparing dropouts to graduates and ‘non-starters’"
704,705,660,2022,Studies in Higher Education,"Resources, norms, and dropout intentions of migrant students in Germany: the role of social networks and social capital"
155,768,661,2020,Journal of Adolescence,Developmental trajectories of the socioeconomic status of occupational aspirations during adolescence
422,768,662,2020,Journal of Ethnic and Migration Studies,Immigrant students’ achievements in light of their educational aspirations and academic motivation
423,768,662,2020,Journal of Ethnic and Migration Studies,Immigrant students’ achievements in light of their educational aspirations and academic motivation
422,423,662,2020,Journal of Ethnic and Migration Studies,Immigrant students’ achievements in light of their educational aspirations and academic motivation
768,800,663,2018,Journal of Research in Reading,Reciprocal relations between intrinsic reading motivation and reading competence: A comparison between native and immigrant students in Germany
55,768,663,2018,Journal of Research in Reading,Reciprocal relations between intrinsic reading motivation and reading competence: A comparison between native and immigrant students in Germany
55,800,663,2018,Journal of Research in Reading,Reciprocal relations between intrinsic reading motivation and reading competence: A comparison between native and immigrant students in Germany
768,800,664,2019,Scientific Studies of Reading,The Relationship Between Intrinsic Motivation and Reading Comprehension: Mediating Effects of Reading Amount and Metacognitive Knowledge of Strategy Use
55,768,664,2019,Scientific Studies of Reading,The Relationship Between Intrinsic Motivation and Reading Comprehension: Mediating Effects of Reading Amount and Metacognitive Knowledge of Strategy Use
55,800,664,2019,Scientific Studies of Reading,The Relationship Between Intrinsic Motivation and Reading Comprehension: Mediating Effects of Reading Amount and Metacognitive Knowledge of Strategy Use
425,889,666,2024,Learning and Individual Differences,"Elementary school students' metacognitive knowledge and its effects on teacher judgments, school track recommendations, and school transitions"
889,890,666,2024,Learning and Individual Differences,"Elementary school students' metacognitive knowledge and its effects on teacher judgments, school track recommendations, and school transitions"
425,890,666,2024,Learning and Individual Differences,"Elementary school students' metacognitive knowledge and its effects on teacher judgments, school track recommendations, and school transitions"
447,891,667,2025,Jahrbuch der Schulentwicklung. Band 24: Bildungsprozesse und Kompetenzentwicklungen im Kontext sprachlicher und sozialer Heterogenität,"Obtaining Abitur without teacher recommendation - The role of social background, opportunity costs, and motivation"
703,891,667,2025,Jahrbuch der Schulentwicklung. Band 24: Bildungsprozesse und Kompetenzentwicklungen im Kontext sprachlicher und sozialer Heterogenität,"Obtaining Abitur without teacher recommendation - The role of social background, opportunity costs, and motivation"
447,703,667,2025,Jahrbuch der Schulentwicklung. Band 24: Bildungsprozesse und Kompetenzentwicklungen im Kontext sprachlicher und sozialer Heterogenität,"Obtaining Abitur without teacher recommendation - The role of social background, opportunity costs, and motivation"
447,891,668,2022,Zeitschrift für Erziehungswissenschaft,Is the relation between family background and obtaining an Abitur mediated by malleable motivational variables?
891,892,668,2022,Zeitschrift für Erziehungswissenschaft,Is the relation between family background and obtaining an Abitur mediated by malleable motivational variables?
28,891,668,2022,Zeitschrift für Erziehungswissenschaft,Is the relation between family background and obtaining an Abitur mediated by malleable motivational variables?
447,892,668,2022,Zeitschrift für Erziehungswissenschaft,Is the relation between family background and obtaining an Abitur mediated by malleable motivational variables?
28,447,668,2022,Zeitschrift für Erziehungswissenschaft,Is the relation between family background and obtaining an Abitur mediated by malleable motivational variables?
28,892,668,2022,Zeitschrift für Erziehungswissenschaft,Is the relation between family background and obtaining an Abitur mediated by malleable motivational variables?
443,578,669,2023,Education Sciences,"Career Profiles of University Students: How STEM Students Distinguish Regarding Interests, Prestige and Sextype"
442,578,669,2023,Education Sciences,"Career Profiles of University Students: How STEM Students Distinguish Regarding Interests, Prestige and Sextype"
442,443,669,2023,Education Sciences,"Career Profiles of University Students: How STEM Students Distinguish Regarding Interests, Prestige and Sextype"
11,895,671,2015,AStA Wirtschafts- und Sozialstatistisches Archiv,Bildung und soziale Mobilität in Deutschland
867,896,672,2016,Methodological Issues of Longitudinal Surveys,Challenges in Gaining Access: The School Cohorts of the National Educational Panel Study
56,867,672,2016,Methodological Issues of Longitudinal Surveys,Challenges in Gaining Access: The School Cohorts of the National Educational Panel Study
56,896,672,2016,Methodological Issues of Longitudinal Surveys,Challenges in Gaining Access: The School Cohorts of the National Educational Panel Study
360,403,673,2019,Longitudinal and Life Course Studies,Economic roles and marriage timing: A cohort comparison between women and men in East and West Germany
698,705,674,2023,Research in Higher Education,Social Inequality in Dropout from Higher Education in Germany. Towards Combining the Student Integration Model and Rational Choice Theory
897,898,675,2016,Methodological Issues of Longitudinal Surveys,String Coding in a Generic Framework
54,897,675,2016,Methodological Issues of Longitudinal Surveys,String Coding in a Generic Framework
54,898,675,2016,Methodological Issues of Longitudinal Surveys,String Coding in a Generic Framework
574,899,676,2015,Sportwissenschaft,Das Verschwinden der Unterschiede: Partizipation am Sportverein der dritten Einwanderergeneration in Deutschland
900,901,678,2020,School Effectiveness and School Improvement,A review and evaluation of approaches to measure equity in educational outcomes
310,902,679,2024,PLOS ONE,Does chubby Can get lower grades than skinny Sophie? Using an intersectional approach to uncover grading bias in German secondary schools
55,610,682,2017,Diagnostica,Lernstrategiewissen im Bereich Englisch: Entwicklung und erste Validierung eines Tests für Schülerinnen und Schüler der frühen Sekundarstufe
610,903,682,2017,Diagnostica,Lernstrategiewissen im Bereich Englisch: Entwicklung und erste Validierung eines Tests für Schülerinnen und Schüler der frühen Sekundarstufe
55,903,682,2017,Diagnostica,Lernstrategiewissen im Bereich Englisch: Entwicklung und erste Validierung eines Tests für Schülerinnen und Schüler der frühen Sekundarstufe
699,904,684,2016,KZfSS Kölner Zeitschrift für Soziologie und Sozialpsychologie,Profitieren Kinder mit Migrationshintergrund von pädagogischen Fachkräften mit Migrationshintergrund?
34,699,685,2021,Unknown,Studienerfolg und Studienabbruch
238,699,685,2021,Unknown,Studienerfolg und Studienabbruch
34,238,685,2021,Unknown,Studienerfolg und Studienabbruch
377,699,686,2024,European Sociological Review,Two pandemic years greatly reduced young people’s life satisfaction: evidence from a comparison with pre-COVID-19 panel data
376,699,686,2024,European Sociological Review,Two pandemic years greatly reduced young people’s life satisfaction: evidence from a comparison with pre-COVID-19 panel data
699,878,686,2024,European Sociological Review,Two pandemic years greatly reduced young people’s life satisfaction: evidence from a comparison with pre-COVID-19 panel data
376,377,686,2024,European Sociological Review,Two pandemic years greatly reduced young people’s life satisfaction: evidence from a comparison with pre-COVID-19 panel data
377,878,686,2024,European Sociological Review,Two pandemic years greatly reduced young people’s life satisfaction: evidence from a comparison with pre-COVID-19 panel data
376,878,686,2024,European Sociological Review,Two pandemic years greatly reduced young people’s life satisfaction: evidence from a comparison with pre-COVID-19 panel data
361,382,687,2022,KZfSS Kölner Zeitschrift für Soziologie und Sozialpsychologie,Reducing or Widening the Gap? How the Educational Aspirations and Expectations of Turkish and Majority Families Develop During Lower Secondary Education in Germany
382,905,687,2022,KZfSS Kölner Zeitschrift für Soziologie und Sozialpsychologie,Reducing or Widening the Gap? How the Educational Aspirations and Expectations of Turkish and Majority Families Develop During Lower Secondary Education in Germany
382,742,687,2022,KZfSS Kölner Zeitschrift für Soziologie und Sozialpsychologie,Reducing or Widening the Gap? How the Educational Aspirations and Expectations of Turkish and Majority Families Develop During Lower Secondary Education in Germany
361,905,687,2022,KZfSS Kölner Zeitschrift für Soziologie und Sozialpsychologie,Reducing or Widening the Gap? How the Educational Aspirations and Expectations of Turkish and Majority Families Develop During Lower Secondary Education in Germany
361,742,687,2022,KZfSS Kölner Zeitschrift für Soziologie und Sozialpsychologie,Reducing or Widening the Gap? How the Educational Aspirations and Expectations of Turkish and Majority Families Develop During Lower Secondary Education in Germany
742,905,687,2022,KZfSS Kölner Zeitschrift für Soziologie und Sozialpsychologie,Reducing or Widening the Gap? How the Educational Aspirations and Expectations of Turkish and Majority Families Develop During Lower Secondary Education in Germany
382,742,688,2024,Research in Higher Education,Secondary Ethnic Effects in the Transition to Higher Education in Germany and Their Explanations
906,907,690,2021,Early Education and Development,Family Cohesion Facilitates Learning-Related Behaviors and Math Competency at the Transition to Elementary School
906,908,690,2021,Early Education and Development,Family Cohesion Facilitates Learning-Related Behaviors and Math Competency at the Transition to Elementary School
907,908,690,2021,Early Education and Development,Family Cohesion Facilitates Learning-Related Behaviors and Math Competency at the Transition to Elementary School
767,909,691,2020,Frontiers in Psychology,Big Five Personality Traits Predict Successful Transitions From School to Vocational Education and Training: A Large-Scale Study
909,910,691,2020,Frontiers in Psychology,Big Five Personality Traits Predict Successful Transitions From School to Vocational Education and Training: A Large-Scale Study
261,909,691,2020,Frontiers in Psychology,Big Five Personality Traits Predict Successful Transitions From School to Vocational Education and Training: A Large-Scale Study
767,910,691,2020,Frontiers in Psychology,Big Five Personality Traits Predict Successful Transitions From School to Vocational Education and Training: A Large-Scale Study
261,767,691,2020,Frontiers in Psychology,Big Five Personality Traits Predict Successful Transitions From School to Vocational Education and Training: A Large-Scale Study
261,910,691,2020,Frontiers in Psychology,Big Five Personality Traits Predict Successful Transitions From School to Vocational Education and Training: A Large-Scale Study
155,909,692,2022,Contemporary Educational Psychology,"“You can’t always get what you want”: Prevalence, magnitude, and predictors of the aspiration–attainment gap after the school-to-work transition"
909,911,692,2022,Contemporary Educational Psychology,"“You can’t always get what you want”: Prevalence, magnitude, and predictors of the aspiration–attainment gap after the school-to-work transition"
261,909,692,2022,Contemporary Educational Psychology,"“You can’t always get what you want”: Prevalence, magnitude, and predictors of the aspiration–attainment gap after the school-to-work transition"
155,911,692,2022,Contemporary Educational Psychology,"“You can’t always get what you want”: Prevalence, magnitude, and predictors of the aspiration–attainment gap after the school-to-work transition"
155,261,692,2022,Contemporary Educational Psychology,"“You can’t always get what you want”: Prevalence, magnitude, and predictors of the aspiration–attainment gap after the school-to-work transition"
261,911,692,2022,Contemporary Educational Psychology,"“You can’t always get what you want”: Prevalence, magnitude, and predictors of the aspiration–attainment gap after the school-to-work transition"
407,912,693,2015,Studies in Educational Evaluation,Comparing apples with oranges? An approach to link TIMSS and the National Educational Panel Study in Germany via equipercentile and IRT methods
36,912,693,2015,Studies in Educational Evaluation,Comparing apples with oranges? An approach to link TIMSS and the National Educational Panel Study in Germany via equipercentile and IRT methods
405,912,693,2015,Studies in Educational Evaluation,Comparing apples with oranges? An approach to link TIMSS and the National Educational Panel Study in Germany via equipercentile and IRT methods
36,407,693,2015,Studies in Educational Evaluation,Comparing apples with oranges? An approach to link TIMSS and the National Educational Panel Study in Germany via equipercentile and IRT methods
405,407,693,2015,Studies in Educational Evaluation,Comparing apples with oranges? An approach to link TIMSS and the National Educational Panel Study in Germany via equipercentile and IRT methods
36,405,693,2015,Studies in Educational Evaluation,Comparing apples with oranges? An approach to link TIMSS and the National Educational Panel Study in Germany via equipercentile and IRT methods
569,809,694,2023,Learning and Individual Differences,Parent and teacher judgments about children's mathematics and reading competencies in primary school: Do parent judgments associate with children's educational outcomes?
569,913,694,2023,Learning and Individual Differences,Parent and teacher judgments about children's mathematics and reading competencies in primary school: Do parent judgments associate with children's educational outcomes?
809,913,694,2023,Learning and Individual Differences,Parent and teacher judgments about children's mathematics and reading competencies in primary school: Do parent judgments associate with children's educational outcomes?
425,569,695,2022,European Journal of Psychology of Education,Reading comprehension of monolingual and bilingual children in primary school: the role of linguistic abilities and phonological processing skills
138,569,695,2022,European Journal of Psychology of Education,Reading comprehension of monolingual and bilingual children in primary school: the role of linguistic abilities and phonological processing skills
138,425,695,2022,European Journal of Psychology of Education,Reading comprehension of monolingual and bilingual children in primary school: the role of linguistic abilities and phonological processing skills
296,569,696,2022,Early Child Development and Care,Receptive vocabulary of preschool children with migration backgrounds: the effect of home literacy activities
88,495,697,2025,International Journal of Inclusive Education,Addressing heterogeneity in secondary education: who benefits from differentiated instruction in German classes?
83,88,698,2017,Journal of Cognitive Education and Psychology,Appropriate Test-Taking Instructions for Students With Special Educational Needs
83,88,700,2020,Schüler*innen mit sonderpädagogischem Förderbedarf in Schulleistungserhebungen: Einblicke und Entwicklungen,Machbarkeitsstudien an Förderschulen mit dem Schwerpunkt Lernen im Rahmen des Nationalen Bildungspanels (2010-2013): Ergebnisse und Resümee
55,88,700,2020,Schüler*innen mit sonderpädagogischem Förderbedarf in Schulleistungserhebungen: Einblicke und Entwicklungen,Machbarkeitsstudien an Förderschulen mit dem Schwerpunkt Lernen im Rahmen des Nationalen Bildungspanels (2010-2013): Ergebnisse und Resümee
70,88,700,2020,Schüler*innen mit sonderpädagogischem Förderbedarf in Schulleistungserhebungen: Einblicke und Entwicklungen,Machbarkeitsstudien an Förderschulen mit dem Schwerpunkt Lernen im Rahmen des Nationalen Bildungspanels (2010-2013): Ergebnisse und Resümee
55,83,700,2020,Schüler*innen mit sonderpädagogischem Förderbedarf in Schulleistungserhebungen: Einblicke und Entwicklungen,Machbarkeitsstudien an Förderschulen mit dem Schwerpunkt Lernen im Rahmen des Nationalen Bildungspanels (2010-2013): Ergebnisse und Resümee
70,83,700,2020,Schüler*innen mit sonderpädagogischem Förderbedarf in Schulleistungserhebungen: Einblicke und Entwicklungen,Machbarkeitsstudien an Förderschulen mit dem Schwerpunkt Lernen im Rahmen des Nationalen Bildungspanels (2010-2013): Ergebnisse und Resümee
55,70,700,2020,Schüler*innen mit sonderpädagogischem Förderbedarf in Schulleistungserhebungen: Einblicke und Entwicklungen,Machbarkeitsstudien an Förderschulen mit dem Schwerpunkt Lernen im Rahmen des Nationalen Bildungspanels (2010-2013): Ergebnisse und Resümee
87,88,701,2021,Schule während der Corona-Pandemie. Neue Ergebnisse und Überblick über ein dynamisches Forschungsfeld,Die Schulschließungen aus Sicht der Eltern. Ergebnisse des längsschnittlichen Nationalen Bildungspanels und seiner Covid-19-Zusatzbefragung
81,88,701,2021,Schule während der Corona-Pandemie. Neue Ergebnisse und Überblick über ein dynamisches Forschungsfeld,Die Schulschließungen aus Sicht der Eltern. Ergebnisse des längsschnittlichen Nationalen Bildungspanels und seiner Covid-19-Zusatzbefragung
88,477,701,2021,Schule während der Corona-Pandemie. Neue Ergebnisse und Überblick über ein dynamisches Forschungsfeld,Die Schulschließungen aus Sicht der Eltern. Ergebnisse des längsschnittlichen Nationalen Bildungspanels und seiner Covid-19-Zusatzbefragung
81,87,701,2021,Schule während der Corona-Pandemie. Neue Ergebnisse und Überblick über ein dynamisches Forschungsfeld,Die Schulschließungen aus Sicht der Eltern. Ergebnisse des längsschnittlichen Nationalen Bildungspanels und seiner Covid-19-Zusatzbefragung
87,477,701,2021,Schule während der Corona-Pandemie. Neue Ergebnisse und Überblick über ein dynamisches Forschungsfeld,Die Schulschließungen aus Sicht der Eltern. Ergebnisse des längsschnittlichen Nationalen Bildungspanels und seiner Covid-19-Zusatzbefragung
81,477,701,2021,Schule während der Corona-Pandemie. Neue Ergebnisse und Überblick über ein dynamisches Forschungsfeld,Die Schulschließungen aus Sicht der Eltern. Ergebnisse des längsschnittlichen Nationalen Bildungspanels und seiner Covid-19-Zusatzbefragung
87,88,702,2016,Empirische Pädagogik: EP; Zeitschrift zu Theorie und Praxis erziehungswissenschaftlicher Forschung,There’s plenty more fish in the sea: Das akademische Selbstkonzept von Schülerinnen und Schülern mit sonderpädagogischem Förderbedarf Lernen in integrativen und segregierten Schulsettings
88,563,703,2016,Methodological Issues of Longitudinal Surveys,Validity of Survey Data of Students with Special Educational Needs— Results From the National Educational Panel Study
300,914,704,2023,Indikatorenentwicklung im Feld der kulturellen Bildung (InKuBi): Konzeptionelle Grundlagen und erste Befunde,Gelegenheitsstrukturen. Ergebnisse zur Verfügbarkeit von Angebotsstrukturen und Personalressourcen der kulturellen Bildung
914,915,704,2023,Indikatorenentwicklung im Feld der kulturellen Bildung (InKuBi): Konzeptionelle Grundlagen und erste Befunde,Gelegenheitsstrukturen. Ergebnisse zur Verfügbarkeit von Angebotsstrukturen und Personalressourcen der kulturellen Bildung
173,914,704,2023,Indikatorenentwicklung im Feld der kulturellen Bildung (InKuBi): Konzeptionelle Grundlagen und erste Befunde,Gelegenheitsstrukturen. Ergebnisse zur Verfügbarkeit von Angebotsstrukturen und Personalressourcen der kulturellen Bildung
300,915,704,2023,Indikatorenentwicklung im Feld der kulturellen Bildung (InKuBi): Konzeptionelle Grundlagen und erste Befunde,Gelegenheitsstrukturen. Ergebnisse zur Verfügbarkeit von Angebotsstrukturen und Personalressourcen der kulturellen Bildung
173,300,704,2023,Indikatorenentwicklung im Feld der kulturellen Bildung (InKuBi): Konzeptionelle Grundlagen und erste Befunde,Gelegenheitsstrukturen. Ergebnisse zur Verfügbarkeit von Angebotsstrukturen und Personalressourcen der kulturellen Bildung
173,915,704,2023,Indikatorenentwicklung im Feld der kulturellen Bildung (InKuBi): Konzeptionelle Grundlagen und erste Befunde,Gelegenheitsstrukturen. Ergebnisse zur Verfügbarkeit von Angebotsstrukturen und Personalressourcen der kulturellen Bildung
269,916,705,2020,Economics of Education Review,Students’ behavioural responses to a fallback option - Evidence from introducing interim degrees in german schools
918,919,707,2021,Zeitschrift für Bildungsforschung,Entwicklung affektiv-motivationaler Merkmale am Übergang in die Sekundarstufe – Wie ergeht es bildungsbenachteiligten Kindern?
282,920,708,2022,Child Abuse & Neglect,Adversity in early childhood: Long-term effects on early academic skills
921,922,709,2022,Learning and Individual Differences,Examining moderators of vocabulary acquisition from kindergarten through elementary school using local structural equation modeling
921,923,709,2022,Learning and Individual Differences,Examining moderators of vocabulary acquisition from kindergarten through elementary school using local structural equation modeling
513,921,709,2022,Learning and Individual Differences,Examining moderators of vocabulary acquisition from kindergarten through elementary school using local structural equation modeling
922,923,709,2022,Learning and Individual Differences,Examining moderators of vocabulary acquisition from kindergarten through elementary school using local structural equation modeling
513,922,709,2022,Learning and Individual Differences,Examining moderators of vocabulary acquisition from kindergarten through elementary school using local structural equation modeling
513,923,709,2022,Learning and Individual Differences,Examining moderators of vocabulary acquisition from kindergarten through elementary school using local structural equation modeling
361,422,711,2016,Ethnische Ungleichheiten im Bildungsverlauf,Migranten und ihre Nachkommen im deutschen Bildungssystem: Ein aktueller Überblick
361,742,711,2016,Ethnische Ungleichheiten im Bildungsverlauf,Migranten und ihre Nachkommen im deutschen Bildungssystem: Ein aktueller Überblick
75,361,711,2016,Ethnische Ungleichheiten im Bildungsverlauf,Migranten und ihre Nachkommen im deutschen Bildungssystem: Ein aktueller Überblick
422,742,711,2016,Ethnische Ungleichheiten im Bildungsverlauf,Migranten und ihre Nachkommen im deutschen Bildungssystem: Ein aktueller Überblick
75,422,711,2016,Ethnische Ungleichheiten im Bildungsverlauf,Migranten und ihre Nachkommen im deutschen Bildungssystem: Ein aktueller Überblick
75,742,711,2016,Ethnische Ungleichheiten im Bildungsverlauf,Migranten und ihre Nachkommen im deutschen Bildungssystem: Ein aktueller Überblick
361,849,712,2025,KZfSS Kölner Zeitschrift für Soziologie und Sozialpsychologie,Social and Migration-Related Inequalities at the Transition from Primary to Lower Secondary Education in Germany: The Role of Parents’ Knowledge of the Education System
361,924,712,2025,KZfSS Kölner Zeitschrift für Soziologie und Sozialpsychologie,Social and Migration-Related Inequalities at the Transition from Primary to Lower Secondary Education in Germany: The Role of Parents’ Knowledge of the Education System
361,925,712,2025,KZfSS Kölner Zeitschrift für Soziologie und Sozialpsychologie,Social and Migration-Related Inequalities at the Transition from Primary to Lower Secondary Education in Germany: The Role of Parents’ Knowledge of the Education System
849,924,712,2025,KZfSS Kölner Zeitschrift für Soziologie und Sozialpsychologie,Social and Migration-Related Inequalities at the Transition from Primary to Lower Secondary Education in Germany: The Role of Parents’ Knowledge of the Education System
849,925,712,2025,KZfSS Kölner Zeitschrift für Soziologie und Sozialpsychologie,Social and Migration-Related Inequalities at the Transition from Primary to Lower Secondary Education in Germany: The Role of Parents’ Knowledge of the Education System
924,925,712,2025,KZfSS Kölner Zeitschrift für Soziologie und Sozialpsychologie,Social and Migration-Related Inequalities at the Transition from Primary to Lower Secondary Education in Germany: The Role of Parents’ Knowledge of the Education System
361,500,713,2023,Social Science Research,"Teacher judgements and gender achievement gaps in primary education in England, Germany, and the US"
183,361,713,2023,Social Science Research,"Teacher judgements and gender achievement gaps in primary education in England, Germany, and the US"
361,926,713,2023,Social Science Research,"Teacher judgements and gender achievement gaps in primary education in England, Germany, and the US"
357,361,713,2023,Social Science Research,"Teacher judgements and gender achievement gaps in primary education in England, Germany, and the US"
356,361,713,2023,Social Science Research,"Teacher judgements and gender achievement gaps in primary education in England, Germany, and the US"
359,361,713,2023,Social Science Research,"Teacher judgements and gender achievement gaps in primary education in England, Germany, and the US"
358,361,713,2023,Social Science Research,"Teacher judgements and gender achievement gaps in primary education in England, Germany, and the US"
183,500,713,2023,Social Science Research,"Teacher judgements and gender achievement gaps in primary education in England, Germany, and the US"
500,926,713,2023,Social Science Research,"Teacher judgements and gender achievement gaps in primary education in England, Germany, and the US"
357,500,713,2023,Social Science Research,"Teacher judgements and gender achievement gaps in primary education in England, Germany, and the US"
356,500,713,2023,Social Science Research,"Teacher judgements and gender achievement gaps in primary education in England, Germany, and the US"
359,500,713,2023,Social Science Research,"Teacher judgements and gender achievement gaps in primary education in England, Germany, and the US"
358,500,713,2023,Social Science Research,"Teacher judgements and gender achievement gaps in primary education in England, Germany, and the US"
183,926,713,2023,Social Science Research,"Teacher judgements and gender achievement gaps in primary education in England, Germany, and the US"
183,357,713,2023,Social Science Research,"Teacher judgements and gender achievement gaps in primary education in England, Germany, and the US"
183,356,713,2023,Social Science Research,"Teacher judgements and gender achievement gaps in primary education in England, Germany, and the US"
183,359,713,2023,Social Science Research,"Teacher judgements and gender achievement gaps in primary education in England, Germany, and the US"
183,358,713,2023,Social Science Research,"Teacher judgements and gender achievement gaps in primary education in England, Germany, and the US"
357,926,713,2023,Social Science Research,"Teacher judgements and gender achievement gaps in primary education in England, Germany, and the US"
356,926,713,2023,Social Science Research,"Teacher judgements and gender achievement gaps in primary education in England, Germany, and the US"
359,926,713,2023,Social Science Research,"Teacher judgements and gender achievement gaps in primary education in England, Germany, and the US"
358,926,713,2023,Social Science Research,"Teacher judgements and gender achievement gaps in primary education in England, Germany, and the US"
356,357,713,2023,Social Science Research,"Teacher judgements and gender achievement gaps in primary education in England, Germany, and the US"
357,359,713,2023,Social Science Research,"Teacher judgements and gender achievement gaps in primary education in England, Germany, and the US"
357,358,713,2023,Social Science Research,"Teacher judgements and gender achievement gaps in primary education in England, Germany, and the US"
356,359,713,2023,Social Science Research,"Teacher judgements and gender achievement gaps in primary education in England, Germany, and the US"
356,358,713,2023,Social Science Research,"Teacher judgements and gender achievement gaps in primary education in England, Germany, and the US"
358,359,713,2023,Social Science Research,"Teacher judgements and gender achievement gaps in primary education in England, Germany, and the US"
359,361,714,2023,Zeitschrift für Erziehungswissenschaft,"Teacher judgements, student social background, and student progress in primary school: a cross-country perspective"
361,501,714,2023,Zeitschrift für Erziehungswissenschaft,"Teacher judgements, student social background, and student progress in primary school: a cross-country perspective"
357,361,714,2023,Zeitschrift für Erziehungswissenschaft,"Teacher judgements, student social background, and student progress in primary school: a cross-country perspective"
183,361,714,2023,Zeitschrift für Erziehungswissenschaft,"Teacher judgements, student social background, and student progress in primary school: a cross-country perspective"
361,926,714,2023,Zeitschrift für Erziehungswissenschaft,"Teacher judgements, student social background, and student progress in primary school: a cross-country perspective"
358,361,714,2023,Zeitschrift für Erziehungswissenschaft,"Teacher judgements, student social background, and student progress in primary school: a cross-country perspective"
356,361,714,2023,Zeitschrift für Erziehungswissenschaft,"Teacher judgements, student social background, and student progress in primary school: a cross-country perspective"
359,501,714,2023,Zeitschrift für Erziehungswissenschaft,"Teacher judgements, student social background, and student progress in primary school: a cross-country perspective"
357,359,714,2023,Zeitschrift für Erziehungswissenschaft,"Teacher judgements, student social background, and student progress in primary school: a cross-country perspective"
183,359,714,2023,Zeitschrift für Erziehungswissenschaft,"Teacher judgements, student social background, and student progress in primary school: a cross-country perspective"
359,926,714,2023,Zeitschrift für Erziehungswissenschaft,"Teacher judgements, student social background, and student progress in primary school: a cross-country perspective"
358,359,714,2023,Zeitschrift für Erziehungswissenschaft,"Teacher judgements, student social background, and student progress in primary school: a cross-country perspective"
356,359,714,2023,Zeitschrift für Erziehungswissenschaft,"Teacher judgements, student social background, and student progress in primary school: a cross-country perspective"
357,501,714,2023,Zeitschrift für Erziehungswissenschaft,"Teacher judgements, student social background, and student progress in primary school: a cross-country perspective"
183,501,714,2023,Zeitschrift für Erziehungswissenschaft,"Teacher judgements, student social background, and student progress in primary school: a cross-country perspective"
501,926,714,2023,Zeitschrift für Erziehungswissenschaft,"Teacher judgements, student social background, and student progress in primary school: a cross-country perspective"
358,501,714,2023,Zeitschrift für Erziehungswissenschaft,"Teacher judgements, student social background, and student progress in primary school: a cross-country perspective"
356,501,714,2023,Zeitschrift für Erziehungswissenschaft,"Teacher judgements, student social background, and student progress in primary school: a cross-country perspective"
183,357,714,2023,Zeitschrift für Erziehungswissenschaft,"Teacher judgements, student social background, and student progress in primary school: a cross-country perspective"
357,926,714,2023,Zeitschrift für Erziehungswissenschaft,"Teacher judgements, student social background, and student progress in primary school: a cross-country perspective"
357,358,714,2023,Zeitschrift für Erziehungswissenschaft,"Teacher judgements, student social background, and student progress in primary school: a cross-country perspective"
356,357,714,2023,Zeitschrift für Erziehungswissenschaft,"Teacher judgements, student social background, and student progress in primary school: a cross-country perspective"
183,926,714,2023,Zeitschrift für Erziehungswissenschaft,"Teacher judgements, student social background, and student progress in primary school: a cross-country perspective"
183,358,714,2023,Zeitschrift für Erziehungswissenschaft,"Teacher judgements, student social background, and student progress in primary school: a cross-country perspective"
183,356,714,2023,Zeitschrift für Erziehungswissenschaft,"Teacher judgements, student social background, and student progress in primary school: a cross-country perspective"
358,926,714,2023,Zeitschrift für Erziehungswissenschaft,"Teacher judgements, student social background, and student progress in primary school: a cross-country perspective"
356,926,714,2023,Zeitschrift für Erziehungswissenschaft,"Teacher judgements, student social background, and student progress in primary school: a cross-country perspective"
356,358,714,2023,Zeitschrift für Erziehungswissenschaft,"Teacher judgements, student social background, and student progress in primary school: a cross-country perspective"
918,919,715,2022,European Journal of Psychology and Educational Research,"Relationships Between School Enjoyment, Social Integration, and Achievement at the Beginning of Primary School: Does Family Background Matter?"
295,927,716,2021,Frontiers in Psychology,"Changes in Parents’ Home Learning Activities With Their Children During the COVID-19 Lockdown – The Role of Parental Stress, Parents’ Self-Efficacy and Social Support"
295,928,716,2021,Frontiers in Psychology,"Changes in Parents’ Home Learning Activities With Their Children During the COVID-19 Lockdown – The Role of Parental Stress, Parents’ Self-Efficacy and Social Support"
294,295,716,2021,Frontiers in Psychology,"Changes in Parents’ Home Learning Activities With Their Children During the COVID-19 Lockdown – The Role of Parental Stress, Parents’ Self-Efficacy and Social Support"
33,295,716,2021,Frontiers in Psychology,"Changes in Parents’ Home Learning Activities With Their Children During the COVID-19 Lockdown – The Role of Parental Stress, Parents’ Self-Efficacy and Social Support"
927,928,716,2021,Frontiers in Psychology,"Changes in Parents’ Home Learning Activities With Their Children During the COVID-19 Lockdown – The Role of Parental Stress, Parents’ Self-Efficacy and Social Support"
294,927,716,2021,Frontiers in Psychology,"Changes in Parents’ Home Learning Activities With Their Children During the COVID-19 Lockdown – The Role of Parental Stress, Parents’ Self-Efficacy and Social Support"
33,927,716,2021,Frontiers in Psychology,"Changes in Parents’ Home Learning Activities With Their Children During the COVID-19 Lockdown – The Role of Parental Stress, Parents’ Self-Efficacy and Social Support"
294,928,716,2021,Frontiers in Psychology,"Changes in Parents’ Home Learning Activities With Their Children During the COVID-19 Lockdown – The Role of Parental Stress, Parents’ Self-Efficacy and Social Support"
33,928,716,2021,Frontiers in Psychology,"Changes in Parents’ Home Learning Activities With Their Children During the COVID-19 Lockdown – The Role of Parental Stress, Parents’ Self-Efficacy and Social Support"
33,294,716,2021,Frontiers in Psychology,"Changes in Parents’ Home Learning Activities With Their Children During the COVID-19 Lockdown – The Role of Parental Stress, Parents’ Self-Efficacy and Social Support"
278,822,720,2023,Vielfalt von hochschulischen Bildungsverläufen,"Vielfalt von hochschulischen Bildungsverläufen – neue Aspekte, Erkenntnisse und Entwicklungen"
223,822,720,2023,Vielfalt von hochschulischen Bildungsverläufen,"Vielfalt von hochschulischen Bildungsverläufen – neue Aspekte, Erkenntnisse und Entwicklungen"
223,278,720,2023,Vielfalt von hochschulischen Bildungsverläufen,"Vielfalt von hochschulischen Bildungsverläufen – neue Aspekte, Erkenntnisse und Entwicklungen"
255,929,721,2022,Survey-Methoden in der Hochschulforschung,Besserer Rücklauf durch die Änderung der Incentivierung? Ergebnisse eines Experiments in einer späten Welle eines Studienanfänger*innen-Panels
250,255,721,2022,Survey-Methoden in der Hochschulforschung,Besserer Rücklauf durch die Änderung der Incentivierung? Ergebnisse eines Experiments in einer späten Welle eines Studienanfänger*innen-Panels
250,929,721,2022,Survey-Methoden in der Hochschulforschung,Besserer Rücklauf durch die Änderung der Incentivierung? Ergebnisse eines Experiments in einer späten Welle eines Studienanfänger*innen-Panels
121,122,723,2016,Zielgruppen Lebenslangen Lernens an Hochschulen,"""Ich wollte einfach noch eine Stufe mehr"": Vorakademische Werdegänge und Studienentscheidungen von nicht-traditionellen Studierenden und ihr Übergang in die Hochschule"
931,932,724,2025,European Journal of Higher Education,How do social and academic integration develop over time? Longitudinal analyses of differences based on students’ sociodemographic background
931,933,724,2025,European Journal of Higher Education,How do social and academic integration develop over time? Longitudinal analyses of differences based on students’ sociodemographic background
932,933,724,2025,European Journal of Higher Education,How do social and academic integration develop over time? Longitudinal analyses of differences based on students’ sociodemographic background
334,478,725,2023,Teaching and Teacher Education,"Changes in early career teachers’ technology use for teaching: The roles of teacher self-efficacy, ICT literacy, and experience during COVID-19 school closure"
87,478,725,2023,Teaching and Teacher Education,"Changes in early career teachers’ technology use for teaching: The roles of teacher self-efficacy, ICT literacy, and experience during COVID-19 school closure"
87,334,725,2023,Teaching and Teacher Education,"Changes in early career teachers’ technology use for teaching: The roles of teacher self-efficacy, ICT literacy, and experience during COVID-19 school closure"
334,478,726,2025,European Journal of Teacher Education,Predicting profiles of early-career teachers’ readiness for online teaching in primary and secondary Education
362,934,727,2023,European Journal of Public Health,International differences in gradients in early childhood overweight and obesity: the role of maternal employment and formal childcare attendance
393,934,727,2023,European Journal of Public Health,International differences in gradients in early childhood overweight and obesity: the role of maternal employment and formal childcare attendance
355,934,727,2023,European Journal of Public Health,International differences in gradients in early childhood overweight and obesity: the role of maternal employment and formal childcare attendance
359,934,727,2023,European Journal of Public Health,International differences in gradients in early childhood overweight and obesity: the role of maternal employment and formal childcare attendance
395,934,727,2023,European Journal of Public Health,International differences in gradients in early childhood overweight and obesity: the role of maternal employment and formal childcare attendance
363,934,727,2023,European Journal of Public Health,International differences in gradients in early childhood overweight and obesity: the role of maternal employment and formal childcare attendance
396,934,727,2023,European Journal of Public Health,International differences in gradients in early childhood overweight and obesity: the role of maternal employment and formal childcare attendance
357,934,727,2023,European Journal of Public Health,International differences in gradients in early childhood overweight and obesity: the role of maternal employment and formal childcare attendance
926,934,727,2023,European Journal of Public Health,International differences in gradients in early childhood overweight and obesity: the role of maternal employment and formal childcare attendance
358,934,727,2023,European Journal of Public Health,International differences in gradients in early childhood overweight and obesity: the role of maternal employment and formal childcare attendance
83,934,727,2023,European Journal of Public Health,International differences in gradients in early childhood overweight and obesity: the role of maternal employment and formal childcare attendance
356,934,727,2023,European Journal of Public Health,International differences in gradients in early childhood overweight and obesity: the role of maternal employment and formal childcare attendance
362,393,727,2023,European Journal of Public Health,International differences in gradients in early childhood overweight and obesity: the role of maternal employment and formal childcare attendance
355,362,727,2023,European Journal of Public Health,International differences in gradients in early childhood overweight and obesity: the role of maternal employment and formal childcare attendance
359,362,727,2023,European Journal of Public Health,International differences in gradients in early childhood overweight and obesity: the role of maternal employment and formal childcare attendance
362,395,727,2023,European Journal of Public Health,International differences in gradients in early childhood overweight and obesity: the role of maternal employment and formal childcare attendance
362,363,727,2023,European Journal of Public Health,International differences in gradients in early childhood overweight and obesity: the role of maternal employment and formal childcare attendance
362,396,727,2023,European Journal of Public Health,International differences in gradients in early childhood overweight and obesity: the role of maternal employment and formal childcare attendance
357,362,727,2023,European Journal of Public Health,International differences in gradients in early childhood overweight and obesity: the role of maternal employment and formal childcare attendance
362,926,727,2023,European Journal of Public Health,International differences in gradients in early childhood overweight and obesity: the role of maternal employment and formal childcare attendance
358,362,727,2023,European Journal of Public Health,International differences in gradients in early childhood overweight and obesity: the role of maternal employment and formal childcare attendance
83,362,727,2023,European Journal of Public Health,International differences in gradients in early childhood overweight and obesity: the role of maternal employment and formal childcare attendance
356,362,727,2023,European Journal of Public Health,International differences in gradients in early childhood overweight and obesity: the role of maternal employment and formal childcare attendance
355,393,727,2023,European Journal of Public Health,International differences in gradients in early childhood overweight and obesity: the role of maternal employment and formal childcare attendance
359,393,727,2023,European Journal of Public Health,International differences in gradients in early childhood overweight and obesity: the role of maternal employment and formal childcare attendance
393,395,727,2023,European Journal of Public Health,International differences in gradients in early childhood overweight and obesity: the role of maternal employment and formal childcare attendance
363,393,727,2023,European Journal of Public Health,International differences in gradients in early childhood overweight and obesity: the role of maternal employment and formal childcare attendance
393,396,727,2023,European Journal of Public Health,International differences in gradients in early childhood overweight and obesity: the role of maternal employment and formal childcare attendance
357,393,727,2023,European Journal of Public Health,International differences in gradients in early childhood overweight and obesity: the role of maternal employment and formal childcare attendance
393,926,727,2023,European Journal of Public Health,International differences in gradients in early childhood overweight and obesity: the role of maternal employment and formal childcare attendance
358,393,727,2023,European Journal of Public Health,International differences in gradients in early childhood overweight and obesity: the role of maternal employment and formal childcare attendance
83,393,727,2023,European Journal of Public Health,International differences in gradients in early childhood overweight and obesity: the role of maternal employment and formal childcare attendance
356,393,727,2023,European Journal of Public Health,International differences in gradients in early childhood overweight and obesity: the role of maternal employment and formal childcare attendance
355,359,727,2023,European Journal of Public Health,International differences in gradients in early childhood overweight and obesity: the role of maternal employment and formal childcare attendance
355,395,727,2023,European Journal of Public Health,International differences in gradients in early childhood overweight and obesity: the role of maternal employment and formal childcare attendance
355,363,727,2023,European Journal of Public Health,International differences in gradients in early childhood overweight and obesity: the role of maternal employment and formal childcare attendance
355,396,727,2023,European Journal of Public Health,International differences in gradients in early childhood overweight and obesity: the role of maternal employment and formal childcare attendance
355,357,727,2023,European Journal of Public Health,International differences in gradients in early childhood overweight and obesity: the role of maternal employment and formal childcare attendance
355,926,727,2023,European Journal of Public Health,International differences in gradients in early childhood overweight and obesity: the role of maternal employment and formal childcare attendance
355,358,727,2023,European Journal of Public Health,International differences in gradients in early childhood overweight and obesity: the role of maternal employment and formal childcare attendance
83,355,727,2023,European Journal of Public Health,International differences in gradients in early childhood overweight and obesity: the role of maternal employment and formal childcare attendance
355,356,727,2023,European Journal of Public Health,International differences in gradients in early childhood overweight and obesity: the role of maternal employment and formal childcare attendance
359,395,727,2023,European Journal of Public Health,International differences in gradients in early childhood overweight and obesity: the role of maternal employment and formal childcare attendance
359,363,727,2023,European Journal of Public Health,International differences in gradients in early childhood overweight and obesity: the role of maternal employment and formal childcare attendance
359,396,727,2023,European Journal of Public Health,International differences in gradients in early childhood overweight and obesity: the role of maternal employment and formal childcare attendance
357,359,727,2023,European Journal of Public Health,International differences in gradients in early childhood overweight and obesity: the role of maternal employment and formal childcare attendance
359,926,727,2023,European Journal of Public Health,International differences in gradients in early childhood overweight and obesity: the role of maternal employment and formal childcare attendance
358,359,727,2023,European Journal of Public Health,International differences in gradients in early childhood overweight and obesity: the role of maternal employment and formal childcare attendance
83,359,727,2023,European Journal of Public Health,International differences in gradients in early childhood overweight and obesity: the role of maternal employment and formal childcare attendance
356,359,727,2023,European Journal of Public Health,International differences in gradients in early childhood overweight and obesity: the role of maternal employment and formal childcare attendance
363,395,727,2023,European Journal of Public Health,International differences in gradients in early childhood overweight and obesity: the role of maternal employment and formal childcare attendance
395,396,727,2023,European Journal of Public Health,International differences in gradients in early childhood overweight and obesity: the role of maternal employment and formal childcare attendance
357,395,727,2023,European Journal of Public Health,International differences in gradients in early childhood overweight and obesity: the role of maternal employment and formal childcare attendance
395,926,727,2023,European Journal of Public Health,International differences in gradients in early childhood overweight and obesity: the role of maternal employment and formal childcare attendance
358,395,727,2023,European Journal of Public Health,International differences in gradients in early childhood overweight and obesity: the role of maternal employment and formal childcare attendance
83,395,727,2023,European Journal of Public Health,International differences in gradients in early childhood overweight and obesity: the role of maternal employment and formal childcare attendance
356,395,727,2023,European Journal of Public Health,International differences in gradients in early childhood overweight and obesity: the role of maternal employment and formal childcare attendance
363,396,727,2023,European Journal of Public Health,International differences in gradients in early childhood overweight and obesity: the role of maternal employment and formal childcare attendance
357,363,727,2023,European Journal of Public Health,International differences in gradients in early childhood overweight and obesity: the role of maternal employment and formal childcare attendance
363,926,727,2023,European Journal of Public Health,International differences in gradients in early childhood overweight and obesity: the role of maternal employment and formal childcare attendance
358,363,727,2023,European Journal of Public Health,International differences in gradients in early childhood overweight and obesity: the role of maternal employment and formal childcare attendance
83,363,727,2023,European Journal of Public Health,International differences in gradients in early childhood overweight and obesity: the role of maternal employment and formal childcare attendance
356,363,727,2023,European Journal of Public Health,International differences in gradients in early childhood overweight and obesity: the role of maternal employment and formal childcare attendance
357,396,727,2023,European Journal of Public Health,International differences in gradients in early childhood overweight and obesity: the role of maternal employment and formal childcare attendance
396,926,727,2023,European Journal of Public Health,International differences in gradients in early childhood overweight and obesity: the role of maternal employment and formal childcare attendance
358,396,727,2023,European Journal of Public Health,International differences in gradients in early childhood overweight and obesity: the role of maternal employment and formal childcare attendance
83,396,727,2023,European Journal of Public Health,International differences in gradients in early childhood overweight and obesity: the role of maternal employment and formal childcare attendance
356,396,727,2023,European Journal of Public Health,International differences in gradients in early childhood overweight and obesity: the role of maternal employment and formal childcare attendance
357,926,727,2023,European Journal of Public Health,International differences in gradients in early childhood overweight and obesity: the role of maternal employment and formal childcare attendance
357,358,727,2023,European Journal of Public Health,International differences in gradients in early childhood overweight and obesity: the role of maternal employment and formal childcare attendance
83,357,727,2023,European Journal of Public Health,International differences in gradients in early childhood overweight and obesity: the role of maternal employment and formal childcare attendance
356,357,727,2023,European Journal of Public Health,International differences in gradients in early childhood overweight and obesity: the role of maternal employment and formal childcare attendance
358,926,727,2023,European Journal of Public Health,International differences in gradients in early childhood overweight and obesity: the role of maternal employment and formal childcare attendance
83,926,727,2023,European Journal of Public Health,International differences in gradients in early childhood overweight and obesity: the role of maternal employment and formal childcare attendance
356,926,727,2023,European Journal of Public Health,International differences in gradients in early childhood overweight and obesity: the role of maternal employment and formal childcare attendance
83,358,727,2023,European Journal of Public Health,International differences in gradients in early childhood overweight and obesity: the role of maternal employment and formal childcare attendance
356,358,727,2023,European Journal of Public Health,International differences in gradients in early childhood overweight and obesity: the role of maternal employment and formal childcare attendance
83,356,727,2023,European Journal of Public Health,International differences in gradients in early childhood overweight and obesity: the role of maternal employment and formal childcare attendance
935,936,728,2025,Education and Information Technologies,Measuring digital literacy across ages and over time: Development and validation of a performance-based assessment
935,937,728,2025,Education and Information Technologies,Measuring digital literacy across ages and over time: Development and validation of a performance-based assessment
935,938,728,2025,Education and Information Technologies,Measuring digital literacy across ages and over time: Development and validation of a performance-based assessment
935,939,728,2025,Education and Information Technologies,Measuring digital literacy across ages and over time: Development and validation of a performance-based assessment
936,937,728,2025,Education and Information Technologies,Measuring digital literacy across ages and over time: Development and validation of a performance-based assessment
936,938,728,2025,Education and Information Technologies,Measuring digital literacy across ages and over time: Development and validation of a performance-based assessment
936,939,728,2025,Education and Information Technologies,Measuring digital literacy across ages and over time: Development and validation of a performance-based assessment
937,938,728,2025,Education and Information Technologies,Measuring digital literacy across ages and over time: Development and validation of a performance-based assessment
937,939,728,2025,Education and Information Technologies,Measuring digital literacy across ages and over time: Development and validation of a performance-based assessment
938,939,728,2025,Education and Information Technologies,Measuring digital literacy across ages and over time: Development and validation of a performance-based assessment
219,940,729,2021,American Sociological Review,Does Schooling Decrease Socioeconomic Inequality in Early Achievement? A Differential Exposure Approach
219,940,730,2025,Sociology of Education,The Role of Schooling in Equalizing Achievement Disparity by Migrant Background
219,940,731,2022,European Sociological Review,Is Social Inequality in School-Age Achievement Generated before or during Schooling? A European Perspective
940,941,731,2022,European Sociological Review,Is Social Inequality in School-Age Achievement Generated before or during Schooling? A European Perspective
219,941,731,2022,European Sociological Review,Is Social Inequality in School-Age Achievement Generated before or during Schooling? A European Perspective
377,942,732,2020,European Sociological Review,"Early Careers of Dropouts from Vocational Training: Signals, Human Capital Formation, and Training Firms"
943,944,733,2024,Unknown,Digitalisierung der Arbeitswelten: Zur Erfassbarkeit einer systemischen Transformation
943,945,733,2024,Unknown,Digitalisierung der Arbeitswelten: Zur Erfassbarkeit einer systemischen Transformation
943,946,733,2024,Unknown,Digitalisierung der Arbeitswelten: Zur Erfassbarkeit einer systemischen Transformation
943,947,733,2024,Unknown,Digitalisierung der Arbeitswelten: Zur Erfassbarkeit einer systemischen Transformation
943,948,733,2024,Unknown,Digitalisierung der Arbeitswelten: Zur Erfassbarkeit einer systemischen Transformation
944,945,733,2024,Unknown,Digitalisierung der Arbeitswelten: Zur Erfassbarkeit einer systemischen Transformation
944,946,733,2024,Unknown,Digitalisierung der Arbeitswelten: Zur Erfassbarkeit einer systemischen Transformation
944,947,733,2024,Unknown,Digitalisierung der Arbeitswelten: Zur Erfassbarkeit einer systemischen Transformation
944,948,733,2024,Unknown,Digitalisierung der Arbeitswelten: Zur Erfassbarkeit einer systemischen Transformation
945,946,733,2024,Unknown,Digitalisierung der Arbeitswelten: Zur Erfassbarkeit einer systemischen Transformation
945,947,733,2024,Unknown,Digitalisierung der Arbeitswelten: Zur Erfassbarkeit einer systemischen Transformation
945,948,733,2024,Unknown,Digitalisierung der Arbeitswelten: Zur Erfassbarkeit einer systemischen Transformation
946,947,733,2024,Unknown,Digitalisierung der Arbeitswelten: Zur Erfassbarkeit einer systemischen Transformation
946,948,733,2024,Unknown,Digitalisierung der Arbeitswelten: Zur Erfassbarkeit einer systemischen Transformation
947,948,733,2024,Unknown,Digitalisierung der Arbeitswelten: Zur Erfassbarkeit einer systemischen Transformation
400,854,734,2015,Public Opinion Quarterly,"Are Incentive Effects on Response Rates and Nonresponse Bias in Large-scale, Face-to-face Surveys Generalizable to Germany? Evidence from Ten Experiments"
400,949,734,2015,Public Opinion Quarterly,"Are Incentive Effects on Response Rates and Nonresponse Bias in Large-scale, Face-to-face Surveys Generalizable to Germany? Evidence from Ten Experiments"
400,950,734,2015,Public Opinion Quarterly,"Are Incentive Effects on Response Rates and Nonresponse Bias in Large-scale, Face-to-face Surveys Generalizable to Germany? Evidence from Ten Experiments"
400,858,734,2015,Public Opinion Quarterly,"Are Incentive Effects on Response Rates and Nonresponse Bias in Large-scale, Face-to-face Surveys Generalizable to Germany? Evidence from Ten Experiments"
400,951,734,2015,Public Opinion Quarterly,"Are Incentive Effects on Response Rates and Nonresponse Bias in Large-scale, Face-to-face Surveys Generalizable to Germany? Evidence from Ten Experiments"
400,952,734,2015,Public Opinion Quarterly,"Are Incentive Effects on Response Rates and Nonresponse Bias in Large-scale, Face-to-face Surveys Generalizable to Germany? Evidence from Ten Experiments"
400,953,734,2015,Public Opinion Quarterly,"Are Incentive Effects on Response Rates and Nonresponse Bias in Large-scale, Face-to-face Surveys Generalizable to Germany? Evidence from Ten Experiments"
10,400,734,2015,Public Opinion Quarterly,"Are Incentive Effects on Response Rates and Nonresponse Bias in Large-scale, Face-to-face Surveys Generalizable to Germany? Evidence from Ten Experiments"
400,862,734,2015,Public Opinion Quarterly,"Are Incentive Effects on Response Rates and Nonresponse Bias in Large-scale, Face-to-face Surveys Generalizable to Germany? Evidence from Ten Experiments"
400,865,734,2015,Public Opinion Quarterly,"Are Incentive Effects on Response Rates and Nonresponse Bias in Large-scale, Face-to-face Surveys Generalizable to Germany? Evidence from Ten Experiments"
400,954,734,2015,Public Opinion Quarterly,"Are Incentive Effects on Response Rates and Nonresponse Bias in Large-scale, Face-to-face Surveys Generalizable to Germany? Evidence from Ten Experiments"
400,828,734,2015,Public Opinion Quarterly,"Are Incentive Effects on Response Rates and Nonresponse Bias in Large-scale, Face-to-face Surveys Generalizable to Germany? Evidence from Ten Experiments"
400,955,734,2015,Public Opinion Quarterly,"Are Incentive Effects on Response Rates and Nonresponse Bias in Large-scale, Face-to-face Surveys Generalizable to Germany? Evidence from Ten Experiments"
400,870,734,2015,Public Opinion Quarterly,"Are Incentive Effects on Response Rates and Nonresponse Bias in Large-scale, Face-to-face Surveys Generalizable to Germany? Evidence from Ten Experiments"
400,956,734,2015,Public Opinion Quarterly,"Are Incentive Effects on Response Rates and Nonresponse Bias in Large-scale, Face-to-face Surveys Generalizable to Germany? Evidence from Ten Experiments"
263,400,734,2015,Public Opinion Quarterly,"Are Incentive Effects on Response Rates and Nonresponse Bias in Large-scale, Face-to-face Surveys Generalizable to Germany? Evidence from Ten Experiments"
854,949,734,2015,Public Opinion Quarterly,"Are Incentive Effects on Response Rates and Nonresponse Bias in Large-scale, Face-to-face Surveys Generalizable to Germany? Evidence from Ten Experiments"
854,950,734,2015,Public Opinion Quarterly,"Are Incentive Effects on Response Rates and Nonresponse Bias in Large-scale, Face-to-face Surveys Generalizable to Germany? Evidence from Ten Experiments"
854,858,734,2015,Public Opinion Quarterly,"Are Incentive Effects on Response Rates and Nonresponse Bias in Large-scale, Face-to-face Surveys Generalizable to Germany? Evidence from Ten Experiments"
854,951,734,2015,Public Opinion Quarterly,"Are Incentive Effects on Response Rates and Nonresponse Bias in Large-scale, Face-to-face Surveys Generalizable to Germany? Evidence from Ten Experiments"
854,952,734,2015,Public Opinion Quarterly,"Are Incentive Effects on Response Rates and Nonresponse Bias in Large-scale, Face-to-face Surveys Generalizable to Germany? Evidence from Ten Experiments"
854,953,734,2015,Public Opinion Quarterly,"Are Incentive Effects on Response Rates and Nonresponse Bias in Large-scale, Face-to-face Surveys Generalizable to Germany? Evidence from Ten Experiments"
10,854,734,2015,Public Opinion Quarterly,"Are Incentive Effects on Response Rates and Nonresponse Bias in Large-scale, Face-to-face Surveys Generalizable to Germany? Evidence from Ten Experiments"
854,862,734,2015,Public Opinion Quarterly,"Are Incentive Effects on Response Rates and Nonresponse Bias in Large-scale, Face-to-face Surveys Generalizable to Germany? Evidence from Ten Experiments"
854,865,734,2015,Public Opinion Quarterly,"Are Incentive Effects on Response Rates and Nonresponse Bias in Large-scale, Face-to-face Surveys Generalizable to Germany? Evidence from Ten Experiments"
854,954,734,2015,Public Opinion Quarterly,"Are Incentive Effects on Response Rates and Nonresponse Bias in Large-scale, Face-to-face Surveys Generalizable to Germany? Evidence from Ten Experiments"
828,854,734,2015,Public Opinion Quarterly,"Are Incentive Effects on Response Rates and Nonresponse Bias in Large-scale, Face-to-face Surveys Generalizable to Germany? Evidence from Ten Experiments"
854,955,734,2015,Public Opinion Quarterly,"Are Incentive Effects on Response Rates and Nonresponse Bias in Large-scale, Face-to-face Surveys Generalizable to Germany? Evidence from Ten Experiments"
854,870,734,2015,Public Opinion Quarterly,"Are Incentive Effects on Response Rates and Nonresponse Bias in Large-scale, Face-to-face Surveys Generalizable to Germany? Evidence from Ten Experiments"
854,956,734,2015,Public Opinion Quarterly,"Are Incentive Effects on Response Rates and Nonresponse Bias in Large-scale, Face-to-face Surveys Generalizable to Germany? Evidence from Ten Experiments"
263,854,734,2015,Public Opinion Quarterly,"Are Incentive Effects on Response Rates and Nonresponse Bias in Large-scale, Face-to-face Surveys Generalizable to Germany? Evidence from Ten Experiments"
949,950,734,2015,Public Opinion Quarterly,"Are Incentive Effects on Response Rates and Nonresponse Bias in Large-scale, Face-to-face Surveys Generalizable to Germany? Evidence from Ten Experiments"
858,949,734,2015,Public Opinion Quarterly,"Are Incentive Effects on Response Rates and Nonresponse Bias in Large-scale, Face-to-face Surveys Generalizable to Germany? Evidence from Ten Experiments"
949,951,734,2015,Public Opinion Quarterly,"Are Incentive Effects on Response Rates and Nonresponse Bias in Large-scale, Face-to-face Surveys Generalizable to Germany? Evidence from Ten Experiments"
949,952,734,2015,Public Opinion Quarterly,"Are Incentive Effects on Response Rates and Nonresponse Bias in Large-scale, Face-to-face Surveys Generalizable to Germany? Evidence from Ten Experiments"
949,953,734,2015,Public Opinion Quarterly,"Are Incentive Effects on Response Rates and Nonresponse Bias in Large-scale, Face-to-face Surveys Generalizable to Germany? Evidence from Ten Experiments"
10,949,734,2015,Public Opinion Quarterly,"Are Incentive Effects on Response Rates and Nonresponse Bias in Large-scale, Face-to-face Surveys Generalizable to Germany? Evidence from Ten Experiments"
862,949,734,2015,Public Opinion Quarterly,"Are Incentive Effects on Response Rates and Nonresponse Bias in Large-scale, Face-to-face Surveys Generalizable to Germany? Evidence from Ten Experiments"
865,949,734,2015,Public Opinion Quarterly,"Are Incentive Effects on Response Rates and Nonresponse Bias in Large-scale, Face-to-face Surveys Generalizable to Germany? Evidence from Ten Experiments"
949,954,734,2015,Public Opinion Quarterly,"Are Incentive Effects on Response Rates and Nonresponse Bias in Large-scale, Face-to-face Surveys Generalizable to Germany? Evidence from Ten Experiments"
828,949,734,2015,Public Opinion Quarterly,"Are Incentive Effects on Response Rates and Nonresponse Bias in Large-scale, Face-to-face Surveys Generalizable to Germany? Evidence from Ten Experiments"
949,955,734,2015,Public Opinion Quarterly,"Are Incentive Effects on Response Rates and Nonresponse Bias in Large-scale, Face-to-face Surveys Generalizable to Germany? Evidence from Ten Experiments"
870,949,734,2015,Public Opinion Quarterly,"Are Incentive Effects on Response Rates and Nonresponse Bias in Large-scale, Face-to-face Surveys Generalizable to Germany? Evidence from Ten Experiments"
949,956,734,2015,Public Opinion Quarterly,"Are Incentive Effects on Response Rates and Nonresponse Bias in Large-scale, Face-to-face Surveys Generalizable to Germany? Evidence from Ten Experiments"
263,949,734,2015,Public Opinion Quarterly,"Are Incentive Effects on Response Rates and Nonresponse Bias in Large-scale, Face-to-face Surveys Generalizable to Germany? Evidence from Ten Experiments"
858,950,734,2015,Public Opinion Quarterly,"Are Incentive Effects on Response Rates and Nonresponse Bias in Large-scale, Face-to-face Surveys Generalizable to Germany? Evidence from Ten Experiments"
950,951,734,2015,Public Opinion Quarterly,"Are Incentive Effects on Response Rates and Nonresponse Bias in Large-scale, Face-to-face Surveys Generalizable to Germany? Evidence from Ten Experiments"
950,952,734,2015,Public Opinion Quarterly,"Are Incentive Effects on Response Rates and Nonresponse Bias in Large-scale, Face-to-face Surveys Generalizable to Germany? Evidence from Ten Experiments"
950,953,734,2015,Public Opinion Quarterly,"Are Incentive Effects on Response Rates and Nonresponse Bias in Large-scale, Face-to-face Surveys Generalizable to Germany? Evidence from Ten Experiments"
10,950,734,2015,Public Opinion Quarterly,"Are Incentive Effects on Response Rates and Nonresponse Bias in Large-scale, Face-to-face Surveys Generalizable to Germany? Evidence from Ten Experiments"
862,950,734,2015,Public Opinion Quarterly,"Are Incentive Effects on Response Rates and Nonresponse Bias in Large-scale, Face-to-face Surveys Generalizable to Germany? Evidence from Ten Experiments"
865,950,734,2015,Public Opinion Quarterly,"Are Incentive Effects on Response Rates and Nonresponse Bias in Large-scale, Face-to-face Surveys Generalizable to Germany? Evidence from Ten Experiments"
950,954,734,2015,Public Opinion Quarterly,"Are Incentive Effects on Response Rates and Nonresponse Bias in Large-scale, Face-to-face Surveys Generalizable to Germany? Evidence from Ten Experiments"
828,950,734,2015,Public Opinion Quarterly,"Are Incentive Effects on Response Rates and Nonresponse Bias in Large-scale, Face-to-face Surveys Generalizable to Germany? Evidence from Ten Experiments"
950,955,734,2015,Public Opinion Quarterly,"Are Incentive Effects on Response Rates and Nonresponse Bias in Large-scale, Face-to-face Surveys Generalizable to Germany? Evidence from Ten Experiments"
870,950,734,2015,Public Opinion Quarterly,"Are Incentive Effects on Response Rates and Nonresponse Bias in Large-scale, Face-to-face Surveys Generalizable to Germany? Evidence from Ten Experiments"
950,956,734,2015,Public Opinion Quarterly,"Are Incentive Effects on Response Rates and Nonresponse Bias in Large-scale, Face-to-face Surveys Generalizable to Germany? Evidence from Ten Experiments"
263,950,734,2015,Public Opinion Quarterly,"Are Incentive Effects on Response Rates and Nonresponse Bias in Large-scale, Face-to-face Surveys Generalizable to Germany? Evidence from Ten Experiments"
858,951,734,2015,Public Opinion Quarterly,"Are Incentive Effects on Response Rates and Nonresponse Bias in Large-scale, Face-to-face Surveys Generalizable to Germany? Evidence from Ten Experiments"
858,952,734,2015,Public Opinion Quarterly,"Are Incentive Effects on Response Rates and Nonresponse Bias in Large-scale, Face-to-face Surveys Generalizable to Germany? Evidence from Ten Experiments"
858,953,734,2015,Public Opinion Quarterly,"Are Incentive Effects on Response Rates and Nonresponse Bias in Large-scale, Face-to-face Surveys Generalizable to Germany? Evidence from Ten Experiments"
10,858,734,2015,Public Opinion Quarterly,"Are Incentive Effects on Response Rates and Nonresponse Bias in Large-scale, Face-to-face Surveys Generalizable to Germany? Evidence from Ten Experiments"
858,862,734,2015,Public Opinion Quarterly,"Are Incentive Effects on Response Rates and Nonresponse Bias in Large-scale, Face-to-face Surveys Generalizable to Germany? Evidence from Ten Experiments"
858,865,734,2015,Public Opinion Quarterly,"Are Incentive Effects on Response Rates and Nonresponse Bias in Large-scale, Face-to-face Surveys Generalizable to Germany? Evidence from Ten Experiments"
858,954,734,2015,Public Opinion Quarterly,"Are Incentive Effects on Response Rates and Nonresponse Bias in Large-scale, Face-to-face Surveys Generalizable to Germany? Evidence from Ten Experiments"
828,858,734,2015,Public Opinion Quarterly,"Are Incentive Effects on Response Rates and Nonresponse Bias in Large-scale, Face-to-face Surveys Generalizable to Germany? Evidence from Ten Experiments"
858,955,734,2015,Public Opinion Quarterly,"Are Incentive Effects on Response Rates and Nonresponse Bias in Large-scale, Face-to-face Surveys Generalizable to Germany? Evidence from Ten Experiments"
858,870,734,2015,Public Opinion Quarterly,"Are Incentive Effects on Response Rates and Nonresponse Bias in Large-scale, Face-to-face Surveys Generalizable to Germany? Evidence from Ten Experiments"
858,956,734,2015,Public Opinion Quarterly,"Are Incentive Effects on Response Rates and Nonresponse Bias in Large-scale, Face-to-face Surveys Generalizable to Germany? Evidence from Ten Experiments"
263,858,734,2015,Public Opinion Quarterly,"Are Incentive Effects on Response Rates and Nonresponse Bias in Large-scale, Face-to-face Surveys Generalizable to Germany? Evidence from Ten Experiments"
951,952,734,2015,Public Opinion Quarterly,"Are Incentive Effects on Response Rates and Nonresponse Bias in Large-scale, Face-to-face Surveys Generalizable to Germany? Evidence from Ten Experiments"
951,953,734,2015,Public Opinion Quarterly,"Are Incentive Effects on Response Rates and Nonresponse Bias in Large-scale, Face-to-face Surveys Generalizable to Germany? Evidence from Ten Experiments"
10,951,734,2015,Public Opinion Quarterly,"Are Incentive Effects on Response Rates and Nonresponse Bias in Large-scale, Face-to-face Surveys Generalizable to Germany? Evidence from Ten Experiments"
862,951,734,2015,Public Opinion Quarterly,"Are Incentive Effects on Response Rates and Nonresponse Bias in Large-scale, Face-to-face Surveys Generalizable to Germany? Evidence from Ten Experiments"
865,951,734,2015,Public Opinion Quarterly,"Are Incentive Effects on Response Rates and Nonresponse Bias in Large-scale, Face-to-face Surveys Generalizable to Germany? Evidence from Ten Experiments"
951,954,734,2015,Public Opinion Quarterly,"Are Incentive Effects on Response Rates and Nonresponse Bias in Large-scale, Face-to-face Surveys Generalizable to Germany? Evidence from Ten Experiments"
828,951,734,2015,Public Opinion Quarterly,"Are Incentive Effects on Response Rates and Nonresponse Bias in Large-scale, Face-to-face Surveys Generalizable to Germany? Evidence from Ten Experiments"
951,955,734,2015,Public Opinion Quarterly,"Are Incentive Effects on Response Rates and Nonresponse Bias in Large-scale, Face-to-face Surveys Generalizable to Germany? Evidence from Ten Experiments"
870,951,734,2015,Public Opinion Quarterly,"Are Incentive Effects on Response Rates and Nonresponse Bias in Large-scale, Face-to-face Surveys Generalizable to Germany? Evidence from Ten Experiments"
951,956,734,2015,Public Opinion Quarterly,"Are Incentive Effects on Response Rates and Nonresponse Bias in Large-scale, Face-to-face Surveys Generalizable to Germany? Evidence from Ten Experiments"
263,951,734,2015,Public Opinion Quarterly,"Are Incentive Effects on Response Rates and Nonresponse Bias in Large-scale, Face-to-face Surveys Generalizable to Germany? Evidence from Ten Experiments"
952,953,734,2015,Public Opinion Quarterly,"Are Incentive Effects on Response Rates and Nonresponse Bias in Large-scale, Face-to-face Surveys Generalizable to Germany? Evidence from Ten Experiments"
10,952,734,2015,Public Opinion Quarterly,"Are Incentive Effects on Response Rates and Nonresponse Bias in Large-scale, Face-to-face Surveys Generalizable to Germany? Evidence from Ten Experiments"
862,952,734,2015,Public Opinion Quarterly,"Are Incentive Effects on Response Rates and Nonresponse Bias in Large-scale, Face-to-face Surveys Generalizable to Germany? Evidence from Ten Experiments"
865,952,734,2015,Public Opinion Quarterly,"Are Incentive Effects on Response Rates and Nonresponse Bias in Large-scale, Face-to-face Surveys Generalizable to Germany? Evidence from Ten Experiments"
952,954,734,2015,Public Opinion Quarterly,"Are Incentive Effects on Response Rates and Nonresponse Bias in Large-scale, Face-to-face Surveys Generalizable to Germany? Evidence from Ten Experiments"
828,952,734,2015,Public Opinion Quarterly,"Are Incentive Effects on Response Rates and Nonresponse Bias in Large-scale, Face-to-face Surveys Generalizable to Germany? Evidence from Ten Experiments"
952,955,734,2015,Public Opinion Quarterly,"Are Incentive Effects on Response Rates and Nonresponse Bias in Large-scale, Face-to-face Surveys Generalizable to Germany? Evidence from Ten Experiments"
870,952,734,2015,Public Opinion Quarterly,"Are Incentive Effects on Response Rates and Nonresponse Bias in Large-scale, Face-to-face Surveys Generalizable to Germany? Evidence from Ten Experiments"
952,956,734,2015,Public Opinion Quarterly,"Are Incentive Effects on Response Rates and Nonresponse Bias in Large-scale, Face-to-face Surveys Generalizable to Germany? Evidence from Ten Experiments"
263,952,734,2015,Public Opinion Quarterly,"Are Incentive Effects on Response Rates and Nonresponse Bias in Large-scale, Face-to-face Surveys Generalizable to Germany? Evidence from Ten Experiments"
10,953,734,2015,Public Opinion Quarterly,"Are Incentive Effects on Response Rates and Nonresponse Bias in Large-scale, Face-to-face Surveys Generalizable to Germany? Evidence from Ten Experiments"
862,953,734,2015,Public Opinion Quarterly,"Are Incentive Effects on Response Rates and Nonresponse Bias in Large-scale, Face-to-face Surveys Generalizable to Germany? Evidence from Ten Experiments"
865,953,734,2015,Public Opinion Quarterly,"Are Incentive Effects on Response Rates and Nonresponse Bias in Large-scale, Face-to-face Surveys Generalizable to Germany? Evidence from Ten Experiments"
953,954,734,2015,Public Opinion Quarterly,"Are Incentive Effects on Response Rates and Nonresponse Bias in Large-scale, Face-to-face Surveys Generalizable to Germany? Evidence from Ten Experiments"
828,953,734,2015,Public Opinion Quarterly,"Are Incentive Effects on Response Rates and Nonresponse Bias in Large-scale, Face-to-face Surveys Generalizable to Germany? Evidence from Ten Experiments"
953,955,734,2015,Public Opinion Quarterly,"Are Incentive Effects on Response Rates and Nonresponse Bias in Large-scale, Face-to-face Surveys Generalizable to Germany? Evidence from Ten Experiments"
870,953,734,2015,Public Opinion Quarterly,"Are Incentive Effects on Response Rates and Nonresponse Bias in Large-scale, Face-to-face Surveys Generalizable to Germany? Evidence from Ten Experiments"
953,956,734,2015,Public Opinion Quarterly,"Are Incentive Effects on Response Rates and Nonresponse Bias in Large-scale, Face-to-face Surveys Generalizable to Germany? Evidence from Ten Experiments"
263,953,734,2015,Public Opinion Quarterly,"Are Incentive Effects on Response Rates and Nonresponse Bias in Large-scale, Face-to-face Surveys Generalizable to Germany? Evidence from Ten Experiments"
10,862,734,2015,Public Opinion Quarterly,"Are Incentive Effects on Response Rates and Nonresponse Bias in Large-scale, Face-to-face Surveys Generalizable to Germany? Evidence from Ten Experiments"
10,865,734,2015,Public Opinion Quarterly,"Are Incentive Effects on Response Rates and Nonresponse Bias in Large-scale, Face-to-face Surveys Generalizable to Germany? Evidence from Ten Experiments"
10,954,734,2015,Public Opinion Quarterly,"Are Incentive Effects on Response Rates and Nonresponse Bias in Large-scale, Face-to-face Surveys Generalizable to Germany? Evidence from Ten Experiments"
10,828,734,2015,Public Opinion Quarterly,"Are Incentive Effects on Response Rates and Nonresponse Bias in Large-scale, Face-to-face Surveys Generalizable to Germany? Evidence from Ten Experiments"
10,955,734,2015,Public Opinion Quarterly,"Are Incentive Effects on Response Rates and Nonresponse Bias in Large-scale, Face-to-face Surveys Generalizable to Germany? Evidence from Ten Experiments"
10,870,734,2015,Public Opinion Quarterly,"Are Incentive Effects on Response Rates and Nonresponse Bias in Large-scale, Face-to-face Surveys Generalizable to Germany? Evidence from Ten Experiments"
10,956,734,2015,Public Opinion Quarterly,"Are Incentive Effects on Response Rates and Nonresponse Bias in Large-scale, Face-to-face Surveys Generalizable to Germany? Evidence from Ten Experiments"
10,263,734,2015,Public Opinion Quarterly,"Are Incentive Effects on Response Rates and Nonresponse Bias in Large-scale, Face-to-face Surveys Generalizable to Germany? Evidence from Ten Experiments"
862,865,734,2015,Public Opinion Quarterly,"Are Incentive Effects on Response Rates and Nonresponse Bias in Large-scale, Face-to-face Surveys Generalizable to Germany? Evidence from Ten Experiments"
862,954,734,2015,Public Opinion Quarterly,"Are Incentive Effects on Response Rates and Nonresponse Bias in Large-scale, Face-to-face Surveys Generalizable to Germany? Evidence from Ten Experiments"
828,862,734,2015,Public Opinion Quarterly,"Are Incentive Effects on Response Rates and Nonresponse Bias in Large-scale, Face-to-face Surveys Generalizable to Germany? Evidence from Ten Experiments"
862,955,734,2015,Public Opinion Quarterly,"Are Incentive Effects on Response Rates and Nonresponse Bias in Large-scale, Face-to-face Surveys Generalizable to Germany? Evidence from Ten Experiments"
862,870,734,2015,Public Opinion Quarterly,"Are Incentive Effects on Response Rates and Nonresponse Bias in Large-scale, Face-to-face Surveys Generalizable to Germany? Evidence from Ten Experiments"
862,956,734,2015,Public Opinion Quarterly,"Are Incentive Effects on Response Rates and Nonresponse Bias in Large-scale, Face-to-face Surveys Generalizable to Germany? Evidence from Ten Experiments"
263,862,734,2015,Public Opinion Quarterly,"Are Incentive Effects on Response Rates and Nonresponse Bias in Large-scale, Face-to-face Surveys Generalizable to Germany? Evidence from Ten Experiments"
865,954,734,2015,Public Opinion Quarterly,"Are Incentive Effects on Response Rates and Nonresponse Bias in Large-scale, Face-to-face Surveys Generalizable to Germany? Evidence from Ten Experiments"
828,865,734,2015,Public Opinion Quarterly,"Are Incentive Effects on Response Rates and Nonresponse Bias in Large-scale, Face-to-face Surveys Generalizable to Germany? Evidence from Ten Experiments"
865,955,734,2015,Public Opinion Quarterly,"Are Incentive Effects on Response Rates and Nonresponse Bias in Large-scale, Face-to-face Surveys Generalizable to Germany? Evidence from Ten Experiments"
865,870,734,2015,Public Opinion Quarterly,"Are Incentive Effects on Response Rates and Nonresponse Bias in Large-scale, Face-to-face Surveys Generalizable to Germany? Evidence from Ten Experiments"
865,956,734,2015,Public Opinion Quarterly,"Are Incentive Effects on Response Rates and Nonresponse Bias in Large-scale, Face-to-face Surveys Generalizable to Germany? Evidence from Ten Experiments"
263,865,734,2015,Public Opinion Quarterly,"Are Incentive Effects on Response Rates and Nonresponse Bias in Large-scale, Face-to-face Surveys Generalizable to Germany? Evidence from Ten Experiments"
828,954,734,2015,Public Opinion Quarterly,"Are Incentive Effects on Response Rates and Nonresponse Bias in Large-scale, Face-to-face Surveys Generalizable to Germany? Evidence from Ten Experiments"
954,955,734,2015,Public Opinion Quarterly,"Are Incentive Effects on Response Rates and Nonresponse Bias in Large-scale, Face-to-face Surveys Generalizable to Germany? Evidence from Ten Experiments"
870,954,734,2015,Public Opinion Quarterly,"Are Incentive Effects on Response Rates and Nonresponse Bias in Large-scale, Face-to-face Surveys Generalizable to Germany? Evidence from Ten Experiments"
954,956,734,2015,Public Opinion Quarterly,"Are Incentive Effects on Response Rates and Nonresponse Bias in Large-scale, Face-to-face Surveys Generalizable to Germany? Evidence from Ten Experiments"
263,954,734,2015,Public Opinion Quarterly,"Are Incentive Effects on Response Rates and Nonresponse Bias in Large-scale, Face-to-face Surveys Generalizable to Germany? Evidence from Ten Experiments"
828,955,734,2015,Public Opinion Quarterly,"Are Incentive Effects on Response Rates and Nonresponse Bias in Large-scale, Face-to-face Surveys Generalizable to Germany? Evidence from Ten Experiments"
828,870,734,2015,Public Opinion Quarterly,"Are Incentive Effects on Response Rates and Nonresponse Bias in Large-scale, Face-to-face Surveys Generalizable to Germany? Evidence from Ten Experiments"
828,956,734,2015,Public Opinion Quarterly,"Are Incentive Effects on Response Rates and Nonresponse Bias in Large-scale, Face-to-face Surveys Generalizable to Germany? Evidence from Ten Experiments"
263,828,734,2015,Public Opinion Quarterly,"Are Incentive Effects on Response Rates and Nonresponse Bias in Large-scale, Face-to-face Surveys Generalizable to Germany? Evidence from Ten Experiments"
870,955,734,2015,Public Opinion Quarterly,"Are Incentive Effects on Response Rates and Nonresponse Bias in Large-scale, Face-to-face Surveys Generalizable to Germany? Evidence from Ten Experiments"
955,956,734,2015,Public Opinion Quarterly,"Are Incentive Effects on Response Rates and Nonresponse Bias in Large-scale, Face-to-face Surveys Generalizable to Germany? Evidence from Ten Experiments"
263,955,734,2015,Public Opinion Quarterly,"Are Incentive Effects on Response Rates and Nonresponse Bias in Large-scale, Face-to-face Surveys Generalizable to Germany? Evidence from Ten Experiments"
870,956,734,2015,Public Opinion Quarterly,"Are Incentive Effects on Response Rates and Nonresponse Bias in Large-scale, Face-to-face Surveys Generalizable to Germany? Evidence from Ten Experiments"
263,870,734,2015,Public Opinion Quarterly,"Are Incentive Effects on Response Rates and Nonresponse Bias in Large-scale, Face-to-face Surveys Generalizable to Germany? Evidence from Ten Experiments"
263,956,734,2015,Public Opinion Quarterly,"Are Incentive Effects on Response Rates and Nonresponse Bias in Large-scale, Face-to-face Surveys Generalizable to Germany? Evidence from Ten Experiments"
607,800,735,2023,Reading and Writing,"Joint book reading, library visits and letter teaching in families: relations to parent education and children’s reading behavior"
800,957,736,2018,Zeitschrift für Erziehungswissenschaft,Zur Entwicklung von Gymnasiastinnen und Gymnasiasten ohne Gymnasialempfehlung
800,958,736,2018,Zeitschrift für Erziehungswissenschaft,Zur Entwicklung von Gymnasiastinnen und Gymnasiasten ohne Gymnasialempfehlung
55,800,736,2018,Zeitschrift für Erziehungswissenschaft,Zur Entwicklung von Gymnasiastinnen und Gymnasiasten ohne Gymnasialempfehlung
957,958,736,2018,Zeitschrift für Erziehungswissenschaft,Zur Entwicklung von Gymnasiastinnen und Gymnasiasten ohne Gymnasialempfehlung
55,957,736,2018,Zeitschrift für Erziehungswissenschaft,Zur Entwicklung von Gymnasiastinnen und Gymnasiasten ohne Gymnasialempfehlung
55,958,736,2018,Zeitschrift für Erziehungswissenschaft,Zur Entwicklung von Gymnasiastinnen und Gymnasiasten ohne Gymnasialempfehlung
220,960,738,2023,Children and Youth Services Review,What drives early childhood education attendance? The role of structural factors and personal beliefs in Germany
382,961,739,2025,"Sozialer Aufstieg durch Bildung? Theoretische Zugänge, empirische Einsichten",Der bemerkenswerte Bildungsaufstieg von Studierenden mit Migrationshintergrund: Ein Streben nach Statusmaximierung
144,962,740,2018,Zeitschrift für Inklusion,Artikel 24 der UN-Behindertenrechtskonvention: Möglichkeiten und Grenzen beim Monitoring von Menschenrechten mit Blick auf die Einzelschulebene
962,963,740,2018,Zeitschrift für Inklusion,Artikel 24 der UN-Behindertenrechtskonvention: Möglichkeiten und Grenzen beim Monitoring von Menschenrechten mit Blick auf die Einzelschulebene
144,963,740,2018,Zeitschrift für Inklusion,Artikel 24 der UN-Behindertenrechtskonvention: Möglichkeiten und Grenzen beim Monitoring von Menschenrechten mit Blick auf die Einzelschulebene
144,962,741,2016,Zeitschrift für Pädagogik,"Identifizierung von Schülerinnen und Schülern nach Vorgaben der UN-BRK in bundesweiten Erhebungen: Sonderpädagogischer Förderbedarf, sonderpädagogische Förderung oder besondere Unterstützung?"
431,962,741,2016,Zeitschrift für Pädagogik,"Identifizierung von Schülerinnen und Schülern nach Vorgaben der UN-BRK in bundesweiten Erhebungen: Sonderpädagogischer Förderbedarf, sonderpädagogische Förderung oder besondere Unterstützung?"
962,964,741,2016,Zeitschrift für Pädagogik,"Identifizierung von Schülerinnen und Schülern nach Vorgaben der UN-BRK in bundesweiten Erhebungen: Sonderpädagogischer Förderbedarf, sonderpädagogische Förderung oder besondere Unterstützung?"
144,431,741,2016,Zeitschrift für Pädagogik,"Identifizierung von Schülerinnen und Schülern nach Vorgaben der UN-BRK in bundesweiten Erhebungen: Sonderpädagogischer Förderbedarf, sonderpädagogische Förderung oder besondere Unterstützung?"
144,964,741,2016,Zeitschrift für Pädagogik,"Identifizierung von Schülerinnen und Schülern nach Vorgaben der UN-BRK in bundesweiten Erhebungen: Sonderpädagogischer Förderbedarf, sonderpädagogische Förderung oder besondere Unterstützung?"
431,964,741,2016,Zeitschrift für Pädagogik,"Identifizierung von Schülerinnen und Schülern nach Vorgaben der UN-BRK in bundesweiten Erhebungen: Sonderpädagogischer Förderbedarf, sonderpädagogische Förderung oder besondere Unterstützung?"
90,551,742,2024,methods,Adjusting to the Survey: How Interviewer Experience Relates to Interview Duration
90,227,742,2024,methods,Adjusting to the Survey: How Interviewer Experience Relates to Interview Duration
227,551,742,2024,methods,Adjusting to the Survey: How Interviewer Experience Relates to Interview Duration
69,965,743,2016,Frontiers in Psychology,Testing Students with Special Educational Needs in Large-Scale Assessments – Psychometric Properties of Test Scores and Associations with Test Taking Behavior
69,966,743,2016,Frontiers in Psychology,Testing Students with Special Educational Needs in Large-Scale Assessments – Psychometric Properties of Test Scores and Associations with Test Taking Behavior
69,70,743,2016,Frontiers in Psychology,Testing Students with Special Educational Needs in Large-Scale Assessments – Psychometric Properties of Test Scores and Associations with Test Taking Behavior
69,83,743,2016,Frontiers in Psychology,Testing Students with Special Educational Needs in Large-Scale Assessments – Psychometric Properties of Test Scores and Associations with Test Taking Behavior
965,966,743,2016,Frontiers in Psychology,Testing Students with Special Educational Needs in Large-Scale Assessments – Psychometric Properties of Test Scores and Associations with Test Taking Behavior
70,965,743,2016,Frontiers in Psychology,Testing Students with Special Educational Needs in Large-Scale Assessments – Psychometric Properties of Test Scores and Associations with Test Taking Behavior
83,965,743,2016,Frontiers in Psychology,Testing Students with Special Educational Needs in Large-Scale Assessments – Psychometric Properties of Test Scores and Associations with Test Taking Behavior
70,966,743,2016,Frontiers in Psychology,Testing Students with Special Educational Needs in Large-Scale Assessments – Psychometric Properties of Test Scores and Associations with Test Taking Behavior
83,966,743,2016,Frontiers in Psychology,Testing Students with Special Educational Needs in Large-Scale Assessments – Psychometric Properties of Test Scores and Associations with Test Taking Behavior
70,83,743,2016,Frontiers in Psychology,Testing Students with Special Educational Needs in Large-Scale Assessments – Psychometric Properties of Test Scores and Associations with Test Taking Behavior
11,967,746,2016,Grundbegriffe der Soziologie,"Schicht, soziale"
11,968,746,2016,Grundbegriffe der Soziologie,"Schicht, soziale"
11,948,746,2016,Grundbegriffe der Soziologie,"Schicht, soziale"
11,969,746,2016,Grundbegriffe der Soziologie,"Schicht, soziale"
11,970,746,2016,Grundbegriffe der Soziologie,"Schicht, soziale"
11,971,746,2016,Grundbegriffe der Soziologie,"Schicht, soziale"
11,972,746,2016,Grundbegriffe der Soziologie,"Schicht, soziale"
11,973,746,2016,Grundbegriffe der Soziologie,"Schicht, soziale"
967,968,746,2016,Grundbegriffe der Soziologie,"Schicht, soziale"
948,967,746,2016,Grundbegriffe der Soziologie,"Schicht, soziale"
967,969,746,2016,Grundbegriffe der Soziologie,"Schicht, soziale"
967,970,746,2016,Grundbegriffe der Soziologie,"Schicht, soziale"
967,971,746,2016,Grundbegriffe der Soziologie,"Schicht, soziale"
967,972,746,2016,Grundbegriffe der Soziologie,"Schicht, soziale"
967,973,746,2016,Grundbegriffe der Soziologie,"Schicht, soziale"
948,968,746,2016,Grundbegriffe der Soziologie,"Schicht, soziale"
968,969,746,2016,Grundbegriffe der Soziologie,"Schicht, soziale"
968,970,746,2016,Grundbegriffe der Soziologie,"Schicht, soziale"
968,971,746,2016,Grundbegriffe der Soziologie,"Schicht, soziale"
968,972,746,2016,Grundbegriffe der Soziologie,"Schicht, soziale"
968,973,746,2016,Grundbegriffe der Soziologie,"Schicht, soziale"
948,969,746,2016,Grundbegriffe der Soziologie,"Schicht, soziale"
948,970,746,2016,Grundbegriffe der Soziologie,"Schicht, soziale"
948,971,746,2016,Grundbegriffe der Soziologie,"Schicht, soziale"
948,972,746,2016,Grundbegriffe der Soziologie,"Schicht, soziale"
948,973,746,2016,Grundbegriffe der Soziologie,"Schicht, soziale"
969,970,746,2016,Grundbegriffe der Soziologie,"Schicht, soziale"
969,971,746,2016,Grundbegriffe der Soziologie,"Schicht, soziale"
969,972,746,2016,Grundbegriffe der Soziologie,"Schicht, soziale"
969,973,746,2016,Grundbegriffe der Soziologie,"Schicht, soziale"
970,971,746,2016,Grundbegriffe der Soziologie,"Schicht, soziale"
970,972,746,2016,Grundbegriffe der Soziologie,"Schicht, soziale"
970,973,746,2016,Grundbegriffe der Soziologie,"Schicht, soziale"
971,972,746,2016,Grundbegriffe der Soziologie,"Schicht, soziale"
971,973,746,2016,Grundbegriffe der Soziologie,"Schicht, soziale"
972,973,746,2016,Grundbegriffe der Soziologie,"Schicht, soziale"
974,975,750,2025,European Journal of Special Needs Education,From attitudes to self-efficacy: identifying teachers profiles to understand their differentiated instructional practice
974,976,750,2025,European Journal of Special Needs Education,From attitudes to self-efficacy: identifying teachers profiles to understand their differentiated instructional practice
975,976,750,2025,European Journal of Special Needs Education,From attitudes to self-efficacy: identifying teachers profiles to understand their differentiated instructional practice
974,976,751,2023,Teaching and Teacher Education,The effects of differentiated instruction on teachers’ stress and job satisfaction
493,974,751,2023,Teaching and Teacher Education,The effects of differentiated instruction on teachers’ stress and job satisfaction
493,976,751,2023,Teaching and Teacher Education,The effects of differentiated instruction on teachers’ stress and job satisfaction
974,976,752,2020,Journal of Research in Special Educational Needs,Teachers and differentiated instruction: exploring differentiation practices to address student diversity
974,977,752,2020,Journal of Research in Special Educational Needs,Teachers and differentiated instruction: exploring differentiation practices to address student diversity
976,977,752,2020,Journal of Research in Special Educational Needs,Teachers and differentiated instruction: exploring differentiation practices to address student diversity
974,976,753,2020,European Journal of Special Needs Education,‘I think they need to rethink their concept!’: examining teachers’ sense of preparedness to deal with student heterogeneity
73,978,755,2021,Education Economics,Preschoolers' self-regulation and early mathematical skill differentials
237,978,755,2021,Education Economics,Preschoolers' self-regulation and early mathematical skill differentials
73,237,755,2021,Education Economics,Preschoolers' self-regulation and early mathematical skill differentials
263,979,756,2023,Personality Science,The Big Five Personality Dimensions in Large-Scale Surveys: An Overview of 25 German Data Sets for Personality Research
263,980,756,2023,Personality Science,The Big Five Personality Dimensions in Large-Scale Surveys: An Overview of 25 German Data Sets for Personality Research
261,263,756,2023,Personality Science,The Big Five Personality Dimensions in Large-Scale Surveys: An Overview of 25 German Data Sets for Personality Research
979,980,756,2023,Personality Science,The Big Five Personality Dimensions in Large-Scale Surveys: An Overview of 25 German Data Sets for Personality Research
261,979,756,2023,Personality Science,The Big Five Personality Dimensions in Large-Scale Surveys: An Overview of 25 German Data Sets for Personality Research
261,980,756,2023,Personality Science,The Big Five Personality Dimensions in Large-Scale Surveys: An Overview of 25 German Data Sets for Personality Research
263,979,757,2024,European Journal of Psychological Assessment,Consistency of the Structural Properties of the BFI-10 Across 16 Samples From Eight Large-Scale Surveys in Germany
261,263,757,2024,European Journal of Psychological Assessment,Consistency of the Structural Properties of the BFI-10 Across 16 Samples From Eight Large-Scale Surveys in Germany
261,979,757,2024,European Journal of Psychological Assessment,Consistency of the Structural Properties of the BFI-10 Across 16 Samples From Eight Large-Scale Surveys in Germany
374,591,758,2018,Zeitschrift für Soziologie der Erziehung und Sozialisation,Die Bedeutung intergenerationaler Bildungsmobilität für die Gesundheit und die Lebenszufriedenheit von Schülerinnen und Schülern in Deutschland
374,981,758,2018,Zeitschrift für Soziologie der Erziehung und Sozialisation,Die Bedeutung intergenerationaler Bildungsmobilität für die Gesundheit und die Lebenszufriedenheit von Schülerinnen und Schülern in Deutschland
374,982,758,2018,Zeitschrift für Soziologie der Erziehung und Sozialisation,Die Bedeutung intergenerationaler Bildungsmobilität für die Gesundheit und die Lebenszufriedenheit von Schülerinnen und Schülern in Deutschland
374,983,758,2018,Zeitschrift für Soziologie der Erziehung und Sozialisation,Die Bedeutung intergenerationaler Bildungsmobilität für die Gesundheit und die Lebenszufriedenheit von Schülerinnen und Schülern in Deutschland
374,984,758,2018,Zeitschrift für Soziologie der Erziehung und Sozialisation,Die Bedeutung intergenerationaler Bildungsmobilität für die Gesundheit und die Lebenszufriedenheit von Schülerinnen und Schülern in Deutschland
374,985,758,2018,Zeitschrift für Soziologie der Erziehung und Sozialisation,Die Bedeutung intergenerationaler Bildungsmobilität für die Gesundheit und die Lebenszufriedenheit von Schülerinnen und Schülern in Deutschland
350,374,758,2018,Zeitschrift für Soziologie der Erziehung und Sozialisation,Die Bedeutung intergenerationaler Bildungsmobilität für die Gesundheit und die Lebenszufriedenheit von Schülerinnen und Schülern in Deutschland
591,981,758,2018,Zeitschrift für Soziologie der Erziehung und Sozialisation,Die Bedeutung intergenerationaler Bildungsmobilität für die Gesundheit und die Lebenszufriedenheit von Schülerinnen und Schülern in Deutschland
591,982,758,2018,Zeitschrift für Soziologie der Erziehung und Sozialisation,Die Bedeutung intergenerationaler Bildungsmobilität für die Gesundheit und die Lebenszufriedenheit von Schülerinnen und Schülern in Deutschland
591,983,758,2018,Zeitschrift für Soziologie der Erziehung und Sozialisation,Die Bedeutung intergenerationaler Bildungsmobilität für die Gesundheit und die Lebenszufriedenheit von Schülerinnen und Schülern in Deutschland
591,984,758,2018,Zeitschrift für Soziologie der Erziehung und Sozialisation,Die Bedeutung intergenerationaler Bildungsmobilität für die Gesundheit und die Lebenszufriedenheit von Schülerinnen und Schülern in Deutschland
591,985,758,2018,Zeitschrift für Soziologie der Erziehung und Sozialisation,Die Bedeutung intergenerationaler Bildungsmobilität für die Gesundheit und die Lebenszufriedenheit von Schülerinnen und Schülern in Deutschland
350,591,758,2018,Zeitschrift für Soziologie der Erziehung und Sozialisation,Die Bedeutung intergenerationaler Bildungsmobilität für die Gesundheit und die Lebenszufriedenheit von Schülerinnen und Schülern in Deutschland
981,982,758,2018,Zeitschrift für Soziologie der Erziehung und Sozialisation,Die Bedeutung intergenerationaler Bildungsmobilität für die Gesundheit und die Lebenszufriedenheit von Schülerinnen und Schülern in Deutschland
981,983,758,2018,Zeitschrift für Soziologie der Erziehung und Sozialisation,Die Bedeutung intergenerationaler Bildungsmobilität für die Gesundheit und die Lebenszufriedenheit von Schülerinnen und Schülern in Deutschland
981,984,758,2018,Zeitschrift für Soziologie der Erziehung und Sozialisation,Die Bedeutung intergenerationaler Bildungsmobilität für die Gesundheit und die Lebenszufriedenheit von Schülerinnen und Schülern in Deutschland
981,985,758,2018,Zeitschrift für Soziologie der Erziehung und Sozialisation,Die Bedeutung intergenerationaler Bildungsmobilität für die Gesundheit und die Lebenszufriedenheit von Schülerinnen und Schülern in Deutschland
350,981,758,2018,Zeitschrift für Soziologie der Erziehung und Sozialisation,Die Bedeutung intergenerationaler Bildungsmobilität für die Gesundheit und die Lebenszufriedenheit von Schülerinnen und Schülern in Deutschland
982,983,758,2018,Zeitschrift für Soziologie der Erziehung und Sozialisation,Die Bedeutung intergenerationaler Bildungsmobilität für die Gesundheit und die Lebenszufriedenheit von Schülerinnen und Schülern in Deutschland
982,984,758,2018,Zeitschrift für Soziologie der Erziehung und Sozialisation,Die Bedeutung intergenerationaler Bildungsmobilität für die Gesundheit und die Lebenszufriedenheit von Schülerinnen und Schülern in Deutschland
982,985,758,2018,Zeitschrift für Soziologie der Erziehung und Sozialisation,Die Bedeutung intergenerationaler Bildungsmobilität für die Gesundheit und die Lebenszufriedenheit von Schülerinnen und Schülern in Deutschland
350,982,758,2018,Zeitschrift für Soziologie der Erziehung und Sozialisation,Die Bedeutung intergenerationaler Bildungsmobilität für die Gesundheit und die Lebenszufriedenheit von Schülerinnen und Schülern in Deutschland
983,984,758,2018,Zeitschrift für Soziologie der Erziehung und Sozialisation,Die Bedeutung intergenerationaler Bildungsmobilität für die Gesundheit und die Lebenszufriedenheit von Schülerinnen und Schülern in Deutschland
983,985,758,2018,Zeitschrift für Soziologie der Erziehung und Sozialisation,Die Bedeutung intergenerationaler Bildungsmobilität für die Gesundheit und die Lebenszufriedenheit von Schülerinnen und Schülern in Deutschland
350,983,758,2018,Zeitschrift für Soziologie der Erziehung und Sozialisation,Die Bedeutung intergenerationaler Bildungsmobilität für die Gesundheit und die Lebenszufriedenheit von Schülerinnen und Schülern in Deutschland
984,985,758,2018,Zeitschrift für Soziologie der Erziehung und Sozialisation,Die Bedeutung intergenerationaler Bildungsmobilität für die Gesundheit und die Lebenszufriedenheit von Schülerinnen und Schülern in Deutschland
350,984,758,2018,Zeitschrift für Soziologie der Erziehung und Sozialisation,Die Bedeutung intergenerationaler Bildungsmobilität für die Gesundheit und die Lebenszufriedenheit von Schülerinnen und Schülern in Deutschland
350,985,758,2018,Zeitschrift für Soziologie der Erziehung und Sozialisation,Die Bedeutung intergenerationaler Bildungsmobilität für die Gesundheit und die Lebenszufriedenheit von Schülerinnen und Schülern in Deutschland
374,591,759,2018,International Journal of Environmental Research and Public Health,Class-Level School Performance and Life Satisfaction: Differential Sensitivity for Low- and High-Performing School-Aged Children
374,986,759,2018,International Journal of Environmental Research and Public Health,Class-Level School Performance and Life Satisfaction: Differential Sensitivity for Low- and High-Performing School-Aged Children
374,987,759,2018,International Journal of Environmental Research and Public Health,Class-Level School Performance and Life Satisfaction: Differential Sensitivity for Low- and High-Performing School-Aged Children
374,985,759,2018,International Journal of Environmental Research and Public Health,Class-Level School Performance and Life Satisfaction: Differential Sensitivity for Low- and High-Performing School-Aged Children
350,374,759,2018,International Journal of Environmental Research and Public Health,Class-Level School Performance and Life Satisfaction: Differential Sensitivity for Low- and High-Performing School-Aged Children
591,986,759,2018,International Journal of Environmental Research and Public Health,Class-Level School Performance and Life Satisfaction: Differential Sensitivity for Low- and High-Performing School-Aged Children
591,987,759,2018,International Journal of Environmental Research and Public Health,Class-Level School Performance and Life Satisfaction: Differential Sensitivity for Low- and High-Performing School-Aged Children
591,985,759,2018,International Journal of Environmental Research and Public Health,Class-Level School Performance and Life Satisfaction: Differential Sensitivity for Low- and High-Performing School-Aged Children
350,591,759,2018,International Journal of Environmental Research and Public Health,Class-Level School Performance and Life Satisfaction: Differential Sensitivity for Low- and High-Performing School-Aged Children
986,987,759,2018,International Journal of Environmental Research and Public Health,Class-Level School Performance and Life Satisfaction: Differential Sensitivity for Low- and High-Performing School-Aged Children
985,986,759,2018,International Journal of Environmental Research and Public Health,Class-Level School Performance and Life Satisfaction: Differential Sensitivity for Low- and High-Performing School-Aged Children
350,986,759,2018,International Journal of Environmental Research and Public Health,Class-Level School Performance and Life Satisfaction: Differential Sensitivity for Low- and High-Performing School-Aged Children
985,987,759,2018,International Journal of Environmental Research and Public Health,Class-Level School Performance and Life Satisfaction: Differential Sensitivity for Low- and High-Performing School-Aged Children
350,987,759,2018,International Journal of Environmental Research and Public Health,Class-Level School Performance and Life Satisfaction: Differential Sensitivity for Low- and High-Performing School-Aged Children
350,985,759,2018,International Journal of Environmental Research and Public Health,Class-Level School Performance and Life Satisfaction: Differential Sensitivity for Low- and High-Performing School-Aged Children
374,983,760,2020,International Journal of Environmental Research and Public Health,Critical Events throughout the Educational Career: The Effect of Grade Retention and Repetition on School-Aged Children’s Well-Being
374,988,760,2020,International Journal of Environmental Research and Public Health,Critical Events throughout the Educational Career: The Effect of Grade Retention and Repetition on School-Aged Children’s Well-Being
983,988,760,2020,International Journal of Environmental Research and Public Health,Critical Events throughout the Educational Career: The Effect of Grade Retention and Repetition on School-Aged Children’s Well-Being
374,988,761,2018,Diskurs Kindheits- und Jugendforschung,Lebenszufriedenheit von Schülerinnen und Schülern mit sonderpädagogischem Förderbedarf: Gibt es Unterschiede zwischen der Beschulungsart?
374,591,761,2018,Diskurs Kindheits- und Jugendforschung,Lebenszufriedenheit von Schülerinnen und Schülern mit sonderpädagogischem Förderbedarf: Gibt es Unterschiede zwischen der Beschulungsart?
374,989,761,2018,Diskurs Kindheits- und Jugendforschung,Lebenszufriedenheit von Schülerinnen und Schülern mit sonderpädagogischem Förderbedarf: Gibt es Unterschiede zwischen der Beschulungsart?
374,985,761,2018,Diskurs Kindheits- und Jugendforschung,Lebenszufriedenheit von Schülerinnen und Schülern mit sonderpädagogischem Förderbedarf: Gibt es Unterschiede zwischen der Beschulungsart?
350,374,761,2018,Diskurs Kindheits- und Jugendforschung,Lebenszufriedenheit von Schülerinnen und Schülern mit sonderpädagogischem Förderbedarf: Gibt es Unterschiede zwischen der Beschulungsart?
591,988,761,2018,Diskurs Kindheits- und Jugendforschung,Lebenszufriedenheit von Schülerinnen und Schülern mit sonderpädagogischem Förderbedarf: Gibt es Unterschiede zwischen der Beschulungsart?
988,989,761,2018,Diskurs Kindheits- und Jugendforschung,Lebenszufriedenheit von Schülerinnen und Schülern mit sonderpädagogischem Förderbedarf: Gibt es Unterschiede zwischen der Beschulungsart?
985,988,761,2018,Diskurs Kindheits- und Jugendforschung,Lebenszufriedenheit von Schülerinnen und Schülern mit sonderpädagogischem Förderbedarf: Gibt es Unterschiede zwischen der Beschulungsart?
350,988,761,2018,Diskurs Kindheits- und Jugendforschung,Lebenszufriedenheit von Schülerinnen und Schülern mit sonderpädagogischem Förderbedarf: Gibt es Unterschiede zwischen der Beschulungsart?
591,989,761,2018,Diskurs Kindheits- und Jugendforschung,Lebenszufriedenheit von Schülerinnen und Schülern mit sonderpädagogischem Förderbedarf: Gibt es Unterschiede zwischen der Beschulungsart?
591,985,761,2018,Diskurs Kindheits- und Jugendforschung,Lebenszufriedenheit von Schülerinnen und Schülern mit sonderpädagogischem Förderbedarf: Gibt es Unterschiede zwischen der Beschulungsart?
350,591,761,2018,Diskurs Kindheits- und Jugendforschung,Lebenszufriedenheit von Schülerinnen und Schülern mit sonderpädagogischem Förderbedarf: Gibt es Unterschiede zwischen der Beschulungsart?
985,989,761,2018,Diskurs Kindheits- und Jugendforschung,Lebenszufriedenheit von Schülerinnen und Schülern mit sonderpädagogischem Förderbedarf: Gibt es Unterschiede zwischen der Beschulungsart?
350,989,761,2018,Diskurs Kindheits- und Jugendforschung,Lebenszufriedenheit von Schülerinnen und Schülern mit sonderpädagogischem Förderbedarf: Gibt es Unterschiede zwischen der Beschulungsart?
350,985,761,2018,Diskurs Kindheits- und Jugendforschung,Lebenszufriedenheit von Schülerinnen und Schülern mit sonderpädagogischem Förderbedarf: Gibt es Unterschiede zwischen der Beschulungsart?
374,591,762,2018,PLOS ONE,Perceived class climate and school-aged children's life satisfaction: The role of the learning environment in classrooms
374,985,762,2018,PLOS ONE,Perceived class climate and school-aged children's life satisfaction: The role of the learning environment in classrooms
350,374,762,2018,PLOS ONE,Perceived class climate and school-aged children's life satisfaction: The role of the learning environment in classrooms
591,985,762,2018,PLOS ONE,Perceived class climate and school-aged children's life satisfaction: The role of the learning environment in classrooms
350,591,762,2018,PLOS ONE,Perceived class climate and school-aged children's life satisfaction: The role of the learning environment in classrooms
350,985,762,2018,PLOS ONE,Perceived class climate and school-aged children's life satisfaction: The role of the learning environment in classrooms
374,591,763,2018,European Journal of Public Health,"Perceived school climate, academic well-being and school-aged children’s self-rated health: a mediator analysis"
374,589,763,2018,European Journal of Public Health,"Perceived school climate, academic well-being and school-aged children’s self-rated health: a mediator analysis"
374,990,763,2018,European Journal of Public Health,"Perceived school climate, academic well-being and school-aged children’s self-rated health: a mediator analysis"
374,987,763,2018,European Journal of Public Health,"Perceived school climate, academic well-being and school-aged children’s self-rated health: a mediator analysis"
374,985,763,2018,European Journal of Public Health,"Perceived school climate, academic well-being and school-aged children’s self-rated health: a mediator analysis"
350,374,763,2018,European Journal of Public Health,"Perceived school climate, academic well-being and school-aged children’s self-rated health: a mediator analysis"
589,591,763,2018,European Journal of Public Health,"Perceived school climate, academic well-being and school-aged children’s self-rated health: a mediator analysis"
591,990,763,2018,European Journal of Public Health,"Perceived school climate, academic well-being and school-aged children’s self-rated health: a mediator analysis"
591,987,763,2018,European Journal of Public Health,"Perceived school climate, academic well-being and school-aged children’s self-rated health: a mediator analysis"
591,985,763,2018,European Journal of Public Health,"Perceived school climate, academic well-being and school-aged children’s self-rated health: a mediator analysis"
350,591,763,2018,European Journal of Public Health,"Perceived school climate, academic well-being and school-aged children’s self-rated health: a mediator analysis"
589,990,763,2018,European Journal of Public Health,"Perceived school climate, academic well-being and school-aged children’s self-rated health: a mediator analysis"
589,987,763,2018,European Journal of Public Health,"Perceived school climate, academic well-being and school-aged children’s self-rated health: a mediator analysis"
589,985,763,2018,European Journal of Public Health,"Perceived school climate, academic well-being and school-aged children’s self-rated health: a mediator analysis"
350,589,763,2018,European Journal of Public Health,"Perceived school climate, academic well-being and school-aged children’s self-rated health: a mediator analysis"
987,990,763,2018,European Journal of Public Health,"Perceived school climate, academic well-being and school-aged children’s self-rated health: a mediator analysis"
985,990,763,2018,European Journal of Public Health,"Perceived school climate, academic well-being and school-aged children’s self-rated health: a mediator analysis"
350,990,763,2018,European Journal of Public Health,"Perceived school climate, academic well-being and school-aged children’s self-rated health: a mediator analysis"
985,987,763,2018,European Journal of Public Health,"Perceived school climate, academic well-being and school-aged children’s self-rated health: a mediator analysis"
350,987,763,2018,European Journal of Public Health,"Perceived school climate, academic well-being and school-aged children’s self-rated health: a mediator analysis"
350,985,763,2018,European Journal of Public Health,"Perceived school climate, academic well-being and school-aged children’s self-rated health: a mediator analysis"
374,591,764,2020,International Journal of Adolescence and Youth,The role of class-level composition and schools´ contextual characteristics for school-aged children´s life satisfaction: a three-level multilevel analysis
350,374,764,2020,International Journal of Adolescence and Youth,The role of class-level composition and schools´ contextual characteristics for school-aged children´s life satisfaction: a three-level multilevel analysis
350,591,764,2020,International Journal of Adolescence and Youth,The role of class-level composition and schools´ contextual characteristics for school-aged children´s life satisfaction: a three-level multilevel analysis
374,988,765,2018,Research in Developmental Disabilities,Self-rated health and wellbeing among school-aged children with and without special educational needs: Differences between mainstream and special schools
374,986,765,2018,Research in Developmental Disabilities,Self-rated health and wellbeing among school-aged children with and without special educational needs: Differences between mainstream and special schools
372,374,765,2018,Research in Developmental Disabilities,Self-rated health and wellbeing among school-aged children with and without special educational needs: Differences between mainstream and special schools
374,985,765,2018,Research in Developmental Disabilities,Self-rated health and wellbeing among school-aged children with and without special educational needs: Differences between mainstream and special schools
986,988,765,2018,Research in Developmental Disabilities,Self-rated health and wellbeing among school-aged children with and without special educational needs: Differences between mainstream and special schools
372,988,765,2018,Research in Developmental Disabilities,Self-rated health and wellbeing among school-aged children with and without special educational needs: Differences between mainstream and special schools
985,988,765,2018,Research in Developmental Disabilities,Self-rated health and wellbeing among school-aged children with and without special educational needs: Differences between mainstream and special schools
372,986,765,2018,Research in Developmental Disabilities,Self-rated health and wellbeing among school-aged children with and without special educational needs: Differences between mainstream and special schools
985,986,765,2018,Research in Developmental Disabilities,Self-rated health and wellbeing among school-aged children with and without special educational needs: Differences between mainstream and special schools
372,985,765,2018,Research in Developmental Disabilities,Self-rated health and wellbeing among school-aged children with and without special educational needs: Differences between mainstream and special schools
991,992,766,2022,Frontiers in Psychology,Social Integration in Higher Education and Development of Intrinsic Motivation: A Latent Transition Analysis
419,991,766,2022,Frontiers in Psychology,Social Integration in Higher Education and Development of Intrinsic Motivation: A Latent Transition Analysis
419,992,766,2022,Frontiers in Psychology,Social Integration in Higher Education and Development of Intrinsic Motivation: A Latent Transition Analysis
993,994,767,2022,Frontiers in Education,Exploring choices in higher education: Female and male first-generation students’ trajectories from study aspiration to study satisfaction in Germany
728,993,767,2022,Frontiers in Education,Exploring choices in higher education: Female and male first-generation students’ trajectories from study aspiration to study satisfaction in Germany
38,993,767,2022,Frontiers in Education,Exploring choices in higher education: Female and male first-generation students’ trajectories from study aspiration to study satisfaction in Germany
728,994,767,2022,Frontiers in Education,Exploring choices in higher education: Female and male first-generation students’ trajectories from study aspiration to study satisfaction in Germany
38,994,767,2022,Frontiers in Education,Exploring choices in higher education: Female and male first-generation students’ trajectories from study aspiration to study satisfaction in Germany
38,728,767,2022,Frontiers in Education,Exploring choices in higher education: Female and male first-generation students’ trajectories from study aspiration to study satisfaction in Germany
995,996,768,2023,Sage Open,Influence of Gender and Prior Education Intersectionality on Further Education Investments and Job Satisfaction
997,998,769,2019,Unknown,PISA 2018. Grundbildung im internationalen Vergleich
128,997,769,2019,Unknown,PISA 2018. Grundbildung im internationalen Vergleich
36,997,769,2019,Unknown,PISA 2018. Grundbildung im internationalen Vergleich
128,998,769,2019,Unknown,PISA 2018. Grundbildung im internationalen Vergleich
36,998,769,2019,Unknown,PISA 2018. Grundbildung im internationalen Vergleich
36,128,769,2019,Unknown,PISA 2018. Grundbildung im internationalen Vergleich
183,999,770,2015,Frühe Bildung,Rezeptive Wortschatz- und Grammatikkompetenzen von Fünfjährigen mit und ohne Migrationshintergrund: Eine empirische Untersuchung aus bildungssoziologischer Perspektive
180,999,770,2015,Frühe Bildung,Rezeptive Wortschatz- und Grammatikkompetenzen von Fünfjährigen mit und ohne Migrationshintergrund: Eine empirische Untersuchung aus bildungssoziologischer Perspektive
180,183,770,2015,Frühe Bildung,Rezeptive Wortschatz- und Grammatikkompetenzen von Fünfjährigen mit und ohne Migrationshintergrund: Eine empirische Untersuchung aus bildungssoziologischer Perspektive
88,1000,771,2021,European Journal of Educational Research,Social Inclusion of German Students who Complete an Academic Stay Abroad
493,1000,771,2021,European Journal of Educational Research,Social Inclusion of German Students who Complete an Academic Stay Abroad
88,493,771,2021,European Journal of Educational Research,Social Inclusion of German Students who Complete an Academic Stay Abroad
348,1001,772,2024,Advances in Life Course Research,A longitudinal analysis of health inequalities from adolescence to young adulthood and their underlying causes
350,1001,772,2024,Advances in Life Course Research,A longitudinal analysis of health inequalities from adolescence to young adulthood and their underlying causes
1001,1002,772,2024,Advances in Life Course Research,A longitudinal analysis of health inequalities from adolescence to young adulthood and their underlying causes
1001,1003,772,2024,Advances in Life Course Research,A longitudinal analysis of health inequalities from adolescence to young adulthood and their underlying causes
349,1001,772,2024,Advances in Life Course Research,A longitudinal analysis of health inequalities from adolescence to young adulthood and their underlying causes
353,1001,772,2024,Advances in Life Course Research,A longitudinal analysis of health inequalities from adolescence to young adulthood and their underlying causes
348,350,772,2024,Advances in Life Course Research,A longitudinal analysis of health inequalities from adolescence to young adulthood and their underlying causes
348,1002,772,2024,Advances in Life Course Research,A longitudinal analysis of health inequalities from adolescence to young adulthood and their underlying causes
348,1003,772,2024,Advances in Life Course Research,A longitudinal analysis of health inequalities from adolescence to young adulthood and their underlying causes
348,349,772,2024,Advances in Life Course Research,A longitudinal analysis of health inequalities from adolescence to young adulthood and their underlying causes
348,353,772,2024,Advances in Life Course Research,A longitudinal analysis of health inequalities from adolescence to young adulthood and their underlying causes
350,1002,772,2024,Advances in Life Course Research,A longitudinal analysis of health inequalities from adolescence to young adulthood and their underlying causes
350,1003,772,2024,Advances in Life Course Research,A longitudinal analysis of health inequalities from adolescence to young adulthood and their underlying causes
349,350,772,2024,Advances in Life Course Research,A longitudinal analysis of health inequalities from adolescence to young adulthood and their underlying causes
350,353,772,2024,Advances in Life Course Research,A longitudinal analysis of health inequalities from adolescence to young adulthood and their underlying causes
1002,1003,772,2024,Advances in Life Course Research,A longitudinal analysis of health inequalities from adolescence to young adulthood and their underlying causes
349,1002,772,2024,Advances in Life Course Research,A longitudinal analysis of health inequalities from adolescence to young adulthood and their underlying causes
353,1002,772,2024,Advances in Life Course Research,A longitudinal analysis of health inequalities from adolescence to young adulthood and their underlying causes
349,1003,772,2024,Advances in Life Course Research,A longitudinal analysis of health inequalities from adolescence to young adulthood and their underlying causes
353,1003,772,2024,Advances in Life Course Research,A longitudinal analysis of health inequalities from adolescence to young adulthood and their underlying causes
349,353,772,2024,Advances in Life Course Research,A longitudinal analysis of health inequalities from adolescence to young adulthood and their underlying causes
591,1001,773,2022,BMC Public Health,Young people’s health and well-being during the school-to-work transition: a prospective cohort study comparing post-secondary pathways
350,1001,773,2022,BMC Public Health,Young people’s health and well-being during the school-to-work transition: a prospective cohort study comparing post-secondary pathways
348,1001,773,2022,BMC Public Health,Young people’s health and well-being during the school-to-work transition: a prospective cohort study comparing post-secondary pathways
1001,1004,773,2022,BMC Public Health,Young people’s health and well-being during the school-to-work transition: a prospective cohort study comparing post-secondary pathways
354,1001,773,2022,BMC Public Health,Young people’s health and well-being during the school-to-work transition: a prospective cohort study comparing post-secondary pathways
353,1001,773,2022,BMC Public Health,Young people’s health and well-being during the school-to-work transition: a prospective cohort study comparing post-secondary pathways
350,591,773,2022,BMC Public Health,Young people’s health and well-being during the school-to-work transition: a prospective cohort study comparing post-secondary pathways
348,591,773,2022,BMC Public Health,Young people’s health and well-being during the school-to-work transition: a prospective cohort study comparing post-secondary pathways
591,1004,773,2022,BMC Public Health,Young people’s health and well-being during the school-to-work transition: a prospective cohort study comparing post-secondary pathways
354,591,773,2022,BMC Public Health,Young people’s health and well-being during the school-to-work transition: a prospective cohort study comparing post-secondary pathways
353,591,773,2022,BMC Public Health,Young people’s health and well-being during the school-to-work transition: a prospective cohort study comparing post-secondary pathways
348,350,773,2022,BMC Public Health,Young people’s health and well-being during the school-to-work transition: a prospective cohort study comparing post-secondary pathways
350,1004,773,2022,BMC Public Health,Young people’s health and well-being during the school-to-work transition: a prospective cohort study comparing post-secondary pathways
350,354,773,2022,BMC Public Health,Young people’s health and well-being during the school-to-work transition: a prospective cohort study comparing post-secondary pathways
350,353,773,2022,BMC Public Health,Young people’s health and well-being during the school-to-work transition: a prospective cohort study comparing post-secondary pathways
348,1004,773,2022,BMC Public Health,Young people’s health and well-being during the school-to-work transition: a prospective cohort study comparing post-secondary pathways
348,354,773,2022,BMC Public Health,Young people’s health and well-being during the school-to-work transition: a prospective cohort study comparing post-secondary pathways
348,353,773,2022,BMC Public Health,Young people’s health and well-being during the school-to-work transition: a prospective cohort study comparing post-secondary pathways
354,1004,773,2022,BMC Public Health,Young people’s health and well-being during the school-to-work transition: a prospective cohort study comparing post-secondary pathways
353,1004,773,2022,BMC Public Health,Young people’s health and well-being during the school-to-work transition: a prospective cohort study comparing post-secondary pathways
353,354,773,2022,BMC Public Health,Young people’s health and well-being during the school-to-work transition: a prospective cohort study comparing post-secondary pathways
896,1005,775,2015,Zeitschrift für Bildungsforschung,Längsschnittliche Bildungsforschung in Deutschland – Herausforderungen und Umsetzung im Nationalen Bildungspanel am Beispiel der Startkohorte Klasse 9
56,1005,775,2015,Zeitschrift für Bildungsforschung,Längsschnittliche Bildungsforschung in Deutschland – Herausforderungen und Umsetzung im Nationalen Bildungspanel am Beispiel der Startkohorte Klasse 9
227,1005,775,2015,Zeitschrift für Bildungsforschung,Längsschnittliche Bildungsforschung in Deutschland – Herausforderungen und Umsetzung im Nationalen Bildungspanel am Beispiel der Startkohorte Klasse 9
56,896,775,2015,Zeitschrift für Bildungsforschung,Längsschnittliche Bildungsforschung in Deutschland – Herausforderungen und Umsetzung im Nationalen Bildungspanel am Beispiel der Startkohorte Klasse 9
227,896,775,2015,Zeitschrift für Bildungsforschung,Längsschnittliche Bildungsforschung in Deutschland – Herausforderungen und Umsetzung im Nationalen Bildungspanel am Beispiel der Startkohorte Klasse 9
56,227,775,2015,Zeitschrift für Bildungsforschung,Längsschnittliche Bildungsforschung in Deutschland – Herausforderungen und Umsetzung im Nationalen Bildungspanel am Beispiel der Startkohorte Klasse 9
1006,1007,776,2023,Education Sciences,Theory Application in School and Meaning-Oriented Learning Opportunities at University—Resources for Teaching Quality
1006,1008,776,2023,Education Sciences,Theory Application in School and Meaning-Oriented Learning Opportunities at University—Resources for Teaching Quality
1007,1008,776,2023,Education Sciences,Theory Application in School and Meaning-Oriented Learning Opportunities at University—Resources for Teaching Quality
1006,1009,777,2023,Social Sciences & Humanities Open,Two sides of the same coin? A comparison of research and practice orientation for teachers and doctors
1006,1010,777,2023,Social Sciences & Humanities Open,Two sides of the same coin? A comparison of research and practice orientation for teachers and doctors
1009,1010,777,2023,Social Sciences & Humanities Open,Two sides of the same coin? A comparison of research and practice orientation for teachers and doctors
1006,1009,778,2020,ZeHf – Zeitschrift für empirische Hochschulforschung,Vergleich der Forschungs- sowie Praxisorientierung zwischen Lehramts- und Medizinstudium
1006,1010,778,2020,ZeHf – Zeitschrift für empirische Hochschulforschung,Vergleich der Forschungs- sowie Praxisorientierung zwischen Lehramts- und Medizinstudium
1009,1010,778,2020,ZeHf – Zeitschrift für empirische Hochschulforschung,Vergleich der Forschungs- sowie Praxisorientierung zwischen Lehramts- und Medizinstudium
1006,1009,779,2023,"Evidenz- und Forschungsorientierung in Lehrer*innenbildung, Schule, Bildungspolitik und -administration","Verwendung von Evidenz in der Schulpraxis. Theorieanwendung als Ressource für Unterrichtsqualität, Belastungserleben und Selbstwirksamkeitserwartung"
1006,1010,779,2023,"Evidenz- und Forschungsorientierung in Lehrer*innenbildung, Schule, Bildungspolitik und -administration","Verwendung von Evidenz in der Schulpraxis. Theorieanwendung als Ressource für Unterrichtsqualität, Belastungserleben und Selbstwirksamkeitserwartung"
1009,1010,779,2023,"Evidenz- und Forschungsorientierung in Lehrer*innenbildung, Schule, Bildungspolitik und -administration","Verwendung von Evidenz in der Schulpraxis. Theorieanwendung als Ressource für Unterrichtsqualität, Belastungserleben und Selbstwirksamkeitserwartung"
979,1012,782,2026,Journal of Personality and Social Psychology,Beyond age and generations: How considering period effects reshapes our understanding of personality change.
263,979,782,2026,Journal of Personality and Social Psychology,Beyond age and generations: How considering period effects reshapes our understanding of personality change.
979,1013,782,2026,Journal of Personality and Social Psychology,Beyond age and generations: How considering period effects reshapes our understanding of personality change.
979,1014,782,2026,Journal of Personality and Social Psychology,Beyond age and generations: How considering period effects reshapes our understanding of personality change.
979,1015,782,2026,Journal of Personality and Social Psychology,Beyond age and generations: How considering period effects reshapes our understanding of personality change.
263,1012,782,2026,Journal of Personality and Social Psychology,Beyond age and generations: How considering period effects reshapes our understanding of personality change.
1012,1013,782,2026,Journal of Personality and Social Psychology,Beyond age and generations: How considering period effects reshapes our understanding of personality change.
1012,1014,782,2026,Journal of Personality and Social Psychology,Beyond age and generations: How considering period effects reshapes our understanding of personality change.
1012,1015,782,2026,Journal of Personality and Social Psychology,Beyond age and generations: How considering period effects reshapes our understanding of personality change.
263,1013,782,2026,Journal of Personality and Social Psychology,Beyond age and generations: How considering period effects reshapes our understanding of personality change.
263,1014,782,2026,Journal of Personality and Social Psychology,Beyond age and generations: How considering period effects reshapes our understanding of personality change.
263,1015,782,2026,Journal of Personality and Social Psychology,Beyond age and generations: How considering period effects reshapes our understanding of personality change.
1013,1014,782,2026,Journal of Personality and Social Psychology,Beyond age and generations: How considering period effects reshapes our understanding of personality change.
1013,1015,782,2026,Journal of Personality and Social Psychology,Beyond age and generations: How considering period effects reshapes our understanding of personality change.
1014,1015,782,2026,Journal of Personality and Social Psychology,Beyond age and generations: How considering period effects reshapes our understanding of personality change.
261,979,783,2022,Journal of Intelligence,Beyond Competencies: Associations between Personality and School Grades Are Largely Independent of Subject-Specific and General Cognitive Competencies
263,979,783,2022,Journal of Intelligence,Beyond Competencies: Associations between Personality and School Grades Are Largely Independent of Subject-Specific and General Cognitive Competencies
261,263,783,2022,Journal of Intelligence,Beyond Competencies: Associations between Personality and School Grades Are Largely Independent of Subject-Specific and General Cognitive Competencies
70,464,784,2021,Large-scale Assessments in Education,The achievement gap in reading competence: the effect of measurement non-invariance across school types
463,464,784,2021,Large-scale Assessments in Education,The achievement gap in reading competence: the effect of measurement non-invariance across school types
138,464,784,2021,Large-scale Assessments in Education,The achievement gap in reading competence: the effect of measurement non-invariance across school types
70,463,784,2021,Large-scale Assessments in Education,The achievement gap in reading competence: the effect of measurement non-invariance across school types
70,138,784,2021,Large-scale Assessments in Education,The achievement gap in reading competence: the effect of measurement non-invariance across school types
138,463,784,2021,Large-scale Assessments in Education,The achievement gap in reading competence: the effect of measurement non-invariance across school types
70,464,785,2021,Journal of Survey Statistics and Methodology,Disentangling Interviewer and Area Effects in Large-Scale Educational Assessments using Cross-Classified Multilevel Item Response Models
463,464,785,2021,Journal of Survey Statistics and Methodology,Disentangling Interviewer and Area Effects in Large-Scale Educational Assessments using Cross-Classified Multilevel Item Response Models
138,464,785,2021,Journal of Survey Statistics and Methodology,Disentangling Interviewer and Area Effects in Large-Scale Educational Assessments using Cross-Classified Multilevel Item Response Models
70,463,785,2021,Journal of Survey Statistics and Methodology,Disentangling Interviewer and Area Effects in Large-Scale Educational Assessments using Cross-Classified Multilevel Item Response Models
70,138,785,2021,Journal of Survey Statistics and Methodology,Disentangling Interviewer and Area Effects in Large-Scale Educational Assessments using Cross-Classified Multilevel Item Response Models
138,463,785,2021,Journal of Survey Statistics and Methodology,Disentangling Interviewer and Area Effects in Large-Scale Educational Assessments using Cross-Classified Multilevel Item Response Models
1016,1017,787,2021,Journal für Mathematik-Didaktik,Mathematikleistungen von Schülerinnen und Schülern der gymnasialen Oberstufe in Deutschland: Ein Review und eine Sekundäranalyse der Schulleistungsstudien seit 1995
1016,1018,787,2021,Journal für Mathematik-Didaktik,Mathematikleistungen von Schülerinnen und Schülern der gymnasialen Oberstufe in Deutschland: Ein Review und eine Sekundäranalyse der Schulleistungsstudien seit 1995
1017,1018,787,2021,Journal für Mathematik-Didaktik,Mathematikleistungen von Schülerinnen und Schülern der gymnasialen Oberstufe in Deutschland: Ein Review und eine Sekundäranalyse der Schulleistungsstudien seit 1995
825,1019,788,2022,European Educational Research Journal,Diversity in the teachers’ lounge in Germany – casting doubt on the statistical category of ‘migration background’
32,132,789,2023,Zeitschrift für Erziehungswissenschaft,Longitudinal analysis using NEPS data
32,55,789,2023,Zeitschrift für Erziehungswissenschaft,Longitudinal analysis using NEPS data
55,132,789,2023,Zeitschrift für Erziehungswissenschaft,Longitudinal analysis using NEPS data
32,487,790,2018,Handbuch Bildungsforschung,Das Nationale Bildungspanel als wertvolle Ressource für die Bildungsforschung
1020,1021,791,2023,"Education, Competence Development and Career Trajectories",Ethnic Differences in Social Capital Mobilization at the Transition to Vocational Training in Germany
1020,1021,794,2022,European Sociological Review,The Role of Parents’ Native and Migrant Contacts on the Labour Market in the School-to-Work Transition of Adolescents in Germany
61,1022,797,2017,European Sociological Review,Informal Learning and Labour Market Returns. Evidence from German Panel Data
17,23,798,2016,Methodological Issues of Longitudinal Surveys,Data-Revision Module—A Beneficial Tool to Support Autobiographical Memory in Life-Course Studies
19,23,798,2016,Methodological Issues of Longitudinal Surveys,Data-Revision Module—A Beneficial Tool to Support Autobiographical Memory in Life-Course Studies
22,23,798,2016,Methodological Issues of Longitudinal Surveys,Data-Revision Module—A Beneficial Tool to Support Autobiographical Memory in Life-Course Studies
23,1023,798,2016,Methodological Issues of Longitudinal Surveys,Data-Revision Module—A Beneficial Tool to Support Autobiographical Memory in Life-Course Studies
17,19,798,2016,Methodological Issues of Longitudinal Surveys,Data-Revision Module—A Beneficial Tool to Support Autobiographical Memory in Life-Course Studies
17,22,798,2016,Methodological Issues of Longitudinal Surveys,Data-Revision Module—A Beneficial Tool to Support Autobiographical Memory in Life-Course Studies
17,1023,798,2016,Methodological Issues of Longitudinal Surveys,Data-Revision Module—A Beneficial Tool to Support Autobiographical Memory in Life-Course Studies
19,22,798,2016,Methodological Issues of Longitudinal Surveys,Data-Revision Module—A Beneficial Tool to Support Autobiographical Memory in Life-Course Studies
19,1023,798,2016,Methodological Issues of Longitudinal Surveys,Data-Revision Module—A Beneficial Tool to Support Autobiographical Memory in Life-Course Studies
22,1023,798,2016,Methodological Issues of Longitudinal Surveys,Data-Revision Module—A Beneficial Tool to Support Autobiographical Memory in Life-Course Studies
528,1024,799,2020,Frontiers in Psychology,Educational Leave as a Time Resource for Participation in Adult Learning and Education (ALE)
1024,1025,799,2020,Frontiers in Psychology,Educational Leave as a Time Resource for Participation in Adult Learning and Education (ALE)
528,1025,799,2020,Frontiers in Psychology,Educational Leave as a Time Resource for Participation in Adult Learning and Education (ALE)
109,524,802,2016,Applied Economics,Local employer competition and training of workers
1026,1027,803,2022,Journal of Educational Psychology,High school students’ tenacity and flexibility in goal pursuit linked to life satisfaction and achievement on competencies tests.
1026,1028,803,2022,Journal of Educational Psychology,High school students’ tenacity and flexibility in goal pursuit linked to life satisfaction and achievement on competencies tests.
1026,1029,803,2022,Journal of Educational Psychology,High school students’ tenacity and flexibility in goal pursuit linked to life satisfaction and achievement on competencies tests.
1026,1030,803,2022,Journal of Educational Psychology,High school students’ tenacity and flexibility in goal pursuit linked to life satisfaction and achievement on competencies tests.
1026,1031,803,2022,Journal of Educational Psychology,High school students’ tenacity and flexibility in goal pursuit linked to life satisfaction and achievement on competencies tests.
1026,1032,803,2022,Journal of Educational Psychology,High school students’ tenacity and flexibility in goal pursuit linked to life satisfaction and achievement on competencies tests.
1027,1028,803,2022,Journal of Educational Psychology,High school students’ tenacity and flexibility in goal pursuit linked to life satisfaction and achievement on competencies tests.
1027,1029,803,2022,Journal of Educational Psychology,High school students’ tenacity and flexibility in goal pursuit linked to life satisfaction and achievement on competencies tests.
1027,1030,803,2022,Journal of Educational Psychology,High school students’ tenacity and flexibility in goal pursuit linked to life satisfaction and achievement on competencies tests.
1027,1031,803,2022,Journal of Educational Psychology,High school students’ tenacity and flexibility in goal pursuit linked to life satisfaction and achievement on competencies tests.
1027,1032,803,2022,Journal of Educational Psychology,High school students’ tenacity and flexibility in goal pursuit linked to life satisfaction and achievement on competencies tests.
1028,1029,803,2022,Journal of Educational Psychology,High school students’ tenacity and flexibility in goal pursuit linked to life satisfaction and achievement on competencies tests.
1028,1030,803,2022,Journal of Educational Psychology,High school students’ tenacity and flexibility in goal pursuit linked to life satisfaction and achievement on competencies tests.
1028,1031,803,2022,Journal of Educational Psychology,High school students’ tenacity and flexibility in goal pursuit linked to life satisfaction and achievement on competencies tests.
1028,1032,803,2022,Journal of Educational Psychology,High school students’ tenacity and flexibility in goal pursuit linked to life satisfaction and achievement on competencies tests.
1029,1030,803,2022,Journal of Educational Psychology,High school students’ tenacity and flexibility in goal pursuit linked to life satisfaction and achievement on competencies tests.
1029,1031,803,2022,Journal of Educational Psychology,High school students’ tenacity and flexibility in goal pursuit linked to life satisfaction and achievement on competencies tests.
1029,1032,803,2022,Journal of Educational Psychology,High school students’ tenacity and flexibility in goal pursuit linked to life satisfaction and achievement on competencies tests.
1030,1031,803,2022,Journal of Educational Psychology,High school students’ tenacity and flexibility in goal pursuit linked to life satisfaction and achievement on competencies tests.
1030,1032,803,2022,Journal of Educational Psychology,High school students’ tenacity and flexibility in goal pursuit linked to life satisfaction and achievement on competencies tests.
1031,1032,803,2022,Journal of Educational Psychology,High school students’ tenacity and flexibility in goal pursuit linked to life satisfaction and achievement on competencies tests.
202,205,804,2023,Frontiers in Education,Explaining inequalities of homeschooling in Germany during the first COVID-19 lockdown
205,636,804,2023,Frontiers in Education,Explaining inequalities of homeschooling in Germany during the first COVID-19 lockdown
202,636,804,2023,Frontiers in Education,Explaining inequalities of homeschooling in Germany during the first COVID-19 lockdown
582,1033,805,2017,Intelligence,The interplay of g and mathematical abilities in large-scale assessments across grades
36,1033,805,2017,Intelligence,The interplay of g and mathematical abilities in large-scale assessments across grades
36,582,805,2017,Intelligence,The interplay of g and mathematical abilities in large-scale assessments across grades
1034,1035,806,2021,Educational Researcher,Who Chooses Teacher Education and Why? Evidence From Germany
489,1034,806,2021,Educational Researcher,Who Chooses Teacher Education and Why? Evidence From Germany
199,1034,806,2021,Educational Researcher,Who Chooses Teacher Education and Why? Evidence From Germany
489,1035,806,2021,Educational Researcher,Who Chooses Teacher Education and Why? Evidence From Germany
199,1035,806,2021,Educational Researcher,Who Chooses Teacher Education and Why? Evidence From Germany
199,489,806,2021,Educational Researcher,Who Chooses Teacher Education and Why? Evidence From Germany
255,256,809,2023,Journal of Open Psychology Data,The German Panel of Teacher Education Students: Surveying (Prospective) Teachers from Higher Education into Working Life
256,334,809,2023,Journal of Open Psychology Data,The German Panel of Teacher Education Students: Surveying (Prospective) Teachers from Higher Education into Working Life
256,479,809,2023,Journal of Open Psychology Data,The German Panel of Teacher Education Students: Surveying (Prospective) Teachers from Higher Education into Working Life
256,335,809,2023,Journal of Open Psychology Data,The German Panel of Teacher Education Students: Surveying (Prospective) Teachers from Higher Education into Working Life
87,256,809,2023,Journal of Open Psychology Data,The German Panel of Teacher Education Students: Surveying (Prospective) Teachers from Higher Education into Working Life
255,334,809,2023,Journal of Open Psychology Data,The German Panel of Teacher Education Students: Surveying (Prospective) Teachers from Higher Education into Working Life
255,479,809,2023,Journal of Open Psychology Data,The German Panel of Teacher Education Students: Surveying (Prospective) Teachers from Higher Education into Working Life
255,335,809,2023,Journal of Open Psychology Data,The German Panel of Teacher Education Students: Surveying (Prospective) Teachers from Higher Education into Working Life
87,255,809,2023,Journal of Open Psychology Data,The German Panel of Teacher Education Students: Surveying (Prospective) Teachers from Higher Education into Working Life
334,479,809,2023,Journal of Open Psychology Data,The German Panel of Teacher Education Students: Surveying (Prospective) Teachers from Higher Education into Working Life
334,335,809,2023,Journal of Open Psychology Data,The German Panel of Teacher Education Students: Surveying (Prospective) Teachers from Higher Education into Working Life
87,334,809,2023,Journal of Open Psychology Data,The German Panel of Teacher Education Students: Surveying (Prospective) Teachers from Higher Education into Working Life
335,479,809,2023,Journal of Open Psychology Data,The German Panel of Teacher Education Students: Surveying (Prospective) Teachers from Higher Education into Working Life
87,479,809,2023,Journal of Open Psychology Data,The German Panel of Teacher Education Students: Surveying (Prospective) Teachers from Higher Education into Working Life
87,335,809,2023,Journal of Open Psychology Data,The German Panel of Teacher Education Students: Surveying (Prospective) Teachers from Higher Education into Working Life
138,514,810,2019,The Quantitative Methods for Psychology,Longitudinal item response modeling and posterior predictive checking in {R} and {Stan}
514,1037,811,2022,Large-scale Assessments in Education,NEPSscaling: plausible value estimation for competence tests administered in the German National Educational Panel Study
417,1038,812,2024,Zeitschrift für Erziehungswissenschaft,Heterogenität in der Ausbildungsreife nicht-studienberechtigter Schulabgänger:innen – eine latente Profilanalyse auf Basis des Nationalen Bildungspanels
10,462,813,2022,Zeitschrift für Soziologie,Compromises between Occupational Aspirations and VET Occupations **—a Contribution to the Reproduction of Social Inequalities?**
460,462,813,2022,Zeitschrift für Soziologie,Compromises between Occupational Aspirations and VET Occupations **—a Contribution to the Reproduction of Social Inequalities?**
461,462,813,2022,Zeitschrift für Soziologie,Compromises between Occupational Aspirations and VET Occupations **—a Contribution to the Reproduction of Social Inequalities?**
10,460,813,2022,Zeitschrift für Soziologie,Compromises between Occupational Aspirations and VET Occupations **—a Contribution to the Reproduction of Social Inequalities?**
10,461,813,2022,Zeitschrift für Soziologie,Compromises between Occupational Aspirations and VET Occupations **—a Contribution to the Reproduction of Social Inequalities?**
460,461,813,2022,Zeitschrift für Soziologie,Compromises between Occupational Aspirations and VET Occupations **—a Contribution to the Reproduction of Social Inequalities?**
462,1039,814,2020,Soziale Welt,"Sind Auszubildende mit Migrationshintergrund schlechter gestellt? Ressourcen, Berufsaspirationen und ethnische Unterschiede im sozioökonomischen Status des Ausbildungsberufs"
275,1040,815,2019,Education as a Lifelong Process,Data Protection Issues in the National Educational Panel Study
275,711,815,2019,Education as a Lifelong Process,Data Protection Issues in the National Educational Panel Study
275,1041,815,2019,Education as a Lifelong Process,Data Protection Issues in the National Educational Panel Study
275,1042,815,2019,Education as a Lifelong Process,Data Protection Issues in the National Educational Panel Study
275,1043,815,2019,Education as a Lifelong Process,Data Protection Issues in the National Educational Panel Study
227,275,815,2019,Education as a Lifelong Process,Data Protection Issues in the National Educational Panel Study
275,1044,815,2019,Education as a Lifelong Process,Data Protection Issues in the National Educational Panel Study
711,1040,815,2019,Education as a Lifelong Process,Data Protection Issues in the National Educational Panel Study
1040,1041,815,2019,Education as a Lifelong Process,Data Protection Issues in the National Educational Panel Study
1040,1042,815,2019,Education as a Lifelong Process,Data Protection Issues in the National Educational Panel Study
1040,1043,815,2019,Education as a Lifelong Process,Data Protection Issues in the National Educational Panel Study
227,1040,815,2019,Education as a Lifelong Process,Data Protection Issues in the National Educational Panel Study
1040,1044,815,2019,Education as a Lifelong Process,Data Protection Issues in the National Educational Panel Study
711,1041,815,2019,Education as a Lifelong Process,Data Protection Issues in the National Educational Panel Study
711,1042,815,2019,Education as a Lifelong Process,Data Protection Issues in the National Educational Panel Study
711,1043,815,2019,Education as a Lifelong Process,Data Protection Issues in the National Educational Panel Study
227,711,815,2019,Education as a Lifelong Process,Data Protection Issues in the National Educational Panel Study
711,1044,815,2019,Education as a Lifelong Process,Data Protection Issues in the National Educational Panel Study
1041,1042,815,2019,Education as a Lifelong Process,Data Protection Issues in the National Educational Panel Study
1041,1043,815,2019,Education as a Lifelong Process,Data Protection Issues in the National Educational Panel Study
227,1041,815,2019,Education as a Lifelong Process,Data Protection Issues in the National Educational Panel Study
1041,1044,815,2019,Education as a Lifelong Process,Data Protection Issues in the National Educational Panel Study
1042,1043,815,2019,Education as a Lifelong Process,Data Protection Issues in the National Educational Panel Study
227,1042,815,2019,Education as a Lifelong Process,Data Protection Issues in the National Educational Panel Study
1042,1044,815,2019,Education as a Lifelong Process,Data Protection Issues in the National Educational Panel Study
227,1043,815,2019,Education as a Lifelong Process,Data Protection Issues in the National Educational Panel Study
1043,1044,815,2019,Education as a Lifelong Process,Data Protection Issues in the National Educational Panel Study
227,1044,815,2019,Education as a Lifelong Process,Data Protection Issues in the National Educational Panel Study
202,203,817,2023,"Education, Competence Development and Career Trajectories","Alternative Routes to Higher Education Eligibility: Inclusion, Diversion and Social Inequality on the Way to Higher Education"
202,203,818,2021,European Sociological Review,Diversion or Inclusion? Alternative Routes to Higher Education Eligibility and Inequality in Educational Attainment in Germany
203,1046,819,2024,International Journal of Comparative Sociology,Educational tracking and social inequalities in long-term labor market outcomes: Six countries in comparison
203,1047,819,2024,International Journal of Comparative Sociology,Educational tracking and social inequalities in long-term labor market outcomes: Six countries in comparison
203,1048,819,2024,International Journal of Comparative Sociology,Educational tracking and social inequalities in long-term labor market outcomes: Six countries in comparison
203,1049,819,2024,International Journal of Comparative Sociology,Educational tracking and social inequalities in long-term labor market outcomes: Six countries in comparison
203,1050,819,2024,International Journal of Comparative Sociology,Educational tracking and social inequalities in long-term labor market outcomes: Six countries in comparison
203,845,819,2024,International Journal of Comparative Sociology,Educational tracking and social inequalities in long-term labor market outcomes: Six countries in comparison
203,1051,819,2024,International Journal of Comparative Sociology,Educational tracking and social inequalities in long-term labor market outcomes: Six countries in comparison
203,1052,819,2024,International Journal of Comparative Sociology,Educational tracking and social inequalities in long-term labor market outcomes: Six countries in comparison
203,1053,819,2024,International Journal of Comparative Sociology,Educational tracking and social inequalities in long-term labor market outcomes: Six countries in comparison
203,1054,819,2024,International Journal of Comparative Sociology,Educational tracking and social inequalities in long-term labor market outcomes: Six countries in comparison
203,1055,819,2024,International Journal of Comparative Sociology,Educational tracking and social inequalities in long-term labor market outcomes: Six countries in comparison
203,1056,819,2024,International Journal of Comparative Sociology,Educational tracking and social inequalities in long-term labor market outcomes: Six countries in comparison
10,203,819,2024,International Journal of Comparative Sociology,Educational tracking and social inequalities in long-term labor market outcomes: Six countries in comparison
203,1057,819,2024,International Journal of Comparative Sociology,Educational tracking and social inequalities in long-term labor market outcomes: Six countries in comparison
203,1058,819,2024,International Journal of Comparative Sociology,Educational tracking and social inequalities in long-term labor market outcomes: Six countries in comparison
203,220,819,2024,International Journal of Comparative Sociology,Educational tracking and social inequalities in long-term labor market outcomes: Six countries in comparison
203,1059,819,2024,International Journal of Comparative Sociology,Educational tracking and social inequalities in long-term labor market outcomes: Six countries in comparison
1046,1047,819,2024,International Journal of Comparative Sociology,Educational tracking and social inequalities in long-term labor market outcomes: Six countries in comparison
1046,1048,819,2024,International Journal of Comparative Sociology,Educational tracking and social inequalities in long-term labor market outcomes: Six countries in comparison
1046,1049,819,2024,International Journal of Comparative Sociology,Educational tracking and social inequalities in long-term labor market outcomes: Six countries in comparison
1046,1050,819,2024,International Journal of Comparative Sociology,Educational tracking and social inequalities in long-term labor market outcomes: Six countries in comparison
845,1046,819,2024,International Journal of Comparative Sociology,Educational tracking and social inequalities in long-term labor market outcomes: Six countries in comparison
1046,1051,819,2024,International Journal of Comparative Sociology,Educational tracking and social inequalities in long-term labor market outcomes: Six countries in comparison
1046,1052,819,2024,International Journal of Comparative Sociology,Educational tracking and social inequalities in long-term labor market outcomes: Six countries in comparison
1046,1053,819,2024,International Journal of Comparative Sociology,Educational tracking and social inequalities in long-term labor market outcomes: Six countries in comparison
1046,1054,819,2024,International Journal of Comparative Sociology,Educational tracking and social inequalities in long-term labor market outcomes: Six countries in comparison
1046,1055,819,2024,International Journal of Comparative Sociology,Educational tracking and social inequalities in long-term labor market outcomes: Six countries in comparison
1046,1056,819,2024,International Journal of Comparative Sociology,Educational tracking and social inequalities in long-term labor market outcomes: Six countries in comparison
10,1046,819,2024,International Journal of Comparative Sociology,Educational tracking and social inequalities in long-term labor market outcomes: Six countries in comparison
1046,1057,819,2024,International Journal of Comparative Sociology,Educational tracking and social inequalities in long-term labor market outcomes: Six countries in comparison
1046,1058,819,2024,International Journal of Comparative Sociology,Educational tracking and social inequalities in long-term labor market outcomes: Six countries in comparison
220,1046,819,2024,International Journal of Comparative Sociology,Educational tracking and social inequalities in long-term labor market outcomes: Six countries in comparison
1046,1059,819,2024,International Journal of Comparative Sociology,Educational tracking and social inequalities in long-term labor market outcomes: Six countries in comparison
1047,1048,819,2024,International Journal of Comparative Sociology,Educational tracking and social inequalities in long-term labor market outcomes: Six countries in comparison
1047,1049,819,2024,International Journal of Comparative Sociology,Educational tracking and social inequalities in long-term labor market outcomes: Six countries in comparison
1047,1050,819,2024,International Journal of Comparative Sociology,Educational tracking and social inequalities in long-term labor market outcomes: Six countries in comparison
845,1047,819,2024,International Journal of Comparative Sociology,Educational tracking and social inequalities in long-term labor market outcomes: Six countries in comparison
1047,1051,819,2024,International Journal of Comparative Sociology,Educational tracking and social inequalities in long-term labor market outcomes: Six countries in comparison
1047,1052,819,2024,International Journal of Comparative Sociology,Educational tracking and social inequalities in long-term labor market outcomes: Six countries in comparison
1047,1053,819,2024,International Journal of Comparative Sociology,Educational tracking and social inequalities in long-term labor market outcomes: Six countries in comparison
1047,1054,819,2024,International Journal of Comparative Sociology,Educational tracking and social inequalities in long-term labor market outcomes: Six countries in comparison
1047,1055,819,2024,International Journal of Comparative Sociology,Educational tracking and social inequalities in long-term labor market outcomes: Six countries in comparison
1047,1056,819,2024,International Journal of Comparative Sociology,Educational tracking and social inequalities in long-term labor market outcomes: Six countries in comparison
10,1047,819,2024,International Journal of Comparative Sociology,Educational tracking and social inequalities in long-term labor market outcomes: Six countries in comparison
1047,1057,819,2024,International Journal of Comparative Sociology,Educational tracking and social inequalities in long-term labor market outcomes: Six countries in comparison
1047,1058,819,2024,International Journal of Comparative Sociology,Educational tracking and social inequalities in long-term labor market outcomes: Six countries in comparison
220,1047,819,2024,International Journal of Comparative Sociology,Educational tracking and social inequalities in long-term labor market outcomes: Six countries in comparison
1047,1059,819,2024,International Journal of Comparative Sociology,Educational tracking and social inequalities in long-term labor market outcomes: Six countries in comparison
1048,1049,819,2024,International Journal of Comparative Sociology,Educational tracking and social inequalities in long-term labor market outcomes: Six countries in comparison
1048,1050,819,2024,International Journal of Comparative Sociology,Educational tracking and social inequalities in long-term labor market outcomes: Six countries in comparison
845,1048,819,2024,International Journal of Comparative Sociology,Educational tracking and social inequalities in long-term labor market outcomes: Six countries in comparison
1048,1051,819,2024,International Journal of Comparative Sociology,Educational tracking and social inequalities in long-term labor market outcomes: Six countries in comparison
1048,1052,819,2024,International Journal of Comparative Sociology,Educational tracking and social inequalities in long-term labor market outcomes: Six countries in comparison
1048,1053,819,2024,International Journal of Comparative Sociology,Educational tracking and social inequalities in long-term labor market outcomes: Six countries in comparison
1048,1054,819,2024,International Journal of Comparative Sociology,Educational tracking and social inequalities in long-term labor market outcomes: Six countries in comparison
1048,1055,819,2024,International Journal of Comparative Sociology,Educational tracking and social inequalities in long-term labor market outcomes: Six countries in comparison
1048,1056,819,2024,International Journal of Comparative Sociology,Educational tracking and social inequalities in long-term labor market outcomes: Six countries in comparison
10,1048,819,2024,International Journal of Comparative Sociology,Educational tracking and social inequalities in long-term labor market outcomes: Six countries in comparison
1048,1057,819,2024,International Journal of Comparative Sociology,Educational tracking and social inequalities in long-term labor market outcomes: Six countries in comparison
1048,1058,819,2024,International Journal of Comparative Sociology,Educational tracking and social inequalities in long-term labor market outcomes: Six countries in comparison
220,1048,819,2024,International Journal of Comparative Sociology,Educational tracking and social inequalities in long-term labor market outcomes: Six countries in comparison
1048,1059,819,2024,International Journal of Comparative Sociology,Educational tracking and social inequalities in long-term labor market outcomes: Six countries in comparison
1049,1050,819,2024,International Journal of Comparative Sociology,Educational tracking and social inequalities in long-term labor market outcomes: Six countries in comparison
845,1049,819,2024,International Journal of Comparative Sociology,Educational tracking and social inequalities in long-term labor market outcomes: Six countries in comparison
1049,1051,819,2024,International Journal of Comparative Sociology,Educational tracking and social inequalities in long-term labor market outcomes: Six countries in comparison
1049,1052,819,2024,International Journal of Comparative Sociology,Educational tracking and social inequalities in long-term labor market outcomes: Six countries in comparison
1049,1053,819,2024,International Journal of Comparative Sociology,Educational tracking and social inequalities in long-term labor market outcomes: Six countries in comparison
1049,1054,819,2024,International Journal of Comparative Sociology,Educational tracking and social inequalities in long-term labor market outcomes: Six countries in comparison
1049,1055,819,2024,International Journal of Comparative Sociology,Educational tracking and social inequalities in long-term labor market outcomes: Six countries in comparison
1049,1056,819,2024,International Journal of Comparative Sociology,Educational tracking and social inequalities in long-term labor market outcomes: Six countries in comparison
10,1049,819,2024,International Journal of Comparative Sociology,Educational tracking and social inequalities in long-term labor market outcomes: Six countries in comparison
1049,1057,819,2024,International Journal of Comparative Sociology,Educational tracking and social inequalities in long-term labor market outcomes: Six countries in comparison
1049,1058,819,2024,International Journal of Comparative Sociology,Educational tracking and social inequalities in long-term labor market outcomes: Six countries in comparison
220,1049,819,2024,International Journal of Comparative Sociology,Educational tracking and social inequalities in long-term labor market outcomes: Six countries in comparison
1049,1059,819,2024,International Journal of Comparative Sociology,Educational tracking and social inequalities in long-term labor market outcomes: Six countries in comparison
845,1050,819,2024,International Journal of Comparative Sociology,Educational tracking and social inequalities in long-term labor market outcomes: Six countries in comparison
1050,1051,819,2024,International Journal of Comparative Sociology,Educational tracking and social inequalities in long-term labor market outcomes: Six countries in comparison
1050,1052,819,2024,International Journal of Comparative Sociology,Educational tracking and social inequalities in long-term labor market outcomes: Six countries in comparison
1050,1053,819,2024,International Journal of Comparative Sociology,Educational tracking and social inequalities in long-term labor market outcomes: Six countries in comparison
1050,1054,819,2024,International Journal of Comparative Sociology,Educational tracking and social inequalities in long-term labor market outcomes: Six countries in comparison
1050,1055,819,2024,International Journal of Comparative Sociology,Educational tracking and social inequalities in long-term labor market outcomes: Six countries in comparison
1050,1056,819,2024,International Journal of Comparative Sociology,Educational tracking and social inequalities in long-term labor market outcomes: Six countries in comparison
10,1050,819,2024,International Journal of Comparative Sociology,Educational tracking and social inequalities in long-term labor market outcomes: Six countries in comparison
1050,1057,819,2024,International Journal of Comparative Sociology,Educational tracking and social inequalities in long-term labor market outcomes: Six countries in comparison
1050,1058,819,2024,International Journal of Comparative Sociology,Educational tracking and social inequalities in long-term labor market outcomes: Six countries in comparison
220,1050,819,2024,International Journal of Comparative Sociology,Educational tracking and social inequalities in long-term labor market outcomes: Six countries in comparison
1050,1059,819,2024,International Journal of Comparative Sociology,Educational tracking and social inequalities in long-term labor market outcomes: Six countries in comparison
845,1051,819,2024,International Journal of Comparative Sociology,Educational tracking and social inequalities in long-term labor market outcomes: Six countries in comparison
845,1052,819,2024,International Journal of Comparative Sociology,Educational tracking and social inequalities in long-term labor market outcomes: Six countries in comparison
845,1053,819,2024,International Journal of Comparative Sociology,Educational tracking and social inequalities in long-term labor market outcomes: Six countries in comparison
845,1054,819,2024,International Journal of Comparative Sociology,Educational tracking and social inequalities in long-term labor market outcomes: Six countries in comparison
845,1055,819,2024,International Journal of Comparative Sociology,Educational tracking and social inequalities in long-term labor market outcomes: Six countries in comparison
845,1056,819,2024,International Journal of Comparative Sociology,Educational tracking and social inequalities in long-term labor market outcomes: Six countries in comparison
10,845,819,2024,International Journal of Comparative Sociology,Educational tracking and social inequalities in long-term labor market outcomes: Six countries in comparison
845,1057,819,2024,International Journal of Comparative Sociology,Educational tracking and social inequalities in long-term labor market outcomes: Six countries in comparison
845,1058,819,2024,International Journal of Comparative Sociology,Educational tracking and social inequalities in long-term labor market outcomes: Six countries in comparison
220,845,819,2024,International Journal of Comparative Sociology,Educational tracking and social inequalities in long-term labor market outcomes: Six countries in comparison
845,1059,819,2024,International Journal of Comparative Sociology,Educational tracking and social inequalities in long-term labor market outcomes: Six countries in comparison
1051,1052,819,2024,International Journal of Comparative Sociology,Educational tracking and social inequalities in long-term labor market outcomes: Six countries in comparison
1051,1053,819,2024,International Journal of Comparative Sociology,Educational tracking and social inequalities in long-term labor market outcomes: Six countries in comparison
1051,1054,819,2024,International Journal of Comparative Sociology,Educational tracking and social inequalities in long-term labor market outcomes: Six countries in comparison
1051,1055,819,2024,International Journal of Comparative Sociology,Educational tracking and social inequalities in long-term labor market outcomes: Six countries in comparison
1051,1056,819,2024,International Journal of Comparative Sociology,Educational tracking and social inequalities in long-term labor market outcomes: Six countries in comparison
10,1051,819,2024,International Journal of Comparative Sociology,Educational tracking and social inequalities in long-term labor market outcomes: Six countries in comparison
1051,1057,819,2024,International Journal of Comparative Sociology,Educational tracking and social inequalities in long-term labor market outcomes: Six countries in comparison
1051,1058,819,2024,International Journal of Comparative Sociology,Educational tracking and social inequalities in long-term labor market outcomes: Six countries in comparison
220,1051,819,2024,International Journal of Comparative Sociology,Educational tracking and social inequalities in long-term labor market outcomes: Six countries in comparison
1051,1059,819,2024,International Journal of Comparative Sociology,Educational tracking and social inequalities in long-term labor market outcomes: Six countries in comparison
1052,1053,819,2024,International Journal of Comparative Sociology,Educational tracking and social inequalities in long-term labor market outcomes: Six countries in comparison
1052,1054,819,2024,International Journal of Comparative Sociology,Educational tracking and social inequalities in long-term labor market outcomes: Six countries in comparison
1052,1055,819,2024,International Journal of Comparative Sociology,Educational tracking and social inequalities in long-term labor market outcomes: Six countries in comparison
1052,1056,819,2024,International Journal of Comparative Sociology,Educational tracking and social inequalities in long-term labor market outcomes: Six countries in comparison
10,1052,819,2024,International Journal of Comparative Sociology,Educational tracking and social inequalities in long-term labor market outcomes: Six countries in comparison
1052,1057,819,2024,International Journal of Comparative Sociology,Educational tracking and social inequalities in long-term labor market outcomes: Six countries in comparison
1052,1058,819,2024,International Journal of Comparative Sociology,Educational tracking and social inequalities in long-term labor market outcomes: Six countries in comparison
220,1052,819,2024,International Journal of Comparative Sociology,Educational tracking and social inequalities in long-term labor market outcomes: Six countries in comparison
1052,1059,819,2024,International Journal of Comparative Sociology,Educational tracking and social inequalities in long-term labor market outcomes: Six countries in comparison
1053,1054,819,2024,International Journal of Comparative Sociology,Educational tracking and social inequalities in long-term labor market outcomes: Six countries in comparison
1053,1055,819,2024,International Journal of Comparative Sociology,Educational tracking and social inequalities in long-term labor market outcomes: Six countries in comparison
1053,1056,819,2024,International Journal of Comparative Sociology,Educational tracking and social inequalities in long-term labor market outcomes: Six countries in comparison
10,1053,819,2024,International Journal of Comparative Sociology,Educational tracking and social inequalities in long-term labor market outcomes: Six countries in comparison
1053,1057,819,2024,International Journal of Comparative Sociology,Educational tracking and social inequalities in long-term labor market outcomes: Six countries in comparison
1053,1058,819,2024,International Journal of Comparative Sociology,Educational tracking and social inequalities in long-term labor market outcomes: Six countries in comparison
220,1053,819,2024,International Journal of Comparative Sociology,Educational tracking and social inequalities in long-term labor market outcomes: Six countries in comparison
1053,1059,819,2024,International Journal of Comparative Sociology,Educational tracking and social inequalities in long-term labor market outcomes: Six countries in comparison
1054,1055,819,2024,International Journal of Comparative Sociology,Educational tracking and social inequalities in long-term labor market outcomes: Six countries in comparison
1054,1056,819,2024,International Journal of Comparative Sociology,Educational tracking and social inequalities in long-term labor market outcomes: Six countries in comparison
10,1054,819,2024,International Journal of Comparative Sociology,Educational tracking and social inequalities in long-term labor market outcomes: Six countries in comparison
1054,1057,819,2024,International Journal of Comparative Sociology,Educational tracking and social inequalities in long-term labor market outcomes: Six countries in comparison
1054,1058,819,2024,International Journal of Comparative Sociology,Educational tracking and social inequalities in long-term labor market outcomes: Six countries in comparison
220,1054,819,2024,International Journal of Comparative Sociology,Educational tracking and social inequalities in long-term labor market outcomes: Six countries in comparison
1054,1059,819,2024,International Journal of Comparative Sociology,Educational tracking and social inequalities in long-term labor market outcomes: Six countries in comparison
1055,1056,819,2024,International Journal of Comparative Sociology,Educational tracking and social inequalities in long-term labor market outcomes: Six countries in comparison
10,1055,819,2024,International Journal of Comparative Sociology,Educational tracking and social inequalities in long-term labor market outcomes: Six countries in comparison
1055,1057,819,2024,International Journal of Comparative Sociology,Educational tracking and social inequalities in long-term labor market outcomes: Six countries in comparison
1055,1058,819,2024,International Journal of Comparative Sociology,Educational tracking and social inequalities in long-term labor market outcomes: Six countries in comparison
220,1055,819,2024,International Journal of Comparative Sociology,Educational tracking and social inequalities in long-term labor market outcomes: Six countries in comparison
1055,1059,819,2024,International Journal of Comparative Sociology,Educational tracking and social inequalities in long-term labor market outcomes: Six countries in comparison
10,1056,819,2024,International Journal of Comparative Sociology,Educational tracking and social inequalities in long-term labor market outcomes: Six countries in comparison
1056,1057,819,2024,International Journal of Comparative Sociology,Educational tracking and social inequalities in long-term labor market outcomes: Six countries in comparison
1056,1058,819,2024,International Journal of Comparative Sociology,Educational tracking and social inequalities in long-term labor market outcomes: Six countries in comparison
220,1056,819,2024,International Journal of Comparative Sociology,Educational tracking and social inequalities in long-term labor market outcomes: Six countries in comparison
1056,1059,819,2024,International Journal of Comparative Sociology,Educational tracking and social inequalities in long-term labor market outcomes: Six countries in comparison
10,1057,819,2024,International Journal of Comparative Sociology,Educational tracking and social inequalities in long-term labor market outcomes: Six countries in comparison
10,1058,819,2024,International Journal of Comparative Sociology,Educational tracking and social inequalities in long-term labor market outcomes: Six countries in comparison
10,220,819,2024,International Journal of Comparative Sociology,Educational tracking and social inequalities in long-term labor market outcomes: Six countries in comparison
10,1059,819,2024,International Journal of Comparative Sociology,Educational tracking and social inequalities in long-term labor market outcomes: Six countries in comparison
1057,1058,819,2024,International Journal of Comparative Sociology,Educational tracking and social inequalities in long-term labor market outcomes: Six countries in comparison
220,1057,819,2024,International Journal of Comparative Sociology,Educational tracking and social inequalities in long-term labor market outcomes: Six countries in comparison
1057,1059,819,2024,International Journal of Comparative Sociology,Educational tracking and social inequalities in long-term labor market outcomes: Six countries in comparison
220,1058,819,2024,International Journal of Comparative Sociology,Educational tracking and social inequalities in long-term labor market outcomes: Six countries in comparison
1058,1059,819,2024,International Journal of Comparative Sociology,Educational tracking and social inequalities in long-term labor market outcomes: Six countries in comparison
220,1059,819,2024,International Journal of Comparative Sociology,Educational tracking and social inequalities in long-term labor market outcomes: Six countries in comparison
183,571,823,2020,European Sociological Review,Consequences of Overeducation among Career Starters in Germany: A Trap for the Vocationally Trained as well as for University Graduates?
655,1060,824,2021,Learning and Instruction,Early school adjustment: Do social integration and persistence mediate the effects of school-entry skills on later achievement?
547,1061,825,2024,Unknown,"Abbrüche, Ausstiege und andere Wege aus Lehramtsausbildung und Lehrerberuf: Erkenntnisse aus Wissenschaft und Praxis"
1062,1063,826,2024,Bevölkerungsforschung Aktuell / Bundesinstitut für Bevölkerungsforschung,Begünstigt eine spätere Mutterschaft die kindliche Entwicklung? Der familiale Hintergrund ist entscheidend
1062,1064,826,2024,Bevölkerungsforschung Aktuell / Bundesinstitut für Bevölkerungsforschung,Begünstigt eine spätere Mutterschaft die kindliche Entwicklung? Der familiale Hintergrund ist entscheidend
701,1062,826,2024,Bevölkerungsforschung Aktuell / Bundesinstitut für Bevölkerungsforschung,Begünstigt eine spätere Mutterschaft die kindliche Entwicklung? Der familiale Hintergrund ist entscheidend
1063,1064,826,2024,Bevölkerungsforschung Aktuell / Bundesinstitut für Bevölkerungsforschung,Begünstigt eine spätere Mutterschaft die kindliche Entwicklung? Der familiale Hintergrund ist entscheidend
701,1063,826,2024,Bevölkerungsforschung Aktuell / Bundesinstitut für Bevölkerungsforschung,Begünstigt eine spätere Mutterschaft die kindliche Entwicklung? Der familiale Hintergrund ist entscheidend
701,1064,826,2024,Bevölkerungsforschung Aktuell / Bundesinstitut für Bevölkerungsforschung,Begünstigt eine spätere Mutterschaft die kindliche Entwicklung? Der familiale Hintergrund ist entscheidend
622,1065,827,2016,Berufsbildung in Wissenschaft und Praxis: BWP,Bedeutung bildungsbiografischer Zäsuren für die Weiterbildungsbeteiligung älterer Erwerbstätiger
622,1065,828,2017,Australian Journal of adult learning,Occupational and educational biographies of older workers and their participation in further education in Germany
88,753,829,2022,Zeitschrift für Erziehungswissenschaft,Wie nehmen Eltern und pädagogische Fachkräfte die Kompetenzen ihrer Kinder wahr?
753,807,829,2022,Zeitschrift für Erziehungswissenschaft,Wie nehmen Eltern und pädagogische Fachkräfte die Kompetenzen ihrer Kinder wahr?
88,807,829,2022,Zeitschrift für Erziehungswissenschaft,Wie nehmen Eltern und pädagogische Fachkräfte die Kompetenzen ihrer Kinder wahr?
142,1066,830,2017,Berliner Journal für Soziologie,"Strukturale Psychologie. Zum Verhältnis von Sozialraum, Habitus und Persönlichkeit"
180,183,831,2022,Longitudinal and Life Course Studies,Development of socio-economic gaps in children’s language skills in Germany
1067,1068,832,2022,PLOS ONE,The gender pay gap is smaller in occupations with a higher ratio of men: Evidence from a national panel study
483,1067,832,2022,PLOS ONE,The gender pay gap is smaller in occupations with a higher ratio of men: Evidence from a national panel study
483,1068,832,2022,PLOS ONE,The gender pay gap is smaller in occupations with a higher ratio of men: Evidence from a national panel study
1067,1069,833,2022,Collabra: Psychology,"How Self-Concept, Competence, and Their Fit or Misfit Predict Educational Achievement, Well-Being, and Social Relationships in the School Context"
483,1067,833,2022,Collabra: Psychology,"How Self-Concept, Competence, and Their Fit or Misfit Predict Educational Achievement, Well-Being, and Social Relationships in the School Context"
483,1069,833,2022,Collabra: Psychology,"How Self-Concept, Competence, and Their Fit or Misfit Predict Educational Achievement, Well-Being, and Social Relationships in the School Context"
903,1071,834,2017,Competence Assessment in Education,"Metacognitive Knowledge in Secondary School Students: Assessment, Structure, and Developmental Change"
55,903,834,2017,Competence Assessment in Education,"Metacognitive Knowledge in Secondary School Students: Assessment, Structure, and Developmental Change"
610,903,834,2017,Competence Assessment in Education,"Metacognitive Knowledge in Secondary School Students: Assessment, Structure, and Developmental Change"
55,1071,834,2017,Competence Assessment in Education,"Metacognitive Knowledge in Secondary School Students: Assessment, Structure, and Developmental Change"
610,1071,834,2017,Competence Assessment in Education,"Metacognitive Knowledge in Secondary School Students: Assessment, Structure, and Developmental Change"
55,610,834,2017,Competence Assessment in Education,"Metacognitive Knowledge in Secondary School Students: Assessment, Structure, and Developmental Change"
525,526,836,2016,Berufsbildung in Wissenschaft und Praxis : BWP,Duale Ausbildung oder weiter zur Schule? Bildungspräferenzen von Jugendlichen in der 9. Klasse und wie sie sich ändern
526,1072,840,2017,Datenreport zum Berufsbildungsbericht 2017: Informationen und Analysen zur Entwicklung der beruflichen Bildung,Junge Erwachsene ohne Berufsabschluss. Ergenisse aus dem Nationalen Bildungspanel (NEPS)
526,1072,841,2018,Datenreport zum Berufsbildungsbericht 2018: Informationen und Analysen zur Entwicklung der beruflichen Bildung,Junge Erwachsene ohne Berufsabschluss. Ergebnisse aus dem Nationalen Bildungspanel (NEPS)
526,1072,842,2019,Datenreport zum Berufsbildungsbericht 2019: Informationen und Analysen zur Entwicklung der beruflichen Bildung,Junge Erwachsene ohne Berufsbildungsabschluss. Ergebnisse aus dem Nationalen Bildungspanel (NEPS)
526,1072,844,2017,Datenreport zum Berufsbildungsbericht 2017: Informationen und Analysen zur Entwicklung der beruflichen Bildung,Übergänge von Schulabgängern und Schulabgängerinnen mit Hauptschulabschluss in Ausbildung. Ergebnisse aus dem Nationalen Bildungspanel (NEPS)
526,1072,845,2018,Datenreport zum Berufsbildungsbericht 2018: Informationen und Analysen zur Entwicklung der beruflichen Bildung,Übergänge von Schulabgängern und Schulabgängerinnen mit Hauptschulabschluss in Ausbildung. Ergebnisse aus dem Nationalen Bildungspanel (NEPS)
753,809,848,2018,Zeitschrift für Erziehungswissenschaft,Prosoziales Verhalten von Kindergartenkindern – Ein Vergleich der Eltern- und Erzieherperspektive
807,809,848,2018,Zeitschrift für Erziehungswissenschaft,Prosoziales Verhalten von Kindergartenkindern – Ein Vergleich der Eltern- und Erzieherperspektive
809,999,848,2018,Zeitschrift für Erziehungswissenschaft,Prosoziales Verhalten von Kindergartenkindern – Ein Vergleich der Eltern- und Erzieherperspektive
753,807,848,2018,Zeitschrift für Erziehungswissenschaft,Prosoziales Verhalten von Kindergartenkindern – Ein Vergleich der Eltern- und Erzieherperspektive
753,999,848,2018,Zeitschrift für Erziehungswissenschaft,Prosoziales Verhalten von Kindergartenkindern – Ein Vergleich der Eltern- und Erzieherperspektive
807,999,848,2018,Zeitschrift für Erziehungswissenschaft,Prosoziales Verhalten von Kindergartenkindern – Ein Vergleich der Eltern- und Erzieherperspektive
886,1074,850,2017,Empirical Research in Vocational Education and Training,Vocational qualification as safety-net? Education-to-work transitions of higher education dropouts in Germany
202,1075,852,2024,European Sociological Review,"Children’s aspirations, their perceptions of parental aspirations, and parents’ factual aspirations—gaining insights into a complex world of interdependencies"
152,1076,853,2017,Empirische Pädagogik,Die Schulzufriedenheit von Heranwachsenden mit türkischem und ohne Zuwanderungshintergrund : Welche Rolle spielt die Kluft zwischen idealistischen und realistischen Bildungsaspirationen?
152,153,853,2017,Empirische Pädagogik,Die Schulzufriedenheit von Heranwachsenden mit türkischem und ohne Zuwanderungshintergrund : Welche Rolle spielt die Kluft zwischen idealistischen und realistischen Bildungsaspirationen?
153,1076,853,2017,Empirische Pädagogik,Die Schulzufriedenheit von Heranwachsenden mit türkischem und ohne Zuwanderungshintergrund : Welche Rolle spielt die Kluft zwischen idealistischen und realistischen Bildungsaspirationen?
152,420,854,2018,Journal of Youth and Adolescence,Is Integration Always most Adaptive? The Role of Cultural Identity in Academic Achievement and in Psychological Adaptation of Immigrant Students in Germany
152,153,854,2018,Journal of Youth and Adolescence,Is Integration Always most Adaptive? The Role of Cultural Identity in Academic Achievement and in Psychological Adaptation of Immigrant Students in Germany
153,420,854,2018,Journal of Youth and Adolescence,Is Integration Always most Adaptive? The Role of Cultural Identity in Academic Achievement and in Psychological Adaptation of Immigrant Students in Germany
152,1077,855,2024,European Journal of Psychological Assessment,Listening Comprehension Tests of Elementary School Students’ First Language Proficiency in Russian and Turkish: Test Construction and Validation
152,841,855,2024,European Journal of Psychological Assessment,Listening Comprehension Tests of Elementary School Students’ First Language Proficiency in Russian and Turkish: Test Construction and Validation
152,1078,855,2024,European Journal of Psychological Assessment,Listening Comprehension Tests of Elementary School Students’ First Language Proficiency in Russian and Turkish: Test Construction and Validation
152,420,855,2024,European Journal of Psychological Assessment,Listening Comprehension Tests of Elementary School Students’ First Language Proficiency in Russian and Turkish: Test Construction and Validation
841,1077,855,2024,European Journal of Psychological Assessment,Listening Comprehension Tests of Elementary School Students’ First Language Proficiency in Russian and Turkish: Test Construction and Validation
1077,1078,855,2024,European Journal of Psychological Assessment,Listening Comprehension Tests of Elementary School Students’ First Language Proficiency in Russian and Turkish: Test Construction and Validation
420,1077,855,2024,European Journal of Psychological Assessment,Listening Comprehension Tests of Elementary School Students’ First Language Proficiency in Russian and Turkish: Test Construction and Validation
841,1078,855,2024,European Journal of Psychological Assessment,Listening Comprehension Tests of Elementary School Students’ First Language Proficiency in Russian and Turkish: Test Construction and Validation
420,841,855,2024,European Journal of Psychological Assessment,Listening Comprehension Tests of Elementary School Students’ First Language Proficiency in Russian and Turkish: Test Construction and Validation
420,1078,855,2024,European Journal of Psychological Assessment,Listening Comprehension Tests of Elementary School Students’ First Language Proficiency in Russian and Turkish: Test Construction and Validation
152,1079,856,2022,Social Psychology of Education,Do teachers’ cultural beliefs matter for students’ school adaptation? A multilevel analysis of students’ academic achievement and psychological school adjustment
152,153,856,2022,Social Psychology of Education,Do teachers’ cultural beliefs matter for students’ school adaptation? A multilevel analysis of students’ academic achievement and psychological school adjustment
152,1080,856,2022,Social Psychology of Education,Do teachers’ cultural beliefs matter for students’ school adaptation? A multilevel analysis of students’ academic achievement and psychological school adjustment
152,420,856,2022,Social Psychology of Education,Do teachers’ cultural beliefs matter for students’ school adaptation? A multilevel analysis of students’ academic achievement and psychological school adjustment
153,1079,856,2022,Social Psychology of Education,Do teachers’ cultural beliefs matter for students’ school adaptation? A multilevel analysis of students’ academic achievement and psychological school adjustment
1079,1080,856,2022,Social Psychology of Education,Do teachers’ cultural beliefs matter for students’ school adaptation? A multilevel analysis of students’ academic achievement and psychological school adjustment
420,1079,856,2022,Social Psychology of Education,Do teachers’ cultural beliefs matter for students’ school adaptation? A multilevel analysis of students’ academic achievement and psychological school adjustment
153,1080,856,2022,Social Psychology of Education,Do teachers’ cultural beliefs matter for students’ school adaptation? A multilevel analysis of students’ academic achievement and psychological school adjustment
153,420,856,2022,Social Psychology of Education,Do teachers’ cultural beliefs matter for students’ school adaptation? A multilevel analysis of students’ academic achievement and psychological school adjustment
420,1080,856,2022,Social Psychology of Education,Do teachers’ cultural beliefs matter for students’ school adaptation? A multilevel analysis of students’ academic achievement and psychological school adjustment
152,1076,857,2018,Schulmanagement,Zwischen Wunsch und Wirklichkeit. Schulzufriedenheit—Bildungsaspirationen—Migrationshintergrund.
152,153,857,2018,Schulmanagement,Zwischen Wunsch und Wirklichkeit. Schulzufriedenheit—Bildungsaspirationen—Migrationshintergrund.
153,1076,857,2018,Schulmanagement,Zwischen Wunsch und Wirklichkeit. Schulzufriedenheit—Bildungsaspirationen—Migrationshintergrund.
1025,1081,858,2020,Unknown,Monetäre und nicht monetäre Erträge von Weiterbildung: Monetary and non-monetary effects of adult education and training
80,1025,858,2020,Unknown,Monetäre und nicht monetäre Erträge von Weiterbildung: Monetary and non-monetary effects of adult education and training
80,1081,858,2020,Unknown,Monetäre und nicht monetäre Erträge von Weiterbildung: Monetary and non-monetary effects of adult education and training
1082,1083,859,2017,Bildungsgerechtigkeit,Alternative Wege zur Studienberechtigung und die weitere Bildungs- und Berufskarriere: Können durch die Öffnung des gegliederten Schulsystems Ungleichheiten reduziert werden?
1045,1082,860,2019,KZfSS Kölner Zeitschrift für Soziologie und Sozialpsychologie,Lohnt sich das Nachholen eines Schulabschlusses? Alternative Wege zur Hochschulreife und ihre Arbeitsmarkterträge
1045,1082,861,2025,Social Inclusion,Vocational Pathways to Higher Education: Real or False Chances?
701,780,863,2025,Journal of Marriage and Family,The job task penalty for motherhood
24,1084,864,2016,International Migration Review,Native Friends and Host Country Identification among Adolescent Immigrants in Germany: The Role of Ethnic Boundaries
274,780,865,2023,European Sociological Review,"Vocational education, tertiary education, and skill use across career stages"
11,780,865,2023,European Sociological Review,"Vocational education, tertiary education, and skill use across career stages"
11,274,865,2023,European Sociological Review,"Vocational education, tertiary education, and skill use across career stages"
1085,1086,866,2021,Empirical Research in Vocational Education and Training,Vocational training choice from a regional perspective
372,493,867,2016,Research in Developmental Disabilities,Predicting a high rate of self-assessed and parent-assessed peer problems—Is it typical for students with disabilities?
493,494,867,2016,Research in Developmental Disabilities,Predicting a high rate of self-assessed and parent-assessed peer problems—Is it typical for students with disabilities?
88,493,867,2016,Research in Developmental Disabilities,Predicting a high rate of self-assessed and parent-assessed peer problems—Is it typical for students with disabilities?
372,494,867,2016,Research in Developmental Disabilities,Predicting a high rate of self-assessed and parent-assessed peer problems—Is it typical for students with disabilities?
88,372,867,2016,Research in Developmental Disabilities,Predicting a high rate of self-assessed and parent-assessed peer problems—Is it typical for students with disabilities?
88,494,867,2016,Research in Developmental Disabilities,Predicting a high rate of self-assessed and parent-assessed peer problems—Is it typical for students with disabilities?
373,1087,868,2025,International Journal of STEM Education,Putting the pieces of the puzzle together in modeling gendered educational choices
371,1087,868,2025,International Journal of STEM Education,Putting the pieces of the puzzle together in modeling gendered educational choices
1087,1088,868,2025,International Journal of STEM Education,Putting the pieces of the puzzle together in modeling gendered educational choices
371,373,868,2025,International Journal of STEM Education,Putting the pieces of the puzzle together in modeling gendered educational choices
373,1088,868,2025,International Journal of STEM Education,Putting the pieces of the puzzle together in modeling gendered educational choices
371,1088,868,2025,International Journal of STEM Education,Putting the pieces of the puzzle together in modeling gendered educational choices
63,309,869,2019,Zeitschrift für Erziehungswissenschaft,Migration in der beruflichen Bildung: Herausforderungen für die Integration von zugewanderten schutz- und asylsuchenden Jugendlichen
307,309,869,2019,Zeitschrift für Erziehungswissenschaft,Migration in der beruflichen Bildung: Herausforderungen für die Integration von zugewanderten schutz- und asylsuchenden Jugendlichen
309,798,869,2019,Zeitschrift für Erziehungswissenschaft,Migration in der beruflichen Bildung: Herausforderungen für die Integration von zugewanderten schutz- und asylsuchenden Jugendlichen
63,307,869,2019,Zeitschrift für Erziehungswissenschaft,Migration in der beruflichen Bildung: Herausforderungen für die Integration von zugewanderten schutz- und asylsuchenden Jugendlichen
63,798,869,2019,Zeitschrift für Erziehungswissenschaft,Migration in der beruflichen Bildung: Herausforderungen für die Integration von zugewanderten schutz- und asylsuchenden Jugendlichen
307,798,869,2019,Zeitschrift für Erziehungswissenschaft,Migration in der beruflichen Bildung: Herausforderungen für die Integration von zugewanderten schutz- und asylsuchenden Jugendlichen
1089,1090,871,2025,Journal of Education and Work,"Evolving work, evolving skills: how different forms of further training are used to adapt to technological change depending on task complexity"
269,1091,874,2025,Economics of Education Review,"Longer days, better performance? The impact of all-day primary schools in Germany"
1092,1093,875,2025,British Journal of Developmental Psychology,Attrition in a large‐scale habituation task administered at home
81,1092,875,2025,British Journal of Developmental Psychology,Attrition in a large‐scale habituation task administered at home
81,1093,875,2025,British Journal of Developmental Psychology,Attrition in a large‐scale habituation task administered at home
1092,1094,876,2025,Journal of Intelligence,The Mind Under Pressure: What Roles Does Education Play in the Relationship Between Chronic Stress and Cognitive Ability?
83,1092,877,2022,British Journal of Developmental Psychology,Numeracy skills in young children as predictors of mathematical competence
517,1092,878,2025,Metacognition and Learning,Performance judgment in mathematical and reading competence in adults
425,1092,878,2025,Metacognition and Learning,Performance judgment in mathematical and reading competence in adults
425,517,878,2025,Metacognition and Learning,Performance judgment in mathematical and reading competence in adults
81,1092,879,2025,European Journal of Developmental Psychology,Socioeconomic differences in looking behavior in habituation tasks in the first two years of life
1092,1093,879,2025,European Journal of Developmental Psychology,Socioeconomic differences in looking behavior in habituation tasks in the first two years of life
82,1092,879,2025,European Journal of Developmental Psychology,Socioeconomic differences in looking behavior in habituation tasks in the first two years of life
83,1092,879,2025,European Journal of Developmental Psychology,Socioeconomic differences in looking behavior in habituation tasks in the first two years of life
81,1093,879,2025,European Journal of Developmental Psychology,Socioeconomic differences in looking behavior in habituation tasks in the first two years of life
81,82,879,2025,European Journal of Developmental Psychology,Socioeconomic differences in looking behavior in habituation tasks in the first two years of life
81,83,879,2025,European Journal of Developmental Psychology,Socioeconomic differences in looking behavior in habituation tasks in the first two years of life
82,1093,879,2025,European Journal of Developmental Psychology,Socioeconomic differences in looking behavior in habituation tasks in the first two years of life
83,1093,879,2025,European Journal of Developmental Psychology,Socioeconomic differences in looking behavior in habituation tasks in the first two years of life
82,83,879,2025,European Journal of Developmental Psychology,Socioeconomic differences in looking behavior in habituation tasks in the first two years of life
609,695,880,2024,Psychological Methods,Causal effect analysis in nonrandomized data with latent variables and categorical indicators: The implementation and benefits of EffectLiteR.
1095,1096,881,2025,Journal of Marriage and Family,"Maternal education, early language skills, and mother–child interactions across three welfare states"
219,1095,881,2025,Journal of Marriage and Family,"Maternal education, early language skills, and mother–child interactions across three welfare states"
1095,1097,881,2025,Journal of Marriage and Family,"Maternal education, early language skills, and mother–child interactions across three welfare states"
1095,1098,881,2025,Journal of Marriage and Family,"Maternal education, early language skills, and mother–child interactions across three welfare states"
219,1096,881,2025,Journal of Marriage and Family,"Maternal education, early language skills, and mother–child interactions across three welfare states"
1096,1097,881,2025,Journal of Marriage and Family,"Maternal education, early language skills, and mother–child interactions across three welfare states"
1096,1098,881,2025,Journal of Marriage and Family,"Maternal education, early language skills, and mother–child interactions across three welfare states"
219,1097,881,2025,Journal of Marriage and Family,"Maternal education, early language skills, and mother–child interactions across three welfare states"
219,1098,881,2025,Journal of Marriage and Family,"Maternal education, early language skills, and mother–child interactions across three welfare states"
1097,1098,881,2025,Journal of Marriage and Family,"Maternal education, early language skills, and mother–child interactions across three welfare states"
656,657,882,2020,Diagnostica,Diagnostik von ICT Literacy: Messen Multiple-Choice-Aufgaben und simulationsbasierte Aufgaben vergleichbare Konstrukte?: Vergleich der Testergebnisse zweier Instrumente aus den aktuellen Large-Scale-Studien ICILS 2013 und NEPS
656,657,883,2021,Psychologie in Erziehung und Unterricht,Empirische Arbeit: Schulische Medienkompetenzförderung in einer digitalen Welt: Über welche digitalen Kompetenzen verfügen angehende Lehrkräfte?
657,1099,883,2021,Psychologie in Erziehung und Unterricht,Empirische Arbeit: Schulische Medienkompetenzförderung in einer digitalen Welt: Über welche digitalen Kompetenzen verfügen angehende Lehrkräfte?
656,1099,883,2021,Psychologie in Erziehung und Unterricht,Empirische Arbeit: Schulische Medienkompetenzförderung in einer digitalen Welt: Über welche digitalen Kompetenzen verfügen angehende Lehrkräfte?
656,657,884,2017,Diagnostica,Entwicklung und Validierung eines Kurzfragebogens zur Erfassung computerbezogener Anreizfaktoren bei Erwachsenen
657,1099,885,2018,SchVw NRW,Fit fürs Studium? Computer-und informationsbezogene Basiskompetenzen Studierender und angehender Studierender
656,657,885,2018,SchVw NRW,Fit fürs Studium? Computer-und informationsbezogene Basiskompetenzen Studierender und angehender Studierender
656,1099,885,2018,SchVw NRW,Fit fürs Studium? Computer-und informationsbezogene Basiskompetenzen Studierender und angehender Studierender
656,657,887,2017,Computers & Education,Motivational factors predicting ICT literacy: First evidence on the structure of an ICT motivation inventory
656,657,888,2019,Zeitschrift für Erziehungswissenschaft,Wie gut sind angehende und fortgeschrittene Studierende auf das Leben und Arbeiten in der digitalen Welt vorbereitet? Ergebnisse eines Standard Setting-Verfahrens zur Beschreibung von ICT-bezogenen Kompetenzniveaus
657,1099,888,2019,Zeitschrift für Erziehungswissenschaft,Wie gut sind angehende und fortgeschrittene Studierende auf das Leben und Arbeiten in der digitalen Welt vorbereitet? Ergebnisse eines Standard Setting-Verfahrens zur Beschreibung von ICT-bezogenen Kompetenzniveaus
656,1099,888,2019,Zeitschrift für Erziehungswissenschaft,Wie gut sind angehende und fortgeschrittene Studierende auf das Leben und Arbeiten in der digitalen Welt vorbereitet? Ergebnisse eines Standard Setting-Verfahrens zur Beschreibung von ICT-bezogenen Kompetenzniveaus
422,1079,889,2020,European Sociological Review,Ethnic classroom composition and minority language use among classmates: Do peers matter for students’ language achievement?
420,422,889,2020,European Sociological Review,Ethnic classroom composition and minority language use among classmates: Do peers matter for students’ language achievement?
420,1079,889,2020,European Sociological Review,Ethnic classroom composition and minority language use among classmates: Do peers matter for students’ language achievement?
1100,1101,890,2022,International Journal of Educational Research,Implications of under-confidence and over-confidence in mathematics at secondary school
1100,1102,890,2022,International Journal of Educational Research,Implications of under-confidence and over-confidence in mathematics at secondary school
1101,1102,890,2022,International Journal of Educational Research,Implications of under-confidence and over-confidence in mathematics at secondary school
1020,1103,891,2023,"Education, Competence Development and Career Trajectories",Gendered Occupational Aspirations: A Comparison of Young Native-Born and Turkish Minority Women
550,1103,891,2023,"Education, Competence Development and Career Trajectories",Gendered Occupational Aspirations: A Comparison of Young Native-Born and Turkish Minority Women
550,1020,891,2023,"Education, Competence Development and Career Trajectories",Gendered Occupational Aspirations: A Comparison of Young Native-Born and Turkish Minority Women
1020,1103,892,2020,KZfSS Kölner Zeitschrift für Soziologie und Sozialpsychologie,Das schulische Selbstkonzept von türkeistämmigen Neuntklässlern und von Neuntklässlern ohne Migrationshintergrund
156,1104,894,2022,Datenreport zum Berufsbildungsbericht 2022: Informationen und Analysen zur Entwicklung der beruflichen Bildung,Beruflich Qualifizierte mit höherer Berufsbildung und akademischem Abschluss im Vergleich
156,818,896,2019,Journal of Happiness Studies,How Does Life Satisfaction Change During the Transition from School to Work? A Study of Ninth and Tenth-Grade School-Leavers in Germany
155,156,898,2020,Zeitschrift für Soziologie,Schulformen und geschlechtstypische Berufsorientierungen: Jugendliche am Ende der neunten Klasse zwischen Gelegenheitsstrukturen auf dem Arbeitsmarkt und schulspezifischen Berufsaspirationen
55,56,900,2025,Blickpunkt Bildungsmonitoring – Bilanzen und Perspektiven,Die Bedeutung des Nationalen Bildungspanels (NEPS) für das Bildungsmonitoring
56,448,901,2016,Methodological Issues of Longitudinal Surveys,"The Concept of Individual Retracking in NEPS—Approach, Practice, and First Empirical Evidence From Starting Cohorts 3 and 4"
56,1106,901,2016,Methodological Issues of Longitudinal Surveys,"The Concept of Individual Retracking in NEPS—Approach, Practice, and First Empirical Evidence From Starting Cohorts 3 and 4"
448,1106,901,2016,Methodological Issues of Longitudinal Surveys,"The Concept of Individual Retracking in NEPS—Approach, Practice, and First Empirical Evidence From Starting Cohorts 3 and 4"
56,64,902,2020,Journal for educational research online,The influence of regional school infrastructure and labor market conditions on the transition process to secondary schooling in Germany
219,898,903,2016,Methodological Issues of Longitudinal Surveys,"Data Dissemination, Documentation, and User Support"
54,219,903,2016,Methodological Issues of Longitudinal Surveys,"Data Dissemination, Documentation, and User Support"
219,711,903,2016,Methodological Issues of Longitudinal Surveys,"Data Dissemination, Documentation, and User Support"
219,897,903,2016,Methodological Issues of Longitudinal Surveys,"Data Dissemination, Documentation, and User Support"
105,219,903,2016,Methodological Issues of Longitudinal Surveys,"Data Dissemination, Documentation, and User Support"
54,898,903,2016,Methodological Issues of Longitudinal Surveys,"Data Dissemination, Documentation, and User Support"
711,898,903,2016,Methodological Issues of Longitudinal Surveys,"Data Dissemination, Documentation, and User Support"
897,898,903,2016,Methodological Issues of Longitudinal Surveys,"Data Dissemination, Documentation, and User Support"
105,898,903,2016,Methodological Issues of Longitudinal Surveys,"Data Dissemination, Documentation, and User Support"
54,711,903,2016,Methodological Issues of Longitudinal Surveys,"Data Dissemination, Documentation, and User Support"
54,897,903,2016,Methodological Issues of Longitudinal Surveys,"Data Dissemination, Documentation, and User Support"
54,105,903,2016,Methodological Issues of Longitudinal Surveys,"Data Dissemination, Documentation, and User Support"
711,897,903,2016,Methodological Issues of Longitudinal Surveys,"Data Dissemination, Documentation, and User Support"
105,711,903,2016,Methodological Issues of Longitudinal Surveys,"Data Dissemination, Documentation, and User Support"
105,897,903,2016,Methodological Issues of Longitudinal Surveys,"Data Dissemination, Documentation, and User Support"
219,220,904,2019,Research Handbook on the Sociology of Education,How do educational systems affect the transition from school to work? The role of tracking in a comparative perspective
219,223,904,2019,Research Handbook on the Sociology of Education,How do educational systems affect the transition from school to work? The role of tracking in a comparative perspective
220,223,904,2019,Research Handbook on the Sociology of Education,How do educational systems affect the transition from school to work? The role of tracking in a comparative perspective
219,897,905,2016,Methodological Issues of Longitudinal Surveys,Life-Course Data and the Longitudinal Classification of Education
219,711,906,2016,Methodological Issues of Longitudinal Surveys,RemoteNEPS—An Innovative Research Environment
80,219,906,2016,Methodological Issues of Longitudinal Surveys,RemoteNEPS—An Innovative Research Environment
80,711,906,2016,Methodological Issues of Longitudinal Surveys,RemoteNEPS—An Innovative Research Environment
218,219,907,2017,"Childcare, Early Education and Social Inequality: An International Perspective",The role of childcare and early education in creating and compensating educational (dis)advantages - Evidence from a multidisciplinary and international project
219,220,907,2017,"Childcare, Early Education and Social Inequality: An International Perspective",The role of childcare and early education in creating and compensating educational (dis)advantages - Evidence from a multidisciplinary and international project
80,219,907,2017,"Childcare, Early Education and Social Inequality: An International Perspective",The role of childcare and early education in creating and compensating educational (dis)advantages - Evidence from a multidisciplinary and international project
218,220,907,2017,"Childcare, Early Education and Social Inequality: An International Perspective",The role of childcare and early education in creating and compensating educational (dis)advantages - Evidence from a multidisciplinary and international project
80,218,907,2017,"Childcare, Early Education and Social Inequality: An International Perspective",The role of childcare and early education in creating and compensating educational (dis)advantages - Evidence from a multidisciplinary and international project
80,220,907,2017,"Childcare, Early Education and Social Inequality: An International Perspective",The role of childcare and early education in creating and compensating educational (dis)advantages - Evidence from a multidisciplinary and international project
219,940,908,2021,Social Forces,Socioeconomic Inequality in Children’s Achievement from Infancy to Adolescence: The Case of Germany
1107,1108,911,2021,Social Inclusion,"Upward, Lateral, or Downward? Multiple Perspectives on Migrants’ Educational Mobilities"
394,934,912,2024,Population and Development Review,"Does Family Structure Account for Child Achievement Gaps by Parental Education? Findings for England, France, Germany and the United States"
394,398,912,2024,Population and Development Review,"Does Family Structure Account for Child Achievement Gaps by Parental Education? Findings for England, France, Germany and the United States"
183,394,912,2024,Population and Development Review,"Does Family Structure Account for Child Achievement Gaps by Parental Education? Findings for England, France, Germany and the United States"
360,394,912,2024,Population and Development Review,"Does Family Structure Account for Child Achievement Gaps by Parental Education? Findings for England, France, Germany and the United States"
358,394,912,2024,Population and Development Review,"Does Family Structure Account for Child Achievement Gaps by Parental Education? Findings for England, France, Germany and the United States"
359,394,912,2024,Population and Development Review,"Does Family Structure Account for Child Achievement Gaps by Parental Education? Findings for England, France, Germany and the United States"
356,394,912,2024,Population and Development Review,"Does Family Structure Account for Child Achievement Gaps by Parental Education? Findings for England, France, Germany and the United States"
357,394,912,2024,Population and Development Review,"Does Family Structure Account for Child Achievement Gaps by Parental Education? Findings for England, France, Germany and the United States"
398,934,912,2024,Population and Development Review,"Does Family Structure Account for Child Achievement Gaps by Parental Education? Findings for England, France, Germany and the United States"
183,934,912,2024,Population and Development Review,"Does Family Structure Account for Child Achievement Gaps by Parental Education? Findings for England, France, Germany and the United States"
360,934,912,2024,Population and Development Review,"Does Family Structure Account for Child Achievement Gaps by Parental Education? Findings for England, France, Germany and the United States"
358,934,912,2024,Population and Development Review,"Does Family Structure Account for Child Achievement Gaps by Parental Education? Findings for England, France, Germany and the United States"
359,934,912,2024,Population and Development Review,"Does Family Structure Account for Child Achievement Gaps by Parental Education? Findings for England, France, Germany and the United States"
356,934,912,2024,Population and Development Review,"Does Family Structure Account for Child Achievement Gaps by Parental Education? Findings for England, France, Germany and the United States"
357,934,912,2024,Population and Development Review,"Does Family Structure Account for Child Achievement Gaps by Parental Education? Findings for England, France, Germany and the United States"
183,398,912,2024,Population and Development Review,"Does Family Structure Account for Child Achievement Gaps by Parental Education? Findings for England, France, Germany and the United States"
360,398,912,2024,Population and Development Review,"Does Family Structure Account for Child Achievement Gaps by Parental Education? Findings for England, France, Germany and the United States"
358,398,912,2024,Population and Development Review,"Does Family Structure Account for Child Achievement Gaps by Parental Education? Findings for England, France, Germany and the United States"
359,398,912,2024,Population and Development Review,"Does Family Structure Account for Child Achievement Gaps by Parental Education? Findings for England, France, Germany and the United States"
356,398,912,2024,Population and Development Review,"Does Family Structure Account for Child Achievement Gaps by Parental Education? Findings for England, France, Germany and the United States"
357,398,912,2024,Population and Development Review,"Does Family Structure Account for Child Achievement Gaps by Parental Education? Findings for England, France, Germany and the United States"
183,360,912,2024,Population and Development Review,"Does Family Structure Account for Child Achievement Gaps by Parental Education? Findings for England, France, Germany and the United States"
183,358,912,2024,Population and Development Review,"Does Family Structure Account for Child Achievement Gaps by Parental Education? Findings for England, France, Germany and the United States"
183,359,912,2024,Population and Development Review,"Does Family Structure Account for Child Achievement Gaps by Parental Education? Findings for England, France, Germany and the United States"
183,356,912,2024,Population and Development Review,"Does Family Structure Account for Child Achievement Gaps by Parental Education? Findings for England, France, Germany and the United States"
183,357,912,2024,Population and Development Review,"Does Family Structure Account for Child Achievement Gaps by Parental Education? Findings for England, France, Germany and the United States"
358,360,912,2024,Population and Development Review,"Does Family Structure Account for Child Achievement Gaps by Parental Education? Findings for England, France, Germany and the United States"
359,360,912,2024,Population and Development Review,"Does Family Structure Account for Child Achievement Gaps by Parental Education? Findings for England, France, Germany and the United States"
356,360,912,2024,Population and Development Review,"Does Family Structure Account for Child Achievement Gaps by Parental Education? Findings for England, France, Germany and the United States"
357,360,912,2024,Population and Development Review,"Does Family Structure Account for Child Achievement Gaps by Parental Education? Findings for England, France, Germany and the United States"
358,359,912,2024,Population and Development Review,"Does Family Structure Account for Child Achievement Gaps by Parental Education? Findings for England, France, Germany and the United States"
356,358,912,2024,Population and Development Review,"Does Family Structure Account for Child Achievement Gaps by Parental Education? Findings for England, France, Germany and the United States"
357,358,912,2024,Population and Development Review,"Does Family Structure Account for Child Achievement Gaps by Parental Education? Findings for England, France, Germany and the United States"
356,359,912,2024,Population and Development Review,"Does Family Structure Account for Child Achievement Gaps by Parental Education? Findings for England, France, Germany and the United States"
357,359,912,2024,Population and Development Review,"Does Family Structure Account for Child Achievement Gaps by Parental Education? Findings for England, France, Germany and the United States"
356,357,912,2024,Population and Development Review,"Does Family Structure Account for Child Achievement Gaps by Parental Education? Findings for England, France, Germany and the United States"
404,1109,914,2018,Behavior Research Methods,Biases in multilevel analyses caused by cluster-specific fixed-effects imputation
315,1109,914,2018,Behavior Research Methods,Biases in multilevel analyses caused by cluster-specific fixed-effects imputation
315,404,914,2018,Behavior Research Methods,Biases in multilevel analyses caused by cluster-specific fixed-effects imputation
1110,1111,915,2016,Wirtschaftsdienst,Bildungsinvestitionen – wirksames Heilmittel gegen soziale Ungleich heit?
44,1110,915,2016,Wirtschaftsdienst,Bildungsinvestitionen – wirksames Heilmittel gegen soziale Ungleich heit?
1110,1112,915,2016,Wirtschaftsdienst,Bildungsinvestitionen – wirksames Heilmittel gegen soziale Ungleich heit?
46,1110,915,2016,Wirtschaftsdienst,Bildungsinvestitionen – wirksames Heilmittel gegen soziale Ungleich heit?
746,1110,915,2016,Wirtschaftsdienst,Bildungsinvestitionen – wirksames Heilmittel gegen soziale Ungleich heit?
187,1110,915,2016,Wirtschaftsdienst,Bildungsinvestitionen – wirksames Heilmittel gegen soziale Ungleich heit?
1110,1113,915,2016,Wirtschaftsdienst,Bildungsinvestitionen – wirksames Heilmittel gegen soziale Ungleich heit?
44,1111,915,2016,Wirtschaftsdienst,Bildungsinvestitionen – wirksames Heilmittel gegen soziale Ungleich heit?
1111,1112,915,2016,Wirtschaftsdienst,Bildungsinvestitionen – wirksames Heilmittel gegen soziale Ungleich heit?
46,1111,915,2016,Wirtschaftsdienst,Bildungsinvestitionen – wirksames Heilmittel gegen soziale Ungleich heit?
746,1111,915,2016,Wirtschaftsdienst,Bildungsinvestitionen – wirksames Heilmittel gegen soziale Ungleich heit?
187,1111,915,2016,Wirtschaftsdienst,Bildungsinvestitionen – wirksames Heilmittel gegen soziale Ungleich heit?
1111,1113,915,2016,Wirtschaftsdienst,Bildungsinvestitionen – wirksames Heilmittel gegen soziale Ungleich heit?
44,1112,915,2016,Wirtschaftsdienst,Bildungsinvestitionen – wirksames Heilmittel gegen soziale Ungleich heit?
44,46,915,2016,Wirtschaftsdienst,Bildungsinvestitionen – wirksames Heilmittel gegen soziale Ungleich heit?
44,746,915,2016,Wirtschaftsdienst,Bildungsinvestitionen – wirksames Heilmittel gegen soziale Ungleich heit?
44,187,915,2016,Wirtschaftsdienst,Bildungsinvestitionen – wirksames Heilmittel gegen soziale Ungleich heit?
44,1113,915,2016,Wirtschaftsdienst,Bildungsinvestitionen – wirksames Heilmittel gegen soziale Ungleich heit?
46,1112,915,2016,Wirtschaftsdienst,Bildungsinvestitionen – wirksames Heilmittel gegen soziale Ungleich heit?
746,1112,915,2016,Wirtschaftsdienst,Bildungsinvestitionen – wirksames Heilmittel gegen soziale Ungleich heit?
187,1112,915,2016,Wirtschaftsdienst,Bildungsinvestitionen – wirksames Heilmittel gegen soziale Ungleich heit?
1112,1113,915,2016,Wirtschaftsdienst,Bildungsinvestitionen – wirksames Heilmittel gegen soziale Ungleich heit?
46,746,915,2016,Wirtschaftsdienst,Bildungsinvestitionen – wirksames Heilmittel gegen soziale Ungleich heit?
46,187,915,2016,Wirtschaftsdienst,Bildungsinvestitionen – wirksames Heilmittel gegen soziale Ungleich heit?
46,1113,915,2016,Wirtschaftsdienst,Bildungsinvestitionen – wirksames Heilmittel gegen soziale Ungleich heit?
187,746,915,2016,Wirtschaftsdienst,Bildungsinvestitionen – wirksames Heilmittel gegen soziale Ungleich heit?
746,1113,915,2016,Wirtschaftsdienst,Bildungsinvestitionen – wirksames Heilmittel gegen soziale Ungleich heit?
187,1113,915,2016,Wirtschaftsdienst,Bildungsinvestitionen – wirksames Heilmittel gegen soziale Ungleich heit?
271,272,916,2021,Journal of Research on Educational Effectiveness,Multilevel Design Parameters to Plan Cluster-Randomized Intervention Studies on Student Achievement in Elementary and Secondary School
55,271,916,2021,Journal of Research on Educational Effectiveness,Multilevel Design Parameters to Plan Cluster-Randomized Intervention Studies on Student Achievement in Elementary and Secondary School
270,271,916,2021,Journal of Research on Educational Effectiveness,Multilevel Design Parameters to Plan Cluster-Randomized Intervention Studies on Student Achievement in Elementary and Secondary School
55,272,916,2021,Journal of Research on Educational Effectiveness,Multilevel Design Parameters to Plan Cluster-Randomized Intervention Studies on Student Achievement in Elementary and Secondary School
270,272,916,2021,Journal of Research on Educational Effectiveness,Multilevel Design Parameters to Plan Cluster-Randomized Intervention Studies on Student Achievement in Elementary and Secondary School
55,270,916,2021,Journal of Research on Educational Effectiveness,Multilevel Design Parameters to Plan Cluster-Randomized Intervention Studies on Student Achievement in Elementary and Secondary School
271,272,917,2024,Educational Psychology Review,Single- and Multilevel Perspectives on Covariate Selection in Randomized Intervention Studies on Student Achievement
55,271,917,2024,Educational Psychology Review,Single- and Multilevel Perspectives on Covariate Selection in Randomized Intervention Studies on Student Achievement
271,1114,917,2024,Educational Psychology Review,Single- and Multilevel Perspectives on Covariate Selection in Randomized Intervention Studies on Student Achievement
270,271,917,2024,Educational Psychology Review,Single- and Multilevel Perspectives on Covariate Selection in Randomized Intervention Studies on Student Achievement
55,272,917,2024,Educational Psychology Review,Single- and Multilevel Perspectives on Covariate Selection in Randomized Intervention Studies on Student Achievement
272,1114,917,2024,Educational Psychology Review,Single- and Multilevel Perspectives on Covariate Selection in Randomized Intervention Studies on Student Achievement
270,272,917,2024,Educational Psychology Review,Single- and Multilevel Perspectives on Covariate Selection in Randomized Intervention Studies on Student Achievement
55,1114,917,2024,Educational Psychology Review,Single- and Multilevel Perspectives on Covariate Selection in Randomized Intervention Studies on Student Achievement
55,270,917,2024,Educational Psychology Review,Single- and Multilevel Perspectives on Covariate Selection in Randomized Intervention Studies on Student Achievement
270,1114,917,2024,Educational Psychology Review,Single- and Multilevel Perspectives on Covariate Selection in Randomized Intervention Studies on Student Achievement
887,1115,920,2024,International Journal of STEM Education,Empirical challenges in assessing the “leaky STEM pipeline”: how the research design affects the measurement of women’s underrepresentation in STEM
21,1115,920,2024,International Journal of STEM Education,Empirical challenges in assessing the “leaky STEM pipeline”: how the research design affects the measurement of women’s underrepresentation in STEM
882,1115,920,2024,International Journal of STEM Education,Empirical challenges in assessing the “leaky STEM pipeline”: how the research design affects the measurement of women’s underrepresentation in STEM
21,887,920,2024,International Journal of STEM Education,Empirical challenges in assessing the “leaky STEM pipeline”: how the research design affects the measurement of women’s underrepresentation in STEM
882,887,920,2024,International Journal of STEM Education,Empirical challenges in assessing the “leaky STEM pipeline”: how the research design affects the measurement of women’s underrepresentation in STEM
21,882,920,2024,International Journal of STEM Education,Empirical challenges in assessing the “leaky STEM pipeline”: how the research design affects the measurement of women’s underrepresentation in STEM
483,1094,922,2025,Measurement Instruments for the Social Sciences,Assessing trust in science: Development and validation of a short scale for adolescents and adults
1116,1117,923,2024,Wirtschaftsdienst,Alleinerziehende in der Betreuungsplatzvergabe: Status quo und Handlungsempfehlungen
1116,1118,923,2024,Wirtschaftsdienst,Alleinerziehende in der Betreuungsplatzvergabe: Status quo und Handlungsempfehlungen
1116,1119,923,2024,Wirtschaftsdienst,Alleinerziehende in der Betreuungsplatzvergabe: Status quo und Handlungsempfehlungen
151,1116,923,2024,Wirtschaftsdienst,Alleinerziehende in der Betreuungsplatzvergabe: Status quo und Handlungsempfehlungen
1117,1118,923,2024,Wirtschaftsdienst,Alleinerziehende in der Betreuungsplatzvergabe: Status quo und Handlungsempfehlungen
1117,1119,923,2024,Wirtschaftsdienst,Alleinerziehende in der Betreuungsplatzvergabe: Status quo und Handlungsempfehlungen
151,1117,923,2024,Wirtschaftsdienst,Alleinerziehende in der Betreuungsplatzvergabe: Status quo und Handlungsempfehlungen
1118,1119,923,2024,Wirtschaftsdienst,Alleinerziehende in der Betreuungsplatzvergabe: Status quo und Handlungsempfehlungen
151,1118,923,2024,Wirtschaftsdienst,Alleinerziehende in der Betreuungsplatzvergabe: Status quo und Handlungsempfehlungen
151,1119,923,2024,Wirtschaftsdienst,Alleinerziehende in der Betreuungsplatzvergabe: Status quo und Handlungsempfehlungen
10,1116,924,2022,Journal of Marriage and Family,Timing of early childcare take‐up in Germany: An application of rational choice theory
861,1120,925,2025,International Journal of Social Research Methodology,Education bias in probability-based surveys in Germany: evidence and possible solutions
1120,1121,925,2025,International Journal of Social Research Methodology,Education bias in probability-based surveys in Germany: evidence and possible solutions
1120,1122,925,2025,International Journal of Social Research Methodology,Education bias in probability-based surveys in Germany: evidence and possible solutions
853,1120,925,2025,International Journal of Social Research Methodology,Education bias in probability-based surveys in Germany: evidence and possible solutions
89,1120,925,2025,International Journal of Social Research Methodology,Education bias in probability-based surveys in Germany: evidence and possible solutions
855,1120,925,2025,International Journal of Social Research Methodology,Education bias in probability-based surveys in Germany: evidence and possible solutions
1120,1123,925,2025,International Journal of Social Research Methodology,Education bias in probability-based surveys in Germany: evidence and possible solutions
854,1120,925,2025,International Journal of Social Research Methodology,Education bias in probability-based surveys in Germany: evidence and possible solutions
1120,1124,925,2025,International Journal of Social Research Methodology,Education bias in probability-based surveys in Germany: evidence and possible solutions
857,1120,925,2025,International Journal of Social Research Methodology,Education bias in probability-based surveys in Germany: evidence and possible solutions
1120,1125,925,2025,International Journal of Social Research Methodology,Education bias in probability-based surveys in Germany: evidence and possible solutions
1120,1126,925,2025,International Journal of Social Research Methodology,Education bias in probability-based surveys in Germany: evidence and possible solutions
410,1120,925,2025,International Journal of Social Research Methodology,Education bias in probability-based surveys in Germany: evidence and possible solutions
1120,1127,925,2025,International Journal of Social Research Methodology,Education bias in probability-based surveys in Germany: evidence and possible solutions
953,1120,925,2025,International Journal of Social Research Methodology,Education bias in probability-based surveys in Germany: evidence and possible solutions
1120,1128,925,2025,International Journal of Social Research Methodology,Education bias in probability-based surveys in Germany: evidence and possible solutions
1120,1129,925,2025,International Journal of Social Research Methodology,Education bias in probability-based surveys in Germany: evidence and possible solutions
1120,1130,925,2025,International Journal of Social Research Methodology,Education bias in probability-based surveys in Germany: evidence and possible solutions
1120,1131,925,2025,International Journal of Social Research Methodology,Education bias in probability-based surveys in Germany: evidence and possible solutions
1120,1132,925,2025,International Journal of Social Research Methodology,Education bias in probability-based surveys in Germany: evidence and possible solutions
1120,1133,925,2025,International Journal of Social Research Methodology,Education bias in probability-based surveys in Germany: evidence and possible solutions
871,1120,925,2025,International Journal of Social Research Methodology,Education bias in probability-based surveys in Germany: evidence and possible solutions
1120,1134,925,2025,International Journal of Social Research Methodology,Education bias in probability-based surveys in Germany: evidence and possible solutions
1120,1135,925,2025,International Journal of Social Research Methodology,Education bias in probability-based surveys in Germany: evidence and possible solutions
1120,1136,925,2025,International Journal of Social Research Methodology,Education bias in probability-based surveys in Germany: evidence and possible solutions
1120,1137,925,2025,International Journal of Social Research Methodology,Education bias in probability-based surveys in Germany: evidence and possible solutions
1120,1138,925,2025,International Journal of Social Research Methodology,Education bias in probability-based surveys in Germany: evidence and possible solutions
1120,1139,925,2025,International Journal of Social Research Methodology,Education bias in probability-based surveys in Germany: evidence and possible solutions
861,1121,925,2025,International Journal of Social Research Methodology,Education bias in probability-based surveys in Germany: evidence and possible solutions
861,1122,925,2025,International Journal of Social Research Methodology,Education bias in probability-based surveys in Germany: evidence and possible solutions
853,861,925,2025,International Journal of Social Research Methodology,Education bias in probability-based surveys in Germany: evidence and possible solutions
89,861,925,2025,International Journal of Social Research Methodology,Education bias in probability-based surveys in Germany: evidence and possible solutions
855,861,925,2025,International Journal of Social Research Methodology,Education bias in probability-based surveys in Germany: evidence and possible solutions
861,1123,925,2025,International Journal of Social Research Methodology,Education bias in probability-based surveys in Germany: evidence and possible solutions
854,861,925,2025,International Journal of Social Research Methodology,Education bias in probability-based surveys in Germany: evidence and possible solutions
861,1124,925,2025,International Journal of Social Research Methodology,Education bias in probability-based surveys in Germany: evidence and possible solutions
857,861,925,2025,International Journal of Social Research Methodology,Education bias in probability-based surveys in Germany: evidence and possible solutions
861,1125,925,2025,International Journal of Social Research Methodology,Education bias in probability-based surveys in Germany: evidence and possible solutions
861,1126,925,2025,International Journal of Social Research Methodology,Education bias in probability-based surveys in Germany: evidence and possible solutions
410,861,925,2025,International Journal of Social Research Methodology,Education bias in probability-based surveys in Germany: evidence and possible solutions
861,1127,925,2025,International Journal of Social Research Methodology,Education bias in probability-based surveys in Germany: evidence and possible solutions
861,953,925,2025,International Journal of Social Research Methodology,Education bias in probability-based surveys in Germany: evidence and possible solutions
861,1128,925,2025,International Journal of Social Research Methodology,Education bias in probability-based surveys in Germany: evidence and possible solutions
861,1129,925,2025,International Journal of Social Research Methodology,Education bias in probability-based surveys in Germany: evidence and possible solutions
861,1130,925,2025,International Journal of Social Research Methodology,Education bias in probability-based surveys in Germany: evidence and possible solutions
861,1131,925,2025,International Journal of Social Research Methodology,Education bias in probability-based surveys in Germany: evidence and possible solutions
861,1132,925,2025,International Journal of Social Research Methodology,Education bias in probability-based surveys in Germany: evidence and possible solutions
861,1133,925,2025,International Journal of Social Research Methodology,Education bias in probability-based surveys in Germany: evidence and possible solutions
861,871,925,2025,International Journal of Social Research Methodology,Education bias in probability-based surveys in Germany: evidence and possible solutions
861,1134,925,2025,International Journal of Social Research Methodology,Education bias in probability-based surveys in Germany: evidence and possible solutions
861,1135,925,2025,International Journal of Social Research Methodology,Education bias in probability-based surveys in Germany: evidence and possible solutions
861,1136,925,2025,International Journal of Social Research Methodology,Education bias in probability-based surveys in Germany: evidence and possible solutions
861,1137,925,2025,International Journal of Social Research Methodology,Education bias in probability-based surveys in Germany: evidence and possible solutions
861,1138,925,2025,International Journal of Social Research Methodology,Education bias in probability-based surveys in Germany: evidence and possible solutions
861,1139,925,2025,International Journal of Social Research Methodology,Education bias in probability-based surveys in Germany: evidence and possible solutions
1121,1122,925,2025,International Journal of Social Research Methodology,Education bias in probability-based surveys in Germany: evidence and possible solutions
853,1121,925,2025,International Journal of Social Research Methodology,Education bias in probability-based surveys in Germany: evidence and possible solutions
89,1121,925,2025,International Journal of Social Research Methodology,Education bias in probability-based surveys in Germany: evidence and possible solutions
855,1121,925,2025,International Journal of Social Research Methodology,Education bias in probability-based surveys in Germany: evidence and possible solutions
1121,1123,925,2025,International Journal of Social Research Methodology,Education bias in probability-based surveys in Germany: evidence and possible solutions
854,1121,925,2025,International Journal of Social Research Methodology,Education bias in probability-based surveys in Germany: evidence and possible solutions
1121,1124,925,2025,International Journal of Social Research Methodology,Education bias in probability-based surveys in Germany: evidence and possible solutions
857,1121,925,2025,International Journal of Social Research Methodology,Education bias in probability-based surveys in Germany: evidence and possible solutions
1121,1125,925,2025,International Journal of Social Research Methodology,Education bias in probability-based surveys in Germany: evidence and possible solutions
1121,1126,925,2025,International Journal of Social Research Methodology,Education bias in probability-based surveys in Germany: evidence and possible solutions
410,1121,925,2025,International Journal of Social Research Methodology,Education bias in probability-based surveys in Germany: evidence and possible solutions
1121,1127,925,2025,International Journal of Social Research Methodology,Education bias in probability-based surveys in Germany: evidence and possible solutions
953,1121,925,2025,International Journal of Social Research Methodology,Education bias in probability-based surveys in Germany: evidence and possible solutions
1121,1128,925,2025,International Journal of Social Research Methodology,Education bias in probability-based surveys in Germany: evidence and possible solutions
1121,1129,925,2025,International Journal of Social Research Methodology,Education bias in probability-based surveys in Germany: evidence and possible solutions
1121,1130,925,2025,International Journal of Social Research Methodology,Education bias in probability-based surveys in Germany: evidence and possible solutions
1121,1131,925,2025,International Journal of Social Research Methodology,Education bias in probability-based surveys in Germany: evidence and possible solutions
1121,1132,925,2025,International Journal of Social Research Methodology,Education bias in probability-based surveys in Germany: evidence and possible solutions
1121,1133,925,2025,International Journal of Social Research Methodology,Education bias in probability-based surveys in Germany: evidence and possible solutions
871,1121,925,2025,International Journal of Social Research Methodology,Education bias in probability-based surveys in Germany: evidence and possible solutions
1121,1134,925,2025,International Journal of Social Research Methodology,Education bias in probability-based surveys in Germany: evidence and possible solutions
1121,1135,925,2025,International Journal of Social Research Methodology,Education bias in probability-based surveys in Germany: evidence and possible solutions
1121,1136,925,2025,International Journal of Social Research Methodology,Education bias in probability-based surveys in Germany: evidence and possible solutions
1121,1137,925,2025,International Journal of Social Research Methodology,Education bias in probability-based surveys in Germany: evidence and possible solutions
1121,1138,925,2025,International Journal of Social Research Methodology,Education bias in probability-based surveys in Germany: evidence and possible solutions
1121,1139,925,2025,International Journal of Social Research Methodology,Education bias in probability-based surveys in Germany: evidence and possible solutions
853,1122,925,2025,International Journal of Social Research Methodology,Education bias in probability-based surveys in Germany: evidence and possible solutions
89,1122,925,2025,International Journal of Social Research Methodology,Education bias in probability-based surveys in Germany: evidence and possible solutions
855,1122,925,2025,International Journal of Social Research Methodology,Education bias in probability-based surveys in Germany: evidence and possible solutions
1122,1123,925,2025,International Journal of Social Research Methodology,Education bias in probability-based surveys in Germany: evidence and possible solutions
854,1122,925,2025,International Journal of Social Research Methodology,Education bias in probability-based surveys in Germany: evidence and possible solutions
1122,1124,925,2025,International Journal of Social Research Methodology,Education bias in probability-based surveys in Germany: evidence and possible solutions
857,1122,925,2025,International Journal of Social Research Methodology,Education bias in probability-based surveys in Germany: evidence and possible solutions
1122,1125,925,2025,International Journal of Social Research Methodology,Education bias in probability-based surveys in Germany: evidence and possible solutions
1122,1126,925,2025,International Journal of Social Research Methodology,Education bias in probability-based surveys in Germany: evidence and possible solutions
410,1122,925,2025,International Journal of Social Research Methodology,Education bias in probability-based surveys in Germany: evidence and possible solutions
1122,1127,925,2025,International Journal of Social Research Methodology,Education bias in probability-based surveys in Germany: evidence and possible solutions
953,1122,925,2025,International Journal of Social Research Methodology,Education bias in probability-based surveys in Germany: evidence and possible solutions
1122,1128,925,2025,International Journal of Social Research Methodology,Education bias in probability-based surveys in Germany: evidence and possible solutions
1122,1129,925,2025,International Journal of Social Research Methodology,Education bias in probability-based surveys in Germany: evidence and possible solutions
1122,1130,925,2025,International Journal of Social Research Methodology,Education bias in probability-based surveys in Germany: evidence and possible solutions
1122,1131,925,2025,International Journal of Social Research Methodology,Education bias in probability-based surveys in Germany: evidence and possible solutions
1122,1132,925,2025,International Journal of Social Research Methodology,Education bias in probability-based surveys in Germany: evidence and possible solutions
1122,1133,925,2025,International Journal of Social Research Methodology,Education bias in probability-based surveys in Germany: evidence and possible solutions
871,1122,925,2025,International Journal of Social Research Methodology,Education bias in probability-based surveys in Germany: evidence and possible solutions
1122,1134,925,2025,International Journal of Social Research Methodology,Education bias in probability-based surveys in Germany: evidence and possible solutions
1122,1135,925,2025,International Journal of Social Research Methodology,Education bias in probability-based surveys in Germany: evidence and possible solutions
1122,1136,925,2025,International Journal of Social Research Methodology,Education bias in probability-based surveys in Germany: evidence and possible solutions
1122,1137,925,2025,International Journal of Social Research Methodology,Education bias in probability-based surveys in Germany: evidence and possible solutions
1122,1138,925,2025,International Journal of Social Research Methodology,Education bias in probability-based surveys in Germany: evidence and possible solutions
1122,1139,925,2025,International Journal of Social Research Methodology,Education bias in probability-based surveys in Germany: evidence and possible solutions
89,853,925,2025,International Journal of Social Research Methodology,Education bias in probability-based surveys in Germany: evidence and possible solutions
853,855,925,2025,International Journal of Social Research Methodology,Education bias in probability-based surveys in Germany: evidence and possible solutions
853,1123,925,2025,International Journal of Social Research Methodology,Education bias in probability-based surveys in Germany: evidence and possible solutions
853,854,925,2025,International Journal of Social Research Methodology,Education bias in probability-based surveys in Germany: evidence and possible solutions
853,1124,925,2025,International Journal of Social Research Methodology,Education bias in probability-based surveys in Germany: evidence and possible solutions
853,857,925,2025,International Journal of Social Research Methodology,Education bias in probability-based surveys in Germany: evidence and possible solutions
853,1125,925,2025,International Journal of Social Research Methodology,Education bias in probability-based surveys in Germany: evidence and possible solutions
853,1126,925,2025,International Journal of Social Research Methodology,Education bias in probability-based surveys in Germany: evidence and possible solutions
410,853,925,2025,International Journal of Social Research Methodology,Education bias in probability-based surveys in Germany: evidence and possible solutions
853,1127,925,2025,International Journal of Social Research Methodology,Education bias in probability-based surveys in Germany: evidence and possible solutions
853,953,925,2025,International Journal of Social Research Methodology,Education bias in probability-based surveys in Germany: evidence and possible solutions
853,1128,925,2025,International Journal of Social Research Methodology,Education bias in probability-based surveys in Germany: evidence and possible solutions
853,1129,925,2025,International Journal of Social Research Methodology,Education bias in probability-based surveys in Germany: evidence and possible solutions
853,1130,925,2025,International Journal of Social Research Methodology,Education bias in probability-based surveys in Germany: evidence and possible solutions
853,1131,925,2025,International Journal of Social Research Methodology,Education bias in probability-based surveys in Germany: evidence and possible solutions
853,1132,925,2025,International Journal of Social Research Methodology,Education bias in probability-based surveys in Germany: evidence and possible solutions
853,1133,925,2025,International Journal of Social Research Methodology,Education bias in probability-based surveys in Germany: evidence and possible solutions
853,871,925,2025,International Journal of Social Research Methodology,Education bias in probability-based surveys in Germany: evidence and possible solutions
853,1134,925,2025,International Journal of Social Research Methodology,Education bias in probability-based surveys in Germany: evidence and possible solutions
853,1135,925,2025,International Journal of Social Research Methodology,Education bias in probability-based surveys in Germany: evidence and possible solutions
853,1136,925,2025,International Journal of Social Research Methodology,Education bias in probability-based surveys in Germany: evidence and possible solutions
853,1137,925,2025,International Journal of Social Research Methodology,Education bias in probability-based surveys in Germany: evidence and possible solutions
853,1138,925,2025,International Journal of Social Research Methodology,Education bias in probability-based surveys in Germany: evidence and possible solutions
853,1139,925,2025,International Journal of Social Research Methodology,Education bias in probability-based surveys in Germany: evidence and possible solutions
89,855,925,2025,International Journal of Social Research Methodology,Education bias in probability-based surveys in Germany: evidence and possible solutions
89,1123,925,2025,International Journal of Social Research Methodology,Education bias in probability-based surveys in Germany: evidence and possible solutions
89,854,925,2025,International Journal of Social Research Methodology,Education bias in probability-based surveys in Germany: evidence and possible solutions
89,1124,925,2025,International Journal of Social Research Methodology,Education bias in probability-based surveys in Germany: evidence and possible solutions
89,857,925,2025,International Journal of Social Research Methodology,Education bias in probability-based surveys in Germany: evidence and possible solutions
89,1125,925,2025,International Journal of Social Research Methodology,Education bias in probability-based surveys in Germany: evidence and possible solutions
89,1126,925,2025,International Journal of Social Research Methodology,Education bias in probability-based surveys in Germany: evidence and possible solutions
89,410,925,2025,International Journal of Social Research Methodology,Education bias in probability-based surveys in Germany: evidence and possible solutions
89,1127,925,2025,International Journal of Social Research Methodology,Education bias in probability-based surveys in Germany: evidence and possible solutions
89,953,925,2025,International Journal of Social Research Methodology,Education bias in probability-based surveys in Germany: evidence and possible solutions
89,1128,925,2025,International Journal of Social Research Methodology,Education bias in probability-based surveys in Germany: evidence and possible solutions
89,1129,925,2025,International Journal of Social Research Methodology,Education bias in probability-based surveys in Germany: evidence and possible solutions
89,1130,925,2025,International Journal of Social Research Methodology,Education bias in probability-based surveys in Germany: evidence and possible solutions
89,1131,925,2025,International Journal of Social Research Methodology,Education bias in probability-based surveys in Germany: evidence and possible solutions
89,1132,925,2025,International Journal of Social Research Methodology,Education bias in probability-based surveys in Germany: evidence and possible solutions
89,1133,925,2025,International Journal of Social Research Methodology,Education bias in probability-based surveys in Germany: evidence and possible solutions
89,871,925,2025,International Journal of Social Research Methodology,Education bias in probability-based surveys in Germany: evidence and possible solutions
89,1134,925,2025,International Journal of Social Research Methodology,Education bias in probability-based surveys in Germany: evidence and possible solutions
89,1135,925,2025,International Journal of Social Research Methodology,Education bias in probability-based surveys in Germany: evidence and possible solutions
89,1136,925,2025,International Journal of Social Research Methodology,Education bias in probability-based surveys in Germany: evidence and possible solutions
89,1137,925,2025,International Journal of Social Research Methodology,Education bias in probability-based surveys in Germany: evidence and possible solutions
89,1138,925,2025,International Journal of Social Research Methodology,Education bias in probability-based surveys in Germany: evidence and possible solutions
89,1139,925,2025,International Journal of Social Research Methodology,Education bias in probability-based surveys in Germany: evidence and possible solutions
855,1123,925,2025,International Journal of Social Research Methodology,Education bias in probability-based surveys in Germany: evidence and possible solutions
854,855,925,2025,International Journal of Social Research Methodology,Education bias in probability-based surveys in Germany: evidence and possible solutions
855,1124,925,2025,International Journal of Social Research Methodology,Education bias in probability-based surveys in Germany: evidence and possible solutions
855,857,925,2025,International Journal of Social Research Methodology,Education bias in probability-based surveys in Germany: evidence and possible solutions
855,1125,925,2025,International Journal of Social Research Methodology,Education bias in probability-based surveys in Germany: evidence and possible solutions
855,1126,925,2025,International Journal of Social Research Methodology,Education bias in probability-based surveys in Germany: evidence and possible solutions
410,855,925,2025,International Journal of Social Research Methodology,Education bias in probability-based surveys in Germany: evidence and possible solutions
855,1127,925,2025,International Journal of Social Research Methodology,Education bias in probability-based surveys in Germany: evidence and possible solutions
855,953,925,2025,International Journal of Social Research Methodology,Education bias in probability-based surveys in Germany: evidence and possible solutions
855,1128,925,2025,International Journal of Social Research Methodology,Education bias in probability-based surveys in Germany: evidence and possible solutions
855,1129,925,2025,International Journal of Social Research Methodology,Education bias in probability-based surveys in Germany: evidence and possible solutions
855,1130,925,2025,International Journal of Social Research Methodology,Education bias in probability-based surveys in Germany: evidence and possible solutions
855,1131,925,2025,International Journal of Social Research Methodology,Education bias in probability-based surveys in Germany: evidence and possible solutions
855,1132,925,2025,International Journal of Social Research Methodology,Education bias in probability-based surveys in Germany: evidence and possible solutions
855,1133,925,2025,International Journal of Social Research Methodology,Education bias in probability-based surveys in Germany: evidence and possible solutions
855,871,925,2025,International Journal of Social Research Methodology,Education bias in probability-based surveys in Germany: evidence and possible solutions
855,1134,925,2025,International Journal of Social Research Methodology,Education bias in probability-based surveys in Germany: evidence and possible solutions
855,1135,925,2025,International Journal of Social Research Methodology,Education bias in probability-based surveys in Germany: evidence and possible solutions
855,1136,925,2025,International Journal of Social Research Methodology,Education bias in probability-based surveys in Germany: evidence and possible solutions
855,1137,925,2025,International Journal of Social Research Methodology,Education bias in probability-based surveys in Germany: evidence and possible solutions
855,1138,925,2025,International Journal of Social Research Methodology,Education bias in probability-based surveys in Germany: evidence and possible solutions
855,1139,925,2025,International Journal of Social Research Methodology,Education bias in probability-based surveys in Germany: evidence and possible solutions
854,1123,925,2025,International Journal of Social Research Methodology,Education bias in probability-based surveys in Germany: evidence and possible solutions
1123,1124,925,2025,International Journal of Social Research Methodology,Education bias in probability-based surveys in Germany: evidence and possible solutions
857,1123,925,2025,International Journal of Social Research Methodology,Education bias in probability-based surveys in Germany: evidence and possible solutions
1123,1125,925,2025,International Journal of Social Research Methodology,Education bias in probability-based surveys in Germany: evidence and possible solutions
1123,1126,925,2025,International Journal of Social Research Methodology,Education bias in probability-based surveys in Germany: evidence and possible solutions
410,1123,925,2025,International Journal of Social Research Methodology,Education bias in probability-based surveys in Germany: evidence and possible solutions
1123,1127,925,2025,International Journal of Social Research Methodology,Education bias in probability-based surveys in Germany: evidence and possible solutions
953,1123,925,2025,International Journal of Social Research Methodology,Education bias in probability-based surveys in Germany: evidence and possible solutions
1123,1128,925,2025,International Journal of Social Research Methodology,Education bias in probability-based surveys in Germany: evidence and possible solutions
1123,1129,925,2025,International Journal of Social Research Methodology,Education bias in probability-based surveys in Germany: evidence and possible solutions
1123,1130,925,2025,International Journal of Social Research Methodology,Education bias in probability-based surveys in Germany: evidence and possible solutions
1123,1131,925,2025,International Journal of Social Research Methodology,Education bias in probability-based surveys in Germany: evidence and possible solutions
1123,1132,925,2025,International Journal of Social Research Methodology,Education bias in probability-based surveys in Germany: evidence and possible solutions
1123,1133,925,2025,International Journal of Social Research Methodology,Education bias in probability-based surveys in Germany: evidence and possible solutions
871,1123,925,2025,International Journal of Social Research Methodology,Education bias in probability-based surveys in Germany: evidence and possible solutions
1123,1134,925,2025,International Journal of Social Research Methodology,Education bias in probability-based surveys in Germany: evidence and possible solutions
1123,1135,925,2025,International Journal of Social Research Methodology,Education bias in probability-based surveys in Germany: evidence and possible solutions
1123,1136,925,2025,International Journal of Social Research Methodology,Education bias in probability-based surveys in Germany: evidence and possible solutions
1123,1137,925,2025,International Journal of Social Research Methodology,Education bias in probability-based surveys in Germany: evidence and possible solutions
1123,1138,925,2025,International Journal of Social Research Methodology,Education bias in probability-based surveys in Germany: evidence and possible solutions
1123,1139,925,2025,International Journal of Social Research Methodology,Education bias in probability-based surveys in Germany: evidence and possible solutions
854,1124,925,2025,International Journal of Social Research Methodology,Education bias in probability-based surveys in Germany: evidence and possible solutions
854,857,925,2025,International Journal of Social Research Methodology,Education bias in probability-based surveys in Germany: evidence and possible solutions
854,1125,925,2025,International Journal of Social Research Methodology,Education bias in probability-based surveys in Germany: evidence and possible solutions
854,1126,925,2025,International Journal of Social Research Methodology,Education bias in probability-based surveys in Germany: evidence and possible solutions
410,854,925,2025,International Journal of Social Research Methodology,Education bias in probability-based surveys in Germany: evidence and possible solutions
854,1127,925,2025,International Journal of Social Research Methodology,Education bias in probability-based surveys in Germany: evidence and possible solutions
854,953,925,2025,International Journal of Social Research Methodology,Education bias in probability-based surveys in Germany: evidence and possible solutions
854,1128,925,2025,International Journal of Social Research Methodology,Education bias in probability-based surveys in Germany: evidence and possible solutions
854,1129,925,2025,International Journal of Social Research Methodology,Education bias in probability-based surveys in Germany: evidence and possible solutions
854,1130,925,2025,International Journal of Social Research Methodology,Education bias in probability-based surveys in Germany: evidence and possible solutions
854,1131,925,2025,International Journal of Social Research Methodology,Education bias in probability-based surveys in Germany: evidence and possible solutions
854,1132,925,2025,International Journal of Social Research Methodology,Education bias in probability-based surveys in Germany: evidence and possible solutions
854,1133,925,2025,International Journal of Social Research Methodology,Education bias in probability-based surveys in Germany: evidence and possible solutions
854,871,925,2025,International Journal of Social Research Methodology,Education bias in probability-based surveys in Germany: evidence and possible solutions
854,1134,925,2025,International Journal of Social Research Methodology,Education bias in probability-based surveys in Germany: evidence and possible solutions
854,1135,925,2025,International Journal of Social Research Methodology,Education bias in probability-based surveys in Germany: evidence and possible solutions
854,1136,925,2025,International Journal of Social Research Methodology,Education bias in probability-based surveys in Germany: evidence and possible solutions
854,1137,925,2025,International Journal of Social Research Methodology,Education bias in probability-based surveys in Germany: evidence and possible solutions
854,1138,925,2025,International Journal of Social Research Methodology,Education bias in probability-based surveys in Germany: evidence and possible solutions
854,1139,925,2025,International Journal of Social Research Methodology,Education bias in probability-based surveys in Germany: evidence and possible solutions
857,1124,925,2025,International Journal of Social Research Methodology,Education bias in probability-based surveys in Germany: evidence and possible solutions
1124,1125,925,2025,International Journal of Social Research Methodology,Education bias in probability-based surveys in Germany: evidence and possible solutions
1124,1126,925,2025,International Journal of Social Research Methodology,Education bias in probability-based surveys in Germany: evidence and possible solutions
410,1124,925,2025,International Journal of Social Research Methodology,Education bias in probability-based surveys in Germany: evidence and possible solutions
1124,1127,925,2025,International Journal of Social Research Methodology,Education bias in probability-based surveys in Germany: evidence and possible solutions
953,1124,925,2025,International Journal of Social Research Methodology,Education bias in probability-based surveys in Germany: evidence and possible solutions
1124,1128,925,2025,International Journal of Social Research Methodology,Education bias in probability-based surveys in Germany: evidence and possible solutions
1124,1129,925,2025,International Journal of Social Research Methodology,Education bias in probability-based surveys in Germany: evidence and possible solutions
1124,1130,925,2025,International Journal of Social Research Methodology,Education bias in probability-based surveys in Germany: evidence and possible solutions
1124,1131,925,2025,International Journal of Social Research Methodology,Education bias in probability-based surveys in Germany: evidence and possible solutions
1124,1132,925,2025,International Journal of Social Research Methodology,Education bias in probability-based surveys in Germany: evidence and possible solutions
1124,1133,925,2025,International Journal of Social Research Methodology,Education bias in probability-based surveys in Germany: evidence and possible solutions
871,1124,925,2025,International Journal of Social Research Methodology,Education bias in probability-based surveys in Germany: evidence and possible solutions
1124,1134,925,2025,International Journal of Social Research Methodology,Education bias in probability-based surveys in Germany: evidence and possible solutions
1124,1135,925,2025,International Journal of Social Research Methodology,Education bias in probability-based surveys in Germany: evidence and possible solutions
1124,1136,925,2025,International Journal of Social Research Methodology,Education bias in probability-based surveys in Germany: evidence and possible solutions
1124,1137,925,2025,International Journal of Social Research Methodology,Education bias in probability-based surveys in Germany: evidence and possible solutions
1124,1138,925,2025,International Journal of Social Research Methodology,Education bias in probability-based surveys in Germany: evidence and possible solutions
1124,1139,925,2025,International Journal of Social Research Methodology,Education bias in probability-based surveys in Germany: evidence and possible solutions
857,1125,925,2025,International Journal of Social Research Methodology,Education bias in probability-based surveys in Germany: evidence and possible solutions
857,1126,925,2025,International Journal of Social Research Methodology,Education bias in probability-based surveys in Germany: evidence and possible solutions
410,857,925,2025,International Journal of Social Research Methodology,Education bias in probability-based surveys in Germany: evidence and possible solutions
857,1127,925,2025,International Journal of Social Research Methodology,Education bias in probability-based surveys in Germany: evidence and possible solutions
857,953,925,2025,International Journal of Social Research Methodology,Education bias in probability-based surveys in Germany: evidence and possible solutions
857,1128,925,2025,International Journal of Social Research Methodology,Education bias in probability-based surveys in Germany: evidence and possible solutions
857,1129,925,2025,International Journal of Social Research Methodology,Education bias in probability-based surveys in Germany: evidence and possible solutions
857,1130,925,2025,International Journal of Social Research Methodology,Education bias in probability-based surveys in Germany: evidence and possible solutions
857,1131,925,2025,International Journal of Social Research Methodology,Education bias in probability-based surveys in Germany: evidence and possible solutions
857,1132,925,2025,International Journal of Social Research Methodology,Education bias in probability-based surveys in Germany: evidence and possible solutions
857,1133,925,2025,International Journal of Social Research Methodology,Education bias in probability-based surveys in Germany: evidence and possible solutions
857,871,925,2025,International Journal of Social Research Methodology,Education bias in probability-based surveys in Germany: evidence and possible solutions
857,1134,925,2025,International Journal of Social Research Methodology,Education bias in probability-based surveys in Germany: evidence and possible solutions
857,1135,925,2025,International Journal of Social Research Methodology,Education bias in probability-based surveys in Germany: evidence and possible solutions
857,1136,925,2025,International Journal of Social Research Methodology,Education bias in probability-based surveys in Germany: evidence and possible solutions
857,1137,925,2025,International Journal of Social Research Methodology,Education bias in probability-based surveys in Germany: evidence and possible solutions
857,1138,925,2025,International Journal of Social Research Methodology,Education bias in probability-based surveys in Germany: evidence and possible solutions
857,1139,925,2025,International Journal of Social Research Methodology,Education bias in probability-based surveys in Germany: evidence and possible solutions
1125,1126,925,2025,International Journal of Social Research Methodology,Education bias in probability-based surveys in Germany: evidence and possible solutions
410,1125,925,2025,International Journal of Social Research Methodology,Education bias in probability-based surveys in Germany: evidence and possible solutions
1125,1127,925,2025,International Journal of Social Research Methodology,Education bias in probability-based surveys in Germany: evidence and possible solutions
953,1125,925,2025,International Journal of Social Research Methodology,Education bias in probability-based surveys in Germany: evidence and possible solutions
1125,1128,925,2025,International Journal of Social Research Methodology,Education bias in probability-based surveys in Germany: evidence and possible solutions
1125,1129,925,2025,International Journal of Social Research Methodology,Education bias in probability-based surveys in Germany: evidence and possible solutions
1125,1130,925,2025,International Journal of Social Research Methodology,Education bias in probability-based surveys in Germany: evidence and possible solutions
1125,1131,925,2025,International Journal of Social Research Methodology,Education bias in probability-based surveys in Germany: evidence and possible solutions
1125,1132,925,2025,International Journal of Social Research Methodology,Education bias in probability-based surveys in Germany: evidence and possible solutions
1125,1133,925,2025,International Journal of Social Research Methodology,Education bias in probability-based surveys in Germany: evidence and possible solutions
871,1125,925,2025,International Journal of Social Research Methodology,Education bias in probability-based surveys in Germany: evidence and possible solutions
1125,1134,925,2025,International Journal of Social Research Methodology,Education bias in probability-based surveys in Germany: evidence and possible solutions
1125,1135,925,2025,International Journal of Social Research Methodology,Education bias in probability-based surveys in Germany: evidence and possible solutions
1125,1136,925,2025,International Journal of Social Research Methodology,Education bias in probability-based surveys in Germany: evidence and possible solutions
1125,1137,925,2025,International Journal of Social Research Methodology,Education bias in probability-based surveys in Germany: evidence and possible solutions
1125,1138,925,2025,International Journal of Social Research Methodology,Education bias in probability-based surveys in Germany: evidence and possible solutions
1125,1139,925,2025,International Journal of Social Research Methodology,Education bias in probability-based surveys in Germany: evidence and possible solutions
410,1126,925,2025,International Journal of Social Research Methodology,Education bias in probability-based surveys in Germany: evidence and possible solutions
1126,1127,925,2025,International Journal of Social Research Methodology,Education bias in probability-based surveys in Germany: evidence and possible solutions
953,1126,925,2025,International Journal of Social Research Methodology,Education bias in probability-based surveys in Germany: evidence and possible solutions
1126,1128,925,2025,International Journal of Social Research Methodology,Education bias in probability-based surveys in Germany: evidence and possible solutions
1126,1129,925,2025,International Journal of Social Research Methodology,Education bias in probability-based surveys in Germany: evidence and possible solutions
1126,1130,925,2025,International Journal of Social Research Methodology,Education bias in probability-based surveys in Germany: evidence and possible solutions
1126,1131,925,2025,International Journal of Social Research Methodology,Education bias in probability-based surveys in Germany: evidence and possible solutions
1126,1132,925,2025,International Journal of Social Research Methodology,Education bias in probability-based surveys in Germany: evidence and possible solutions
1126,1133,925,2025,International Journal of Social Research Methodology,Education bias in probability-based surveys in Germany: evidence and possible solutions
871,1126,925,2025,International Journal of Social Research Methodology,Education bias in probability-based surveys in Germany: evidence and possible solutions
1126,1134,925,2025,International Journal of Social Research Methodology,Education bias in probability-based surveys in Germany: evidence and possible solutions
1126,1135,925,2025,International Journal of Social Research Methodology,Education bias in probability-based surveys in Germany: evidence and possible solutions
1126,1136,925,2025,International Journal of Social Research Methodology,Education bias in probability-based surveys in Germany: evidence and possible solutions
1126,1137,925,2025,International Journal of Social Research Methodology,Education bias in probability-based surveys in Germany: evidence and possible solutions
1126,1138,925,2025,International Journal of Social Research Methodology,Education bias in probability-based surveys in Germany: evidence and possible solutions
1126,1139,925,2025,International Journal of Social Research Methodology,Education bias in probability-based surveys in Germany: evidence and possible solutions
410,1127,925,2025,International Journal of Social Research Methodology,Education bias in probability-based surveys in Germany: evidence and possible solutions
410,953,925,2025,International Journal of Social Research Methodology,Education bias in probability-based surveys in Germany: evidence and possible solutions
410,1128,925,2025,International Journal of Social Research Methodology,Education bias in probability-based surveys in Germany: evidence and possible solutions
410,1129,925,2025,International Journal of Social Research Methodology,Education bias in probability-based surveys in Germany: evidence and possible solutions
410,1130,925,2025,International Journal of Social Research Methodology,Education bias in probability-based surveys in Germany: evidence and possible solutions
410,1131,925,2025,International Journal of Social Research Methodology,Education bias in probability-based surveys in Germany: evidence and possible solutions
410,1132,925,2025,International Journal of Social Research Methodology,Education bias in probability-based surveys in Germany: evidence and possible solutions
410,1133,925,2025,International Journal of Social Research Methodology,Education bias in probability-based surveys in Germany: evidence and possible solutions
410,871,925,2025,International Journal of Social Research Methodology,Education bias in probability-based surveys in Germany: evidence and possible solutions
410,1134,925,2025,International Journal of Social Research Methodology,Education bias in probability-based surveys in Germany: evidence and possible solutions
410,1135,925,2025,International Journal of Social Research Methodology,Education bias in probability-based surveys in Germany: evidence and possible solutions
410,1136,925,2025,International Journal of Social Research Methodology,Education bias in probability-based surveys in Germany: evidence and possible solutions
410,1137,925,2025,International Journal of Social Research Methodology,Education bias in probability-based surveys in Germany: evidence and possible solutions
410,1138,925,2025,International Journal of Social Research Methodology,Education bias in probability-based surveys in Germany: evidence and possible solutions
410,1139,925,2025,International Journal of Social Research Methodology,Education bias in probability-based surveys in Germany: evidence and possible solutions
953,1127,925,2025,International Journal of Social Research Methodology,Education bias in probability-based surveys in Germany: evidence and possible solutions
1127,1128,925,2025,International Journal of Social Research Methodology,Education bias in probability-based surveys in Germany: evidence and possible solutions
1127,1129,925,2025,International Journal of Social Research Methodology,Education bias in probability-based surveys in Germany: evidence and possible solutions
1127,1130,925,2025,International Journal of Social Research Methodology,Education bias in probability-based surveys in Germany: evidence and possible solutions
1127,1131,925,2025,International Journal of Social Research Methodology,Education bias in probability-based surveys in Germany: evidence and possible solutions
1127,1132,925,2025,International Journal of Social Research Methodology,Education bias in probability-based surveys in Germany: evidence and possible solutions
1127,1133,925,2025,International Journal of Social Research Methodology,Education bias in probability-based surveys in Germany: evidence and possible solutions
871,1127,925,2025,International Journal of Social Research Methodology,Education bias in probability-based surveys in Germany: evidence and possible solutions
1127,1134,925,2025,International Journal of Social Research Methodology,Education bias in probability-based surveys in Germany: evidence and possible solutions
1127,1135,925,2025,International Journal of Social Research Methodology,Education bias in probability-based surveys in Germany: evidence and possible solutions
1127,1136,925,2025,International Journal of Social Research Methodology,Education bias in probability-based surveys in Germany: evidence and possible solutions
1127,1137,925,2025,International Journal of Social Research Methodology,Education bias in probability-based surveys in Germany: evidence and possible solutions
1127,1138,925,2025,International Journal of Social Research Methodology,Education bias in probability-based surveys in Germany: evidence and possible solutions
1127,1139,925,2025,International Journal of Social Research Methodology,Education bias in probability-based surveys in Germany: evidence and possible solutions
953,1128,925,2025,International Journal of Social Research Methodology,Education bias in probability-based surveys in Germany: evidence and possible solutions
953,1129,925,2025,International Journal of Social Research Methodology,Education bias in probability-based surveys in Germany: evidence and possible solutions
953,1130,925,2025,International Journal of Social Research Methodology,Education bias in probability-based surveys in Germany: evidence and possible solutions
953,1131,925,2025,International Journal of Social Research Methodology,Education bias in probability-based surveys in Germany: evidence and possible solutions
953,1132,925,2025,International Journal of Social Research Methodology,Education bias in probability-based surveys in Germany: evidence and possible solutions
953,1133,925,2025,International Journal of Social Research Methodology,Education bias in probability-based surveys in Germany: evidence and possible solutions
871,953,925,2025,International Journal of Social Research Methodology,Education bias in probability-based surveys in Germany: evidence and possible solutions
953,1134,925,2025,International Journal of Social Research Methodology,Education bias in probability-based surveys in Germany: evidence and possible solutions
953,1135,925,2025,International Journal of Social Research Methodology,Education bias in probability-based surveys in Germany: evidence and possible solutions
953,1136,925,2025,International Journal of Social Research Methodology,Education bias in probability-based surveys in Germany: evidence and possible solutions
953,1137,925,2025,International Journal of Social Research Methodology,Education bias in probability-based surveys in Germany: evidence and possible solutions
953,1138,925,2025,International Journal of Social Research Methodology,Education bias in probability-based surveys in Germany: evidence and possible solutions
953,1139,925,2025,International Journal of Social Research Methodology,Education bias in probability-based surveys in Germany: evidence and possible solutions
1128,1129,925,2025,International Journal of Social Research Methodology,Education bias in probability-based surveys in Germany: evidence and possible solutions
1128,1130,925,2025,International Journal of Social Research Methodology,Education bias in probability-based surveys in Germany: evidence and possible solutions
1128,1131,925,2025,International Journal of Social Research Methodology,Education bias in probability-based surveys in Germany: evidence and possible solutions
1128,1132,925,2025,International Journal of Social Research Methodology,Education bias in probability-based surveys in Germany: evidence and possible solutions
1128,1133,925,2025,International Journal of Social Research Methodology,Education bias in probability-based surveys in Germany: evidence and possible solutions
871,1128,925,2025,International Journal of Social Research Methodology,Education bias in probability-based surveys in Germany: evidence and possible solutions
1128,1134,925,2025,International Journal of Social Research Methodology,Education bias in probability-based surveys in Germany: evidence and possible solutions
1128,1135,925,2025,International Journal of Social Research Methodology,Education bias in probability-based surveys in Germany: evidence and possible solutions
1128,1136,925,2025,International Journal of Social Research Methodology,Education bias in probability-based surveys in Germany: evidence and possible solutions
1128,1137,925,2025,International Journal of Social Research Methodology,Education bias in probability-based surveys in Germany: evidence and possible solutions
1128,1138,925,2025,International Journal of Social Research Methodology,Education bias in probability-based surveys in Germany: evidence and possible solutions
1128,1139,925,2025,International Journal of Social Research Methodology,Education bias in probability-based surveys in Germany: evidence and possible solutions
1129,1130,925,2025,International Journal of Social Research Methodology,Education bias in probability-based surveys in Germany: evidence and possible solutions
1129,1131,925,2025,International Journal of Social Research Methodology,Education bias in probability-based surveys in Germany: evidence and possible solutions
1129,1132,925,2025,International Journal of Social Research Methodology,Education bias in probability-based surveys in Germany: evidence and possible solutions
1129,1133,925,2025,International Journal of Social Research Methodology,Education bias in probability-based surveys in Germany: evidence and possible solutions
871,1129,925,2025,International Journal of Social Research Methodology,Education bias in probability-based surveys in Germany: evidence and possible solutions
1129,1134,925,2025,International Journal of Social Research Methodology,Education bias in probability-based surveys in Germany: evidence and possible solutions
1129,1135,925,2025,International Journal of Social Research Methodology,Education bias in probability-based surveys in Germany: evidence and possible solutions
1129,1136,925,2025,International Journal of Social Research Methodology,Education bias in probability-based surveys in Germany: evidence and possible solutions
1129,1137,925,2025,International Journal of Social Research Methodology,Education bias in probability-based surveys in Germany: evidence and possible solutions
1129,1138,925,2025,International Journal of Social Research Methodology,Education bias in probability-based surveys in Germany: evidence and possible solutions
1129,1139,925,2025,International Journal of Social Research Methodology,Education bias in probability-based surveys in Germany: evidence and possible solutions
1130,1131,925,2025,International Journal of Social Research Methodology,Education bias in probability-based surveys in Germany: evidence and possible solutions
1130,1132,925,2025,International Journal of Social Research Methodology,Education bias in probability-based surveys in Germany: evidence and possible solutions
1130,1133,925,2025,International Journal of Social Research Methodology,Education bias in probability-based surveys in Germany: evidence and possible solutions
871,1130,925,2025,International Journal of Social Research Methodology,Education bias in probability-based surveys in Germany: evidence and possible solutions
1130,1134,925,2025,International Journal of Social Research Methodology,Education bias in probability-based surveys in Germany: evidence and possible solutions
1130,1135,925,2025,International Journal of Social Research Methodology,Education bias in probability-based surveys in Germany: evidence and possible solutions
1130,1136,925,2025,International Journal of Social Research Methodology,Education bias in probability-based surveys in Germany: evidence and possible solutions
1130,1137,925,2025,International Journal of Social Research Methodology,Education bias in probability-based surveys in Germany: evidence and possible solutions
1130,1138,925,2025,International Journal of Social Research Methodology,Education bias in probability-based surveys in Germany: evidence and possible solutions
1130,1139,925,2025,International Journal of Social Research Methodology,Education bias in probability-based surveys in Germany: evidence and possible solutions
1131,1132,925,2025,International Journal of Social Research Methodology,Education bias in probability-based surveys in Germany: evidence and possible solutions
1131,1133,925,2025,International Journal of Social Research Methodology,Education bias in probability-based surveys in Germany: evidence and possible solutions
871,1131,925,2025,International Journal of Social Research Methodology,Education bias in probability-based surveys in Germany: evidence and possible solutions
1131,1134,925,2025,International Journal of Social Research Methodology,Education bias in probability-based surveys in Germany: evidence and possible solutions
1131,1135,925,2025,International Journal of Social Research Methodology,Education bias in probability-based surveys in Germany: evidence and possible solutions
1131,1136,925,2025,International Journal of Social Research Methodology,Education bias in probability-based surveys in Germany: evidence and possible solutions
1131,1137,925,2025,International Journal of Social Research Methodology,Education bias in probability-based surveys in Germany: evidence and possible solutions
1131,1138,925,2025,International Journal of Social Research Methodology,Education bias in probability-based surveys in Germany: evidence and possible solutions
1131,1139,925,2025,International Journal of Social Research Methodology,Education bias in probability-based surveys in Germany: evidence and possible solutions
1132,1133,925,2025,International Journal of Social Research Methodology,Education bias in probability-based surveys in Germany: evidence and possible solutions
871,1132,925,2025,International Journal of Social Research Methodology,Education bias in probability-based surveys in Germany: evidence and possible solutions
1132,1134,925,2025,International Journal of Social Research Methodology,Education bias in probability-based surveys in Germany: evidence and possible solutions
1132,1135,925,2025,International Journal of Social Research Methodology,Education bias in probability-based surveys in Germany: evidence and possible solutions
1132,1136,925,2025,International Journal of Social Research Methodology,Education bias in probability-based surveys in Germany: evidence and possible solutions
1132,1137,925,2025,International Journal of Social Research Methodology,Education bias in probability-based surveys in Germany: evidence and possible solutions
1132,1138,925,2025,International Journal of Social Research Methodology,Education bias in probability-based surveys in Germany: evidence and possible solutions
1132,1139,925,2025,International Journal of Social Research Methodology,Education bias in probability-based surveys in Germany: evidence and possible solutions
871,1133,925,2025,International Journal of Social Research Methodology,Education bias in probability-based surveys in Germany: evidence and possible solutions
1133,1134,925,2025,International Journal of Social Research Methodology,Education bias in probability-based surveys in Germany: evidence and possible solutions
1133,1135,925,2025,International Journal of Social Research Methodology,Education bias in probability-based surveys in Germany: evidence and possible solutions
1133,1136,925,2025,International Journal of Social Research Methodology,Education bias in probability-based surveys in Germany: evidence and possible solutions
1133,1137,925,2025,International Journal of Social Research Methodology,Education bias in probability-based surveys in Germany: evidence and possible solutions
1133,1138,925,2025,International Journal of Social Research Methodology,Education bias in probability-based surveys in Germany: evidence and possible solutions
1133,1139,925,2025,International Journal of Social Research Methodology,Education bias in probability-based surveys in Germany: evidence and possible solutions
871,1134,925,2025,International Journal of Social Research Methodology,Education bias in probability-based surveys in Germany: evidence and possible solutions
871,1135,925,2025,International Journal of Social Research Methodology,Education bias in probability-based surveys in Germany: evidence and possible solutions
871,1136,925,2025,International Journal of Social Research Methodology,Education bias in probability-based surveys in Germany: evidence and possible solutions
871,1137,925,2025,International Journal of Social Research Methodology,Education bias in probability-based surveys in Germany: evidence and possible solutions
871,1138,925,2025,International Journal of Social Research Methodology,Education bias in probability-based surveys in Germany: evidence and possible solutions
871,1139,925,2025,International Journal of Social Research Methodology,Education bias in probability-based surveys in Germany: evidence and possible solutions
1134,1135,925,2025,International Journal of Social Research Methodology,Education bias in probability-based surveys in Germany: evidence and possible solutions
1134,1136,925,2025,International Journal of Social Research Methodology,Education bias in probability-based surveys in Germany: evidence and possible solutions
1134,1137,925,2025,International Journal of Social Research Methodology,Education bias in probability-based surveys in Germany: evidence and possible solutions
1134,1138,925,2025,International Journal of Social Research Methodology,Education bias in probability-based surveys in Germany: evidence and possible solutions
1134,1139,925,2025,International Journal of Social Research Methodology,Education bias in probability-based surveys in Germany: evidence and possible solutions
1135,1136,925,2025,International Journal of Social Research Methodology,Education bias in probability-based surveys in Germany: evidence and possible solutions
1135,1137,925,2025,International Journal of Social Research Methodology,Education bias in probability-based surveys in Germany: evidence and possible solutions
1135,1138,925,2025,International Journal of Social Research Methodology,Education bias in probability-based surveys in Germany: evidence and possible solutions
1135,1139,925,2025,International Journal of Social Research Methodology,Education bias in probability-based surveys in Germany: evidence and possible solutions
1136,1137,925,2025,International Journal of Social Research Methodology,Education bias in probability-based surveys in Germany: evidence and possible solutions
1136,1138,925,2025,International Journal of Social Research Methodology,Education bias in probability-based surveys in Germany: evidence and possible solutions
1136,1139,925,2025,International Journal of Social Research Methodology,Education bias in probability-based surveys in Germany: evidence and possible solutions
1137,1138,925,2025,International Journal of Social Research Methodology,Education bias in probability-based surveys in Germany: evidence and possible solutions
1137,1139,925,2025,International Journal of Social Research Methodology,Education bias in probability-based surveys in Germany: evidence and possible solutions
1138,1139,925,2025,International Journal of Social Research Methodology,Education bias in probability-based surveys in Germany: evidence and possible solutions
64,74,926,2015,AStA Wirtschafts- und Sozialstatistisches Archiv,"Sampling and Weighting Cohort Samples in Institutional Contexts: The National Educational Panel Study cohort samples of Kindergarten children, students in Grade 5 and in Grade 9"
74,75,926,2015,AStA Wirtschafts- und Sozialstatistisches Archiv,"Sampling and Weighting Cohort Samples in Institutional Contexts: The National Educational Panel Study cohort samples of Kindergarten children, students in Grade 5 and in Grade 9"
71,74,926,2015,AStA Wirtschafts- und Sozialstatistisches Archiv,"Sampling and Weighting Cohort Samples in Institutional Contexts: The National Educational Panel Study cohort samples of Kindergarten children, students in Grade 5 and in Grade 9"
74,79,926,2015,AStA Wirtschafts- und Sozialstatistisches Archiv,"Sampling and Weighting Cohort Samples in Institutional Contexts: The National Educational Panel Study cohort samples of Kindergarten children, students in Grade 5 and in Grade 9"
64,75,926,2015,AStA Wirtschafts- und Sozialstatistisches Archiv,"Sampling and Weighting Cohort Samples in Institutional Contexts: The National Educational Panel Study cohort samples of Kindergarten children, students in Grade 5 and in Grade 9"
64,71,926,2015,AStA Wirtschafts- und Sozialstatistisches Archiv,"Sampling and Weighting Cohort Samples in Institutional Contexts: The National Educational Panel Study cohort samples of Kindergarten children, students in Grade 5 and in Grade 9"
64,79,926,2015,AStA Wirtschafts- und Sozialstatistisches Archiv,"Sampling and Weighting Cohort Samples in Institutional Contexts: The National Educational Panel Study cohort samples of Kindergarten children, students in Grade 5 and in Grade 9"
71,75,926,2015,AStA Wirtschafts- und Sozialstatistisches Archiv,"Sampling and Weighting Cohort Samples in Institutional Contexts: The National Educational Panel Study cohort samples of Kindergarten children, students in Grade 5 and in Grade 9"
75,79,926,2015,AStA Wirtschafts- und Sozialstatistisches Archiv,"Sampling and Weighting Cohort Samples in Institutional Contexts: The National Educational Panel Study cohort samples of Kindergarten children, students in Grade 5 and in Grade 9"
71,79,926,2015,AStA Wirtschafts- und Sozialstatistisches Archiv,"Sampling and Weighting Cohort Samples in Institutional Contexts: The National Educational Panel Study cohort samples of Kindergarten children, students in Grade 5 and in Grade 9"
74,75,927,2016,Methodological Issues of Longitudinal Surveys,Weighting Panel Cohorts in Institutional Contexts
64,74,927,2016,Methodological Issues of Longitudinal Surveys,Weighting Panel Cohorts in Institutional Contexts
64,75,927,2016,Methodological Issues of Longitudinal Surveys,Weighting Panel Cohorts in Institutional Contexts
85,86,928,2022,Psychological Methods,A constrained factor mixture analysis model for consistent and inconsistent respondents to mixed-worded scales.
85,326,928,2022,Psychological Methods,A constrained factor mixture analysis model for consistent and inconsistent respondents to mixed-worded scales.
86,326,928,2022,Psychological Methods,A constrained factor mixture analysis model for consistent and inconsistent respondents to mixed-worded scales.
85,86,929,2019,School Effectiveness and School Improvement,Participation in extracurricular activities and student achievement: evidence from German all-day schools
85,1140,929,2019,School Effectiveness and School Improvement,Participation in extracurricular activities and student achievement: evidence from German all-day schools
86,1140,929,2019,School Effectiveness and School Improvement,Participation in extracurricular activities and student achievement: evidence from German all-day schools
85,86,930,2019,International Journal for Research on Extended Education,Student achievement and educational inequality in half- and all-day schools: Evidence from Germany
334,1141,932,2025,Empirical Research in Vocational Education and Training,"Career choice motivation, academic and social integration, and their relationship with intention to drop out of vocational teacher training"
478,1141,932,2025,Empirical Research in Vocational Education and Training,"Career choice motivation, academic and social integration, and their relationship with intention to drop out of vocational teacher training"
334,478,932,2025,Empirical Research in Vocational Education and Training,"Career choice motivation, academic and social integration, and their relationship with intention to drop out of vocational teacher training"
80,613,933,2019,Education as a Lifelong Process,Social Inequality and Educational Decisions in the Life Course
446,613,933,2019,Education as a Lifelong Process,Social Inequality and Educational Decisions in the Life Course
56,613,933,2019,Education as a Lifelong Process,Social Inequality and Educational Decisions in the Life Course
80,446,933,2019,Education as a Lifelong Process,Social Inequality and Educational Decisions in the Life Course
56,80,933,2019,Education as a Lifelong Process,Social Inequality and Educational Decisions in the Life Course
56,446,933,2019,Education as a Lifelong Process,Social Inequality and Educational Decisions in the Life Course
423,1142,935,2015,Zeitschrift für Erziehungswissenschaft,Erhalt der Herkunftssprache? – Muster des Sprachgebrauchs in Migrantenfamilien
422,1142,936,2016,KZfSS Kölner Zeitschrift für Soziologie und Sozialpsychologie,Spracherhalt oder Sprachverlagerung?: Erstsprachgebrauch und Zweitsprachkompetenzen bei Jugendlichen mit Migrationshintergrund
242,1143,937,2016,Advances in Life Course Research,"Gender, education, and family life courses in East and West Germany: Insights from new sequence analysis techniques"
3,242,937,2016,Advances in Life Course Research,"Gender, education, and family life courses in East and West Germany: Insights from new sequence analysis techniques"
3,1143,937,2016,Advances in Life Course Research,"Gender, education, and family life courses in East and West Germany: Insights from new sequence analysis techniques"
242,1143,938,2018,Sociological Methodology,Estimating the Relationship between Time-varying Covariates and Trajectories: The Sequence Analysis Multistate Model Procedure
3,1143,938,2018,Sociological Methodology,Estimating the Relationship between Time-varying Covariates and Trajectories: The Sequence Analysis Multistate Model Procedure
3,242,938,2018,Sociological Methodology,Estimating the Relationship between Time-varying Covariates and Trajectories: The Sequence Analysis Multistate Model Procedure
69,965,939,2016,Methodological Issues of Longitudinal Surveys,Including Students With Special Educational Needs in the Competence Assessment of the NEPS—Results on the Comparability of Test Scores in Reading
563,965,939,2016,Methodological Issues of Longitudinal Surveys,Including Students With Special Educational Needs in the Competence Assessment of the NEPS—Results on the Comparability of Test Scores in Reading
83,965,939,2016,Methodological Issues of Longitudinal Surveys,Including Students With Special Educational Needs in the Competence Assessment of the NEPS—Results on the Comparability of Test Scores in Reading
69,563,939,2016,Methodological Issues of Longitudinal Surveys,Including Students With Special Educational Needs in the Competence Assessment of the NEPS—Results on the Comparability of Test Scores in Reading
69,83,939,2016,Methodological Issues of Longitudinal Surveys,Including Students With Special Educational Needs in the Competence Assessment of the NEPS—Results on the Comparability of Test Scores in Reading
83,563,939,2016,Methodological Issues of Longitudinal Surveys,Including Students With Special Educational Needs in the Competence Assessment of the NEPS—Results on the Comparability of Test Scores in Reading
107,109,940,2017,Perspektiven der Wirtschaftspolitik,Erwerbstätigkeit und atypische Beschäftigung im Lebenszyklus – Ein Kohortenvergleich für Deutschland
108,109,940,2017,Perspektiven der Wirtschaftspolitik,Erwerbstätigkeit und atypische Beschäftigung im Lebenszyklus – Ein Kohortenvergleich für Deutschland
107,108,940,2017,Perspektiven der Wirtschaftspolitik,Erwerbstätigkeit und atypische Beschäftigung im Lebenszyklus – Ein Kohortenvergleich für Deutschland
144,1077,941,2024,Youth & Society,The Role of School Context Factors for Gender Role Attitudes: General and Differential Associations Between Female and Male Adolescents
421,1077,941,2024,Youth & Society,The Role of School Context Factors for Gender Role Attitudes: General and Differential Associations Between Female and Male Adolescents
144,421,941,2024,Youth & Society,The Role of School Context Factors for Gender Role Attitudes: General and Differential Associations Between Female and Male Adolescents
148,1144,942,2025,Journal of Adolescence,Successful School‐to‐Training Transitions—Can Individual Goal‐Striving Resources Compensate for Structural Obstacles in the Local Context?
110,1145,944,2025,Scientific Data,A dataset of study program availability in German higher education between 1971 and 1996
1145,1146,944,2025,Scientific Data,A dataset of study program availability in German higher education between 1971 and 1996
1145,1147,944,2025,Scientific Data,A dataset of study program availability in German higher education between 1971 and 1996
1145,1148,944,2025,Scientific Data,A dataset of study program availability in German higher education between 1971 and 1996
110,1146,944,2025,Scientific Data,A dataset of study program availability in German higher education between 1971 and 1996
110,1147,944,2025,Scientific Data,A dataset of study program availability in German higher education between 1971 and 1996
110,1148,944,2025,Scientific Data,A dataset of study program availability in German higher education between 1971 and 1996
1146,1147,944,2025,Scientific Data,A dataset of study program availability in German higher education between 1971 and 1996
1146,1148,944,2025,Scientific Data,A dataset of study program availability in German higher education between 1971 and 1996
1147,1148,944,2025,Scientific Data,A dataset of study program availability in German higher education between 1971 and 1996
46,1149,945,2018,Perspektiven der Wirtschaftspolitik,Die Notwendigkeit ökonomischer Politikberatung für eine evidenzbasierte Bildungspolitik: Verkürzung und Verlängerung der Schulzeit am Gymnasium
495,892,946,2023,Journal of Open Psychology Data,Data from the National Educational Panel Study (NEPS) in Germany: Educational Pathways of Students in Grade 5 and Higher
138,892,946,2023,Journal of Open Psychology Data,Data from the National Educational Panel Study (NEPS) in Germany: Educational Pathways of Students in Grade 5 and Higher
425,892,946,2023,Journal of Open Psychology Data,Data from the National Educational Panel Study (NEPS) in Germany: Educational Pathways of Students in Grade 5 and Higher
88,892,946,2023,Journal of Open Psychology Data,Data from the National Educational Panel Study (NEPS) in Germany: Educational Pathways of Students in Grade 5 and Higher
138,495,946,2023,Journal of Open Psychology Data,Data from the National Educational Panel Study (NEPS) in Germany: Educational Pathways of Students in Grade 5 and Higher
425,495,946,2023,Journal of Open Psychology Data,Data from the National Educational Panel Study (NEPS) in Germany: Educational Pathways of Students in Grade 5 and Higher
88,495,946,2023,Journal of Open Psychology Data,Data from the National Educational Panel Study (NEPS) in Germany: Educational Pathways of Students in Grade 5 and Higher
138,425,946,2023,Journal of Open Psychology Data,Data from the National Educational Panel Study (NEPS) in Germany: Educational Pathways of Students in Grade 5 and Higher
88,138,946,2023,Journal of Open Psychology Data,Data from the National Educational Panel Study (NEPS) in Germany: Educational Pathways of Students in Grade 5 and Higher
88,425,946,2023,Journal of Open Psychology Data,Data from the National Educational Panel Study (NEPS) in Germany: Educational Pathways of Students in Grade 5 and Higher
138,892,947,2020,Zeitschrift für Erziehungswissenschaft,The impact of gender-stereotypical text contents on reading competence in women and men
87,892,947,2020,Zeitschrift für Erziehungswissenschaft,The impact of gender-stereotypical text contents on reading competence in women and men
87,138,947,2020,Zeitschrift für Erziehungswissenschaft,The impact of gender-stereotypical text contents on reading competence in women and men
55,892,948,2021,European Journal of Psychology of Education,Reading for entertainment or information reception? Gender differences in reading preferences and their impact on text-type-specific reading competences in adult readers
87,892,948,2021,European Journal of Psychology of Education,Reading for entertainment or information reception? Gender differences in reading preferences and their impact on text-type-specific reading competences in adult readers
55,87,948,2021,European Journal of Psychology of Education,Reading for entertainment or information reception? Gender differences in reading preferences and their impact on text-type-specific reading competences in adult readers
788,789,949,2023,International Journal of Educational Research,Immigrant students’ acculturation profile and reading competence development in secondary school and beyond
754,788,949,2023,International Journal of Educational Research,Immigrant students’ acculturation profile and reading competence development in secondary school and beyond
765,788,949,2023,International Journal of Educational Research,Immigrant students’ acculturation profile and reading competence development in secondary school and beyond
754,789,949,2023,International Journal of Educational Research,Immigrant students’ acculturation profile and reading competence development in secondary school and beyond
765,789,949,2023,International Journal of Educational Research,Immigrant students’ acculturation profile and reading competence development in secondary school and beyond
754,765,949,2023,International Journal of Educational Research,Immigrant students’ acculturation profile and reading competence development in secondary school and beyond
765,788,950,2021,Journal for Educational Research Online,Individuelle und im Klassenkontext vorherrschende Akkulturationsorientierung und die individuelle Lesekompetenz von Schülerinnen und Schülern der 9. Klasse
788,789,950,2021,Journal for Educational Research Online,Individuelle und im Klassenkontext vorherrschende Akkulturationsorientierung und die individuelle Lesekompetenz von Schülerinnen und Schülern der 9. Klasse
754,788,950,2021,Journal for Educational Research Online,Individuelle und im Klassenkontext vorherrschende Akkulturationsorientierung und die individuelle Lesekompetenz von Schülerinnen und Schülern der 9. Klasse
765,789,950,2021,Journal for Educational Research Online,Individuelle und im Klassenkontext vorherrschende Akkulturationsorientierung und die individuelle Lesekompetenz von Schülerinnen und Schülern der 9. Klasse
754,765,950,2021,Journal for Educational Research Online,Individuelle und im Klassenkontext vorherrschende Akkulturationsorientierung und die individuelle Lesekompetenz von Schülerinnen und Schülern der 9. Klasse
754,789,950,2021,Journal for Educational Research Online,Individuelle und im Klassenkontext vorherrschende Akkulturationsorientierung und die individuelle Lesekompetenz von Schülerinnen und Schülern der 9. Klasse
886,1150,957,2019,Zeitschrift für Erziehungswissenschaft,Die Studieneingangsphase Studierender mit vor-tertiärer beruflicher Ausbildung: allgemeiner und fach-spezifischer Kenntnisstand und Studienvorbereitung
329,1151,959,2020,Unknown,"Kulturelle Bildung. Theoretische Perspektiven, methodologische Herausforderungen und empirische Befunde"
332,1151,959,2020,Unknown,"Kulturelle Bildung. Theoretische Perspektiven, methodologische Herausforderungen und empirische Befunde"
331,1151,959,2020,Unknown,"Kulturelle Bildung. Theoretische Perspektiven, methodologische Herausforderungen und empirische Befunde"
329,332,959,2020,Unknown,"Kulturelle Bildung. Theoretische Perspektiven, methodologische Herausforderungen und empirische Befunde"
329,331,959,2020,Unknown,"Kulturelle Bildung. Theoretische Perspektiven, methodologische Herausforderungen und empirische Befunde"
331,332,959,2020,Unknown,"Kulturelle Bildung. Theoretische Perspektiven, methodologische Herausforderungen und empirische Befunde"
652,653,961,2017,Social Science Research,The optimism trap: Migrants’ educational choices in stratified education systems
22,25,962,2016,Methodological Issues of Longitudinal Surveys,Collecting Life-Course Data in a Panel Design: Why and How We Use Proactive Dependent Interviewing
23,25,962,2016,Methodological Issues of Longitudinal Surveys,Collecting Life-Course Data in a Panel Design: Why and How We Use Proactive Dependent Interviewing
22,23,962,2016,Methodological Issues of Longitudinal Surveys,Collecting Life-Course Data in a Panel Design: Why and How We Use Proactive Dependent Interviewing
10,1058,963,2021,Longitudinal and Life Course Studies,Does tracking really affect labour-market outcomes in the long run? Estimating the long-term effects of secondary-school tracking in West Germany
203,1058,963,2021,Longitudinal and Life Course Studies,Does tracking really affect labour-market outcomes in the long run? Estimating the long-term effects of secondary-school tracking in West Germany
10,203,963,2021,Longitudinal and Life Course Studies,Does tracking really affect labour-market outcomes in the long run? Estimating the long-term effects of secondary-school tracking in West Germany
10,1058,964,2021,Research in Social Stratification and Mobility,How does exposure to a different school track influence learning progress? Explaining scissor effects by track in Germany
202,1058,964,2021,Research in Social Stratification and Mobility,How does exposure to a different school track influence learning progress? Explaining scissor effects by track in Germany
10,202,964,2021,Research in Social Stratification and Mobility,How does exposure to a different school track influence learning progress? Explaining scissor effects by track in Germany
219,220,965,2020,Sociology,Advantage ‘Finds Its Way’: How Privileged Families Exploit Opportunities in Different Systems of Secondary Education
218,220,965,2020,Sociology,Advantage ‘Finds Its Way’: How Privileged Families Exploit Opportunities in Different Systems of Secondary Education
220,223,965,2020,Sociology,Advantage ‘Finds Its Way’: How Privileged Families Exploit Opportunities in Different Systems of Secondary Education
80,220,965,2020,Sociology,Advantage ‘Finds Its Way’: How Privileged Families Exploit Opportunities in Different Systems of Secondary Education
218,219,965,2020,Sociology,Advantage ‘Finds Its Way’: How Privileged Families Exploit Opportunities in Different Systems of Secondary Education
219,223,965,2020,Sociology,Advantage ‘Finds Its Way’: How Privileged Families Exploit Opportunities in Different Systems of Secondary Education
80,219,965,2020,Sociology,Advantage ‘Finds Its Way’: How Privileged Families Exploit Opportunities in Different Systems of Secondary Education
218,223,965,2020,Sociology,Advantage ‘Finds Its Way’: How Privileged Families Exploit Opportunities in Different Systems of Secondary Education
80,218,965,2020,Sociology,Advantage ‘Finds Its Way’: How Privileged Families Exploit Opportunities in Different Systems of Secondary Education
80,223,965,2020,Sociology,Advantage ‘Finds Its Way’: How Privileged Families Exploit Opportunities in Different Systems of Secondary Education
1152,1153,966,2018,Psychology,The Role of Parents in Young People’s Career Choices in Germany
1152,1154,966,2018,Psychology,The Role of Parents in Young People’s Career Choices in Germany
1153,1154,966,2018,Psychology,The Role of Parents in Young People’s Career Choices in Germany
1152,1153,967,2019,"Beruf, Beruflichkeit, Employability",Unterstützung der Berufswahl Jugendlicher durch Beratung: Bedeutung von professionellen und familiären Akteuren
1152,1155,967,2019,"Beruf, Beruflichkeit, Employability",Unterstützung der Berufswahl Jugendlicher durch Beratung: Bedeutung von professionellen und familiären Akteuren
1152,1154,967,2019,"Beruf, Beruflichkeit, Employability",Unterstützung der Berufswahl Jugendlicher durch Beratung: Bedeutung von professionellen und familiären Akteuren
1153,1155,967,2019,"Beruf, Beruflichkeit, Employability",Unterstützung der Berufswahl Jugendlicher durch Beratung: Bedeutung von professionellen und familiären Akteuren
1153,1154,967,2019,"Beruf, Beruflichkeit, Employability",Unterstützung der Berufswahl Jugendlicher durch Beratung: Bedeutung von professionellen und familiären Akteuren
1154,1155,967,2019,"Beruf, Beruflichkeit, Employability",Unterstützung der Berufswahl Jugendlicher durch Beratung: Bedeutung von professionellen und familiären Akteuren
331,1151,968,2020,Unknown,Kultur vermitteln : Lehrerinnen und Lehrer und die Tradierung von Kultur
329,331,968,2020,Unknown,Kultur vermitteln : Lehrerinnen und Lehrer und die Tradierung von Kultur
331,332,968,2020,Unknown,Kultur vermitteln : Lehrerinnen und Lehrer und die Tradierung von Kultur
331,1156,968,2020,Unknown,Kultur vermitteln : Lehrerinnen und Lehrer und die Tradierung von Kultur
329,1151,968,2020,Unknown,Kultur vermitteln : Lehrerinnen und Lehrer und die Tradierung von Kultur
332,1151,968,2020,Unknown,Kultur vermitteln : Lehrerinnen und Lehrer und die Tradierung von Kultur
1151,1156,968,2020,Unknown,Kultur vermitteln : Lehrerinnen und Lehrer und die Tradierung von Kultur
329,332,968,2020,Unknown,Kultur vermitteln : Lehrerinnen und Lehrer und die Tradierung von Kultur
329,1156,968,2020,Unknown,Kultur vermitteln : Lehrerinnen und Lehrer und die Tradierung von Kultur
332,1156,968,2020,Unknown,Kultur vermitteln : Lehrerinnen und Lehrer und die Tradierung von Kultur
165,166,969,2020,Educational Research and Evaluation,"Gender differences in higher education in Germany: are women under- or overrepresented at university, and why?"
165,225,970,2025,Zeitschrift für Bildungsforschung,Gender-specific development of mathematics and language performance in lower secondary education in Germany
407,430,972,2017,Zeitschrift für Erziehungswissenschaft,"Assessments verbinden, Interpretationen erweitern?: Lassen sich die mathematischen Kompetenzskalen im Nationalen Bildungspanel und im IQB-Ländervergleich 2012 verbinden?"
430,912,972,2017,Zeitschrift für Erziehungswissenschaft,"Assessments verbinden, Interpretationen erweitern?: Lassen sich die mathematischen Kompetenzskalen im Nationalen Bildungspanel und im IQB-Ländervergleich 2012 verbinden?"
430,1157,972,2017,Zeitschrift für Erziehungswissenschaft,"Assessments verbinden, Interpretationen erweitern?: Lassen sich die mathematischen Kompetenzskalen im Nationalen Bildungspanel und im IQB-Ländervergleich 2012 verbinden?"
407,912,972,2017,Zeitschrift für Erziehungswissenschaft,"Assessments verbinden, Interpretationen erweitern?: Lassen sich die mathematischen Kompetenzskalen im Nationalen Bildungspanel und im IQB-Ländervergleich 2012 verbinden?"
407,1157,972,2017,Zeitschrift für Erziehungswissenschaft,"Assessments verbinden, Interpretationen erweitern?: Lassen sich die mathematischen Kompetenzskalen im Nationalen Bildungspanel und im IQB-Ländervergleich 2012 verbinden?"
912,1157,972,2017,Zeitschrift für Erziehungswissenschaft,"Assessments verbinden, Interpretationen erweitern?: Lassen sich die mathematischen Kompetenzskalen im Nationalen Bildungspanel und im IQB-Ländervergleich 2012 verbinden?"
12,701,973,2022,Journal of Family Research,"Childcare, work or worries? What explains the decline in parents' well-being at the beginning of the COVID-19 pandemic in Germany?"
12,106,973,2022,Journal of Family Research,"Childcare, work or worries? What explains the decline in parents' well-being at the beginning of the COVID-19 pandemic in Germany?"
106,701,973,2022,Journal of Family Research,"Childcare, work or worries? What explains the decline in parents' well-being at the beginning of the COVID-19 pandemic in Germany?"
12,1158,974,2020,KZfSS Kölner Zeitschrift für Soziologie und Sozialpsychologie,"No Way Out or No Way In? The Effect of Standardization, Licensing, and Skills Specificity of the Initial and Target Occupations on Status Mobility"
1159,1160,975,2021,Frontiers in Psychology,Acquisition of Mathematical and Linguistic Skills in Children With Learning Difficulties
224,1159,975,2021,Frontiers in Psychology,Acquisition of Mathematical and Linguistic Skills in Children With Learning Difficulties
224,1160,975,2021,Frontiers in Psychology,Acquisition of Mathematical and Linguistic Skills in Children With Learning Difficulties
1159,1161,976,2019,Empirische Sonderpädagogik,Auswirkungen vorschulischer sprachlicher Disparitäten auf die sprachliche und mathematische Kompetenzentwicklung im Grundschulalter
1159,1160,976,2019,Empirische Sonderpädagogik,Auswirkungen vorschulischer sprachlicher Disparitäten auf die sprachliche und mathematische Kompetenzentwicklung im Grundschulalter
1160,1161,976,2019,Empirische Sonderpädagogik,Auswirkungen vorschulischer sprachlicher Disparitäten auf die sprachliche und mathematische Kompetenzentwicklung im Grundschulalter
1159,1161,977,2019,Learning Disabilities: A Contemporary Journal,Effects of Pre-School Mathematical Disparities on the Development of Mathematical and Verbal Skills in Primary School Children.
224,1159,977,2019,Learning Disabilities: A Contemporary Journal,Effects of Pre-School Mathematical Disparities on the Development of Mathematical and Verbal Skills in Primary School Children.
1159,1160,977,2019,Learning Disabilities: A Contemporary Journal,Effects of Pre-School Mathematical Disparities on the Development of Mathematical and Verbal Skills in Primary School Children.
224,1161,977,2019,Learning Disabilities: A Contemporary Journal,Effects of Pre-School Mathematical Disparities on the Development of Mathematical and Verbal Skills in Primary School Children.
1160,1161,977,2019,Learning Disabilities: A Contemporary Journal,Effects of Pre-School Mathematical Disparities on the Development of Mathematical and Verbal Skills in Primary School Children.
224,1160,977,2019,Learning Disabilities: A Contemporary Journal,Effects of Pre-School Mathematical Disparities on the Development of Mathematical and Verbal Skills in Primary School Children.
1159,1160,978,2020,Lernen und Lernstörungen,Die Rolle von Sprache und Arbeitsgedächtnis für die Entwicklung mathematischen Lernens vom Vorschul- bis ins Grundschulalter: Längsschnittliche und querschnittliche Pfadanalysen von Daten des Nationalen Bildungspanels (NEPS)
224,1159,978,2020,Lernen und Lernstörungen,Die Rolle von Sprache und Arbeitsgedächtnis für die Entwicklung mathematischen Lernens vom Vorschul- bis ins Grundschulalter: Längsschnittliche und querschnittliche Pfadanalysen von Daten des Nationalen Bildungspanels (NEPS)
224,1160,978,2020,Lernen und Lernstörungen,Die Rolle von Sprache und Arbeitsgedächtnis für die Entwicklung mathematischen Lernens vom Vorschul- bis ins Grundschulalter: Längsschnittliche und querschnittliche Pfadanalysen von Daten des Nationalen Bildungspanels (NEPS)
1159,1160,979,2020,Journal für Mathematik-Didaktik,"Welche Entwicklungszusammenhänge zwischen Sprache, Mathematik und Arbeitsgedächtnis modulieren den Einfluss sprachlicher Kompetenzen auf mathematisches Lernen im (Vor‑)Schulalter?"
224,1159,979,2020,Journal für Mathematik-Didaktik,"Welche Entwicklungszusammenhänge zwischen Sprache, Mathematik und Arbeitsgedächtnis modulieren den Einfluss sprachlicher Kompetenzen auf mathematisches Lernen im (Vor‑)Schulalter?"
224,1160,979,2020,Journal für Mathematik-Didaktik,"Welche Entwicklungszusammenhänge zwischen Sprache, Mathematik und Arbeitsgedächtnis modulieren den Einfluss sprachlicher Kompetenzen auf mathematisches Lernen im (Vor‑)Schulalter?"
203,1162,980,2019,Research in Social Stratification and Mobility,"Educational upgrading, career advancement, and social inequality development from a life-course perspective in Germany"
983,988,981,2022,Prävention und Gesundheitsförderung,Die Klassenwiederholung als kritisches Lebensereignis für das Wohlbefinden von Schulkindern an weiterführenden Schulen?: Längsschnittliche Ergebnisse mit den Daten des Nationalen Bildungspanels (NEPS)
591,988,981,2022,Prävention und Gesundheitsförderung,Die Klassenwiederholung als kritisches Lebensereignis für das Wohlbefinden von Schulkindern an weiterführenden Schulen?: Längsschnittliche Ergebnisse mit den Daten des Nationalen Bildungspanels (NEPS)
350,988,981,2022,Prävention und Gesundheitsförderung,Die Klassenwiederholung als kritisches Lebensereignis für das Wohlbefinden von Schulkindern an weiterführenden Schulen?: Längsschnittliche Ergebnisse mit den Daten des Nationalen Bildungspanels (NEPS)
374,988,981,2022,Prävention und Gesundheitsförderung,Die Klassenwiederholung als kritisches Lebensereignis für das Wohlbefinden von Schulkindern an weiterführenden Schulen?: Längsschnittliche Ergebnisse mit den Daten des Nationalen Bildungspanels (NEPS)
591,983,981,2022,Prävention und Gesundheitsförderung,Die Klassenwiederholung als kritisches Lebensereignis für das Wohlbefinden von Schulkindern an weiterführenden Schulen?: Längsschnittliche Ergebnisse mit den Daten des Nationalen Bildungspanels (NEPS)
350,983,981,2022,Prävention und Gesundheitsförderung,Die Klassenwiederholung als kritisches Lebensereignis für das Wohlbefinden von Schulkindern an weiterführenden Schulen?: Längsschnittliche Ergebnisse mit den Daten des Nationalen Bildungspanels (NEPS)
374,983,981,2022,Prävention und Gesundheitsförderung,Die Klassenwiederholung als kritisches Lebensereignis für das Wohlbefinden von Schulkindern an weiterführenden Schulen?: Längsschnittliche Ergebnisse mit den Daten des Nationalen Bildungspanels (NEPS)
350,591,981,2022,Prävention und Gesundheitsförderung,Die Klassenwiederholung als kritisches Lebensereignis für das Wohlbefinden von Schulkindern an weiterführenden Schulen?: Längsschnittliche Ergebnisse mit den Daten des Nationalen Bildungspanels (NEPS)
374,591,981,2022,Prävention und Gesundheitsförderung,Die Klassenwiederholung als kritisches Lebensereignis für das Wohlbefinden von Schulkindern an weiterführenden Schulen?: Längsschnittliche Ergebnisse mit den Daten des Nationalen Bildungspanels (NEPS)
350,374,981,2022,Prävention und Gesundheitsförderung,Die Klassenwiederholung als kritisches Lebensereignis für das Wohlbefinden von Schulkindern an weiterführenden Schulen?: Längsschnittliche Ergebnisse mit den Daten des Nationalen Bildungspanels (NEPS)
374,988,982,2019,Journal for Sociology of Education & Socialization/Zeitschrift für Soziologie der Erziehung & Sozialisation,Schulzufriedenheit und Klassenklima aus Sicht von Schüler/-innen mit und ohne sonderpädagogischem Förderbedarf Lernen: Ein Vergleich zwischen der Beschulungsart.
374,988,983,2019,Public Health Forum,Wohlbefinden von Schulkindern: Übergänge und Klassenwiederholung als kritisches Ereignis?
983,988,983,2019,Public Health Forum,Wohlbefinden von Schulkindern: Übergänge und Klassenwiederholung als kritisches Ereignis?
374,983,983,2019,Public Health Forum,Wohlbefinden von Schulkindern: Übergänge und Klassenwiederholung als kritisches Ereignis?
81,82,984,2022,Frontiers in Psychology,Carrying the Burden Into the Pandemic – Effects of Social Disparities on Elementary Students’ Parents’ Perception of Supporting Abilities and Emotional Stress During the COVID-19 Lockdown
82,183,985,2024,Advances in Life Course Research,Parental stress and working situation during the COVID-19 shutdown – Effects on children’s skill development
1163,1164,986,2022,PLOS ONE,Maternal mental health and adverse birth outcomes
1163,1165,986,2022,PLOS ONE,Maternal mental health and adverse birth outcomes
1163,1166,986,2022,PLOS ONE,Maternal mental health and adverse birth outcomes
1163,1167,986,2022,PLOS ONE,Maternal mental health and adverse birth outcomes
1163,1168,986,2022,PLOS ONE,Maternal mental health and adverse birth outcomes
1164,1165,986,2022,PLOS ONE,Maternal mental health and adverse birth outcomes
1164,1166,986,2022,PLOS ONE,Maternal mental health and adverse birth outcomes
1164,1167,986,2022,PLOS ONE,Maternal mental health and adverse birth outcomes
1164,1168,986,2022,PLOS ONE,Maternal mental health and adverse birth outcomes
1165,1166,986,2022,PLOS ONE,Maternal mental health and adverse birth outcomes
1165,1167,986,2022,PLOS ONE,Maternal mental health and adverse birth outcomes
1165,1168,986,2022,PLOS ONE,Maternal mental health and adverse birth outcomes
1166,1167,986,2022,PLOS ONE,Maternal mental health and adverse birth outcomes
1166,1168,986,2022,PLOS ONE,Maternal mental health and adverse birth outcomes
1167,1168,986,2022,PLOS ONE,Maternal mental health and adverse birth outcomes
83,926,987,2023,Current Psychology,Explaining gaps by parental education in children’s early language and social outcomes at age 3–4 years: evidence from harmonised data from three countries
356,926,987,2023,Current Psychology,Explaining gaps by parental education in children’s early language and social outcomes at age 3–4 years: evidence from harmonised data from three countries
358,926,987,2023,Current Psychology,Explaining gaps by parental education in children’s early language and social outcomes at age 3–4 years: evidence from harmonised data from three countries
359,926,987,2023,Current Psychology,Explaining gaps by parental education in children’s early language and social outcomes at age 3–4 years: evidence from harmonised data from three countries
794,926,987,2023,Current Psychology,Explaining gaps by parental education in children’s early language and social outcomes at age 3–4 years: evidence from harmonised data from three countries
357,926,987,2023,Current Psychology,Explaining gaps by parental education in children’s early language and social outcomes at age 3–4 years: evidence from harmonised data from three countries
83,356,987,2023,Current Psychology,Explaining gaps by parental education in children’s early language and social outcomes at age 3–4 years: evidence from harmonised data from three countries
83,358,987,2023,Current Psychology,Explaining gaps by parental education in children’s early language and social outcomes at age 3–4 years: evidence from harmonised data from three countries
83,359,987,2023,Current Psychology,Explaining gaps by parental education in children’s early language and social outcomes at age 3–4 years: evidence from harmonised data from three countries
83,794,987,2023,Current Psychology,Explaining gaps by parental education in children’s early language and social outcomes at age 3–4 years: evidence from harmonised data from three countries
83,357,987,2023,Current Psychology,Explaining gaps by parental education in children’s early language and social outcomes at age 3–4 years: evidence from harmonised data from three countries
356,358,987,2023,Current Psychology,Explaining gaps by parental education in children’s early language and social outcomes at age 3–4 years: evidence from harmonised data from three countries
356,359,987,2023,Current Psychology,Explaining gaps by parental education in children’s early language and social outcomes at age 3–4 years: evidence from harmonised data from three countries
356,794,987,2023,Current Psychology,Explaining gaps by parental education in children’s early language and social outcomes at age 3–4 years: evidence from harmonised data from three countries
356,357,987,2023,Current Psychology,Explaining gaps by parental education in children’s early language and social outcomes at age 3–4 years: evidence from harmonised data from three countries
358,359,987,2023,Current Psychology,Explaining gaps by parental education in children’s early language and social outcomes at age 3–4 years: evidence from harmonised data from three countries
358,794,987,2023,Current Psychology,Explaining gaps by parental education in children’s early language and social outcomes at age 3–4 years: evidence from harmonised data from three countries
357,358,987,2023,Current Psychology,Explaining gaps by parental education in children’s early language and social outcomes at age 3–4 years: evidence from harmonised data from three countries
359,794,987,2023,Current Psychology,Explaining gaps by parental education in children’s early language and social outcomes at age 3–4 years: evidence from harmonised data from three countries
357,359,987,2023,Current Psychology,Explaining gaps by parental education in children’s early language and social outcomes at age 3–4 years: evidence from harmonised data from three countries
357,794,987,2023,Current Psychology,Explaining gaps by parental education in children’s early language and social outcomes at age 3–4 years: evidence from harmonised data from three countries
841,926,989,2021,Learning and Instruction,Relations between the comprehension of connectives and school performance in primary school
83,926,989,2021,Learning and Instruction,Relations between the comprehension of connectives and school performance in primary school
83,841,989,2021,Learning and Instruction,Relations between the comprehension of connectives and school performance in primary school
361,926,990,2025,Child Indicators Research,Socioeconomic Status and Well-being in Elementary School: An Evaluation of Different Indicators of Socioeconomic Status
1169,1170,991,2021,AERA Open,What Matters When? Social and Dimensional Comparisons in the Context of University Major Choice
133,1169,991,2021,AERA Open,What Matters When? Social and Dimensional Comparisons in the Context of University Major Choice
1169,1171,991,2021,AERA Open,What Matters When? Social and Dimensional Comparisons in the Context of University Major Choice
133,1170,991,2021,AERA Open,What Matters When? Social and Dimensional Comparisons in the Context of University Major Choice
1170,1171,991,2021,AERA Open,What Matters When? Social and Dimensional Comparisons in the Context of University Major Choice
133,1171,991,2021,AERA Open,What Matters When? Social and Dimensional Comparisons in the Context of University Major Choice
32,487,992,2017,Structural Context of Refugee Integration in Canada and Germany,The educational system in Germany
75,487,993,2017,Psychological Test and Assessment Modeling,Large-scale assessments: Potentials and challenges in longitudinal designs
87,487,993,2017,Psychological Test and Assessment Modeling,Large-scale assessments: Potentials and challenges in longitudinal designs
75,87,993,2017,Psychological Test and Assessment Modeling,Large-scale assessments: Potentials and challenges in longitudinal designs
180,487,994,2019,Forschungsdaten für die Kinder- und Jugendhilfe,Das Nationale Bildungspanel (NEPS) als Datenangebot für Forschungsfragen der Kinder- und Jugendhilfe
32,487,994,2019,Forschungsdaten für die Kinder- und Jugendhilfe,Das Nationale Bildungspanel (NEPS) als Datenangebot für Forschungsfragen der Kinder- und Jugendhilfe
32,180,994,2019,Forschungsdaten für die Kinder- und Jugendhilfe,Das Nationale Bildungspanel (NEPS) als Datenangebot für Forschungsfragen der Kinder- und Jugendhilfe
10,487,995,2017,"Weiterbildung: Zeitschrift für Grundlagen, Praxis und Trends",Das Nationale Bildungspanel unter Berücksichtigung beruflicher Weiterbildung: Bildung im Lebenslauf
80,227,996,2016,Methodological Issues of Longitudinal Surveys,The National Educational Panel Study: Milestones of the Years 2006 to 2015
32,227,996,2016,Methodological Issues of Longitudinal Surveys,The National Educational Panel Study: Milestones of the Years 2006 to 2015
32,80,996,2016,Methodological Issues of Longitudinal Surveys,The National Educational Panel Study: Milestones of the Years 2006 to 2015
565,682,997,2018,Studies in Educational Evaluation,Are the tests scores of the Programme for International Student Assessment (PISA) and the National Educational Panel Study (NEPS) science tests comparable? An assessment of test equivalence in German Schools
566,682,997,2018,Studies in Educational Evaluation,Are the tests scores of the Programme for International Student Assessment (PISA) and the National Educational Panel Study (NEPS) science tests comparable? An assessment of test equivalence in German Schools
656,682,997,2018,Studies in Educational Evaluation,Are the tests scores of the Programme for International Student Assessment (PISA) and the National Educational Panel Study (NEPS) science tests comparable? An assessment of test equivalence in German Schools
36,682,997,2018,Studies in Educational Evaluation,Are the tests scores of the Programme for International Student Assessment (PISA) and the National Educational Panel Study (NEPS) science tests comparable? An assessment of test equivalence in German Schools
565,566,997,2018,Studies in Educational Evaluation,Are the tests scores of the Programme for International Student Assessment (PISA) and the National Educational Panel Study (NEPS) science tests comparable? An assessment of test equivalence in German Schools
565,656,997,2018,Studies in Educational Evaluation,Are the tests scores of the Programme for International Student Assessment (PISA) and the National Educational Panel Study (NEPS) science tests comparable? An assessment of test equivalence in German Schools
36,565,997,2018,Studies in Educational Evaluation,Are the tests scores of the Programme for International Student Assessment (PISA) and the National Educational Panel Study (NEPS) science tests comparable? An assessment of test equivalence in German Schools
566,656,997,2018,Studies in Educational Evaluation,Are the tests scores of the Programme for International Student Assessment (PISA) and the National Educational Panel Study (NEPS) science tests comparable? An assessment of test equivalence in German Schools
36,566,997,2018,Studies in Educational Evaluation,Are the tests scores of the Programme for International Student Assessment (PISA) and the National Educational Panel Study (NEPS) science tests comparable? An assessment of test equivalence in German Schools
36,656,997,2018,Studies in Educational Evaluation,Are the tests scores of the Programme for International Student Assessment (PISA) and the National Educational Panel Study (NEPS) science tests comparable? An assessment of test equivalence in German Schools
178,1172,998,2019,Education as a Lifelong Process,Upper Secondary Education in Academic School Tracks and the Transition from School to Postsecondary Education and the Job Market
178,734,998,2019,Education as a Lifelong Process,Upper Secondary Education in Academic School Tracks and the Transition from School to Postsecondary Education and the Job Market
177,178,998,2019,Education as a Lifelong Process,Upper Secondary Education in Academic School Tracks and the Transition from School to Postsecondary Education and the Job Market
178,1174,998,2019,Education as a Lifelong Process,Upper Secondary Education in Academic School Tracks and the Transition from School to Postsecondary Education and the Job Market
178,489,998,2019,Education as a Lifelong Process,Upper Secondary Education in Academic School Tracks and the Transition from School to Postsecondary Education and the Job Market
178,505,998,2019,Education as a Lifelong Process,Upper Secondary Education in Academic School Tracks and the Transition from School to Postsecondary Education and the Job Market
178,1175,998,2019,Education as a Lifelong Process,Upper Secondary Education in Academic School Tracks and the Transition from School to Postsecondary Education and the Job Market
178,1176,998,2019,Education as a Lifelong Process,Upper Secondary Education in Academic School Tracks and the Transition from School to Postsecondary Education and the Job Market
135,178,998,2019,Education as a Lifelong Process,Upper Secondary Education in Academic School Tracks and the Transition from School to Postsecondary Education and the Job Market
178,272,998,2019,Education as a Lifelong Process,Upper Secondary Education in Academic School Tracks and the Transition from School to Postsecondary Education and the Job Market
178,1177,998,2019,Education as a Lifelong Process,Upper Secondary Education in Academic School Tracks and the Transition from School to Postsecondary Education and the Job Market
178,1042,998,2019,Education as a Lifelong Process,Upper Secondary Education in Academic School Tracks and the Transition from School to Postsecondary Education and the Job Market
58,178,998,2019,Education as a Lifelong Process,Upper Secondary Education in Academic School Tracks and the Transition from School to Postsecondary Education and the Job Market
150,178,998,2019,Education as a Lifelong Process,Upper Secondary Education in Academic School Tracks and the Transition from School to Postsecondary Education and the Job Market
734,1172,998,2019,Education as a Lifelong Process,Upper Secondary Education in Academic School Tracks and the Transition from School to Postsecondary Education and the Job Market
177,1172,998,2019,Education as a Lifelong Process,Upper Secondary Education in Academic School Tracks and the Transition from School to Postsecondary Education and the Job Market
1172,1174,998,2019,Education as a Lifelong Process,Upper Secondary Education in Academic School Tracks and the Transition from School to Postsecondary Education and the Job Market
489,1172,998,2019,Education as a Lifelong Process,Upper Secondary Education in Academic School Tracks and the Transition from School to Postsecondary Education and the Job Market
505,1172,998,2019,Education as a Lifelong Process,Upper Secondary Education in Academic School Tracks and the Transition from School to Postsecondary Education and the Job Market
1172,1175,998,2019,Education as a Lifelong Process,Upper Secondary Education in Academic School Tracks and the Transition from School to Postsecondary Education and the Job Market
1172,1176,998,2019,Education as a Lifelong Process,Upper Secondary Education in Academic School Tracks and the Transition from School to Postsecondary Education and the Job Market
135,1172,998,2019,Education as a Lifelong Process,Upper Secondary Education in Academic School Tracks and the Transition from School to Postsecondary Education and the Job Market
272,1172,998,2019,Education as a Lifelong Process,Upper Secondary Education in Academic School Tracks and the Transition from School to Postsecondary Education and the Job Market
1172,1177,998,2019,Education as a Lifelong Process,Upper Secondary Education in Academic School Tracks and the Transition from School to Postsecondary Education and the Job Market
1042,1172,998,2019,Education as a Lifelong Process,Upper Secondary Education in Academic School Tracks and the Transition from School to Postsecondary Education and the Job Market
58,1172,998,2019,Education as a Lifelong Process,Upper Secondary Education in Academic School Tracks and the Transition from School to Postsecondary Education and the Job Market
150,1172,998,2019,Education as a Lifelong Process,Upper Secondary Education in Academic School Tracks and the Transition from School to Postsecondary Education and the Job Market
177,734,998,2019,Education as a Lifelong Process,Upper Secondary Education in Academic School Tracks and the Transition from School to Postsecondary Education and the Job Market
734,1174,998,2019,Education as a Lifelong Process,Upper Secondary Education in Academic School Tracks and the Transition from School to Postsecondary Education and the Job Market
489,734,998,2019,Education as a Lifelong Process,Upper Secondary Education in Academic School Tracks and the Transition from School to Postsecondary Education and the Job Market
505,734,998,2019,Education as a Lifelong Process,Upper Secondary Education in Academic School Tracks and the Transition from School to Postsecondary Education and the Job Market
734,1175,998,2019,Education as a Lifelong Process,Upper Secondary Education in Academic School Tracks and the Transition from School to Postsecondary Education and the Job Market
734,1176,998,2019,Education as a Lifelong Process,Upper Secondary Education in Academic School Tracks and the Transition from School to Postsecondary Education and the Job Market
135,734,998,2019,Education as a Lifelong Process,Upper Secondary Education in Academic School Tracks and the Transition from School to Postsecondary Education and the Job Market
272,734,998,2019,Education as a Lifelong Process,Upper Secondary Education in Academic School Tracks and the Transition from School to Postsecondary Education and the Job Market
734,1177,998,2019,Education as a Lifelong Process,Upper Secondary Education in Academic School Tracks and the Transition from School to Postsecondary Education and the Job Market
734,1042,998,2019,Education as a Lifelong Process,Upper Secondary Education in Academic School Tracks and the Transition from School to Postsecondary Education and the Job Market
58,734,998,2019,Education as a Lifelong Process,Upper Secondary Education in Academic School Tracks and the Transition from School to Postsecondary Education and the Job Market
150,734,998,2019,Education as a Lifelong Process,Upper Secondary Education in Academic School Tracks and the Transition from School to Postsecondary Education and the Job Market
177,1174,998,2019,Education as a Lifelong Process,Upper Secondary Education in Academic School Tracks and the Transition from School to Postsecondary Education and the Job Market
177,489,998,2019,Education as a Lifelong Process,Upper Secondary Education in Academic School Tracks and the Transition from School to Postsecondary Education and the Job Market
177,505,998,2019,Education as a Lifelong Process,Upper Secondary Education in Academic School Tracks and the Transition from School to Postsecondary Education and the Job Market
177,1175,998,2019,Education as a Lifelong Process,Upper Secondary Education in Academic School Tracks and the Transition from School to Postsecondary Education and the Job Market
177,1176,998,2019,Education as a Lifelong Process,Upper Secondary Education in Academic School Tracks and the Transition from School to Postsecondary Education and the Job Market
135,177,998,2019,Education as a Lifelong Process,Upper Secondary Education in Academic School Tracks and the Transition from School to Postsecondary Education and the Job Market
177,272,998,2019,Education as a Lifelong Process,Upper Secondary Education in Academic School Tracks and the Transition from School to Postsecondary Education and the Job Market
177,1177,998,2019,Education as a Lifelong Process,Upper Secondary Education in Academic School Tracks and the Transition from School to Postsecondary Education and the Job Market
177,1042,998,2019,Education as a Lifelong Process,Upper Secondary Education in Academic School Tracks and the Transition from School to Postsecondary Education and the Job Market
58,177,998,2019,Education as a Lifelong Process,Upper Secondary Education in Academic School Tracks and the Transition from School to Postsecondary Education and the Job Market
150,177,998,2019,Education as a Lifelong Process,Upper Secondary Education in Academic School Tracks and the Transition from School to Postsecondary Education and the Job Market
489,1174,998,2019,Education as a Lifelong Process,Upper Secondary Education in Academic School Tracks and the Transition from School to Postsecondary Education and the Job Market
505,1174,998,2019,Education as a Lifelong Process,Upper Secondary Education in Academic School Tracks and the Transition from School to Postsecondary Education and the Job Market
1174,1175,998,2019,Education as a Lifelong Process,Upper Secondary Education in Academic School Tracks and the Transition from School to Postsecondary Education and the Job Market
1174,1176,998,2019,Education as a Lifelong Process,Upper Secondary Education in Academic School Tracks and the Transition from School to Postsecondary Education and the Job Market
135,1174,998,2019,Education as a Lifelong Process,Upper Secondary Education in Academic School Tracks and the Transition from School to Postsecondary Education and the Job Market
272,1174,998,2019,Education as a Lifelong Process,Upper Secondary Education in Academic School Tracks and the Transition from School to Postsecondary Education and the Job Market
1174,1177,998,2019,Education as a Lifelong Process,Upper Secondary Education in Academic School Tracks and the Transition from School to Postsecondary Education and the Job Market
1042,1174,998,2019,Education as a Lifelong Process,Upper Secondary Education in Academic School Tracks and the Transition from School to Postsecondary Education and the Job Market
58,1174,998,2019,Education as a Lifelong Process,Upper Secondary Education in Academic School Tracks and the Transition from School to Postsecondary Education and the Job Market
150,1174,998,2019,Education as a Lifelong Process,Upper Secondary Education in Academic School Tracks and the Transition from School to Postsecondary Education and the Job Market
489,505,998,2019,Education as a Lifelong Process,Upper Secondary Education in Academic School Tracks and the Transition from School to Postsecondary Education and the Job Market
489,1175,998,2019,Education as a Lifelong Process,Upper Secondary Education in Academic School Tracks and the Transition from School to Postsecondary Education and the Job Market
489,1176,998,2019,Education as a Lifelong Process,Upper Secondary Education in Academic School Tracks and the Transition from School to Postsecondary Education and the Job Market
135,489,998,2019,Education as a Lifelong Process,Upper Secondary Education in Academic School Tracks and the Transition from School to Postsecondary Education and the Job Market
272,489,998,2019,Education as a Lifelong Process,Upper Secondary Education in Academic School Tracks and the Transition from School to Postsecondary Education and the Job Market
489,1177,998,2019,Education as a Lifelong Process,Upper Secondary Education in Academic School Tracks and the Transition from School to Postsecondary Education and the Job Market
489,1042,998,2019,Education as a Lifelong Process,Upper Secondary Education in Academic School Tracks and the Transition from School to Postsecondary Education and the Job Market
58,489,998,2019,Education as a Lifelong Process,Upper Secondary Education in Academic School Tracks and the Transition from School to Postsecondary Education and the Job Market
150,489,998,2019,Education as a Lifelong Process,Upper Secondary Education in Academic School Tracks and the Transition from School to Postsecondary Education and the Job Market
505,1175,998,2019,Education as a Lifelong Process,Upper Secondary Education in Academic School Tracks and the Transition from School to Postsecondary Education and the Job Market
505,1176,998,2019,Education as a Lifelong Process,Upper Secondary Education in Academic School Tracks and the Transition from School to Postsecondary Education and the Job Market
135,505,998,2019,Education as a Lifelong Process,Upper Secondary Education in Academic School Tracks and the Transition from School to Postsecondary Education and the Job Market
272,505,998,2019,Education as a Lifelong Process,Upper Secondary Education in Academic School Tracks and the Transition from School to Postsecondary Education and the Job Market
505,1177,998,2019,Education as a Lifelong Process,Upper Secondary Education in Academic School Tracks and the Transition from School to Postsecondary Education and the Job Market
505,1042,998,2019,Education as a Lifelong Process,Upper Secondary Education in Academic School Tracks and the Transition from School to Postsecondary Education and the Job Market
58,505,998,2019,Education as a Lifelong Process,Upper Secondary Education in Academic School Tracks and the Transition from School to Postsecondary Education and the Job Market
150,505,998,2019,Education as a Lifelong Process,Upper Secondary Education in Academic School Tracks and the Transition from School to Postsecondary Education and the Job Market
1175,1176,998,2019,Education as a Lifelong Process,Upper Secondary Education in Academic School Tracks and the Transition from School to Postsecondary Education and the Job Market
135,1175,998,2019,Education as a Lifelong Process,Upper Secondary Education in Academic School Tracks and the Transition from School to Postsecondary Education and the Job Market
272,1175,998,2019,Education as a Lifelong Process,Upper Secondary Education in Academic School Tracks and the Transition from School to Postsecondary Education and the Job Market
1175,1177,998,2019,Education as a Lifelong Process,Upper Secondary Education in Academic School Tracks and the Transition from School to Postsecondary Education and the Job Market
1042,1175,998,2019,Education as a Lifelong Process,Upper Secondary Education in Academic School Tracks and the Transition from School to Postsecondary Education and the Job Market
58,1175,998,2019,Education as a Lifelong Process,Upper Secondary Education in Academic School Tracks and the Transition from School to Postsecondary Education and the Job Market
150,1175,998,2019,Education as a Lifelong Process,Upper Secondary Education in Academic School Tracks and the Transition from School to Postsecondary Education and the Job Market
135,1176,998,2019,Education as a Lifelong Process,Upper Secondary Education in Academic School Tracks and the Transition from School to Postsecondary Education and the Job Market
272,1176,998,2019,Education as a Lifelong Process,Upper Secondary Education in Academic School Tracks and the Transition from School to Postsecondary Education and the Job Market
1176,1177,998,2019,Education as a Lifelong Process,Upper Secondary Education in Academic School Tracks and the Transition from School to Postsecondary Education and the Job Market
1042,1176,998,2019,Education as a Lifelong Process,Upper Secondary Education in Academic School Tracks and the Transition from School to Postsecondary Education and the Job Market
58,1176,998,2019,Education as a Lifelong Process,Upper Secondary Education in Academic School Tracks and the Transition from School to Postsecondary Education and the Job Market
150,1176,998,2019,Education as a Lifelong Process,Upper Secondary Education in Academic School Tracks and the Transition from School to Postsecondary Education and the Job Market
135,272,998,2019,Education as a Lifelong Process,Upper Secondary Education in Academic School Tracks and the Transition from School to Postsecondary Education and the Job Market
135,1177,998,2019,Education as a Lifelong Process,Upper Secondary Education in Academic School Tracks and the Transition from School to Postsecondary Education and the Job Market
135,1042,998,2019,Education as a Lifelong Process,Upper Secondary Education in Academic School Tracks and the Transition from School to Postsecondary Education and the Job Market
58,135,998,2019,Education as a Lifelong Process,Upper Secondary Education in Academic School Tracks and the Transition from School to Postsecondary Education and the Job Market
135,150,998,2019,Education as a Lifelong Process,Upper Secondary Education in Academic School Tracks and the Transition from School to Postsecondary Education and the Job Market
272,1177,998,2019,Education as a Lifelong Process,Upper Secondary Education in Academic School Tracks and the Transition from School to Postsecondary Education and the Job Market
272,1042,998,2019,Education as a Lifelong Process,Upper Secondary Education in Academic School Tracks and the Transition from School to Postsecondary Education and the Job Market
58,272,998,2019,Education as a Lifelong Process,Upper Secondary Education in Academic School Tracks and the Transition from School to Postsecondary Education and the Job Market
150,272,998,2019,Education as a Lifelong Process,Upper Secondary Education in Academic School Tracks and the Transition from School to Postsecondary Education and the Job Market
1042,1177,998,2019,Education as a Lifelong Process,Upper Secondary Education in Academic School Tracks and the Transition from School to Postsecondary Education and the Job Market
58,1177,998,2019,Education as a Lifelong Process,Upper Secondary Education in Academic School Tracks and the Transition from School to Postsecondary Education and the Job Market
150,1177,998,2019,Education as a Lifelong Process,Upper Secondary Education in Academic School Tracks and the Transition from School to Postsecondary Education and the Job Market
58,1042,998,2019,Education as a Lifelong Process,Upper Secondary Education in Academic School Tracks and the Transition from School to Postsecondary Education and the Job Market
150,1042,998,2019,Education as a Lifelong Process,Upper Secondary Education in Academic School Tracks and the Transition from School to Postsecondary Education and the Job Market
58,150,998,2019,Education as a Lifelong Process,Upper Secondary Education in Academic School Tracks and the Transition from School to Postsecondary Education and the Job Market
565,682,999,2019,Zeitschrift für Erziehungswissenschaft,Vergleichbarkeit der naturwissenschaftlichen Kompetenz in der neunten Klasse im Nationalen Bildungspanel und im IQB-Ländervergleich 2012
566,682,999,2019,Zeitschrift für Erziehungswissenschaft,Vergleichbarkeit der naturwissenschaftlichen Kompetenz in der neunten Klasse im Nationalen Bildungspanel und im IQB-Ländervergleich 2012
682,1178,999,2019,Zeitschrift für Erziehungswissenschaft,Vergleichbarkeit der naturwissenschaftlichen Kompetenz in der neunten Klasse im Nationalen Bildungspanel und im IQB-Ländervergleich 2012
36,682,999,2019,Zeitschrift für Erziehungswissenschaft,Vergleichbarkeit der naturwissenschaftlichen Kompetenz in der neunten Klasse im Nationalen Bildungspanel und im IQB-Ländervergleich 2012
565,566,999,2019,Zeitschrift für Erziehungswissenschaft,Vergleichbarkeit der naturwissenschaftlichen Kompetenz in der neunten Klasse im Nationalen Bildungspanel und im IQB-Ländervergleich 2012
565,1178,999,2019,Zeitschrift für Erziehungswissenschaft,Vergleichbarkeit der naturwissenschaftlichen Kompetenz in der neunten Klasse im Nationalen Bildungspanel und im IQB-Ländervergleich 2012
36,565,999,2019,Zeitschrift für Erziehungswissenschaft,Vergleichbarkeit der naturwissenschaftlichen Kompetenz in der neunten Klasse im Nationalen Bildungspanel und im IQB-Ländervergleich 2012
566,1178,999,2019,Zeitschrift für Erziehungswissenschaft,Vergleichbarkeit der naturwissenschaftlichen Kompetenz in der neunten Klasse im Nationalen Bildungspanel und im IQB-Ländervergleich 2012
36,566,999,2019,Zeitschrift für Erziehungswissenschaft,Vergleichbarkeit der naturwissenschaftlichen Kompetenz in der neunten Klasse im Nationalen Bildungspanel und im IQB-Ländervergleich 2012
36,1178,999,2019,Zeitschrift für Erziehungswissenschaft,Vergleichbarkeit der naturwissenschaftlichen Kompetenz in der neunten Klasse im Nationalen Bildungspanel und im IQB-Ländervergleich 2012
358,359,1000,2023,European Journal of Population,Inequalities in Resources for Preschool-Age Children by Parental Education: Evidence from Six Advanced Industrialized Countries
358,794,1000,2023,European Journal of Population,Inequalities in Resources for Preschool-Age Children by Parental Education: Evidence from Six Advanced Industrialized Countries
356,358,1000,2023,European Journal of Population,Inequalities in Resources for Preschool-Age Children by Parental Education: Evidence from Six Advanced Industrialized Countries
357,358,1000,2023,European Journal of Population,Inequalities in Resources for Preschool-Age Children by Parental Education: Evidence from Six Advanced Industrialized Countries
358,361,1000,2023,European Journal of Population,Inequalities in Resources for Preschool-Age Children by Parental Education: Evidence from Six Advanced Industrialized Countries
183,358,1000,2023,European Journal of Population,Inequalities in Resources for Preschool-Age Children by Parental Education: Evidence from Six Advanced Industrialized Countries
358,934,1000,2023,European Journal of Population,Inequalities in Resources for Preschool-Age Children by Parental Education: Evidence from Six Advanced Industrialized Countries
358,394,1000,2023,European Journal of Population,Inequalities in Resources for Preschool-Age Children by Parental Education: Evidence from Six Advanced Industrialized Countries
83,358,1000,2023,European Journal of Population,Inequalities in Resources for Preschool-Age Children by Parental Education: Evidence from Six Advanced Industrialized Countries
358,926,1000,2023,European Journal of Population,Inequalities in Resources for Preschool-Age Children by Parental Education: Evidence from Six Advanced Industrialized Countries
355,358,1000,2023,European Journal of Population,Inequalities in Resources for Preschool-Age Children by Parental Education: Evidence from Six Advanced Industrialized Countries
358,363,1000,2023,European Journal of Population,Inequalities in Resources for Preschool-Age Children by Parental Education: Evidence from Six Advanced Industrialized Countries
358,396,1000,2023,European Journal of Population,Inequalities in Resources for Preschool-Age Children by Parental Education: Evidence from Six Advanced Industrialized Countries
358,1179,1000,2023,European Journal of Population,Inequalities in Resources for Preschool-Age Children by Parental Education: Evidence from Six Advanced Industrialized Countries
358,395,1000,2023,European Journal of Population,Inequalities in Resources for Preschool-Age Children by Parental Education: Evidence from Six Advanced Industrialized Countries
358,393,1000,2023,European Journal of Population,Inequalities in Resources for Preschool-Age Children by Parental Education: Evidence from Six Advanced Industrialized Countries
359,794,1000,2023,European Journal of Population,Inequalities in Resources for Preschool-Age Children by Parental Education: Evidence from Six Advanced Industrialized Countries
356,359,1000,2023,European Journal of Population,Inequalities in Resources for Preschool-Age Children by Parental Education: Evidence from Six Advanced Industrialized Countries
357,359,1000,2023,European Journal of Population,Inequalities in Resources for Preschool-Age Children by Parental Education: Evidence from Six Advanced Industrialized Countries
359,361,1000,2023,European Journal of Population,Inequalities in Resources for Preschool-Age Children by Parental Education: Evidence from Six Advanced Industrialized Countries
183,359,1000,2023,European Journal of Population,Inequalities in Resources for Preschool-Age Children by Parental Education: Evidence from Six Advanced Industrialized Countries
359,934,1000,2023,European Journal of Population,Inequalities in Resources for Preschool-Age Children by Parental Education: Evidence from Six Advanced Industrialized Countries
359,394,1000,2023,European Journal of Population,Inequalities in Resources for Preschool-Age Children by Parental Education: Evidence from Six Advanced Industrialized Countries
83,359,1000,2023,European Journal of Population,Inequalities in Resources for Preschool-Age Children by Parental Education: Evidence from Six Advanced Industrialized Countries
359,926,1000,2023,European Journal of Population,Inequalities in Resources for Preschool-Age Children by Parental Education: Evidence from Six Advanced Industrialized Countries
355,359,1000,2023,European Journal of Population,Inequalities in Resources for Preschool-Age Children by Parental Education: Evidence from Six Advanced Industrialized Countries
359,363,1000,2023,European Journal of Population,Inequalities in Resources for Preschool-Age Children by Parental Education: Evidence from Six Advanced Industrialized Countries
359,396,1000,2023,European Journal of Population,Inequalities in Resources for Preschool-Age Children by Parental Education: Evidence from Six Advanced Industrialized Countries
359,1179,1000,2023,European Journal of Population,Inequalities in Resources for Preschool-Age Children by Parental Education: Evidence from Six Advanced Industrialized Countries
359,395,1000,2023,European Journal of Population,Inequalities in Resources for Preschool-Age Children by Parental Education: Evidence from Six Advanced Industrialized Countries
359,393,1000,2023,European Journal of Population,Inequalities in Resources for Preschool-Age Children by Parental Education: Evidence from Six Advanced Industrialized Countries
356,794,1000,2023,European Journal of Population,Inequalities in Resources for Preschool-Age Children by Parental Education: Evidence from Six Advanced Industrialized Countries
357,794,1000,2023,European Journal of Population,Inequalities in Resources for Preschool-Age Children by Parental Education: Evidence from Six Advanced Industrialized Countries
361,794,1000,2023,European Journal of Population,Inequalities in Resources for Preschool-Age Children by Parental Education: Evidence from Six Advanced Industrialized Countries
183,794,1000,2023,European Journal of Population,Inequalities in Resources for Preschool-Age Children by Parental Education: Evidence from Six Advanced Industrialized Countries
794,934,1000,2023,European Journal of Population,Inequalities in Resources for Preschool-Age Children by Parental Education: Evidence from Six Advanced Industrialized Countries
394,794,1000,2023,European Journal of Population,Inequalities in Resources for Preschool-Age Children by Parental Education: Evidence from Six Advanced Industrialized Countries
83,794,1000,2023,European Journal of Population,Inequalities in Resources for Preschool-Age Children by Parental Education: Evidence from Six Advanced Industrialized Countries
794,926,1000,2023,European Journal of Population,Inequalities in Resources for Preschool-Age Children by Parental Education: Evidence from Six Advanced Industrialized Countries
355,794,1000,2023,European Journal of Population,Inequalities in Resources for Preschool-Age Children by Parental Education: Evidence from Six Advanced Industrialized Countries
363,794,1000,2023,European Journal of Population,Inequalities in Resources for Preschool-Age Children by Parental Education: Evidence from Six Advanced Industrialized Countries
396,794,1000,2023,European Journal of Population,Inequalities in Resources for Preschool-Age Children by Parental Education: Evidence from Six Advanced Industrialized Countries
794,1179,1000,2023,European Journal of Population,Inequalities in Resources for Preschool-Age Children by Parental Education: Evidence from Six Advanced Industrialized Countries
395,794,1000,2023,European Journal of Population,Inequalities in Resources for Preschool-Age Children by Parental Education: Evidence from Six Advanced Industrialized Countries
393,794,1000,2023,European Journal of Population,Inequalities in Resources for Preschool-Age Children by Parental Education: Evidence from Six Advanced Industrialized Countries
356,357,1000,2023,European Journal of Population,Inequalities in Resources for Preschool-Age Children by Parental Education: Evidence from Six Advanced Industrialized Countries
356,361,1000,2023,European Journal of Population,Inequalities in Resources for Preschool-Age Children by Parental Education: Evidence from Six Advanced Industrialized Countries
183,356,1000,2023,European Journal of Population,Inequalities in Resources for Preschool-Age Children by Parental Education: Evidence from Six Advanced Industrialized Countries
356,934,1000,2023,European Journal of Population,Inequalities in Resources for Preschool-Age Children by Parental Education: Evidence from Six Advanced Industrialized Countries
356,394,1000,2023,European Journal of Population,Inequalities in Resources for Preschool-Age Children by Parental Education: Evidence from Six Advanced Industrialized Countries
83,356,1000,2023,European Journal of Population,Inequalities in Resources for Preschool-Age Children by Parental Education: Evidence from Six Advanced Industrialized Countries
356,926,1000,2023,European Journal of Population,Inequalities in Resources for Preschool-Age Children by Parental Education: Evidence from Six Advanced Industrialized Countries
355,356,1000,2023,European Journal of Population,Inequalities in Resources for Preschool-Age Children by Parental Education: Evidence from Six Advanced Industrialized Countries
356,363,1000,2023,European Journal of Population,Inequalities in Resources for Preschool-Age Children by Parental Education: Evidence from Six Advanced Industrialized Countries
356,396,1000,2023,European Journal of Population,Inequalities in Resources for Preschool-Age Children by Parental Education: Evidence from Six Advanced Industrialized Countries
356,1179,1000,2023,European Journal of Population,Inequalities in Resources for Preschool-Age Children by Parental Education: Evidence from Six Advanced Industrialized Countries
356,395,1000,2023,European Journal of Population,Inequalities in Resources for Preschool-Age Children by Parental Education: Evidence from Six Advanced Industrialized Countries
356,393,1000,2023,European Journal of Population,Inequalities in Resources for Preschool-Age Children by Parental Education: Evidence from Six Advanced Industrialized Countries
357,361,1000,2023,European Journal of Population,Inequalities in Resources for Preschool-Age Children by Parental Education: Evidence from Six Advanced Industrialized Countries
183,357,1000,2023,European Journal of Population,Inequalities in Resources for Preschool-Age Children by Parental Education: Evidence from Six Advanced Industrialized Countries
357,934,1000,2023,European Journal of Population,Inequalities in Resources for Preschool-Age Children by Parental Education: Evidence from Six Advanced Industrialized Countries
357,394,1000,2023,European Journal of Population,Inequalities in Resources for Preschool-Age Children by Parental Education: Evidence from Six Advanced Industrialized Countries
83,357,1000,2023,European Journal of Population,Inequalities in Resources for Preschool-Age Children by Parental Education: Evidence from Six Advanced Industrialized Countries
357,926,1000,2023,European Journal of Population,Inequalities in Resources for Preschool-Age Children by Parental Education: Evidence from Six Advanced Industrialized Countries
355,357,1000,2023,European Journal of Population,Inequalities in Resources for Preschool-Age Children by Parental Education: Evidence from Six Advanced Industrialized Countries
357,363,1000,2023,European Journal of Population,Inequalities in Resources for Preschool-Age Children by Parental Education: Evidence from Six Advanced Industrialized Countries
357,396,1000,2023,European Journal of Population,Inequalities in Resources for Preschool-Age Children by Parental Education: Evidence from Six Advanced Industrialized Countries
357,1179,1000,2023,European Journal of Population,Inequalities in Resources for Preschool-Age Children by Parental Education: Evidence from Six Advanced Industrialized Countries
357,395,1000,2023,European Journal of Population,Inequalities in Resources for Preschool-Age Children by Parental Education: Evidence from Six Advanced Industrialized Countries
357,393,1000,2023,European Journal of Population,Inequalities in Resources for Preschool-Age Children by Parental Education: Evidence from Six Advanced Industrialized Countries
183,361,1000,2023,European Journal of Population,Inequalities in Resources for Preschool-Age Children by Parental Education: Evidence from Six Advanced Industrialized Countries
361,934,1000,2023,European Journal of Population,Inequalities in Resources for Preschool-Age Children by Parental Education: Evidence from Six Advanced Industrialized Countries
361,394,1000,2023,European Journal of Population,Inequalities in Resources for Preschool-Age Children by Parental Education: Evidence from Six Advanced Industrialized Countries
83,361,1000,2023,European Journal of Population,Inequalities in Resources for Preschool-Age Children by Parental Education: Evidence from Six Advanced Industrialized Countries
361,926,1000,2023,European Journal of Population,Inequalities in Resources for Preschool-Age Children by Parental Education: Evidence from Six Advanced Industrialized Countries
355,361,1000,2023,European Journal of Population,Inequalities in Resources for Preschool-Age Children by Parental Education: Evidence from Six Advanced Industrialized Countries
361,363,1000,2023,European Journal of Population,Inequalities in Resources for Preschool-Age Children by Parental Education: Evidence from Six Advanced Industrialized Countries
361,396,1000,2023,European Journal of Population,Inequalities in Resources for Preschool-Age Children by Parental Education: Evidence from Six Advanced Industrialized Countries
361,1179,1000,2023,European Journal of Population,Inequalities in Resources for Preschool-Age Children by Parental Education: Evidence from Six Advanced Industrialized Countries
361,395,1000,2023,European Journal of Population,Inequalities in Resources for Preschool-Age Children by Parental Education: Evidence from Six Advanced Industrialized Countries
361,393,1000,2023,European Journal of Population,Inequalities in Resources for Preschool-Age Children by Parental Education: Evidence from Six Advanced Industrialized Countries
183,934,1000,2023,European Journal of Population,Inequalities in Resources for Preschool-Age Children by Parental Education: Evidence from Six Advanced Industrialized Countries
183,394,1000,2023,European Journal of Population,Inequalities in Resources for Preschool-Age Children by Parental Education: Evidence from Six Advanced Industrialized Countries
83,183,1000,2023,European Journal of Population,Inequalities in Resources for Preschool-Age Children by Parental Education: Evidence from Six Advanced Industrialized Countries
183,926,1000,2023,European Journal of Population,Inequalities in Resources for Preschool-Age Children by Parental Education: Evidence from Six Advanced Industrialized Countries
183,355,1000,2023,European Journal of Population,Inequalities in Resources for Preschool-Age Children by Parental Education: Evidence from Six Advanced Industrialized Countries
183,363,1000,2023,European Journal of Population,Inequalities in Resources for Preschool-Age Children by Parental Education: Evidence from Six Advanced Industrialized Countries
183,396,1000,2023,European Journal of Population,Inequalities in Resources for Preschool-Age Children by Parental Education: Evidence from Six Advanced Industrialized Countries
183,1179,1000,2023,European Journal of Population,Inequalities in Resources for Preschool-Age Children by Parental Education: Evidence from Six Advanced Industrialized Countries
183,395,1000,2023,European Journal of Population,Inequalities in Resources for Preschool-Age Children by Parental Education: Evidence from Six Advanced Industrialized Countries
183,393,1000,2023,European Journal of Population,Inequalities in Resources for Preschool-Age Children by Parental Education: Evidence from Six Advanced Industrialized Countries
394,934,1000,2023,European Journal of Population,Inequalities in Resources for Preschool-Age Children by Parental Education: Evidence from Six Advanced Industrialized Countries
83,934,1000,2023,European Journal of Population,Inequalities in Resources for Preschool-Age Children by Parental Education: Evidence from Six Advanced Industrialized Countries
926,934,1000,2023,European Journal of Population,Inequalities in Resources for Preschool-Age Children by Parental Education: Evidence from Six Advanced Industrialized Countries
355,934,1000,2023,European Journal of Population,Inequalities in Resources for Preschool-Age Children by Parental Education: Evidence from Six Advanced Industrialized Countries
363,934,1000,2023,European Journal of Population,Inequalities in Resources for Preschool-Age Children by Parental Education: Evidence from Six Advanced Industrialized Countries
396,934,1000,2023,European Journal of Population,Inequalities in Resources for Preschool-Age Children by Parental Education: Evidence from Six Advanced Industrialized Countries
934,1179,1000,2023,European Journal of Population,Inequalities in Resources for Preschool-Age Children by Parental Education: Evidence from Six Advanced Industrialized Countries
395,934,1000,2023,European Journal of Population,Inequalities in Resources for Preschool-Age Children by Parental Education: Evidence from Six Advanced Industrialized Countries
393,934,1000,2023,European Journal of Population,Inequalities in Resources for Preschool-Age Children by Parental Education: Evidence from Six Advanced Industrialized Countries
83,394,1000,2023,European Journal of Population,Inequalities in Resources for Preschool-Age Children by Parental Education: Evidence from Six Advanced Industrialized Countries
394,926,1000,2023,European Journal of Population,Inequalities in Resources for Preschool-Age Children by Parental Education: Evidence from Six Advanced Industrialized Countries
355,394,1000,2023,European Journal of Population,Inequalities in Resources for Preschool-Age Children by Parental Education: Evidence from Six Advanced Industrialized Countries
363,394,1000,2023,European Journal of Population,Inequalities in Resources for Preschool-Age Children by Parental Education: Evidence from Six Advanced Industrialized Countries
394,396,1000,2023,European Journal of Population,Inequalities in Resources for Preschool-Age Children by Parental Education: Evidence from Six Advanced Industrialized Countries
394,1179,1000,2023,European Journal of Population,Inequalities in Resources for Preschool-Age Children by Parental Education: Evidence from Six Advanced Industrialized Countries
394,395,1000,2023,European Journal of Population,Inequalities in Resources for Preschool-Age Children by Parental Education: Evidence from Six Advanced Industrialized Countries
393,394,1000,2023,European Journal of Population,Inequalities in Resources for Preschool-Age Children by Parental Education: Evidence from Six Advanced Industrialized Countries
83,926,1000,2023,European Journal of Population,Inequalities in Resources for Preschool-Age Children by Parental Education: Evidence from Six Advanced Industrialized Countries
83,355,1000,2023,European Journal of Population,Inequalities in Resources for Preschool-Age Children by Parental Education: Evidence from Six Advanced Industrialized Countries
83,363,1000,2023,European Journal of Population,Inequalities in Resources for Preschool-Age Children by Parental Education: Evidence from Six Advanced Industrialized Countries
83,396,1000,2023,European Journal of Population,Inequalities in Resources for Preschool-Age Children by Parental Education: Evidence from Six Advanced Industrialized Countries
83,1179,1000,2023,European Journal of Population,Inequalities in Resources for Preschool-Age Children by Parental Education: Evidence from Six Advanced Industrialized Countries
83,395,1000,2023,European Journal of Population,Inequalities in Resources for Preschool-Age Children by Parental Education: Evidence from Six Advanced Industrialized Countries
83,393,1000,2023,European Journal of Population,Inequalities in Resources for Preschool-Age Children by Parental Education: Evidence from Six Advanced Industrialized Countries
355,926,1000,2023,European Journal of Population,Inequalities in Resources for Preschool-Age Children by Parental Education: Evidence from Six Advanced Industrialized Countries
363,926,1000,2023,European Journal of Population,Inequalities in Resources for Preschool-Age Children by Parental Education: Evidence from Six Advanced Industrialized Countries
396,926,1000,2023,European Journal of Population,Inequalities in Resources for Preschool-Age Children by Parental Education: Evidence from Six Advanced Industrialized Countries
926,1179,1000,2023,European Journal of Population,Inequalities in Resources for Preschool-Age Children by Parental Education: Evidence from Six Advanced Industrialized Countries
395,926,1000,2023,European Journal of Population,Inequalities in Resources for Preschool-Age Children by Parental Education: Evidence from Six Advanced Industrialized Countries
393,926,1000,2023,European Journal of Population,Inequalities in Resources for Preschool-Age Children by Parental Education: Evidence from Six Advanced Industrialized Countries
355,363,1000,2023,European Journal of Population,Inequalities in Resources for Preschool-Age Children by Parental Education: Evidence from Six Advanced Industrialized Countries
355,396,1000,2023,European Journal of Population,Inequalities in Resources for Preschool-Age Children by Parental Education: Evidence from Six Advanced Industrialized Countries
355,1179,1000,2023,European Journal of Population,Inequalities in Resources for Preschool-Age Children by Parental Education: Evidence from Six Advanced Industrialized Countries
355,395,1000,2023,European Journal of Population,Inequalities in Resources for Preschool-Age Children by Parental Education: Evidence from Six Advanced Industrialized Countries
355,393,1000,2023,European Journal of Population,Inequalities in Resources for Preschool-Age Children by Parental Education: Evidence from Six Advanced Industrialized Countries
363,396,1000,2023,European Journal of Population,Inequalities in Resources for Preschool-Age Children by Parental Education: Evidence from Six Advanced Industrialized Countries
363,1179,1000,2023,European Journal of Population,Inequalities in Resources for Preschool-Age Children by Parental Education: Evidence from Six Advanced Industrialized Countries
363,395,1000,2023,European Journal of Population,Inequalities in Resources for Preschool-Age Children by Parental Education: Evidence from Six Advanced Industrialized Countries
363,393,1000,2023,European Journal of Population,Inequalities in Resources for Preschool-Age Children by Parental Education: Evidence from Six Advanced Industrialized Countries
396,1179,1000,2023,European Journal of Population,Inequalities in Resources for Preschool-Age Children by Parental Education: Evidence from Six Advanced Industrialized Countries
395,396,1000,2023,European Journal of Population,Inequalities in Resources for Preschool-Age Children by Parental Education: Evidence from Six Advanced Industrialized Countries
393,396,1000,2023,European Journal of Population,Inequalities in Resources for Preschool-Age Children by Parental Education: Evidence from Six Advanced Industrialized Countries
395,1179,1000,2023,European Journal of Population,Inequalities in Resources for Preschool-Age Children by Parental Education: Evidence from Six Advanced Industrialized Countries
393,1179,1000,2023,European Journal of Population,Inequalities in Resources for Preschool-Age Children by Parental Education: Evidence from Six Advanced Industrialized Countries
393,395,1000,2023,European Journal of Population,Inequalities in Resources for Preschool-Age Children by Parental Education: Evidence from Six Advanced Industrialized Countries
129,1180,1001,2025,Unknown,Eine Perspektive für jedes Kind: UNICEF-Bericht zur Lage der Kinder in Deutschland 2025
1180,1181,1001,2025,Unknown,Eine Perspektive für jedes Kind: UNICEF-Bericht zur Lage der Kinder in Deutschland 2025
998,1180,1001,2025,Unknown,Eine Perspektive für jedes Kind: UNICEF-Bericht zur Lage der Kinder in Deutschland 2025
1180,1182,1001,2025,Unknown,Eine Perspektive für jedes Kind: UNICEF-Bericht zur Lage der Kinder in Deutschland 2025
1180,1183,1001,2025,Unknown,Eine Perspektive für jedes Kind: UNICEF-Bericht zur Lage der Kinder in Deutschland 2025
1180,1184,1001,2025,Unknown,Eine Perspektive für jedes Kind: UNICEF-Bericht zur Lage der Kinder in Deutschland 2025
1180,1185,1001,2025,Unknown,Eine Perspektive für jedes Kind: UNICEF-Bericht zur Lage der Kinder in Deutschland 2025
1180,1186,1001,2025,Unknown,Eine Perspektive für jedes Kind: UNICEF-Bericht zur Lage der Kinder in Deutschland 2025
129,1181,1001,2025,Unknown,Eine Perspektive für jedes Kind: UNICEF-Bericht zur Lage der Kinder in Deutschland 2025
129,998,1001,2025,Unknown,Eine Perspektive für jedes Kind: UNICEF-Bericht zur Lage der Kinder in Deutschland 2025
129,1182,1001,2025,Unknown,Eine Perspektive für jedes Kind: UNICEF-Bericht zur Lage der Kinder in Deutschland 2025
129,1183,1001,2025,Unknown,Eine Perspektive für jedes Kind: UNICEF-Bericht zur Lage der Kinder in Deutschland 2025
129,1184,1001,2025,Unknown,Eine Perspektive für jedes Kind: UNICEF-Bericht zur Lage der Kinder in Deutschland 2025
129,1185,1001,2025,Unknown,Eine Perspektive für jedes Kind: UNICEF-Bericht zur Lage der Kinder in Deutschland 2025
129,1186,1001,2025,Unknown,Eine Perspektive für jedes Kind: UNICEF-Bericht zur Lage der Kinder in Deutschland 2025
998,1181,1001,2025,Unknown,Eine Perspektive für jedes Kind: UNICEF-Bericht zur Lage der Kinder in Deutschland 2025
1181,1182,1001,2025,Unknown,Eine Perspektive für jedes Kind: UNICEF-Bericht zur Lage der Kinder in Deutschland 2025
1181,1183,1001,2025,Unknown,Eine Perspektive für jedes Kind: UNICEF-Bericht zur Lage der Kinder in Deutschland 2025
1181,1184,1001,2025,Unknown,Eine Perspektive für jedes Kind: UNICEF-Bericht zur Lage der Kinder in Deutschland 2025
1181,1185,1001,2025,Unknown,Eine Perspektive für jedes Kind: UNICEF-Bericht zur Lage der Kinder in Deutschland 2025
1181,1186,1001,2025,Unknown,Eine Perspektive für jedes Kind: UNICEF-Bericht zur Lage der Kinder in Deutschland 2025
998,1182,1001,2025,Unknown,Eine Perspektive für jedes Kind: UNICEF-Bericht zur Lage der Kinder in Deutschland 2025
998,1183,1001,2025,Unknown,Eine Perspektive für jedes Kind: UNICEF-Bericht zur Lage der Kinder in Deutschland 2025
998,1184,1001,2025,Unknown,Eine Perspektive für jedes Kind: UNICEF-Bericht zur Lage der Kinder in Deutschland 2025
998,1185,1001,2025,Unknown,Eine Perspektive für jedes Kind: UNICEF-Bericht zur Lage der Kinder in Deutschland 2025
998,1186,1001,2025,Unknown,Eine Perspektive für jedes Kind: UNICEF-Bericht zur Lage der Kinder in Deutschland 2025
1182,1183,1001,2025,Unknown,Eine Perspektive für jedes Kind: UNICEF-Bericht zur Lage der Kinder in Deutschland 2025
1182,1184,1001,2025,Unknown,Eine Perspektive für jedes Kind: UNICEF-Bericht zur Lage der Kinder in Deutschland 2025
1182,1185,1001,2025,Unknown,Eine Perspektive für jedes Kind: UNICEF-Bericht zur Lage der Kinder in Deutschland 2025
1182,1186,1001,2025,Unknown,Eine Perspektive für jedes Kind: UNICEF-Bericht zur Lage der Kinder in Deutschland 2025
1183,1184,1001,2025,Unknown,Eine Perspektive für jedes Kind: UNICEF-Bericht zur Lage der Kinder in Deutschland 2025
1183,1185,1001,2025,Unknown,Eine Perspektive für jedes Kind: UNICEF-Bericht zur Lage der Kinder in Deutschland 2025
1183,1186,1001,2025,Unknown,Eine Perspektive für jedes Kind: UNICEF-Bericht zur Lage der Kinder in Deutschland 2025
1184,1185,1001,2025,Unknown,Eine Perspektive für jedes Kind: UNICEF-Bericht zur Lage der Kinder in Deutschland 2025
1184,1186,1001,2025,Unknown,Eine Perspektive für jedes Kind: UNICEF-Bericht zur Lage der Kinder in Deutschland 2025
1185,1186,1001,2025,Unknown,Eine Perspektive für jedes Kind: UNICEF-Bericht zur Lage der Kinder in Deutschland 2025
442,1187,1002,2025,New Zealand Journal of Educational Studies,"Student Gender, Self-Beliefs, and Mathematics Performance for Adolescents in Aotearoa New Zealand: The Mediation Role of Mathematics Self-Concept"
1187,1188,1002,2025,New Zealand Journal of Educational Studies,"Student Gender, Self-Beliefs, and Mathematics Performance for Adolescents in Aotearoa New Zealand: The Mediation Role of Mathematics Self-Concept"
442,1188,1002,2025,New Zealand Journal of Educational Studies,"Student Gender, Self-Beliefs, and Mathematics Performance for Adolescents in Aotearoa New Zealand: The Mediation Role of Mathematics Self-Concept"
744,1189,1003,2023,Soziale Welt,Differences in political trust between migrants and non-migrants in pandemic times
745,1189,1003,2023,Soziale Welt,Differences in political trust between migrants and non-migrants in pandemic times
387,1189,1003,2023,Soziale Welt,Differences in political trust between migrants and non-migrants in pandemic times
1077,1189,1003,2023,Soziale Welt,Differences in political trust between migrants and non-migrants in pandemic times
1189,1190,1003,2023,Soziale Welt,Differences in political trust between migrants and non-migrants in pandemic times
744,745,1003,2023,Soziale Welt,Differences in political trust between migrants and non-migrants in pandemic times
387,744,1003,2023,Soziale Welt,Differences in political trust between migrants and non-migrants in pandemic times
744,1077,1003,2023,Soziale Welt,Differences in political trust between migrants and non-migrants in pandemic times
744,1190,1003,2023,Soziale Welt,Differences in political trust between migrants and non-migrants in pandemic times
387,745,1003,2023,Soziale Welt,Differences in political trust between migrants and non-migrants in pandemic times
745,1077,1003,2023,Soziale Welt,Differences in political trust between migrants and non-migrants in pandemic times
745,1190,1003,2023,Soziale Welt,Differences in political trust between migrants and non-migrants in pandemic times
387,1077,1003,2023,Soziale Welt,Differences in political trust between migrants and non-migrants in pandemic times
387,1190,1003,2023,Soziale Welt,Differences in political trust between migrants and non-migrants in pandemic times
1077,1190,1003,2023,Soziale Welt,Differences in political trust between migrants and non-migrants in pandemic times
83,297,1004,2016,International Journal of Child Care and Education Policy,"Analyzing early child development, influential conditions, and future impacts: prospects of a German newborn cohort study"
81,83,1004,2016,International Journal of Child Care and Education Policy,"Analyzing early child development, influential conditions, and future impacts: prospects of a German newborn cohort study"
83,481,1004,2016,International Journal of Child Care and Education Policy,"Analyzing early child development, influential conditions, and future impacts: prospects of a German newborn cohort study"
83,180,1004,2016,International Journal of Child Care and Education Policy,"Analyzing early child development, influential conditions, and future impacts: prospects of a German newborn cohort study"
81,297,1004,2016,International Journal of Child Care and Education Policy,"Analyzing early child development, influential conditions, and future impacts: prospects of a German newborn cohort study"
297,481,1004,2016,International Journal of Child Care and Education Policy,"Analyzing early child development, influential conditions, and future impacts: prospects of a German newborn cohort study"
180,297,1004,2016,International Journal of Child Care and Education Policy,"Analyzing early child development, influential conditions, and future impacts: prospects of a German newborn cohort study"
81,481,1004,2016,International Journal of Child Care and Education Policy,"Analyzing early child development, influential conditions, and future impacts: prospects of a German newborn cohort study"
81,180,1004,2016,International Journal of Child Care and Education Policy,"Analyzing early child development, influential conditions, and future impacts: prospects of a German newborn cohort study"
180,481,1004,2016,International Journal of Child Care and Education Policy,"Analyzing early child development, influential conditions, and future impacts: prospects of a German newborn cohort study"
55,83,1005,2019,Education as a Lifelong Process,Development of Competencies Across the Life Course
83,433,1005,2019,Education as a Lifelong Process,Development of Competencies Across the Life Course
83,657,1005,2019,Education as a Lifelong Process,Development of Competencies Across the Life Course
83,407,1005,2019,Education as a Lifelong Process,Development of Competencies Across the Life Course
70,83,1005,2019,Education as a Lifelong Process,Development of Competencies Across the Life Course
83,425,1005,2019,Education as a Lifelong Process,Development of Competencies Across the Life Course
55,433,1005,2019,Education as a Lifelong Process,Development of Competencies Across the Life Course
55,657,1005,2019,Education as a Lifelong Process,Development of Competencies Across the Life Course
55,407,1005,2019,Education as a Lifelong Process,Development of Competencies Across the Life Course
55,70,1005,2019,Education as a Lifelong Process,Development of Competencies Across the Life Course
55,425,1005,2019,Education as a Lifelong Process,Development of Competencies Across the Life Course
433,657,1005,2019,Education as a Lifelong Process,Development of Competencies Across the Life Course
407,433,1005,2019,Education as a Lifelong Process,Development of Competencies Across the Life Course
70,433,1005,2019,Education as a Lifelong Process,Development of Competencies Across the Life Course
425,433,1005,2019,Education as a Lifelong Process,Development of Competencies Across the Life Course
407,657,1005,2019,Education as a Lifelong Process,Development of Competencies Across the Life Course
70,657,1005,2019,Education as a Lifelong Process,Development of Competencies Across the Life Course
425,657,1005,2019,Education as a Lifelong Process,Development of Competencies Across the Life Course
70,407,1005,2019,Education as a Lifelong Process,Development of Competencies Across the Life Course
407,425,1005,2019,Education as a Lifelong Process,Development of Competencies Across the Life Course
70,425,1005,2019,Education as a Lifelong Process,Development of Competencies Across the Life Course
83,226,1006,2023,Unknown,"Education, Competence Development and Career Trajectories: Analysing Data of the National Educational Panel Study (NEPS)"
80,83,1006,2023,Unknown,"Education, Competence Development and Career Trajectories: Analysing Data of the National Educational Panel Study (NEPS)"
80,226,1006,2023,Unknown,"Education, Competence Development and Career Trajectories: Analysing Data of the National Educational Panel Study (NEPS)"
81,83,1007,2017,"Childcare, Early Education and Social Inequality",The emergence of social disparities – Evidence on early mother–child interaction and infant development from the German National Educational Panel Study (NEPS)
32,83,1007,2017,"Childcare, Early Education and Social Inequality",The emergence of social disparities – Evidence on early mother–child interaction and infant development from the German National Educational Panel Study (NEPS)
32,81,1007,2017,"Childcare, Early Education and Social Inequality",The emergence of social disparities – Evidence on early mother–child interaction and infant development from the German National Educational Panel Study (NEPS)
81,83,1009,2023,"Education, Competence Development and Career Trajectories","Quality of Early Learning Environments: Measures, Validation, and Effects on Child Development"
83,297,1009,2023,"Education, Competence Development and Career Trajectories","Quality of Early Learning Environments: Measures, Validation, and Effects on Child Development"
83,1191,1009,2023,"Education, Competence Development and Career Trajectories","Quality of Early Learning Environments: Measures, Validation, and Effects on Child Development"
32,83,1009,2023,"Education, Competence Development and Career Trajectories","Quality of Early Learning Environments: Measures, Validation, and Effects on Child Development"
81,297,1009,2023,"Education, Competence Development and Career Trajectories","Quality of Early Learning Environments: Measures, Validation, and Effects on Child Development"
81,1191,1009,2023,"Education, Competence Development and Career Trajectories","Quality of Early Learning Environments: Measures, Validation, and Effects on Child Development"
32,81,1009,2023,"Education, Competence Development and Career Trajectories","Quality of Early Learning Environments: Measures, Validation, and Effects on Child Development"
297,1191,1009,2023,"Education, Competence Development and Career Trajectories","Quality of Early Learning Environments: Measures, Validation, and Effects on Child Development"
32,297,1009,2023,"Education, Competence Development and Career Trajectories","Quality of Early Learning Environments: Measures, Validation, and Effects on Child Development"
32,1191,1009,2023,"Education, Competence Development and Career Trajectories","Quality of Early Learning Environments: Measures, Validation, and Effects on Child Development"
203,1192,1011,2017,American Behavioral Scientist,EMI in Germany: Qualitative Differentiation in a Tracked Education System
1020,1021,1012,2025,Empirical Research in Vocational Education and Training,Conflict and support during apprenticeship training in Germany: consequences for apprenticeship success and further employment in the company
1020,1021,1013,2023,Research in Social Stratification and Mobility,Pre-existing company contacts and premature termination of apprenticeship training in Germany
817,1193,1015,2024,Berliner Journal für Soziologie,Duale und schulische Berufsausbildungen in Deutschland: Schritte zu einem umfassenden Verständnis von beruflicher Bildung
1037,1194,1016,2026,Educational and Psychological Measurement,Comparing different approaches of (not) accounting for rapid guessing in plausible values estimation
138,1194,1016,2026,Educational and Psychological Measurement,Comparing different approaches of (not) accounting for rapid guessing in plausible values estimation
138,1037,1016,2026,Educational and Psychological Measurement,Comparing different approaches of (not) accounting for rapid guessing in plausible values estimation
138,1194,1017,2024,Educational and Psychological Measurement,Identifying Disengaged Responding in Multiple-Choice Items: Extending a Latent Class Item Response Model With Novel Process Data Indicators
70,1194,1017,2024,Educational and Psychological Measurement,Identifying Disengaged Responding in Multiple-Choice Items: Extending a Latent Class Item Response Model With Novel Process Data Indicators
70,138,1017,2024,Educational and Psychological Measurement,Identifying Disengaged Responding in Multiple-Choice Items: Extending a Latent Class Item Response Model With Novel Process Data Indicators
898,1195,1018,2016,Methodological Issues of Longitudinal Surveys,Management of Metadata: An Integrated Approach to Structured Documentation
54,898,1018,2016,Methodological Issues of Longitudinal Surveys,Management of Metadata: An Integrated Approach to Structured Documentation
898,1196,1018,2016,Methodological Issues of Longitudinal Surveys,Management of Metadata: An Integrated Approach to Structured Documentation
898,1197,1018,2016,Methodological Issues of Longitudinal Surveys,Management of Metadata: An Integrated Approach to Structured Documentation
54,1195,1018,2016,Methodological Issues of Longitudinal Surveys,Management of Metadata: An Integrated Approach to Structured Documentation
1195,1196,1018,2016,Methodological Issues of Longitudinal Surveys,Management of Metadata: An Integrated Approach to Structured Documentation
1195,1197,1018,2016,Methodological Issues of Longitudinal Surveys,Management of Metadata: An Integrated Approach to Structured Documentation
54,1196,1018,2016,Methodological Issues of Longitudinal Surveys,Management of Metadata: An Integrated Approach to Structured Documentation
54,1197,1018,2016,Methodological Issues of Longitudinal Surveys,Management of Metadata: An Integrated Approach to Structured Documentation
1196,1197,1018,2016,Methodological Issues of Longitudinal Surveys,Management of Metadata: An Integrated Approach to Structured Documentation
148,579,1020,2023,Social Sciences,School-to-Work Transitions under Unequal Conditions: A Regionalised Perspective on the ‘Discouraged Worker’ Hypothesis
148,580,1020,2023,Social Sciences,School-to-Work Transitions under Unequal Conditions: A Regionalised Perspective on the ‘Discouraged Worker’ Hypothesis
579,580,1020,2023,Social Sciences,School-to-Work Transitions under Unequal Conditions: A Regionalised Perspective on the ‘Discouraged Worker’ Hypothesis
148,579,1021,2015,Empirical Research in Vocational Education and Training,Spatial structure counts: the relevance of regional labour-market conditions for educational transitions to vocational training
148,580,1021,2015,Empirical Research in Vocational Education and Training,Spatial structure counts: the relevance of regional labour-market conditions for educational transitions to vocational training
579,580,1021,2015,Empirical Research in Vocational Education and Training,Spatial structure counts: the relevance of regional labour-market conditions for educational transitions to vocational training
148,1198,1022,2019,Review of Regional Research,Where do regional influences matter? The impact of socio-spatial indicators on transitions from secondary school to university
439,740,1023,2020,Journal of Applied Developmental Psychology,Are more conscientious seventh- and ninth-graders less likely to be retained? Effects of Big Five personality traits on grade retention in two different age cohorts
439,1199,1023,2020,Journal of Applied Developmental Psychology,Are more conscientious seventh- and ninth-graders less likely to be retained? Effects of Big Five personality traits on grade retention in two different age cohorts
740,1199,1023,2020,Journal of Applied Developmental Psychology,Are more conscientious seventh- and ninth-graders less likely to be retained? Effects of Big Five personality traits on grade retention in two different age cohorts
439,1199,1024,2021,British Journal of Educational Psychology,Are some students graded more appropriately than others? Student characteristics as moderators of the relationships between teacher‐assigned grades and test scores in mathematics
439,740,1024,2021,British Journal of Educational Psychology,Are some students graded more appropriately than others? Student characteristics as moderators of the relationships between teacher‐assigned grades and test scores in mathematics
740,1199,1024,2021,British Journal of Educational Psychology,Are some students graded more appropriately than others? Student characteristics as moderators of the relationships between teacher‐assigned grades and test scores in mathematics
439,740,1026,2021,Frontiers in Psychology,"Unraveling the Relationship Between Teacher-Assigned Grades, Student Personality, and Standardized Test Scores"
439,541,1026,2021,Frontiers in Psychology,"Unraveling the Relationship Between Teacher-Assigned Grades, Student Personality, and Standardized Test Scores"
541,740,1026,2021,Frontiers in Psychology,"Unraveling the Relationship Between Teacher-Assigned Grades, Student Personality, and Standardized Test Scores"
155,768,1027,2022,Journal of Career Development,Are Girls More Ambitious Than Boys? Vocational Interests Partly Explain Gender Differences in Occupational Aspirations
155,261,1027,2022,Journal of Career Development,Are Girls More Ambitious Than Boys? Vocational Interests Partly Explain Gender Differences in Occupational Aspirations
261,768,1027,2022,Journal of Career Development,Are Girls More Ambitious Than Boys? Vocational Interests Partly Explain Gender Differences in Occupational Aspirations
155,156,1028,2017,Berufsbildung in Wissenschaft und Praxis,Berufliche Aspirationen von Jugendlichen mit und ohne Migrationshintergrund
155,817,1028,2017,Berufsbildung in Wissenschaft und Praxis,Berufliche Aspirationen von Jugendlichen mit und ohne Migrationshintergrund
156,817,1028,2017,Berufsbildung in Wissenschaft und Praxis,Berufliche Aspirationen von Jugendlichen mit und ohne Migrationshintergrund
154,155,1029,2024,Empirical Research in Vocational Education and Training,Choosing new careers: patterns of occupational change within vocational education and training and fulfillment of career aspirations in Germany
155,156,1029,2024,Empirical Research in Vocational Education and Training,Choosing new careers: patterns of occupational change within vocational education and training and fulfillment of career aspirations in Germany
155,602,1029,2024,Empirical Research in Vocational Education and Training,Choosing new careers: patterns of occupational change within vocational education and training and fulfillment of career aspirations in Germany
154,156,1029,2024,Empirical Research in Vocational Education and Training,Choosing new careers: patterns of occupational change within vocational education and training and fulfillment of career aspirations in Germany
154,602,1029,2024,Empirical Research in Vocational Education and Training,Choosing new careers: patterns of occupational change within vocational education and training and fulfillment of career aspirations in Germany
156,602,1029,2024,Empirical Research in Vocational Education and Training,Choosing new careers: patterns of occupational change within vocational education and training and fulfillment of career aspirations in Germany
10,155,1030,2025,Social Science Research,The development of ICT skills in adolescence at the intersection of gender and family background
155,156,1031,2022,Social Inclusion,Ethnic Differences in Gender‐Typical Occupational Orientations Among Adolescents in Germany
155,403,1032,2024,Research in Social Stratification and Mobility,Gendered wage returns to changes in non-routine job tasks: Evidence from Germany
11,155,1032,2024,Research in Social Stratification and Mobility,Gendered wage returns to changes in non-routine job tasks: Evidence from Germany
11,403,1032,2024,Research in Social Stratification and Mobility,Gendered wage returns to changes in non-routine job tasks: Evidence from Germany
155,409,1033,2021,Zeitschrift für Pädagogik Beiheft,Low Literacy is not Set in Stone: Longitudinal Evidence on the Development of Low Literacy During Adulthood
155,1200,1033,2021,Zeitschrift für Pädagogik Beiheft,Low Literacy is not Set in Stone: Longitudinal Evidence on the Development of Low Literacy During Adulthood
55,155,1033,2021,Zeitschrift für Pädagogik Beiheft,Low Literacy is not Set in Stone: Longitudinal Evidence on the Development of Low Literacy During Adulthood
155,1201,1033,2021,Zeitschrift für Pädagogik Beiheft,Low Literacy is not Set in Stone: Longitudinal Evidence on the Development of Low Literacy During Adulthood
155,263,1033,2021,Zeitschrift für Pädagogik Beiheft,Low Literacy is not Set in Stone: Longitudinal Evidence on the Development of Low Literacy During Adulthood
155,261,1033,2021,Zeitschrift für Pädagogik Beiheft,Low Literacy is not Set in Stone: Longitudinal Evidence on the Development of Low Literacy During Adulthood
409,1200,1033,2021,Zeitschrift für Pädagogik Beiheft,Low Literacy is not Set in Stone: Longitudinal Evidence on the Development of Low Literacy During Adulthood
55,409,1033,2021,Zeitschrift für Pädagogik Beiheft,Low Literacy is not Set in Stone: Longitudinal Evidence on the Development of Low Literacy During Adulthood
409,1201,1033,2021,Zeitschrift für Pädagogik Beiheft,Low Literacy is not Set in Stone: Longitudinal Evidence on the Development of Low Literacy During Adulthood
263,409,1033,2021,Zeitschrift für Pädagogik Beiheft,Low Literacy is not Set in Stone: Longitudinal Evidence on the Development of Low Literacy During Adulthood
261,409,1033,2021,Zeitschrift für Pädagogik Beiheft,Low Literacy is not Set in Stone: Longitudinal Evidence on the Development of Low Literacy During Adulthood
55,1200,1033,2021,Zeitschrift für Pädagogik Beiheft,Low Literacy is not Set in Stone: Longitudinal Evidence on the Development of Low Literacy During Adulthood
1200,1201,1033,2021,Zeitschrift für Pädagogik Beiheft,Low Literacy is not Set in Stone: Longitudinal Evidence on the Development of Low Literacy During Adulthood
263,1200,1033,2021,Zeitschrift für Pädagogik Beiheft,Low Literacy is not Set in Stone: Longitudinal Evidence on the Development of Low Literacy During Adulthood
261,1200,1033,2021,Zeitschrift für Pädagogik Beiheft,Low Literacy is not Set in Stone: Longitudinal Evidence on the Development of Low Literacy During Adulthood
55,1201,1033,2021,Zeitschrift für Pädagogik Beiheft,Low Literacy is not Set in Stone: Longitudinal Evidence on the Development of Low Literacy During Adulthood
55,263,1033,2021,Zeitschrift für Pädagogik Beiheft,Low Literacy is not Set in Stone: Longitudinal Evidence on the Development of Low Literacy During Adulthood
55,261,1033,2021,Zeitschrift für Pädagogik Beiheft,Low Literacy is not Set in Stone: Longitudinal Evidence on the Development of Low Literacy During Adulthood
263,1201,1033,2021,Zeitschrift für Pädagogik Beiheft,Low Literacy is not Set in Stone: Longitudinal Evidence on the Development of Low Literacy During Adulthood
261,1201,1033,2021,Zeitschrift für Pädagogik Beiheft,Low Literacy is not Set in Stone: Longitudinal Evidence on the Development of Low Literacy During Adulthood
261,263,1033,2021,Zeitschrift für Pädagogik Beiheft,Low Literacy is not Set in Stone: Longitudinal Evidence on the Development of Low Literacy During Adulthood
155,1202,1034,2017,Open Journal of Statistics,Modeling Spatial Opportunity Structures and Youths’ Transitions from School to Training
155,263,1036,2021,Scientific Studies of Reading,"Predictors of Literacy Development in Adulthood: Insights from a Large-scale, Two-wave Study"
155,261,1036,2021,Scientific Studies of Reading,"Predictors of Literacy Development in Adulthood: Insights from a Large-scale, Two-wave Study"
261,263,1036,2021,Scientific Studies of Reading,"Predictors of Literacy Development in Adulthood: Insights from a Large-scale, Two-wave Study"
155,1203,1037,2021,PLOS ONE,Sources of individual differences in adults’ ICT skills: A large-scale empirical test of a new guiding framework
155,261,1037,2021,PLOS ONE,Sources of individual differences in adults’ ICT skills: A large-scale empirical test of a new guiding framework
261,1203,1037,2021,PLOS ONE,Sources of individual differences in adults’ ICT skills: A large-scale empirical test of a new guiding framework
617,1204,1038,2019,Frontiers in Sociology,The Quality of Data on Participation in Adult Education and Training. An Analysis of Varying Participation Rates and Patterns Under Consideration of Survey Design and Measurement Effects
410,617,1038,2019,Frontiers in Sociology,The Quality of Data on Participation in Adult Education and Training. An Analysis of Varying Participation Rates and Patterns Under Consideration of Survey Design and Measurement Effects
617,1205,1038,2019,Frontiers in Sociology,The Quality of Data on Participation in Adult Education and Training. An Analysis of Varying Participation Rates and Patterns Under Consideration of Survey Design and Measurement Effects
615,617,1038,2019,Frontiers in Sociology,The Quality of Data on Participation in Adult Education and Training. An Analysis of Varying Participation Rates and Patterns Under Consideration of Survey Design and Measurement Effects
410,1204,1038,2019,Frontiers in Sociology,The Quality of Data on Participation in Adult Education and Training. An Analysis of Varying Participation Rates and Patterns Under Consideration of Survey Design and Measurement Effects
1204,1205,1038,2019,Frontiers in Sociology,The Quality of Data on Participation in Adult Education and Training. An Analysis of Varying Participation Rates and Patterns Under Consideration of Survey Design and Measurement Effects
615,1204,1038,2019,Frontiers in Sociology,The Quality of Data on Participation in Adult Education and Training. An Analysis of Varying Participation Rates and Patterns Under Consideration of Survey Design and Measurement Effects
410,1205,1038,2019,Frontiers in Sociology,The Quality of Data on Participation in Adult Education and Training. An Analysis of Varying Participation Rates and Patterns Under Consideration of Survey Design and Measurement Effects
410,615,1038,2019,Frontiers in Sociology,The Quality of Data on Participation in Adult Education and Training. An Analysis of Varying Participation Rates and Patterns Under Consideration of Survey Design and Measurement Effects
615,1205,1038,2019,Frontiers in Sociology,The Quality of Data on Participation in Adult Education and Training. An Analysis of Varying Participation Rates and Patterns Under Consideration of Survey Design and Measurement Effects
294,1206,1039,2026,Applied Developmental Science,Does entering early childhood education as a toddler benefit language and social development until age seven? A propensity score analysis
1206,1207,1039,2026,Applied Developmental Science,Does entering early childhood education as a toddler benefit language and social development until age seven? A propensity score analysis
33,1206,1039,2026,Applied Developmental Science,Does entering early childhood education as a toddler benefit language and social development until age seven? A propensity score analysis
294,1207,1039,2026,Applied Developmental Science,Does entering early childhood education as a toddler benefit language and social development until age seven? A propensity score analysis
33,294,1039,2026,Applied Developmental Science,Does entering early childhood education as a toddler benefit language and social development until age seven? A propensity score analysis
33,1207,1039,2026,Applied Developmental Science,Does entering early childhood education as a toddler benefit language and social development until age seven? A propensity score analysis
361,742,1040,2016,Methoden der Migrationsforschung,NEPS-Datensatz (Nationales Bildungspanel)
423,742,1040,2016,Methoden der Migrationsforschung,NEPS-Datensatz (Nationales Bildungspanel)
361,423,1040,2016,Methoden der Migrationsforschung,NEPS-Datensatz (Nationales Bildungspanel)
63,1076,1041,2025,Social Inclusion,Breaking Barriers? Social Inequality in Pathways to Higher Education Between General and Vocational Schools in Germany
883,1076,1041,2025,Social Inclusion,Breaking Barriers? Social Inequality in Pathways to Higher Education Between General and Vocational Schools in Germany
63,883,1041,2025,Social Inclusion,Breaking Barriers? Social Inequality in Pathways to Higher Education Between General and Vocational Schools in Germany
198,277,1042,2023,"Education, Competence Development and Career Trajectories",Inequality in Educational Transitions During Secondary School: Results from the German National Educational Panel Study
198,1208,1043,2019,Education as a Lifelong Process,Measuring Motivational Concepts and Personality Aspects in the National Educational Panel Study
142,198,1043,2019,Education as a Lifelong Process,Measuring Motivational Concepts and Personality Aspects in the National Educational Panel Study
198,227,1043,2019,Education as a Lifelong Process,Measuring Motivational Concepts and Personality Aspects in the National Educational Panel Study
198,277,1043,2019,Education as a Lifelong Process,Measuring Motivational Concepts and Personality Aspects in the National Educational Panel Study
80,198,1043,2019,Education as a Lifelong Process,Measuring Motivational Concepts and Personality Aspects in the National Educational Panel Study
142,1208,1043,2019,Education as a Lifelong Process,Measuring Motivational Concepts and Personality Aspects in the National Educational Panel Study
227,1208,1043,2019,Education as a Lifelong Process,Measuring Motivational Concepts and Personality Aspects in the National Educational Panel Study
277,1208,1043,2019,Education as a Lifelong Process,Measuring Motivational Concepts and Personality Aspects in the National Educational Panel Study
80,1208,1043,2019,Education as a Lifelong Process,Measuring Motivational Concepts and Personality Aspects in the National Educational Panel Study
142,227,1043,2019,Education as a Lifelong Process,Measuring Motivational Concepts and Personality Aspects in the National Educational Panel Study
142,277,1043,2019,Education as a Lifelong Process,Measuring Motivational Concepts and Personality Aspects in the National Educational Panel Study
80,142,1043,2019,Education as a Lifelong Process,Measuring Motivational Concepts and Personality Aspects in the National Educational Panel Study
227,277,1043,2019,Education as a Lifelong Process,Measuring Motivational Concepts and Personality Aspects in the National Educational Panel Study
80,227,1043,2019,Education as a Lifelong Process,Measuring Motivational Concepts and Personality Aspects in the National Educational Panel Study
80,277,1043,2019,Education as a Lifelong Process,Measuring Motivational Concepts and Personality Aspects in the National Educational Panel Study
142,198,1044,2016,Methodological Issues of Longitudinal Surveys,Measuring Self-Concept in the NEPS
198,277,1044,2016,Methodological Issues of Longitudinal Surveys,Measuring Self-Concept in the NEPS
142,277,1044,2016,Methodological Issues of Longitudinal Surveys,Measuring Self-Concept in the NEPS
142,198,1045,2020,Journal for educational research online,Typologie des Schülerhabitus in der Sekundarstufe I. Ein quantitativer Operationalisierungsansatz mit Daten des Nationalen Bildungspanels
296,928,1046,2025,Learning and Individual Differences,Social background as a moderator of immigration-related disparities in parent-child-activities and in early vocabulary
667,928,1046,2025,Learning and Individual Differences,Social background as a moderator of immigration-related disparities in parent-child-activities and in early vocabulary
296,667,1046,2025,Learning and Individual Differences,Social background as a moderator of immigration-related disparities in parent-child-activities and in early vocabulary
38,87,1047,2017,Zeitschrift für Erziehungswissenschaft,Kompetent und beliebt?: Der Zusammenhang von Kompetenzen und Selbstkonzepten in Mathematik und Lesen mit der wahrgenommenen Beliebtheit bei Peers
238,239,1048,2015,Beruflich Qualifizierte im Studium. Analysen und Konzepte zum Dritten Bildungsweg,Nicht-traditionelle Studierende in Deutschland: Werdegänge und Studienmotivation–Ergebnisse eines empirischen Forschungsprojektes
121,238,1048,2015,Beruflich Qualifizierte im Studium. Analysen und Konzepte zum Dritten Bildungsweg,Nicht-traditionelle Studierende in Deutschland: Werdegänge und Studienmotivation–Ergebnisse eines empirischen Forschungsprojektes
238,240,1048,2015,Beruflich Qualifizierte im Studium. Analysen und Konzepte zum Dritten Bildungsweg,Nicht-traditionelle Studierende in Deutschland: Werdegänge und Studienmotivation–Ergebnisse eines empirischen Forschungsprojektes
122,238,1048,2015,Beruflich Qualifizierte im Studium. Analysen und Konzepte zum Dritten Bildungsweg,Nicht-traditionelle Studierende in Deutschland: Werdegänge und Studienmotivation–Ergebnisse eines empirischen Forschungsprojektes
121,239,1048,2015,Beruflich Qualifizierte im Studium. Analysen und Konzepte zum Dritten Bildungsweg,Nicht-traditionelle Studierende in Deutschland: Werdegänge und Studienmotivation–Ergebnisse eines empirischen Forschungsprojektes
239,240,1048,2015,Beruflich Qualifizierte im Studium. Analysen und Konzepte zum Dritten Bildungsweg,Nicht-traditionelle Studierende in Deutschland: Werdegänge und Studienmotivation–Ergebnisse eines empirischen Forschungsprojektes
122,239,1048,2015,Beruflich Qualifizierte im Studium. Analysen und Konzepte zum Dritten Bildungsweg,Nicht-traditionelle Studierende in Deutschland: Werdegänge und Studienmotivation–Ergebnisse eines empirischen Forschungsprojektes
121,240,1048,2015,Beruflich Qualifizierte im Studium. Analysen und Konzepte zum Dritten Bildungsweg,Nicht-traditionelle Studierende in Deutschland: Werdegänge und Studienmotivation–Ergebnisse eines empirischen Forschungsprojektes
121,122,1048,2015,Beruflich Qualifizierte im Studium. Analysen und Konzepte zum Dritten Bildungsweg,Nicht-traditionelle Studierende in Deutschland: Werdegänge und Studienmotivation–Ergebnisse eines empirischen Forschungsprojektes
122,240,1048,2015,Beruflich Qualifizierte im Studium. Analysen und Konzepte zum Dritten Bildungsweg,Nicht-traditionelle Studierende in Deutschland: Werdegänge und Studienmotivation–Ergebnisse eines empirischen Forschungsprojektes
121,238,1049,2020,Wissenschaftliche Weiterbildung als Problem der Öffnung von Hochschulen für nichttraditionelle Studierende,Selektion und Selbstselektion am Übergang von nicht-traditionellen Studierenden in die Hochschule:
122,238,1049,2020,Wissenschaftliche Weiterbildung als Problem der Öffnung von Hochschulen für nichttraditionelle Studierende,Selektion und Selbstselektion am Übergang von nicht-traditionellen Studierenden in die Hochschule:
121,122,1049,2020,Wissenschaftliche Weiterbildung als Problem der Öffnung von Hochschulen für nichttraditionelle Studierende,Selektion und Selbstselektion am Übergang von nicht-traditionellen Studierenden in die Hochschule:
87,434,1050,2019,Frontiers in Psychology,Social or Economic Goals? The Professional Goal Orientation of Students Enrolled in STEM and Non-STEM Majors in University
38,87,1050,2019,Frontiers in Psychology,Social or Economic Goals? The Professional Goal Orientation of Students Enrolled in STEM and Non-STEM Majors in University
87,330,1050,2019,Frontiers in Psychology,Social or Economic Goals? The Professional Goal Orientation of Students Enrolled in STEM and Non-STEM Majors in University
38,434,1050,2019,Frontiers in Psychology,Social or Economic Goals? The Professional Goal Orientation of Students Enrolled in STEM and Non-STEM Majors in University
330,434,1050,2019,Frontiers in Psychology,Social or Economic Goals? The Professional Goal Orientation of Students Enrolled in STEM and Non-STEM Majors in University
38,330,1050,2019,Frontiers in Psychology,Social or Economic Goals? The Professional Goal Orientation of Students Enrolled in STEM and Non-STEM Majors in University
238,239,1051,2019,Durchlässigkeit zwischen beruflicher und hochschulischer Bildung,"Studienerfolg nicht traditioneller Studierender: Kriterien, Performanzen und Bedingungen"
121,238,1051,2019,Durchlässigkeit zwischen beruflicher und hochschulischer Bildung,"Studienerfolg nicht traditioneller Studierender: Kriterien, Performanzen und Bedingungen"
238,240,1051,2019,Durchlässigkeit zwischen beruflicher und hochschulischer Bildung,"Studienerfolg nicht traditioneller Studierender: Kriterien, Performanzen und Bedingungen"
122,238,1051,2019,Durchlässigkeit zwischen beruflicher und hochschulischer Bildung,"Studienerfolg nicht traditioneller Studierender: Kriterien, Performanzen und Bedingungen"
121,239,1051,2019,Durchlässigkeit zwischen beruflicher und hochschulischer Bildung,"Studienerfolg nicht traditioneller Studierender: Kriterien, Performanzen und Bedingungen"
239,240,1051,2019,Durchlässigkeit zwischen beruflicher und hochschulischer Bildung,"Studienerfolg nicht traditioneller Studierender: Kriterien, Performanzen und Bedingungen"
122,239,1051,2019,Durchlässigkeit zwischen beruflicher und hochschulischer Bildung,"Studienerfolg nicht traditioneller Studierender: Kriterien, Performanzen und Bedingungen"
121,240,1051,2019,Durchlässigkeit zwischen beruflicher und hochschulischer Bildung,"Studienerfolg nicht traditioneller Studierender: Kriterien, Performanzen und Bedingungen"
121,122,1051,2019,Durchlässigkeit zwischen beruflicher und hochschulischer Bildung,"Studienerfolg nicht traditioneller Studierender: Kriterien, Performanzen und Bedingungen"
122,240,1051,2019,Durchlässigkeit zwischen beruflicher und hochschulischer Bildung,"Studienerfolg nicht traditioneller Studierender: Kriterien, Performanzen und Bedingungen"
849,1209,1052,2025,Zeitschrift für Erziehungswissenschaft,"Herkunft, Schulform, Wunschberuf – Wie sich berufliche Aspirationen in Abhängigkeit von Sozialstatus und Schulkontext entwickeln"
173,1209,1052,2025,Zeitschrift für Erziehungswissenschaft,"Herkunft, Schulform, Wunschberuf – Wie sich berufliche Aspirationen in Abhängigkeit von Sozialstatus und Schulkontext entwickeln"
58,1209,1052,2025,Zeitschrift für Erziehungswissenschaft,"Herkunft, Schulform, Wunschberuf – Wie sich berufliche Aspirationen in Abhängigkeit von Sozialstatus und Schulkontext entwickeln"
173,849,1052,2025,Zeitschrift für Erziehungswissenschaft,"Herkunft, Schulform, Wunschberuf – Wie sich berufliche Aspirationen in Abhängigkeit von Sozialstatus und Schulkontext entwickeln"
58,849,1052,2025,Zeitschrift für Erziehungswissenschaft,"Herkunft, Schulform, Wunschberuf – Wie sich berufliche Aspirationen in Abhängigkeit von Sozialstatus und Schulkontext entwickeln"
58,173,1052,2025,Zeitschrift für Erziehungswissenschaft,"Herkunft, Schulform, Wunschberuf – Wie sich berufliche Aspirationen in Abhängigkeit von Sozialstatus und Schulkontext entwickeln"
1210,1211,1054,2025,Social Science Research,Is political interest tracked in schools? Evidence from Germany
220,1210,1054,2025,Social Science Research,Is political interest tracked in schools? Evidence from Germany
220,1211,1054,2025,Social Science Research,Is political interest tracked in schools? Evidence from Germany
517,586,1055,2024,Learning Environments Research,Latent profile analysis of students’ perception of German classroom climate: outcomes and covariates
517,586,1056,2025,Educational Studies,"The relationship between perceptions of instruction quality, intrinsic motivation, and reading achievement: a longitudinal analysis"
722,723,1061,2020,KZfSS Kölner Zeitschrift für Soziologie und Sozialpsychologie,"Die Heterogenität familialer Lebensverläufe: Ein sequenzanalytischer Beitrag zur Analyse von De-Standardisierung, Differenzierung und Pluralisierung"
722,723,1062,2020,Komplexe Familienverhältnisse: Wie sich das Konzept 'Familie' im 21. Jahrhundert wandelt,Nichtkonventionelle und komplexe Familienformen in Deutschland: Quer- und Längsschnittperspektiven
722,723,1064,2018,European Sociological Review,Social Disparities in Destandardization—Changing Family Life Course Patterns in Seven European Countries
1037,1194,1066,2024,Congress of the German and Austrian PSychological Societies,Accounting for repaid guessing in analyses of achievement gaps with plausible values
138,1037,1066,2024,Congress of the German and Austrian PSychological Societies,Accounting for repaid guessing in analyses of achievement gaps with plausible values
138,1194,1066,2024,Congress of the German and Austrian PSychological Societies,Accounting for repaid guessing in analyses of achievement gaps with plausible values
75,138,1067,2022,Social Science Computer Review,Analyzing Nonresponse in Longitudinal Surveys Using Bayesian Additive Regression Trees: A Nonparametric Event History Analysis
68,75,1068,2020,AStA Wirtschafts- und Sozialstatistisches Archiv,Attrition and selectivity of the NEPS starting cohorts: an overview of the past 8 years
74,75,1068,2020,AStA Wirtschafts- und Sozialstatistisches Archiv,Attrition and selectivity of the NEPS starting cohorts: an overview of the past 8 years
75,76,1068,2020,AStA Wirtschafts- und Sozialstatistisches Archiv,Attrition and selectivity of the NEPS starting cohorts: an overview of the past 8 years
68,74,1068,2020,AStA Wirtschafts- und Sozialstatistisches Archiv,Attrition and selectivity of the NEPS starting cohorts: an overview of the past 8 years
68,76,1068,2020,AStA Wirtschafts- und Sozialstatistisches Archiv,Attrition and selectivity of the NEPS starting cohorts: an overview of the past 8 years
74,76,1068,2020,AStA Wirtschafts- und Sozialstatistisches Archiv,Attrition and selectivity of the NEPS starting cohorts: an overview of the past 8 years
75,138,1070,2018,Behavior Research Methods,Modeling competence development in the presence of selection bias
68,75,1072,2016,Journal of Applied Statistics,A statistical approach to address the problem of heaping in self-reported income data
67,75,1074,2021,Behavior Research Methods,"Web-based and mixed-mode cognitive large-scale assessments in higher education: An evaluation of selection bias, measurement bias, and prediction bias"
75,138,1074,2021,Behavior Research Methods,"Web-based and mixed-mode cognitive large-scale assessments in higher education: An evaluation of selection bias, measurement bias, and prediction bias"
67,138,1074,2021,Behavior Research Methods,"Web-based and mixed-mode cognitive large-scale assessments in higher education: An evaluation of selection bias, measurement bias, and prediction bias"
106,701,1078,2022,"Gender, Work & Organization",Reduced well‐being during the COVID‐19 pandemic – The role of working conditions
12,701,1078,2022,"Gender, Work & Organization",Reduced well‐being during the COVID‐19 pandemic – The role of working conditions
12,106,1078,2022,"Gender, Work & Organization",Reduced well‐being during the COVID‐19 pandemic – The role of working conditions
106,701,1079,2021,European Societies,Who cares when care closes? Care-arrangements and parental working conditions during the COVID-19 pandemic in Germany
12,701,1079,2021,European Societies,Who cares when care closes? Care-arrangements and parental working conditions during the COVID-19 pandemic in Germany
12,106,1079,2021,European Societies,Who cares when care closes? Care-arrangements and parental working conditions during the COVID-19 pandemic in Germany
258,259,1080,2022,Education Economics,Accounting for dropout risk and upgrading in educational choices: new evidence for lifetime returns in Germany
259,1213,1080,2022,Education Economics,Accounting for dropout risk and upgrading in educational choices: new evidence for lifetime returns in Germany
257,259,1080,2022,Education Economics,Accounting for dropout risk and upgrading in educational choices: new evidence for lifetime returns in Germany
258,1213,1080,2022,Education Economics,Accounting for dropout risk and upgrading in educational choices: new evidence for lifetime returns in Germany
257,258,1080,2022,Education Economics,Accounting for dropout risk and upgrading in educational choices: new evidence for lifetime returns in Germany
257,1213,1080,2022,Education Economics,Accounting for dropout risk and upgrading in educational choices: new evidence for lifetime returns in Germany
