author1_id,author2_id,paper_id,year,journal,title
150,178,WOS:001587500000001,2025,INTERNATIONAL JOURNAL OF STEM EDUCATION,"Teaching quality in STEM education: differences between in- and
out-of-school contexts from the perspective of gifted students"
150,177,WOS:000461096600003,2019,READING AND WRITING,"When a silent reading fluency test measures more than reading fluency:
academic language features predict the test performance of students with
a non-German home language"
150,178,WOS:000461096600003,2019,READING AND WRITING,"When a silent reading fluency test measures more than reading fluency:
academic language features predict the test performance of students with
a non-German home language"
150,179,WOS:000461096600003,2019,READING AND WRITING,"When a silent reading fluency test measures more than reading fluency:
academic language features predict the test performance of students with
a non-German home language"
177,178,WOS:000461096600003,2019,READING AND WRITING,"When a silent reading fluency test measures more than reading fluency:
academic language features predict the test performance of students with
a non-German home language"
177,179,WOS:000461096600003,2019,READING AND WRITING,"When a silent reading fluency test measures more than reading fluency:
academic language features predict the test performance of students with
a non-German home language"
178,179,WOS:000461096600003,2019,READING AND WRITING,"When a silent reading fluency test measures more than reading fluency:
academic language features predict the test performance of students with
a non-German home language"
27,28,WOS:001498256800002,2025,LEARNING AND INSTRUCTION,"Reading literacy decline in Europe: Disentangling school closures and
out-of-school learning conditions during the COVID-19 pandemic"
27,86,WOS:001498256800002,2025,LEARNING AND INSTRUCTION,"Reading literacy decline in Europe: Disentangling school closures and
out-of-school learning conditions during the COVID-19 pandemic"
28,86,WOS:001498256800002,2025,LEARNING AND INSTRUCTION,"Reading literacy decline in Europe: Disentangling school closures and
out-of-school learning conditions during the COVID-19 pandemic"
149,150,WOS:001651289800001,2025,EDUCATIONAL PSYCHOLOGY,"How do learners practice? - theory-informed sequence analyses to
investigate self-regulated learning processes and their link to
achievement"
149,179,WOS:001651289800001,2025,EDUCATIONAL PSYCHOLOGY,"How do learners practice? - theory-informed sequence analyses to
investigate self-regulated learning processes and their link to
achievement"
150,179,WOS:001651289800001,2025,EDUCATIONAL PSYCHOLOGY,"How do learners practice? - theory-informed sequence analyses to
investigate self-regulated learning processes and their link to
achievement"
147,149,WOS:000986102000001,2023,LEARNING AND INSTRUCTION,"The dark side of detracking: Mixed-ability classrooms negatively affect
the academic self-concept of students with low academic achievement"
149,1032,WOS:000347274300002,2015,LEARNING AND INSTRUCTION,"Dimensional Comparison Theory: Paradoxical relations between
self-beliefs and achievements in multiple domains"
14,21,WOS:000937114100006,2023,SOCIAL INCLUSION,"Financial Solidarity or Autonomy? How Gendered Wealth and Income
Inequalities Influence Couples' Money Management"
207,273,WOS:001498770800004,2025,SOCIAL INCLUSION,"Pathways to Inclusion? Labor Market Entry Trajectories of Persons With
Disabilities in Europe"
9,10,WOS:000293098700019,2011,ZEITSCHRIFT FUR ERZIEHUNGSWISSENSCHAFT,Adult education and lifelong learning
9,11,WOS:000293098700019,2011,ZEITSCHRIFT FUR ERZIEHUNGSWISSENSCHAFT,Adult education and lifelong learning
9,15,WOS:000293098700019,2011,ZEITSCHRIFT FUR ERZIEHUNGSWISSENSCHAFT,Adult education and lifelong learning
9,17,WOS:000293098700019,2011,ZEITSCHRIFT FUR ERZIEHUNGSWISSENSCHAFT,Adult education and lifelong learning
9,18,WOS:000293098700019,2011,ZEITSCHRIFT FUR ERZIEHUNGSWISSENSCHAFT,Adult education and lifelong learning
9,21,WOS:000293098700019,2011,ZEITSCHRIFT FUR ERZIEHUNGSWISSENSCHAFT,Adult education and lifelong learning
9,22,WOS:000293098700019,2011,ZEITSCHRIFT FUR ERZIEHUNGSWISSENSCHAFT,Adult education and lifelong learning
9,23,WOS:000293098700019,2011,ZEITSCHRIFT FUR ERZIEHUNGSWISSENSCHAFT,Adult education and lifelong learning
10,11,WOS:000293098700019,2011,ZEITSCHRIFT FUR ERZIEHUNGSWISSENSCHAFT,Adult education and lifelong learning
10,15,WOS:000293098700019,2011,ZEITSCHRIFT FUR ERZIEHUNGSWISSENSCHAFT,Adult education and lifelong learning
10,17,WOS:000293098700019,2011,ZEITSCHRIFT FUR ERZIEHUNGSWISSENSCHAFT,Adult education and lifelong learning
10,18,WOS:000293098700019,2011,ZEITSCHRIFT FUR ERZIEHUNGSWISSENSCHAFT,Adult education and lifelong learning
10,21,WOS:000293098700019,2011,ZEITSCHRIFT FUR ERZIEHUNGSWISSENSCHAFT,Adult education and lifelong learning
10,22,WOS:000293098700019,2011,ZEITSCHRIFT FUR ERZIEHUNGSWISSENSCHAFT,Adult education and lifelong learning
10,23,WOS:000293098700019,2011,ZEITSCHRIFT FUR ERZIEHUNGSWISSENSCHAFT,Adult education and lifelong learning
11,15,WOS:000293098700019,2011,ZEITSCHRIFT FUR ERZIEHUNGSWISSENSCHAFT,Adult education and lifelong learning
11,17,WOS:000293098700019,2011,ZEITSCHRIFT FUR ERZIEHUNGSWISSENSCHAFT,Adult education and lifelong learning
11,18,WOS:000293098700019,2011,ZEITSCHRIFT FUR ERZIEHUNGSWISSENSCHAFT,Adult education and lifelong learning
11,21,WOS:000293098700019,2011,ZEITSCHRIFT FUR ERZIEHUNGSWISSENSCHAFT,Adult education and lifelong learning
11,22,WOS:000293098700019,2011,ZEITSCHRIFT FUR ERZIEHUNGSWISSENSCHAFT,Adult education and lifelong learning
11,23,WOS:000293098700019,2011,ZEITSCHRIFT FUR ERZIEHUNGSWISSENSCHAFT,Adult education and lifelong learning
15,17,WOS:000293098700019,2011,ZEITSCHRIFT FUR ERZIEHUNGSWISSENSCHAFT,Adult education and lifelong learning
15,18,WOS:000293098700019,2011,ZEITSCHRIFT FUR ERZIEHUNGSWISSENSCHAFT,Adult education and lifelong learning
15,21,WOS:000293098700019,2011,ZEITSCHRIFT FUR ERZIEHUNGSWISSENSCHAFT,Adult education and lifelong learning
15,22,WOS:000293098700019,2011,ZEITSCHRIFT FUR ERZIEHUNGSWISSENSCHAFT,Adult education and lifelong learning
15,23,WOS:000293098700019,2011,ZEITSCHRIFT FUR ERZIEHUNGSWISSENSCHAFT,Adult education and lifelong learning
17,18,WOS:000293098700019,2011,ZEITSCHRIFT FUR ERZIEHUNGSWISSENSCHAFT,Adult education and lifelong learning
17,21,WOS:000293098700019,2011,ZEITSCHRIFT FUR ERZIEHUNGSWISSENSCHAFT,Adult education and lifelong learning
17,22,WOS:000293098700019,2011,ZEITSCHRIFT FUR ERZIEHUNGSWISSENSCHAFT,Adult education and lifelong learning
17,23,WOS:000293098700019,2011,ZEITSCHRIFT FUR ERZIEHUNGSWISSENSCHAFT,Adult education and lifelong learning
18,21,WOS:000293098700019,2011,ZEITSCHRIFT FUR ERZIEHUNGSWISSENSCHAFT,Adult education and lifelong learning
18,22,WOS:000293098700019,2011,ZEITSCHRIFT FUR ERZIEHUNGSWISSENSCHAFT,Adult education and lifelong learning
18,23,WOS:000293098700019,2011,ZEITSCHRIFT FUR ERZIEHUNGSWISSENSCHAFT,Adult education and lifelong learning
21,22,WOS:000293098700019,2011,ZEITSCHRIFT FUR ERZIEHUNGSWISSENSCHAFT,Adult education and lifelong learning
21,23,WOS:000293098700019,2011,ZEITSCHRIFT FUR ERZIEHUNGSWISSENSCHAFT,Adult education and lifelong learning
22,23,WOS:000293098700019,2011,ZEITSCHRIFT FUR ERZIEHUNGSWISSENSCHAFT,Adult education and lifelong learning
55,132,WOS:000246514500001,2007,LEARNING AND INSTRUCTION,Coaching for the PISA test
55,270,WOS:000246514500001,2007,LEARNING AND INSTRUCTION,Coaching for the PISA test
55,281,WOS:000246514500001,2007,LEARNING AND INSTRUCTION,Coaching for the PISA test
132,270,WOS:000246514500001,2007,LEARNING AND INSTRUCTION,Coaching for the PISA test
132,281,WOS:000246514500001,2007,LEARNING AND INSTRUCTION,Coaching for the PISA test
270,281,WOS:000246514500001,2007,LEARNING AND INSTRUCTION,Coaching for the PISA test
38,178,WOS:000877658700006,2023,LEARNING AND INSTRUCTION,"Why do students exhibit different attention-related behavior during
instruction? Investigating effects of individual and context-dependent
determinants"
149,800,WOS:000344439700004,2014,LEARNING AND INSTRUCTION,"Impact of social and dimensional comparisons on student's mathematical
and English subject-interest at the beginning of secondary school"
149,958,WOS:000344439700004,2014,LEARNING AND INSTRUCTION,"Impact of social and dimensional comparisons on student's mathematical
and English subject-interest at the beginning of secondary school"
800,958,WOS:000344439700004,2014,LEARNING AND INSTRUCTION,"Impact of social and dimensional comparisons on student's mathematical
and English subject-interest at the beginning of secondary school"
149,150,WOS:000599715900003,2021,LEARNING AND INSTRUCTION,"Should I stay or should I go? Predictors and effects of studying abroad
during high school"
279,282,WOS:000640137900001,2021,METACOGNITION AND LEARNING,"Comparing metacognitive monitoring between native and non-native
speaking primary school students"
55,83,WOS:000345143100005,2014,METACOGNITION AND LEARNING,"Assessment of metacognitive knowledge in students with special
educational needs"
55,425,WOS:000345143100005,2014,METACOGNITION AND LEARNING,"Assessment of metacognitive knowledge in students with special
educational needs"
55,563,WOS:000345143100005,2014,METACOGNITION AND LEARNING,"Assessment of metacognitive knowledge in students with special
educational needs"
83,425,WOS:000345143100005,2014,METACOGNITION AND LEARNING,"Assessment of metacognitive knowledge in students with special
educational needs"
83,563,WOS:000345143100005,2014,METACOGNITION AND LEARNING,"Assessment of metacognitive knowledge in students with special
educational needs"
425,563,WOS:000345143100005,2014,METACOGNITION AND LEARNING,"Assessment of metacognitive knowledge in students with special
educational needs"
245,246,WOS:001202588100001,2024,LEARNING AND INSTRUCTION,"Student well-being, perceived teacher error management, and perceived
teacher justice"
28,55,WOS:000262742800007,2009,LEARNING AND INSTRUCTION,"Systematic reading training in the family: Development, implementation,
and initial evaluation of the Berlin Parent-Child Reading Program"
135,270,WOS:000407550200003,2017,JOURNAL OF EXPERIMENTAL EDUCATION,Extension Procedures for Confirmatory Factor Analysis
149,150,WOS:001556675000001,2025,LEARNING AND INSTRUCTION,Efficacy of an intervention to promote spatial thinking skills
149,150,WOS:000487702500001,2021,JOURNAL OF EXPERIMENTAL EDUCATION,"Using Multilevel Mixture Models in Educational Research: An Illustration
With Homework Research"
69,83,WOS:000345143100001,2014,METACOGNITION AND LEARNING,Metacognitive knowledge in children at early elementary school
69,412,WOS:000345143100001,2014,METACOGNITION AND LEARNING,Metacognitive knowledge in children at early elementary school
69,425,WOS:000345143100001,2014,METACOGNITION AND LEARNING,Metacognitive knowledge in children at early elementary school
69,554,WOS:000345143100001,2014,METACOGNITION AND LEARNING,Metacognitive knowledge in children at early elementary school
83,412,WOS:000345143100001,2014,METACOGNITION AND LEARNING,Metacognitive knowledge in children at early elementary school
83,425,WOS:000345143100001,2014,METACOGNITION AND LEARNING,Metacognitive knowledge in children at early elementary school
83,554,WOS:000345143100001,2014,METACOGNITION AND LEARNING,Metacognitive knowledge in children at early elementary school
412,425,WOS:000345143100001,2014,METACOGNITION AND LEARNING,Metacognitive knowledge in children at early elementary school
412,554,WOS:000345143100001,2014,METACOGNITION AND LEARNING,Metacognitive knowledge in children at early elementary school
425,554,WOS:000345143100001,2014,METACOGNITION AND LEARNING,Metacognitive knowledge in children at early elementary school
149,150,WOS:000418851900007,2018,JOURNAL OF EXPERIMENTAL EDUCATION,"Learning More From Educational Intervention Studies: Estimating Complier
Average Causal Effects in a Relevance Intervention"
128,129,WOS:000659531000013,2021,LEARNING AND INSTRUCTION,"At a first glance-How reliable and valid is the thin slices technique to
assess instructional quality?{*}"
128,673,WOS:000659531000013,2021,LEARNING AND INSTRUCTION,"At a first glance-How reliable and valid is the thin slices technique to
assess instructional quality?{*}"
129,673,WOS:000659531000013,2021,LEARNING AND INSTRUCTION,"At a first glance-How reliable and valid is the thin slices technique to
assess instructional quality?{*}"
85,86,WOS:001693265600001,2026,STUDIES IN EDUCATIONAL EVALUATION,"Reading more, achieving more? Long-term gender gaps in reading behavior
and reading achievement"
28,133,WOS:000347274300007,2015,LEARNING AND INSTRUCTION,"Effects of immigrant background on text comprehension, vocabulary, and
reading motivation: A longitudinal study"
149,1032,WOS:000303574800003,2012,EDUCATIONAL PSYCHOLOGIST,"Classroom Climate and Contextual Effects: Conceptual and Methodological
Issues in the Evaluation of Group-Level Effects"
149,150,WOS:000804456000009,2022,LEARNING AND INSTRUCTION,"The persistence of students? academic effort: The unique and combined
effects of conscientiousness and individual interest"
149,505,WOS:000804456000009,2022,LEARNING AND INSTRUCTION,"The persistence of students? academic effort: The unique and combined
effects of conscientiousness and individual interest"
149,910,WOS:000804456000009,2022,LEARNING AND INSTRUCTION,"The persistence of students? academic effort: The unique and combined
effects of conscientiousness and individual interest"
149,1015,WOS:000804456000009,2022,LEARNING AND INSTRUCTION,"The persistence of students? academic effort: The unique and combined
effects of conscientiousness and individual interest"
150,505,WOS:000804456000009,2022,LEARNING AND INSTRUCTION,"The persistence of students? academic effort: The unique and combined
effects of conscientiousness and individual interest"
150,910,WOS:000804456000009,2022,LEARNING AND INSTRUCTION,"The persistence of students? academic effort: The unique and combined
effects of conscientiousness and individual interest"
150,1015,WOS:000804456000009,2022,LEARNING AND INSTRUCTION,"The persistence of students? academic effort: The unique and combined
effects of conscientiousness and individual interest"
505,910,WOS:000804456000009,2022,LEARNING AND INSTRUCTION,"The persistence of students? academic effort: The unique and combined
effects of conscientiousness and individual interest"
505,1015,WOS:000804456000009,2022,LEARNING AND INSTRUCTION,"The persistence of students? academic effort: The unique and combined
effects of conscientiousness and individual interest"
910,1015,WOS:000804456000009,2022,LEARNING AND INSTRUCTION,"The persistence of students? academic effort: The unique and combined
effects of conscientiousness and individual interest"
33,83,WOS:000302037900006,2012,EARLY CHILDHOOD RESEARCH QUARTERLY,"Home and preschool learning environments and their relations to the
development of early numeracy skills"
33,129,WOS:000302037900006,2012,EARLY CHILDHOOD RESEARCH QUARTERLY,"Home and preschool learning environments and their relations to the
development of early numeracy skills"
33,227,WOS:000302037900006,2012,EARLY CHILDHOOD RESEARCH QUARTERLY,"Home and preschool learning environments and their relations to the
development of early numeracy skills"
33,298,WOS:000302037900006,2012,EARLY CHILDHOOD RESEARCH QUARTERLY,"Home and preschool learning environments and their relations to the
development of early numeracy skills"
83,129,WOS:000302037900006,2012,EARLY CHILDHOOD RESEARCH QUARTERLY,"Home and preschool learning environments and their relations to the
development of early numeracy skills"
83,227,WOS:000302037900006,2012,EARLY CHILDHOOD RESEARCH QUARTERLY,"Home and preschool learning environments and their relations to the
development of early numeracy skills"
83,298,WOS:000302037900006,2012,EARLY CHILDHOOD RESEARCH QUARTERLY,"Home and preschool learning environments and their relations to the
development of early numeracy skills"
129,227,WOS:000302037900006,2012,EARLY CHILDHOOD RESEARCH QUARTERLY,"Home and preschool learning environments and their relations to the
development of early numeracy skills"
129,298,WOS:000302037900006,2012,EARLY CHILDHOOD RESEARCH QUARTERLY,"Home and preschool learning environments and their relations to the
development of early numeracy skills"
227,298,WOS:000302037900006,2012,EARLY CHILDHOOD RESEARCH QUARTERLY,"Home and preschool learning environments and their relations to the
development of early numeracy skills"
155,525,WOS:001498770800010,2025,SOCIAL INCLUSION,"The Role of Contexts in Educational and Employment Transitions and
Pathways of Young People"
155,1076,WOS:001498770800010,2025,SOCIAL INCLUSION,"The Role of Contexts in Educational and Employment Transitions and
Pathways of Young People"
155,1202,WOS:001498770800010,2025,SOCIAL INCLUSION,"The Role of Contexts in Educational and Employment Transitions and
Pathways of Young People"
525,1076,WOS:001498770800010,2025,SOCIAL INCLUSION,"The Role of Contexts in Educational and Employment Transitions and
Pathways of Young People"
525,1202,WOS:001498770800010,2025,SOCIAL INCLUSION,"The Role of Contexts in Educational and Employment Transitions and
Pathways of Young People"
1076,1202,WOS:001498770800010,2025,SOCIAL INCLUSION,"The Role of Contexts in Educational and Employment Transitions and
Pathways of Young People"
155,1202,WOS:000484681200012,2019,SOCIAL INCLUSION,"The Interplay between Education, Skills, and Job Quality"
154,525,WOS:001498770800002,2025,SOCIAL INCLUSION,"Preparing Transitions: The Impact of Vocational Role Models on
Occupational Aspirations Within Social Contexts"
10,376,WOS:000484681200011,2019,SOCIAL INCLUSION,"Vocational Education and Employment: Explaining Cohort Variations in
Life Course Patterns"
10,377,WOS:000484681200011,2019,SOCIAL INCLUSION,"Vocational Education and Employment: Explaining Cohort Variations in
Life Course Patterns"
376,377,WOS:000484681200011,2019,SOCIAL INCLUSION,"Vocational Education and Employment: Explaining Cohort Variations in
Life Course Patterns"
223,822,WOS:001605463900001,2025,SOCIAL INCLUSION,"Inequality at the Transition to Higher Education in Germany: Social
Differences by Prior Educational Pathways"
223,1135,WOS:001605463900001,2025,SOCIAL INCLUSION,"Inequality at the Transition to Higher Education in Germany: Social
Differences by Prior Educational Pathways"
822,1135,WOS:001605463900001,2025,SOCIAL INCLUSION,"Inequality at the Transition to Higher Education in Germany: Social
Differences by Prior Educational Pathways"
284,862,WOS:000406489900007,2017,JOURNAL OF HAPPINESS STUDIES,"Psychological Well-Being as an Additional Outcome Parameter in the
Treatment of Patients with Gambling Disorder: Results from a Clinical
Multicenter Follow-Up Study"
16,825,WOS:001386067900001,2024,JOURNAL OF HAPPINESS STUDIES,"When the Burden Lifts: The Effect of School and Day Care Reopenings on
Parents' Life Satisfaction"
134,513,WOS:000461536000002,2019,LEARNING AND INSTRUCTION,"The dimensional structure of students' self-concept and interest in
science depends on course composition"
134,1032,WOS:000461536000002,2019,LEARNING AND INSTRUCTION,"The dimensional structure of students' self-concept and interest in
science depends on course composition"
513,1032,WOS:000461536000002,2019,LEARNING AND INSTRUCTION,"The dimensional structure of students' self-concept and interest in
science depends on course composition"
134,513,WOS:000524678900001,2022,JOURNAL OF EXPERIMENTAL EDUCATION,Science Self-Concept - More than the Sum of Its Parts?
149,1032,WOS:000330696100001,2014,JOURNAL OF EXPERIMENTAL EDUCATION,Doubly Latent Multilevel Analyses of Classroom Climate: An Illustration
128,645,WOS:000461536000014,2019,LEARNING AND INSTRUCTION,"Formative assessment in mathematics: Mediated by feedback's perceived
usefulness and students' self-efficacy"
133,624,WOS:000383826900004,2016,LEARNING AND INSTRUCTION,"Context-related changes in academic self concept development: On the
long-term persistence of big-fish-little-pond effects"
132,133,WOS:000300968200001,2012,LEARNING AND INSTRUCTION,"Improving second language skills of immigrant students: A field trial
study evaluating the effects of a summer learning program"
132,420,WOS:000300968200001,2012,LEARNING AND INSTRUCTION,"Improving second language skills of immigrant students: A field trial
study evaluating the effects of a summer learning program"
133,420,WOS:000300968200001,2012,LEARNING AND INSTRUCTION,"Improving second language skills of immigrant students: A field trial
study evaluating the effects of a summer learning program"
179,1087,WOS:001030681100001,2023,LEARNING AND INSTRUCTION,"A digital game-based training improves spelling in German primary school
children-A randomized controlled field trial"
134,1079,WOS:001220890300001,2024,STUDIES IN EDUCATIONAL EVALUATION,"The double-edged sword of de-tracking reforms in Germany: Using a
Difference-in-Differences approach to estimate effects on students'
educational aspirations and their association with students'
socioeconomic backgrounds"
86,371,WOS:001298158300001,2024,STUDIES IN EDUCATIONAL EVALUATION,"Circumventing construct-irrelevant variance in international assessments
using cognitive diagnostic modeling: A curriculum-sensitive measure"
134,663,WOS:001347263000001,2024,LEARNING AND INSTRUCTION,"Tests of moderation of the big-fish-little-pond effect across students
with and without special educational needs in regular versus special
education schools"
58,624,WOS:000689547000009,2021,STUDIES IN EDUCATIONAL EVALUATION,"Implementation processes of site-based management at schools in
challenging circumstances in Germany: Principals' and teachers'
perceptions of openness and consensus in target setting processes"
282,903,WOS:000246514500005,2007,LEARNING AND INSTRUCTION,Educational films in the classroom: Increasing the benefit
132,270,WOS:000259838300006,2008,LEARNING AND INSTRUCTION,"Students' and mathematics teachers' perceptions of teacher enthusiasm
and instruction"
132,318,WOS:000259838300006,2008,LEARNING AND INSTRUCTION,"Students' and mathematics teachers' perceptions of teacher enthusiasm
and instruction"
132,673,WOS:000259838300006,2008,LEARNING AND INSTRUCTION,"Students' and mathematics teachers' perceptions of teacher enthusiasm
and instruction"
270,318,WOS:000259838300006,2008,LEARNING AND INSTRUCTION,"Students' and mathematics teachers' perceptions of teacher enthusiasm
and instruction"
270,673,WOS:000259838300006,2008,LEARNING AND INSTRUCTION,"Students' and mathematics teachers' perceptions of teacher enthusiasm
and instruction"
318,673,WOS:000259838300006,2008,LEARNING AND INSTRUCTION,"Students' and mathematics teachers' perceptions of teacher enthusiasm
and instruction"
179,816,WOS:000438350500006,2018,JOURNAL OF RESEARCH IN READING,"Word frequency and readability: Predicting the text-level readability
with a lexical-level attribute"
38,994,WOS:000378769300006,2016,INSTRUCTIONAL SCIENCE,"Intra-individual differences in developing professional vision:
preservice teachers' changes in the course of an innovative teacher
education program"
28,132,WOS:000288584900009,2011,LEARNING AND INSTRUCTION,"Teachers' beliefs, instructional behaviors, and students' engagement in
learning from texts with instructional pictures"
28,777,WOS:000288584900009,2011,LEARNING AND INSTRUCTION,"Teachers' beliefs, instructional behaviors, and students' engagement in
learning from texts with instructional pictures"
28,1080,WOS:000288584900009,2011,LEARNING AND INSTRUCTION,"Teachers' beliefs, instructional behaviors, and students' engagement in
learning from texts with instructional pictures"
132,777,WOS:000288584900009,2011,LEARNING AND INSTRUCTION,"Teachers' beliefs, instructional behaviors, and students' engagement in
learning from texts with instructional pictures"
132,1080,WOS:000288584900009,2011,LEARNING AND INSTRUCTION,"Teachers' beliefs, instructional behaviors, and students' engagement in
learning from texts with instructional pictures"
777,1080,WOS:000288584900009,2011,LEARNING AND INSTRUCTION,"Teachers' beliefs, instructional behaviors, and students' engagement in
learning from texts with instructional pictures"
420,645,WOS:000335111900006,2014,LEARNING AND INSTRUCTION,"Socioeconomic and language minority classroom composition and individual
reading achievement: The mediating role of instructional quality"
420,1079,WOS:000335111900006,2014,LEARNING AND INSTRUCTION,"Socioeconomic and language minority classroom composition and individual
reading achievement: The mediating role of instructional quality"
645,1079,WOS:000335111900006,2014,LEARNING AND INSTRUCTION,"Socioeconomic and language minority classroom composition and individual
reading achievement: The mediating role of instructional quality"
149,1032,WOS:000299633400007,2011,EDUCATIONAL PSYCHOLOGY,"The negative effect of school-average ability on science self-concept in
the UK, the UK countries and the world: the Big-Fish-Little-Pond-Effect
for PISA 2006"
38,433,WOS:000238326600004,2006,LEARNING AND INSTRUCTION,"Stability of teaching patterns in physics instruction: Findings from a
video study"
70,132,WOS:000702844700004,2021,STUDIES IN EDUCATIONAL EVALUATION,"Separating PIAAC competencies from general cognitive skills: A
dimensionality and explanatory analysis"
70,365,WOS:000702844700004,2021,STUDIES IN EDUCATIONAL EVALUATION,"Separating PIAAC competencies from general cognitive skills: A
dimensionality and explanatory analysis"
132,365,WOS:000702844700004,2021,STUDIES IN EDUCATIONAL EVALUATION,"Separating PIAAC competencies from general cognitive skills: A
dimensionality and explanatory analysis"
1031,1032,WOS:000311770100009,2013,LEARNING AND INSTRUCTION,"Differential school contextual effects for math and English: Integrating
the big-fish-little-pond effect and the internal/external frame of
reference"
149,1025,WOS:000642826300001,2021,READING AND WRITING,"Basic reading and reading-related language skills in adults with
deficient reading comprehension who read a transparent orthography"
150,318,WOS:000447479800012,2018,LEARNING AND INSTRUCTION,"Student misbehavior and teacher well-being: Testing the mediating role
of the teacher-student relationship"
55,957,WOS:000375851400003,2016,EDUCATIONAL PSYCHOLOGY,"Personality similarity between teachers and their students influences
teacher judgement of student achievement"
55,800,WOS:000310327800005,2012,JOURNAL OF RESEARCH IN READING,"Reading competence development of poor readers in a German elementary
school sample: an empirical examination of the Matthew effect model"
282,903,WOS:000289567300001,2011,METACOGNITION AND LEARNING,"The effects of summary production and encoding condition on children's
metacognitive monitoring"
33,295,WOS:001243786500001,2024,EARLY EDUCATION AND DEVELOPMENT,"Children's Social-Emotional Development During the COVID-19 Pandemic:
Protective Effects of the Quality of Children's Home and Preschool
Learning Environments"
83,298,WOS:000427075100003,2018,EARLY EDUCATION AND DEVELOPMENT,"Long-Term Relations Between Children's Language, the Home Literacy
Environment, and Socioemotional Development From Ages 3 to 8"
83,412,WOS:000427075100003,2018,EARLY EDUCATION AND DEVELOPMENT,"Long-Term Relations Between Children's Language, the Home Literacy
Environment, and Socioemotional Development From Ages 3 to 8"
298,412,WOS:000427075100003,2018,EARLY EDUCATION AND DEVELOPMENT,"Long-Term Relations Between Children's Language, the Home Literacy
Environment, and Socioemotional Development From Ages 3 to 8"
83,297,WOS:001427915500001,2025,EARLY CHILDHOOD RESEARCH QUARTERLY,"Fostering toddlers' numeracy and mathematical language skills through a
professional development intervention on interaction quality in toddler
classrooms"
83,298,WOS:001427915500001,2025,EARLY CHILDHOOD RESEARCH QUARTERLY,"Fostering toddlers' numeracy and mathematical language skills through a
professional development intervention on interaction quality in toddler
classrooms"
297,298,WOS:001427915500001,2025,EARLY CHILDHOOD RESEARCH QUARTERLY,"Fostering toddlers' numeracy and mathematical language skills through a
professional development intervention on interaction quality in toddler
classrooms"
294,295,WOS:000904636300003,2023,EARLY CHILDHOOD RESEARCH QUARTERLY,"Associations between preschool quality and children's social-emotional
development until 2nd grade of elementary school"
294,298,WOS:000904636300003,2023,EARLY CHILDHOOD RESEARCH QUARTERLY,"Associations between preschool quality and children's social-emotional
development until 2nd grade of elementary school"
295,298,WOS:000904636300003,2023,EARLY CHILDHOOD RESEARCH QUARTERLY,"Associations between preschool quality and children's social-emotional
development until 2nd grade of elementary school"
282,920,WOS:000705402700001,2023,EARLY EDUCATION AND DEVELOPMENT,"Persistence Development across the Transition to School: A Latent
Profile Transition Analysis"
33,927,WOS:000827955700001,2023,EARLY EDUCATION AND DEVELOPMENT,"Parents' Trust in Their Child's Preschool: Associations with Child and
Family Characteristics and Aspects of Parent-Preschool Communication"
244,247,WOS:000470638400001,2019,BRITISH JOURNAL OF SOCIOLOGY OF EDUCATION,"Applying social production function theory to benefits of schooling: the
concept of values of education"
244,301,WOS:000470638400001,2019,BRITISH JOURNAL OF SOCIOLOGY OF EDUCATION,"Applying social production function theory to benefits of schooling: the
concept of values of education"
247,301,WOS:000470638400001,2019,BRITISH JOURNAL OF SOCIOLOGY OF EDUCATION,"Applying social production function theory to benefits of schooling: the
concept of values of education"
297,298,WOS:001442979300001,2025,EARLY CHILDHOOD RESEARCH QUARTERLY,"Improving global and math-specific teacher-toddler interactions through
an intervention for early childcare teachers: The role of activity
settings"
33,298,WOS:000863324100006,2023,EARLY CHILDHOOD RESEARCH QUARTERLY,"Preschool teachers? language-relate d pe dagogical b eliefs and their
relation to observed classroom quality"
296,298,WOS:000378448700043,2016,EARLY CHILDHOOD RESEARCH QUARTERLY,"Longer-term associations of preschool education: The predictive role of
preschool quality for the development of mathematical skills through
elementary school"
33,295,WOS:000479919600001,2021,EARLY CHILD DEVELOPMENT AND CARE,"Preschool teachers' science practices: associations with teachers'
qualifications and their self-efficacy beliefs in science"
83,298,WOS:000380244000007,2016,EARLY CHILD DEVELOPMENT AND CARE,"Enjoyment of learning and learning effort in primary school: the
significance of child individual characteristics and stimulation at home
and at preschool"
297,298,WOS:001065864400001,2023,EARLY CHILD DEVELOPMENT AND CARE,"Interaction quality in German early childcare settings: investigating
the domains of CLASS Toddler and the associations with structural
characteristics"
33,296,WOS:000380244000008,2016,EARLY CHILD DEVELOPMENT AND CARE,"Influences of an academically oriented preschool curriculum on the
development of children - are there negative consequences for the
children's socio-emotional competencies?"
33,129,WOS:000380244000012,2016,EARLY CHILD DEVELOPMENT AND CARE,"Triggering parental involvement for parents of different language
backgrounds: the role of types of partnership activities and preschool
characteristics"
33,1080,WOS:000380244000012,2016,EARLY CHILD DEVELOPMENT AND CARE,"Triggering parental involvement for parents of different language
backgrounds: the role of types of partnership activities and preschool
characteristics"
129,1080,WOS:000380244000012,2016,EARLY CHILD DEVELOPMENT AND CARE,"Triggering parental involvement for parents of different language
backgrounds: the role of types of partnership activities and preschool
characteristics"
141,149,WOS:001125874400002,2023,NPJ SCIENCE OF LEARNING,"Does students' awareness of school-track-related stereotypes exacerbate
inequalities in education?"
141,150,WOS:001125874400002,2023,NPJ SCIENCE OF LEARNING,"Does students' awareness of school-track-related stereotypes exacerbate
inequalities in education?"
141,648,WOS:001125874400002,2023,NPJ SCIENCE OF LEARNING,"Does students' awareness of school-track-related stereotypes exacerbate
inequalities in education?"
149,150,WOS:001125874400002,2023,NPJ SCIENCE OF LEARNING,"Does students' awareness of school-track-related stereotypes exacerbate
inequalities in education?"
149,648,WOS:001125874400002,2023,NPJ SCIENCE OF LEARNING,"Does students' awareness of school-track-related stereotypes exacerbate
inequalities in education?"
150,648,WOS:001125874400002,2023,NPJ SCIENCE OF LEARNING,"Does students' awareness of school-track-related stereotypes exacerbate
inequalities in education?"
167,228,WOS:000438091100003,2018,SOCIOLOGY OF EDUCATION,"Slipping Past the Test: Heterogeneous Effects of Social Background in
the Context of Inconsistent Selection Mechanisms in Higher Education"
69,366,WOS:001001678000001,2024,JOURNAL OF EDUCATIONAL AND BEHAVIORAL STATISTICS,"Using Response Times for Joint Modeling of Careless Responding and
Attentive Response Styles"
143,904,WOS:000380244000011,2016,EARLY CHILD DEVELOPMENT AND CARE,"Formal and informal early education of Turkish-origin children in
Germany"
33,927,WOS:000818847000001,2023,EARLY CHILD DEVELOPMENT AND CARE,The role of partnership practices in strengthening parental trust
56,212,WOS:000293098700015,2011,ZEITSCHRIFT FUR ERZIEHUNGSWISSENSCHAFT,"Transition and development from lower secondary to upper secondary
school"
56,214,WOS:000293098700015,2011,ZEITSCHRIFT FUR ERZIEHUNGSWISSENSCHAFT,"Transition and development from lower secondary to upper secondary
school"
56,224,WOS:000293098700015,2011,ZEITSCHRIFT FUR ERZIEHUNGSWISSENSCHAFT,"Transition and development from lower secondary to upper secondary
school"
56,448,WOS:000293098700015,2011,ZEITSCHRIFT FUR ERZIEHUNGSWISSENSCHAFT,"Transition and development from lower secondary to upper secondary
school"
56,532,WOS:000293098700015,2011,ZEITSCHRIFT FUR ERZIEHUNGSWISSENSCHAFT,"Transition and development from lower secondary to upper secondary
school"
212,214,WOS:000293098700015,2011,ZEITSCHRIFT FUR ERZIEHUNGSWISSENSCHAFT,"Transition and development from lower secondary to upper secondary
school"
212,224,WOS:000293098700015,2011,ZEITSCHRIFT FUR ERZIEHUNGSWISSENSCHAFT,"Transition and development from lower secondary to upper secondary
school"
212,448,WOS:000293098700015,2011,ZEITSCHRIFT FUR ERZIEHUNGSWISSENSCHAFT,"Transition and development from lower secondary to upper secondary
school"
212,532,WOS:000293098700015,2011,ZEITSCHRIFT FUR ERZIEHUNGSWISSENSCHAFT,"Transition and development from lower secondary to upper secondary
school"
214,224,WOS:000293098700015,2011,ZEITSCHRIFT FUR ERZIEHUNGSWISSENSCHAFT,"Transition and development from lower secondary to upper secondary
school"
214,448,WOS:000293098700015,2011,ZEITSCHRIFT FUR ERZIEHUNGSWISSENSCHAFT,"Transition and development from lower secondary to upper secondary
school"
214,532,WOS:000293098700015,2011,ZEITSCHRIFT FUR ERZIEHUNGSWISSENSCHAFT,"Transition and development from lower secondary to upper secondary
school"
224,448,WOS:000293098700015,2011,ZEITSCHRIFT FUR ERZIEHUNGSWISSENSCHAFT,"Transition and development from lower secondary to upper secondary
school"
224,532,WOS:000293098700015,2011,ZEITSCHRIFT FUR ERZIEHUNGSWISSENSCHAFT,"Transition and development from lower secondary to upper secondary
school"
448,532,WOS:000293098700015,2011,ZEITSCHRIFT FUR ERZIEHUNGSWISSENSCHAFT,"Transition and development from lower secondary to upper secondary
school"
83,177,WOS:000293098700014,2011,ZEITSCHRIFT FUR ERZIEHUNGSWISSENSCHAFT,Kindergarten and elementary school
83,180,WOS:000293098700014,2011,ZEITSCHRIFT FUR ERZIEHUNGSWISSENSCHAFT,Kindergarten and elementary school
83,182,WOS:000293098700014,2011,ZEITSCHRIFT FUR ERZIEHUNGSWISSENSCHAFT,Kindergarten and elementary school
83,183,WOS:000293098700014,2011,ZEITSCHRIFT FUR ERZIEHUNGSWISSENSCHAFT,Kindergarten and elementary school
177,180,WOS:000293098700014,2011,ZEITSCHRIFT FUR ERZIEHUNGSWISSENSCHAFT,Kindergarten and elementary school
177,182,WOS:000293098700014,2011,ZEITSCHRIFT FUR ERZIEHUNGSWISSENSCHAFT,Kindergarten and elementary school
177,183,WOS:000293098700014,2011,ZEITSCHRIFT FUR ERZIEHUNGSWISSENSCHAFT,Kindergarten and elementary school
180,182,WOS:000293098700014,2011,ZEITSCHRIFT FUR ERZIEHUNGSWISSENSCHAFT,Kindergarten and elementary school
180,183,WOS:000293098700014,2011,ZEITSCHRIFT FUR ERZIEHUNGSWISSENSCHAFT,Kindergarten and elementary school
182,183,WOS:000293098700014,2011,ZEITSCHRIFT FUR ERZIEHUNGSWISSENSCHAFT,Kindergarten and elementary school
151,885,WOS:000495715200001,2020,BRITISH JOURNAL OF SOCIOLOGY OF EDUCATION,"Children's conversion of cultural capital into educational success: the
symbolic and skill-generating functions of cultural capital"
151,886,WOS:000495715200001,2020,BRITISH JOURNAL OF SOCIOLOGY OF EDUCATION,"Children's conversion of cultural capital into educational success: the
symbolic and skill-generating functions of cultural capital"
885,886,WOS:000495715200001,2020,BRITISH JOURNAL OF SOCIOLOGY OF EDUCATION,"Children's conversion of cultural capital into educational success: the
symbolic and skill-generating functions of cultural capital"
134,501,WOS:000545118000001,2020,BRITISH JOURNAL OF SOCIOLOGY OF EDUCATION,"Social influence or selection? Peer effects on the development of
adolescents' educational expectations in Germany"
175,176,WOS:000675656100001,2021,YOUNG,"Impacts of the COVID-19 Control Measures on Widening Educational
Inequalities"
85,86,WOS:001096943700003,2023,SOCIAL INDICATORS RESEARCH,"Mind the Gap… But Which Gap? The Distinctions Between Social
Inequalities in Student Achievement"
55,155,WOS:000639570900007,2021,ZEITSCHRIFT FUR PADAGOGIK,"Low Literacy is not Set in Stone Longitudinal Evidence on the
Development of Low Literacy During Adulthood'"
55,261,WOS:000639570900007,2021,ZEITSCHRIFT FUR PADAGOGIK,"Low Literacy is not Set in Stone Longitudinal Evidence on the
Development of Low Literacy During Adulthood'"
55,263,WOS:000639570900007,2021,ZEITSCHRIFT FUR PADAGOGIK,"Low Literacy is not Set in Stone Longitudinal Evidence on the
Development of Low Literacy During Adulthood'"
55,409,WOS:000639570900007,2021,ZEITSCHRIFT FUR PADAGOGIK,"Low Literacy is not Set in Stone Longitudinal Evidence on the
Development of Low Literacy During Adulthood'"
55,1200,WOS:000639570900007,2021,ZEITSCHRIFT FUR PADAGOGIK,"Low Literacy is not Set in Stone Longitudinal Evidence on the
Development of Low Literacy During Adulthood'"
155,261,WOS:000639570900007,2021,ZEITSCHRIFT FUR PADAGOGIK,"Low Literacy is not Set in Stone Longitudinal Evidence on the
Development of Low Literacy During Adulthood'"
155,263,WOS:000639570900007,2021,ZEITSCHRIFT FUR PADAGOGIK,"Low Literacy is not Set in Stone Longitudinal Evidence on the
Development of Low Literacy During Adulthood'"
155,409,WOS:000639570900007,2021,ZEITSCHRIFT FUR PADAGOGIK,"Low Literacy is not Set in Stone Longitudinal Evidence on the
Development of Low Literacy During Adulthood'"
155,1200,WOS:000639570900007,2021,ZEITSCHRIFT FUR PADAGOGIK,"Low Literacy is not Set in Stone Longitudinal Evidence on the
Development of Low Literacy During Adulthood'"
261,263,WOS:000639570900007,2021,ZEITSCHRIFT FUR PADAGOGIK,"Low Literacy is not Set in Stone Longitudinal Evidence on the
Development of Low Literacy During Adulthood'"
261,409,WOS:000639570900007,2021,ZEITSCHRIFT FUR PADAGOGIK,"Low Literacy is not Set in Stone Longitudinal Evidence on the
Development of Low Literacy During Adulthood'"
261,1200,WOS:000639570900007,2021,ZEITSCHRIFT FUR PADAGOGIK,"Low Literacy is not Set in Stone Longitudinal Evidence on the
Development of Low Literacy During Adulthood'"
263,409,WOS:000639570900007,2021,ZEITSCHRIFT FUR PADAGOGIK,"Low Literacy is not Set in Stone Longitudinal Evidence on the
Development of Low Literacy During Adulthood'"
263,1200,WOS:000639570900007,2021,ZEITSCHRIFT FUR PADAGOGIK,"Low Literacy is not Set in Stone Longitudinal Evidence on the
Development of Low Literacy During Adulthood'"
409,1200,WOS:000639570900007,2021,ZEITSCHRIFT FUR PADAGOGIK,"Low Literacy is not Set in Stone Longitudinal Evidence on the
Development of Low Literacy During Adulthood'"
80,198,WOS:000293098700011,2011,ZEITSCHRIFT FUR ERZIEHUNGSWISSENSCHAFT,Motivational concepts and personality aspects across the life course
80,227,WOS:000293098700011,2011,ZEITSCHRIFT FUR ERZIEHUNGSWISSENSCHAFT,Motivational concepts and personality aspects across the life course
80,277,WOS:000293098700011,2011,ZEITSCHRIFT FUR ERZIEHUNGSWISSENSCHAFT,Motivational concepts and personality aspects across the life course
198,227,WOS:000293098700011,2011,ZEITSCHRIFT FUR ERZIEHUNGSWISSENSCHAFT,Motivational concepts and personality aspects across the life course
198,277,WOS:000293098700011,2011,ZEITSCHRIFT FUR ERZIEHUNGSWISSENSCHAFT,Motivational concepts and personality aspects across the life course
227,277,WOS:000293098700011,2011,ZEITSCHRIFT FUR ERZIEHUNGSWISSENSCHAFT,Motivational concepts and personality aspects across the life course
244,246,WOS:000614489400001,2021,INTERNATIONAL JOURNAL OF EDUCATIONAL RESEARCH,"Changes in school alienation profiles among secondary school students
and the role of teaching style: Results from a longitudinal study in
Luxembourg and Switzerland"
244,247,WOS:000614489400001,2021,INTERNATIONAL JOURNAL OF EDUCATIONAL RESEARCH,"Changes in school alienation profiles among secondary school students
and the role of teaching style: Results from a longitudinal study in
Luxembourg and Switzerland"
244,301,WOS:000614489400001,2021,INTERNATIONAL JOURNAL OF EDUCATIONAL RESEARCH,"Changes in school alienation profiles among secondary school students
and the role of teaching style: Results from a longitudinal study in
Luxembourg and Switzerland"
246,247,WOS:000614489400001,2021,INTERNATIONAL JOURNAL OF EDUCATIONAL RESEARCH,"Changes in school alienation profiles among secondary school students
and the role of teaching style: Results from a longitudinal study in
Luxembourg and Switzerland"
246,301,WOS:000614489400001,2021,INTERNATIONAL JOURNAL OF EDUCATIONAL RESEARCH,"Changes in school alienation profiles among secondary school students
and the role of teaching style: Results from a longitudinal study in
Luxembourg and Switzerland"
247,301,WOS:000614489400001,2021,INTERNATIONAL JOURNAL OF EDUCATIONAL RESEARCH,"Changes in school alienation profiles among secondary school students
and the role of teaching style: Results from a longitudinal study in
Luxembourg and Switzerland"
58,135,WOS:000293098700016,2011,ZEITSCHRIFT FUR ERZIEHUNGSWISSENSCHAFT,"Upper secondary education in academic school tracks and the transition
from school to postsecondary education and the job market"
58,150,WOS:000293098700016,2011,ZEITSCHRIFT FUR ERZIEHUNGSWISSENSCHAFT,"Upper secondary education in academic school tracks and the transition
from school to postsecondary education and the job market"
58,178,WOS:000293098700016,2011,ZEITSCHRIFT FUR ERZIEHUNGSWISSENSCHAFT,"Upper secondary education in academic school tracks and the transition
from school to postsecondary education and the job market"
58,734,WOS:000293098700016,2011,ZEITSCHRIFT FUR ERZIEHUNGSWISSENSCHAFT,"Upper secondary education in academic school tracks and the transition
from school to postsecondary education and the job market"
58,1177,WOS:000293098700016,2011,ZEITSCHRIFT FUR ERZIEHUNGSWISSENSCHAFT,"Upper secondary education in academic school tracks and the transition
from school to postsecondary education and the job market"
135,150,WOS:000293098700016,2011,ZEITSCHRIFT FUR ERZIEHUNGSWISSENSCHAFT,"Upper secondary education in academic school tracks and the transition
from school to postsecondary education and the job market"
135,178,WOS:000293098700016,2011,ZEITSCHRIFT FUR ERZIEHUNGSWISSENSCHAFT,"Upper secondary education in academic school tracks and the transition
from school to postsecondary education and the job market"
135,734,WOS:000293098700016,2011,ZEITSCHRIFT FUR ERZIEHUNGSWISSENSCHAFT,"Upper secondary education in academic school tracks and the transition
from school to postsecondary education and the job market"
135,1177,WOS:000293098700016,2011,ZEITSCHRIFT FUR ERZIEHUNGSWISSENSCHAFT,"Upper secondary education in academic school tracks and the transition
from school to postsecondary education and the job market"
150,178,WOS:000293098700016,2011,ZEITSCHRIFT FUR ERZIEHUNGSWISSENSCHAFT,"Upper secondary education in academic school tracks and the transition
from school to postsecondary education and the job market"
150,734,WOS:000293098700016,2011,ZEITSCHRIFT FUR ERZIEHUNGSWISSENSCHAFT,"Upper secondary education in academic school tracks and the transition
from school to postsecondary education and the job market"
150,1177,WOS:000293098700016,2011,ZEITSCHRIFT FUR ERZIEHUNGSWISSENSCHAFT,"Upper secondary education in academic school tracks and the transition
from school to postsecondary education and the job market"
178,734,WOS:000293098700016,2011,ZEITSCHRIFT FUR ERZIEHUNGSWISSENSCHAFT,"Upper secondary education in academic school tracks and the transition
from school to postsecondary education and the job market"
178,1177,WOS:000293098700016,2011,ZEITSCHRIFT FUR ERZIEHUNGSWISSENSCHAFT,"Upper secondary education in academic school tracks and the transition
from school to postsecondary education and the job market"
734,1177,WOS:000293098700016,2011,ZEITSCHRIFT FUR ERZIEHUNGSWISSENSCHAFT,"Upper secondary education in academic school tracks and the transition
from school to postsecondary education and the job market"
58,133,WOS:000590213500001,2020,ZEITSCHRIFT FUR ERZIEHUNGSWISSENSCHAFT,"Primary and secondary effects of social background across secondary
education: Decomposing effects at three educational transitions"
58,271,WOS:000590213500001,2020,ZEITSCHRIFT FUR ERZIEHUNGSWISSENSCHAFT,"Primary and secondary effects of social background across secondary
education: Decomposing effects at three educational transitions"
58,301,WOS:000590213500001,2020,ZEITSCHRIFT FUR ERZIEHUNGSWISSENSCHAFT,"Primary and secondary effects of social background across secondary
education: Decomposing effects at three educational transitions"
58,624,WOS:000590213500001,2020,ZEITSCHRIFT FUR ERZIEHUNGSWISSENSCHAFT,"Primary and secondary effects of social background across secondary
education: Decomposing effects at three educational transitions"
133,271,WOS:000590213500001,2020,ZEITSCHRIFT FUR ERZIEHUNGSWISSENSCHAFT,"Primary and secondary effects of social background across secondary
education: Decomposing effects at three educational transitions"
133,301,WOS:000590213500001,2020,ZEITSCHRIFT FUR ERZIEHUNGSWISSENSCHAFT,"Primary and secondary effects of social background across secondary
education: Decomposing effects at three educational transitions"
133,624,WOS:000590213500001,2020,ZEITSCHRIFT FUR ERZIEHUNGSWISSENSCHAFT,"Primary and secondary effects of social background across secondary
education: Decomposing effects at three educational transitions"
271,301,WOS:000590213500001,2020,ZEITSCHRIFT FUR ERZIEHUNGSWISSENSCHAFT,"Primary and secondary effects of social background across secondary
education: Decomposing effects at three educational transitions"
271,624,WOS:000590213500001,2020,ZEITSCHRIFT FUR ERZIEHUNGSWISSENSCHAFT,"Primary and secondary effects of social background across secondary
education: Decomposing effects at three educational transitions"
301,624,WOS:000590213500001,2020,ZEITSCHRIFT FUR ERZIEHUNGSWISSENSCHAFT,"Primary and secondary effects of social background across secondary
education: Decomposing effects at three educational transitions"
16,22,WOS:000543020000001,2020,KOLNER ZEITSCHRIFT FUR SOZIOLOGIE UND SOZIALPSYCHOLOGIE,Occupation-Based Measures-An Overview and Discussion
16,415,WOS:000543020000001,2020,KOLNER ZEITSCHRIFT FUR SOZIOLOGIE UND SOZIALPSYCHOLOGIE,Occupation-Based Measures-An Overview and Discussion
22,415,WOS:000543020000001,2020,KOLNER ZEITSCHRIFT FUR SOZIOLOGIE UND SOZIALPSYCHOLOGIE,Occupation-Based Measures-An Overview and Discussion
80,223,WOS:000252188500005,2007,KOLNER ZEITSCHRIFT FUR SOZIOLOGIE UND SOZIALPSYCHOLOGIE,"Globalization and changes in social inequality in modern societies.: A
summary of the results from the GLOBALIFE-project"
58,132,WOS:000456665300003,2018,KOLNER ZEITSCHRIFT FUR SOZIOLOGIE UND SOZIALPSYCHOLOGIE,"Sociocultural and Gender-Specific Selectivity at the Qualification for
Upper Secondary Level in a Multi Versus Two-Track Secondary System"
58,133,WOS:000456665300003,2018,KOLNER ZEITSCHRIFT FUR SOZIOLOGIE UND SOZIALPSYCHOLOGIE,"Sociocultural and Gender-Specific Selectivity at the Qualification for
Upper Secondary Level in a Multi Versus Two-Track Secondary System"
58,624,WOS:000456665300003,2018,KOLNER ZEITSCHRIFT FUR SOZIOLOGIE UND SOZIALPSYCHOLOGIE,"Sociocultural and Gender-Specific Selectivity at the Qualification for
Upper Secondary Level in a Multi Versus Two-Track Secondary System"
58,1175,WOS:000456665300003,2018,KOLNER ZEITSCHRIFT FUR SOZIOLOGIE UND SOZIALPSYCHOLOGIE,"Sociocultural and Gender-Specific Selectivity at the Qualification for
Upper Secondary Level in a Multi Versus Two-Track Secondary System"
132,133,WOS:000456665300003,2018,KOLNER ZEITSCHRIFT FUR SOZIOLOGIE UND SOZIALPSYCHOLOGIE,"Sociocultural and Gender-Specific Selectivity at the Qualification for
Upper Secondary Level in a Multi Versus Two-Track Secondary System"
132,624,WOS:000456665300003,2018,KOLNER ZEITSCHRIFT FUR SOZIOLOGIE UND SOZIALPSYCHOLOGIE,"Sociocultural and Gender-Specific Selectivity at the Qualification for
Upper Secondary Level in a Multi Versus Two-Track Secondary System"
132,1175,WOS:000456665300003,2018,KOLNER ZEITSCHRIFT FUR SOZIOLOGIE UND SOZIALPSYCHOLOGIE,"Sociocultural and Gender-Specific Selectivity at the Qualification for
Upper Secondary Level in a Multi Versus Two-Track Secondary System"
133,624,WOS:000456665300003,2018,KOLNER ZEITSCHRIFT FUR SOZIOLOGIE UND SOZIALPSYCHOLOGIE,"Sociocultural and Gender-Specific Selectivity at the Qualification for
Upper Secondary Level in a Multi Versus Two-Track Secondary System"
133,1175,WOS:000456665300003,2018,KOLNER ZEITSCHRIFT FUR SOZIOLOGIE UND SOZIALPSYCHOLOGIE,"Sociocultural and Gender-Specific Selectivity at the Qualification for
Upper Secondary Level in a Multi Versus Two-Track Secondary System"
624,1175,WOS:000456665300003,2018,KOLNER ZEITSCHRIFT FUR SOZIOLOGIE UND SOZIALPSYCHOLOGIE,"Sociocultural and Gender-Specific Selectivity at the Qualification for
Upper Secondary Level in a Multi Versus Two-Track Secondary System"
80,219,WOS:000281669800005,2010,KOLNER ZEITSCHRIFT FUR SOZIOLOGIE UND SOZIALPSYCHOLOGIE,"Mate selection as a mutual choice-How men and women reply to contact
offers in online dating"
80,219,WOS:000268292000002,2009,KOLNER ZEITSCHRIFT FUR SOZIOLOGIE UND SOZIALPSYCHOLOGIE,"Online mate search - Education-specific mechanisms of choosing contact
partners"
131,251,WOS:000248004100005,2007,KOLNER ZEITSCHRIFT FUR SOZIOLOGIE UND SOZIALPSYCHOLOGIE,"To the increased significance of unstable employment -: New results to
an old controversy"
10,21,WOS:000358067500002,2015,KOLNER ZEITSCHRIFT FUR SOZIOLOGIE UND SOZIALPSYCHOLOGIE,"``Devaluation of Female Occupations or Devaluation of Women Within
Occupations?{''}"
10,106,WOS:000358067500002,2015,KOLNER ZEITSCHRIFT FUR SOZIOLOGIE UND SOZIALPSYCHOLOGIE,"``Devaluation of Female Occupations or Devaluation of Women Within
Occupations?{''}"
21,106,WOS:000358067500002,2015,KOLNER ZEITSCHRIFT FUR SOZIOLOGIE UND SOZIALPSYCHOLOGIE,"``Devaluation of Female Occupations or Devaluation of Women Within
Occupations?{''}"
221,1057,WOS:001493622400001,2025,SOCIAL INDICATORS RESEARCH,"Persistent Trends or Pandemic Effects? A Multi-Cohort Longitudinal Study
on Student Well-being, Inequality, and Educational Transitions"
33,83,WOS:000319304500002,2013,SCHOOL EFFECTIVENESS AND SCHOOL IMPROVEMENT,"Internal and external influences on vocabulary development in preschool
children"
33,412,WOS:000319304500002,2013,SCHOOL EFFECTIVENESS AND SCHOOL IMPROVEMENT,"Internal and external influences on vocabulary development in preschool
children"
33,425,WOS:000319304500002,2013,SCHOOL EFFECTIVENESS AND SCHOOL IMPROVEMENT,"Internal and external influences on vocabulary development in preschool
children"
83,412,WOS:000319304500002,2013,SCHOOL EFFECTIVENESS AND SCHOOL IMPROVEMENT,"Internal and external influences on vocabulary development in preschool
children"
83,425,WOS:000319304500002,2013,SCHOOL EFFECTIVENESS AND SCHOOL IMPROVEMENT,"Internal and external influences on vocabulary development in preschool
children"
412,425,WOS:000319304500002,2013,SCHOOL EFFECTIVENESS AND SCHOOL IMPROVEMENT,"Internal and external influences on vocabulary development in preschool
children"
58,135,WOS:000294542900007,2011,ZEITSCHRIFT FUR ERZIEHUNGSWISSENSCHAFT,"High class students in the universities, the rest in the other
institutions of higher education"
58,150,WOS:000294542900007,2011,ZEITSCHRIFT FUR ERZIEHUNGSWISSENSCHAFT,"High class students in the universities, the rest in the other
institutions of higher education"
58,734,WOS:000294542900007,2011,ZEITSCHRIFT FUR ERZIEHUNGSWISSENSCHAFT,"High class students in the universities, the rest in the other
institutions of higher education"
58,1177,WOS:000294542900007,2011,ZEITSCHRIFT FUR ERZIEHUNGSWISSENSCHAFT,"High class students in the universities, the rest in the other
institutions of higher education"
135,150,WOS:000294542900007,2011,ZEITSCHRIFT FUR ERZIEHUNGSWISSENSCHAFT,"High class students in the universities, the rest in the other
institutions of higher education"
135,734,WOS:000294542900007,2011,ZEITSCHRIFT FUR ERZIEHUNGSWISSENSCHAFT,"High class students in the universities, the rest in the other
institutions of higher education"
135,1177,WOS:000294542900007,2011,ZEITSCHRIFT FUR ERZIEHUNGSWISSENSCHAFT,"High class students in the universities, the rest in the other
institutions of higher education"
150,734,WOS:000294542900007,2011,ZEITSCHRIFT FUR ERZIEHUNGSWISSENSCHAFT,"High class students in the universities, the rest in the other
institutions of higher education"
150,1177,WOS:000294542900007,2011,ZEITSCHRIFT FUR ERZIEHUNGSWISSENSCHAFT,"High class students in the universities, the rest in the other
institutions of higher education"
734,1177,WOS:000294542900007,2011,ZEITSCHRIFT FUR ERZIEHUNGSWISSENSCHAFT,"High class students in the universities, the rest in the other
institutions of higher education"
80,225,WOS:000706404700004,2021,ZEITSCHRIFT FUR PADAGOGIK,"Higher Education Entry Certificate Obtained via the Traditional Academic
Track and Institutions of Second-Chance Education. Adult Reading
Literacy and Socioeconomic Status at Labor Market Entry"
80,226,WOS:000706404700004,2021,ZEITSCHRIFT FUR PADAGOGIK,"Higher Education Entry Certificate Obtained via the Traditional Academic
Track and Institutions of Second-Chance Education. Adult Reading
Literacy and Socioeconomic Status at Labor Market Entry"
225,226,WOS:000706404700004,2021,ZEITSCHRIFT FUR PADAGOGIK,"Higher Education Entry Certificate Obtained via the Traditional Academic
Track and Institutions of Second-Chance Education. Adult Reading
Literacy and Socioeconomic Status at Labor Market Entry"
58,132,WOS:000439193600008,2018,ZEITSCHRIFT FUR ERZIEHUNGSWISSENSCHAFT,"Changing schools in a two-tier school system Determinants for not
passing the probationary year of academic track secondary school"
58,133,WOS:000439193600008,2018,ZEITSCHRIFT FUR ERZIEHUNGSWISSENSCHAFT,"Changing schools in a two-tier school system Determinants for not
passing the probationary year of academic track secondary school"
58,134,WOS:000439193600008,2018,ZEITSCHRIFT FUR ERZIEHUNGSWISSENSCHAFT,"Changing schools in a two-tier school system Determinants for not
passing the probationary year of academic track secondary school"
58,624,WOS:000439193600008,2018,ZEITSCHRIFT FUR ERZIEHUNGSWISSENSCHAFT,"Changing schools in a two-tier school system Determinants for not
passing the probationary year of academic track secondary school"
58,1174,WOS:000439193600008,2018,ZEITSCHRIFT FUR ERZIEHUNGSWISSENSCHAFT,"Changing schools in a two-tier school system Determinants for not
passing the probationary year of academic track secondary school"
132,133,WOS:000439193600008,2018,ZEITSCHRIFT FUR ERZIEHUNGSWISSENSCHAFT,"Changing schools in a two-tier school system Determinants for not
passing the probationary year of academic track secondary school"
132,134,WOS:000439193600008,2018,ZEITSCHRIFT FUR ERZIEHUNGSWISSENSCHAFT,"Changing schools in a two-tier school system Determinants for not
passing the probationary year of academic track secondary school"
132,624,WOS:000439193600008,2018,ZEITSCHRIFT FUR ERZIEHUNGSWISSENSCHAFT,"Changing schools in a two-tier school system Determinants for not
passing the probationary year of academic track secondary school"
132,1174,WOS:000439193600008,2018,ZEITSCHRIFT FUR ERZIEHUNGSWISSENSCHAFT,"Changing schools in a two-tier school system Determinants for not
passing the probationary year of academic track secondary school"
133,134,WOS:000439193600008,2018,ZEITSCHRIFT FUR ERZIEHUNGSWISSENSCHAFT,"Changing schools in a two-tier school system Determinants for not
passing the probationary year of academic track secondary school"
133,624,WOS:000439193600008,2018,ZEITSCHRIFT FUR ERZIEHUNGSWISSENSCHAFT,"Changing schools in a two-tier school system Determinants for not
passing the probationary year of academic track secondary school"
133,1174,WOS:000439193600008,2018,ZEITSCHRIFT FUR ERZIEHUNGSWISSENSCHAFT,"Changing schools in a two-tier school system Determinants for not
passing the probationary year of academic track secondary school"
134,624,WOS:000439193600008,2018,ZEITSCHRIFT FUR ERZIEHUNGSWISSENSCHAFT,"Changing schools in a two-tier school system Determinants for not
passing the probationary year of academic track secondary school"
134,1174,WOS:000439193600008,2018,ZEITSCHRIFT FUR ERZIEHUNGSWISSENSCHAFT,"Changing schools in a two-tier school system Determinants for not
passing the probationary year of academic track secondary school"
624,1174,WOS:000439193600008,2018,ZEITSCHRIFT FUR ERZIEHUNGSWISSENSCHAFT,"Changing schools in a two-tier school system Determinants for not
passing the probationary year of academic track secondary school"
74,77,WOS:000293098700005,2011,ZEITSCHRIFT FUR ERZIEHUNGSWISSENSCHAFT,"Sampling designs of the National Educational Panel Study: challenges and
solutions"
74,78,WOS:000293098700005,2011,ZEITSCHRIFT FUR ERZIEHUNGSWISSENSCHAFT,"Sampling designs of the National Educational Panel Study: challenges and
solutions"
74,80,WOS:000293098700005,2011,ZEITSCHRIFT FUR ERZIEHUNGSWISSENSCHAFT,"Sampling designs of the National Educational Panel Study: challenges and
solutions"
77,78,WOS:000293098700005,2011,ZEITSCHRIFT FUR ERZIEHUNGSWISSENSCHAFT,"Sampling designs of the National Educational Panel Study: challenges and
solutions"
77,80,WOS:000293098700005,2011,ZEITSCHRIFT FUR ERZIEHUNGSWISSENSCHAFT,"Sampling designs of the National Educational Panel Study: challenges and
solutions"
78,80,WOS:000293098700005,2011,ZEITSCHRIFT FUR ERZIEHUNGSWISSENSCHAFT,"Sampling designs of the National Educational Panel Study: challenges and
solutions"
270,295,WOS:000425448100004,2018,JOURNAL OF RESEARCH IN SCIENCE TEACHING,Uncovering young children's motivational beliefs about learning science
270,1171,WOS:000425448100004,2018,JOURNAL OF RESEARCH IN SCIENCE TEACHING,Uncovering young children's motivational beliefs about learning science
295,1171,WOS:000425448100004,2018,JOURNAL OF RESEARCH IN SCIENCE TEACHING,Uncovering young children's motivational beliefs about learning science
58,135,WOS:000294542900006,2011,ZEITSCHRIFT FUR ERZIEHUNGSWISSENSCHAFT,"Social disparities and the opening of the secondary school system in
Germany"
58,150,WOS:000294542900006,2011,ZEITSCHRIFT FUR ERZIEHUNGSWISSENSCHAFT,"Social disparities and the opening of the secondary school system in
Germany"
135,150,WOS:000294542900006,2011,ZEITSCHRIFT FUR ERZIEHUNGSWISSENSCHAFT,"Social disparities and the opening of the secondary school system in
Germany"
58,135,WOS:000244445200006,2006,ZEITSCHRIFT FUR ERZIEHUNGSWISSENSCHAFT,"Deciding on a college type:: A comparison of school achievement, fiamily
background, occupational interests, and reasons for choice of college
type among (prospective) students in Baden-Wurttemberg"
58,150,WOS:000244445200006,2006,ZEITSCHRIFT FUR ERZIEHUNGSWISSENSCHAFT,"Deciding on a college type:: A comparison of school achievement, fiamily
background, occupational interests, and reasons for choice of college
type among (prospective) students in Baden-Wurttemberg"
58,847,WOS:000244445200006,2006,ZEITSCHRIFT FUR ERZIEHUNGSWISSENSCHAFT,"Deciding on a college type:: A comparison of school achievement, fiamily
background, occupational interests, and reasons for choice of college
type among (prospective) students in Baden-Wurttemberg"
135,150,WOS:000244445200006,2006,ZEITSCHRIFT FUR ERZIEHUNGSWISSENSCHAFT,"Deciding on a college type:: A comparison of school achievement, fiamily
background, occupational interests, and reasons for choice of college
type among (prospective) students in Baden-Wurttemberg"
135,847,WOS:000244445200006,2006,ZEITSCHRIFT FUR ERZIEHUNGSWISSENSCHAFT,"Deciding on a college type:: A comparison of school achievement, fiamily
background, occupational interests, and reasons for choice of college
type among (prospective) students in Baden-Wurttemberg"
150,847,WOS:000244445200006,2006,ZEITSCHRIFT FUR ERZIEHUNGSWISSENSCHAFT,"Deciding on a college type:: A comparison of school achievement, fiamily
background, occupational interests, and reasons for choice of college
type among (prospective) students in Baden-Wurttemberg"
58,144,WOS:000267225700007,2009,ZEITSCHRIFT FUR ERZIEHUNGSWISSENSCHAFT,"Intercoder-reliability for coding occupations according to ISCO-88 and
the validity of socio-economic status"
58,150,WOS:000267225700007,2009,ZEITSCHRIFT FUR ERZIEHUNGSWISSENSCHAFT,"Intercoder-reliability for coding occupations according to ISCO-88 and
the validity of socio-economic status"
144,150,WOS:000267225700007,2009,ZEITSCHRIFT FUR ERZIEHUNGSWISSENSCHAFT,"Intercoder-reliability for coding occupations according to ISCO-88 and
the validity of socio-economic status"
246,247,WOS:000642194200003,2021,EUROPEAN JOURNAL OF EDUCATION,"Who aspires to higher education? Axes of inequality, values of education
and higher education aspirations in secondary schools in Luxembourg and
the Swiss Canton of Bern"
246,301,WOS:000642194200003,2021,EUROPEAN JOURNAL OF EDUCATION,"Who aspires to higher education? Axes of inequality, values of education
and higher education aspirations in secondary schools in Luxembourg and
the Swiss Canton of Bern"
247,301,WOS:000642194200003,2021,EUROPEAN JOURNAL OF EDUCATION,"Who aspires to higher education? Axes of inequality, values of education
and higher education aspirations in secondary schools in Luxembourg and
the Swiss Canton of Bern"
129,296,WOS:000323633300010,2013,EUROPEAN EARLY CHILDHOOD EDUCATION RESEARCH JOURNAL,"Quality of the home learning environment during preschool age - Domains
and contextual conditions"
129,298,WOS:000323633300010,2013,EUROPEAN EARLY CHILDHOOD EDUCATION RESEARCH JOURNAL,"Quality of the home learning environment during preschool age - Domains
and contextual conditions"
296,298,WOS:000323633300010,2013,EUROPEAN EARLY CHILDHOOD EDUCATION RESEARCH JOURNAL,"Quality of the home learning environment during preschool age - Domains
and contextual conditions"
80,183,WOS:000293098700002,2011,ZEITSCHRIFT FUR ERZIEHUNGSWISSENSCHAFT,"The National Educational Panel Study: need, main features, and research
potential"
80,227,WOS:000293098700002,2011,ZEITSCHRIFT FUR ERZIEHUNGSWISSENSCHAFT,"The National Educational Panel Study: need, main features, and research
potential"
183,227,WOS:000293098700002,2011,ZEITSCHRIFT FUR ERZIEHUNGSWISSENSCHAFT,"The National Educational Panel Study: need, main features, and research
potential"
58,132,WOS:000706404700002,2021,ZEITSCHRIFT FUR PADAGOGIK,"On the Interplay of Self-Esteem, Social Background, and Intelligence in
Predicting Educational Attainment and Occupational Success in Adulthood"
58,133,WOS:000706404700002,2021,ZEITSCHRIFT FUR PADAGOGIK,"On the Interplay of Self-Esteem, Social Background, and Intelligence in
Predicting Educational Attainment and Occupational Success in Adulthood"
58,262,WOS:000706404700002,2021,ZEITSCHRIFT FUR PADAGOGIK,"On the Interplay of Self-Esteem, Social Background, and Intelligence in
Predicting Educational Attainment and Occupational Success in Adulthood"
58,659,WOS:000706404700002,2021,ZEITSCHRIFT FUR PADAGOGIK,"On the Interplay of Self-Esteem, Social Background, and Intelligence in
Predicting Educational Attainment and Occupational Success in Adulthood"
132,133,WOS:000706404700002,2021,ZEITSCHRIFT FUR PADAGOGIK,"On the Interplay of Self-Esteem, Social Background, and Intelligence in
Predicting Educational Attainment and Occupational Success in Adulthood"
132,262,WOS:000706404700002,2021,ZEITSCHRIFT FUR PADAGOGIK,"On the Interplay of Self-Esteem, Social Background, and Intelligence in
Predicting Educational Attainment and Occupational Success in Adulthood"
132,659,WOS:000706404700002,2021,ZEITSCHRIFT FUR PADAGOGIK,"On the Interplay of Self-Esteem, Social Background, and Intelligence in
Predicting Educational Attainment and Occupational Success in Adulthood"
133,262,WOS:000706404700002,2021,ZEITSCHRIFT FUR PADAGOGIK,"On the Interplay of Self-Esteem, Social Background, and Intelligence in
Predicting Educational Attainment and Occupational Success in Adulthood"
133,659,WOS:000706404700002,2021,ZEITSCHRIFT FUR PADAGOGIK,"On the Interplay of Self-Esteem, Social Background, and Intelligence in
Predicting Educational Attainment and Occupational Success in Adulthood"
262,659,WOS:000706404700002,2021,ZEITSCHRIFT FUR PADAGOGIK,"On the Interplay of Self-Esteem, Social Background, and Intelligence in
Predicting Educational Attainment and Occupational Success in Adulthood"
5,7,WOS:000860634800001,2022,INTERNATIONAL JOURNAL OF EDUCATIONAL DEVELOPMENT,"Impacts of family structure on shadow education and educational
achievement among South Korean youth"
5,8,WOS:000860634800001,2022,INTERNATIONAL JOURNAL OF EDUCATIONAL DEVELOPMENT,"Impacts of family structure on shadow education and educational
achievement among South Korean youth"
5,665,WOS:000860634800001,2022,INTERNATIONAL JOURNAL OF EDUCATIONAL DEVELOPMENT,"Impacts of family structure on shadow education and educational
achievement among South Korean youth"
7,8,WOS:000860634800001,2022,INTERNATIONAL JOURNAL OF EDUCATIONAL DEVELOPMENT,"Impacts of family structure on shadow education and educational
achievement among South Korean youth"
7,665,WOS:000860634800001,2022,INTERNATIONAL JOURNAL OF EDUCATIONAL DEVELOPMENT,"Impacts of family structure on shadow education and educational
achievement among South Korean youth"
8,665,WOS:000860634800001,2022,INTERNATIONAL JOURNAL OF EDUCATIONAL DEVELOPMENT,"Impacts of family structure on shadow education and educational
achievement among South Korean youth"
21,250,WOS:000293098700017,2011,ZEITSCHRIFT FUR ERZIEHUNGSWISSENSCHAFT,Vocational education and training and transitions into the labor market
21,274,WOS:000293098700017,2011,ZEITSCHRIFT FUR ERZIEHUNGSWISSENSCHAFT,Vocational education and training and transitions into the labor market
21,817,WOS:000293098700017,2011,ZEITSCHRIFT FUR ERZIEHUNGSWISSENSCHAFT,Vocational education and training and transitions into the labor market
21,820,WOS:000293098700017,2011,ZEITSCHRIFT FUR ERZIEHUNGSWISSENSCHAFT,Vocational education and training and transitions into the labor market
250,274,WOS:000293098700017,2011,ZEITSCHRIFT FUR ERZIEHUNGSWISSENSCHAFT,Vocational education and training and transitions into the labor market
250,817,WOS:000293098700017,2011,ZEITSCHRIFT FUR ERZIEHUNGSWISSENSCHAFT,Vocational education and training and transitions into the labor market
250,820,WOS:000293098700017,2011,ZEITSCHRIFT FUR ERZIEHUNGSWISSENSCHAFT,Vocational education and training and transitions into the labor market
274,817,WOS:000293098700017,2011,ZEITSCHRIFT FUR ERZIEHUNGSWISSENSCHAFT,Vocational education and training and transitions into the labor market
274,820,WOS:000293098700017,2011,ZEITSCHRIFT FUR ERZIEHUNGSWISSENSCHAFT,Vocational education and training and transitions into the labor market
817,820,WOS:000293098700017,2011,ZEITSCHRIFT FUR ERZIEHUNGSWISSENSCHAFT,Vocational education and training and transitions into the labor market
133,135,WOS:000479291500005,2019,ASSESSMENT IN EDUCATION-PRINCIPLES POLICY \& PRACTICE,"A multilevel study of position effects in PISA achievement tests:
student- and school-level predictors in the German tracked school system"
133,149,WOS:000479291500005,2019,ASSESSMENT IN EDUCATION-PRINCIPLES POLICY \& PRACTICE,"A multilevel study of position effects in PISA achievement tests:
student- and school-level predictors in the German tracked school system"
133,1153,WOS:000479291500005,2019,ASSESSMENT IN EDUCATION-PRINCIPLES POLICY \& PRACTICE,"A multilevel study of position effects in PISA achievement tests:
student- and school-level predictors in the German tracked school system"
135,149,WOS:000479291500005,2019,ASSESSMENT IN EDUCATION-PRINCIPLES POLICY \& PRACTICE,"A multilevel study of position effects in PISA achievement tests:
student- and school-level predictors in the German tracked school system"
135,1153,WOS:000479291500005,2019,ASSESSMENT IN EDUCATION-PRINCIPLES POLICY \& PRACTICE,"A multilevel study of position effects in PISA achievement tests:
student- and school-level predictors in the German tracked school system"
149,1153,WOS:000479291500005,2019,ASSESSMENT IN EDUCATION-PRINCIPLES POLICY \& PRACTICE,"A multilevel study of position effects in PISA achievement tests:
student- and school-level predictors in the German tracked school system"
55,70,WOS:000293098700006,2011,ZEITSCHRIFT FUR ERZIEHUNGSWISSENSCHAFT,Development of competencies across the life span
55,83,WOS:000293098700006,2011,ZEITSCHRIFT FUR ERZIEHUNGSWISSENSCHAFT,Development of competencies across the life span
55,407,WOS:000293098700006,2011,ZEITSCHRIFT FUR ERZIEHUNGSWISSENSCHAFT,Development of competencies across the life span
55,433,WOS:000293098700006,2011,ZEITSCHRIFT FUR ERZIEHUNGSWISSENSCHAFT,Development of competencies across the life span
55,657,WOS:000293098700006,2011,ZEITSCHRIFT FUR ERZIEHUNGSWISSENSCHAFT,Development of competencies across the life span
70,83,WOS:000293098700006,2011,ZEITSCHRIFT FUR ERZIEHUNGSWISSENSCHAFT,Development of competencies across the life span
70,407,WOS:000293098700006,2011,ZEITSCHRIFT FUR ERZIEHUNGSWISSENSCHAFT,Development of competencies across the life span
70,433,WOS:000293098700006,2011,ZEITSCHRIFT FUR ERZIEHUNGSWISSENSCHAFT,Development of competencies across the life span
70,657,WOS:000293098700006,2011,ZEITSCHRIFT FUR ERZIEHUNGSWISSENSCHAFT,Development of competencies across the life span
83,407,WOS:000293098700006,2011,ZEITSCHRIFT FUR ERZIEHUNGSWISSENSCHAFT,Development of competencies across the life span
83,433,WOS:000293098700006,2011,ZEITSCHRIFT FUR ERZIEHUNGSWISSENSCHAFT,Development of competencies across the life span
83,657,WOS:000293098700006,2011,ZEITSCHRIFT FUR ERZIEHUNGSWISSENSCHAFT,Development of competencies across the life span
407,433,WOS:000293098700006,2011,ZEITSCHRIFT FUR ERZIEHUNGSWISSENSCHAFT,Development of competencies across the life span
407,657,WOS:000293098700006,2011,ZEITSCHRIFT FUR ERZIEHUNGSWISSENSCHAFT,Development of competencies across the life span
433,657,WOS:000293098700006,2011,ZEITSCHRIFT FUR ERZIEHUNGSWISSENSCHAFT,Development of competencies across the life span
174,175,WOS:001328936500001,2025,EUROPEAN EDUCATIONAL RESEARCH JOURNAL,"Inequality in participation in shadow education in mathematics in
Europe: An intersectional perspective"
147,149,WOS:000711420100006,2021,INTERNATIONAL JOURNAL OF EDUCATIONAL RESEARCH,"Investigating the Association between the Big Fish Little Pond Effect
and Grading on a Curve: A Large-Scale Quasi-Experimental Study"
147,1032,WOS:000711420100006,2021,INTERNATIONAL JOURNAL OF EDUCATIONAL RESEARCH,"Investigating the Association between the Big Fish Little Pond Effect
and Grading on a Curve: A Large-Scale Quasi-Experimental Study"
149,1032,WOS:000711420100006,2021,INTERNATIONAL JOURNAL OF EDUCATIONAL RESEARCH,"Investigating the Association between the Big Fish Little Pond Effect
and Grading on a Curve: A Large-Scale Quasi-Experimental Study"
149,150,WOS:000416262100011,2017,ZEITSCHRIFT FUR ERZIEHUNGSWISSENSCHAFT,"The G8 reform in Baden-Wurttemberg: competencies, wellbeing and leisure
time before and after the reform"
149,178,WOS:000416262100011,2017,ZEITSCHRIFT FUR ERZIEHUNGSWISSENSCHAFT,"The G8 reform in Baden-Wurttemberg: competencies, wellbeing and leisure
time before and after the reform"
149,734,WOS:000416262100011,2017,ZEITSCHRIFT FUR ERZIEHUNGSWISSENSCHAFT,"The G8 reform in Baden-Wurttemberg: competencies, wellbeing and leisure
time before and after the reform"
150,178,WOS:000416262100011,2017,ZEITSCHRIFT FUR ERZIEHUNGSWISSENSCHAFT,"The G8 reform in Baden-Wurttemberg: competencies, wellbeing and leisure
time before and after the reform"
150,734,WOS:000416262100011,2017,ZEITSCHRIFT FUR ERZIEHUNGSWISSENSCHAFT,"The G8 reform in Baden-Wurttemberg: competencies, wellbeing and leisure
time before and after the reform"
178,734,WOS:000416262100011,2017,ZEITSCHRIFT FUR ERZIEHUNGSWISSENSCHAFT,"The G8 reform in Baden-Wurttemberg: competencies, wellbeing and leisure
time before and after the reform"
22,415,WOS:000548780100002,2020,KOLNER ZEITSCHRIFT FUR SOZIOLOGIE UND SOZIALPSYCHOLOGIE,"Occupations and Social Inequality: Introduction and Contents of the
Special Issue"
143,743,WOS:000337793100003,2014,KOLNER ZEITSCHRIFT FUR SOZIOLOGIE UND SOZIALPSYCHOLOGIE,"Are children with a Turkish migration background disadvantaged at school
entry? - The importance of general and host country specific skills for
the probability of delayed school entry"
144,501,WOS:000975547600001,2023,KOLNER ZEITSCHRIFT FUR SOZIOLOGIE UND SOZIALPSYCHOLOGIE,"Does Neighborhood Really Matter? Associations Between Neighborhood
Characteristics and Educational Success"
144,614,WOS:000975547600001,2023,KOLNER ZEITSCHRIFT FUR SOZIOLOGIE UND SOZIALPSYCHOLOGIE,"Does Neighborhood Really Matter? Associations Between Neighborhood
Characteristics and Educational Success"
144,623,WOS:000975547600001,2023,KOLNER ZEITSCHRIFT FUR SOZIOLOGIE UND SOZIALPSYCHOLOGIE,"Does Neighborhood Really Matter? Associations Between Neighborhood
Characteristics and Educational Success"
501,614,WOS:000975547600001,2023,KOLNER ZEITSCHRIFT FUR SOZIOLOGIE UND SOZIALPSYCHOLOGIE,"Does Neighborhood Really Matter? Associations Between Neighborhood
Characteristics and Educational Success"
501,623,WOS:000975547600001,2023,KOLNER ZEITSCHRIFT FUR SOZIOLOGIE UND SOZIALPSYCHOLOGIE,"Does Neighborhood Really Matter? Associations Between Neighborhood
Characteristics and Educational Success"
614,623,WOS:000975547600001,2023,KOLNER ZEITSCHRIFT FUR SOZIOLOGIE UND SOZIALPSYCHOLOGIE,"Does Neighborhood Really Matter? Associations Between Neighborhood
Characteristics and Educational Success"
133,624,WOS:001539517700001,2025,KOLNER ZEITSCHRIFT FUR SOZIOLOGIE UND SOZIALPSYCHOLOGIE,"Social Inequality in Higher-Education Entrance Qualifications: How
Permeable Is the Two-Track School System and for Whom?"
133,1175,WOS:001539517700001,2025,KOLNER ZEITSCHRIFT FUR SOZIOLOGIE UND SOZIALPSYCHOLOGIE,"Social Inequality in Higher-Education Entrance Qualifications: How
Permeable Is the Two-Track School System and for Whom?"
624,1175,WOS:001539517700001,2025,KOLNER ZEITSCHRIFT FUR SOZIOLOGIE UND SOZIALPSYCHOLOGIE,"Social Inequality in Higher-Education Entrance Qualifications: How
Permeable Is the Two-Track School System and for Whom?"
21,592,WOS:000302524400004,2012,KOLNER ZEITSCHRIFT FUR SOZIOLOGIE UND SOZIALPSYCHOLOGIE,"I want to be a firefighter when I grow up! - How parents, individual
achievement as well as school support shape adolescents'
gender-(a)-typical occupational aspirations"
58,420,WOS:000492924100001,2019,KOLNER ZEITSCHRIFT FUR SOZIOLOGIE UND SOZIALPSYCHOLOGIE,Abilities of Students from Private and State Schools in Germany
58,614,WOS:000492924100001,2019,KOLNER ZEITSCHRIFT FUR SOZIOLOGIE UND SOZIALPSYCHOLOGIE,Abilities of Students from Private and State Schools in Germany
58,623,WOS:000492924100001,2019,KOLNER ZEITSCHRIFT FUR SOZIOLOGIE UND SOZIALPSYCHOLOGIE,Abilities of Students from Private and State Schools in Germany
420,614,WOS:000492924100001,2019,KOLNER ZEITSCHRIFT FUR SOZIOLOGIE UND SOZIALPSYCHOLOGIE,Abilities of Students from Private and State Schools in Germany
420,623,WOS:000492924100001,2019,KOLNER ZEITSCHRIFT FUR SOZIOLOGIE UND SOZIALPSYCHOLOGIE,Abilities of Students from Private and State Schools in Germany
614,623,WOS:000492924100001,2019,KOLNER ZEITSCHRIFT FUR SOZIOLOGIE UND SOZIALPSYCHOLOGIE,Abilities of Students from Private and State Schools in Germany
203,1057,WOS:000284901100002,2010,KOLNER ZEITSCHRIFT FUR SOZIOLOGIE UND SOZIALPSYCHOLOGIE,"Primary and secondary effects of social origin at the transition to
tertiary education"
23,376,WOS:001590720700001,2025,KOLNER ZEITSCHRIFT FUR SOZIOLOGIE UND SOZIALPSYCHOLOGIE,"Populist Party Support and COVID-19 Vaccination: Explaining the AfD
Vaccination Gap"
23,377,WOS:001590720700001,2025,KOLNER ZEITSCHRIFT FUR SOZIOLOGIE UND SOZIALPSYCHOLOGIE,"Populist Party Support and COVID-19 Vaccination: Explaining the AfD
Vaccination Gap"
376,377,WOS:001590720700001,2025,KOLNER ZEITSCHRIFT FUR SOZIOLOGIE UND SOZIALPSYCHOLOGIE,"Populist Party Support and COVID-19 Vaccination: Explaining the AfD
Vaccination Gap"
58,1082,WOS:000252188500004,2007,KOLNER ZEITSCHRIFT FUR SOZIOLOGIE UND SOZIALPSYCHOLOGIE,"Educational behaviour in institutional arrangements: Visited school type
and parent's educational aspirations at the end of the lower secondary
school"
501,663,WOS:001655773700001,2026,KOLNER ZEITSCHRIFT FUR SOZIOLOGIE UND SOZIALPSYCHOLOGIE,"The Role of All-Day Schooling in Friendship Segregation Between Students
with Different Language Backgrounds"
205,636,WOS:001695701400001,2026,KOLNER ZEITSCHRIFT FUR SOZIOLOGIE UND SOZIALPSYCHOLOGIE,"Educational Inequality in Secondary Education: The Importance of
Parental Practices for Educational Success"
273,415,WOS:000379585700002,2016,KOLNER ZEITSCHRIFT FUR SOZIOLOGIE UND SOZIALPSYCHOLOGIE,"Altered Continuity Labour Market Entries of Apprentices in West Germany
since the 1980s"
132,133,WOS:000703252800001,2021,AERA OPEN,"Unequal Civic Development? Vocational Tracking and Civic Outcomes in
Germany"
132,1034,WOS:000703252800001,2021,AERA OPEN,"Unequal Civic Development? Vocational Tracking and Civic Outcomes in
Germany"
133,1034,WOS:000703252800001,2021,AERA OPEN,"Unequal Civic Development? Vocational Tracking and Civic Outcomes in
Germany"
129,296,WOS:000288617800009,2011,ZEITSCHRIFT FUR PADAGOGIK,"Gender in Kindergarten - Empirical data on differences between girls and
boys"
58,150,WOS:000274214900012,2009,ZEITSCHRIFT FUR ERZIEHUNGSWISSENSCHAFT,"How Consistent are Reference Group Effects on Teachers' Recommendations
at the Transition to Secondary Education? State-Specific Analyses of
PIRLS Data"
149,150,WOS:000509661700006,2017,AERA OPEN,"Social Cognitive Constructs Are Just as Stable as the Big Five Between
Grades 5 and 8"
149,505,WOS:000509661700006,2017,AERA OPEN,"Social Cognitive Constructs Are Just as Stable as the Big Five Between
Grades 5 and 8"
149,910,WOS:000509661700006,2017,AERA OPEN,"Social Cognitive Constructs Are Just as Stable as the Big Five Between
Grades 5 and 8"
149,1015,WOS:000509661700006,2017,AERA OPEN,"Social Cognitive Constructs Are Just as Stable as the Big Five Between
Grades 5 and 8"
150,505,WOS:000509661700006,2017,AERA OPEN,"Social Cognitive Constructs Are Just as Stable as the Big Five Between
Grades 5 and 8"
150,910,WOS:000509661700006,2017,AERA OPEN,"Social Cognitive Constructs Are Just as Stable as the Big Five Between
Grades 5 and 8"
150,1015,WOS:000509661700006,2017,AERA OPEN,"Social Cognitive Constructs Are Just as Stable as the Big Five Between
Grades 5 and 8"
505,910,WOS:000509661700006,2017,AERA OPEN,"Social Cognitive Constructs Are Just as Stable as the Big Five Between
Grades 5 and 8"
505,1015,WOS:000509661700006,2017,AERA OPEN,"Social Cognitive Constructs Are Just as Stable as the Big Five Between
Grades 5 and 8"
910,1015,WOS:000509661700006,2017,AERA OPEN,"Social Cognitive Constructs Are Just as Stable as the Big Five Between
Grades 5 and 8"
139,263,WOS:000351326500002,2015,ZEITSCHRIFT FUR PADAGOGIK,Key Findings of PIACC from a German Perspective
135,150,WOS:000274470400007,2009,ZEITSCHRIFT FUR ERZIEHUNGSWISSENSCHAFT,"Cross-state comparability of the abitur qualification in Germany.
Differences in achievement and grading between abitur-level students
from Baden-Wurttemberg and Hamburg and the role of central exams"
135,624,WOS:000274470400007,2009,ZEITSCHRIFT FUR ERZIEHUNGSWISSENSCHAFT,"Cross-state comparability of the abitur qualification in Germany.
Differences in achievement and grading between abitur-level students
from Baden-Wurttemberg and Hamburg and the role of central exams"
150,624,WOS:000274470400007,2009,ZEITSCHRIFT FUR ERZIEHUNGSWISSENSCHAFT,"Cross-state comparability of the abitur qualification in Germany.
Differences in achievement and grading between abitur-level students
from Baden-Wurttemberg and Hamburg and the role of central exams"
249,256,WOS:000293098700018,2011,ZEITSCHRIFT FUR ERZIEHUNGSWISSENSCHAFT,Higher education and the transition to work
85,86,WOS:001354507400007,2024,ZEITSCHRIFT FUR PADAGOGIK,"The (De)structuring of the German School System between 1992 and 2020 in
Figures"
175,176,WOS:000268185700003,2009,GENDER AND EDUCATION,"`Man enough to do it'? Girls and non-traditional subjects in lower
secondary education"
58,132,WOS:000264312000004,2009,ZEITSCHRIFT FUR PADAGOGIK,"Elite Schools in Germany - An analysis concerning the existence of
excellence and elites on the landscape of secondary education from an
institutional perspective"
58,135,WOS:000264312000004,2009,ZEITSCHRIFT FUR PADAGOGIK,"Elite Schools in Germany - An analysis concerning the existence of
excellence and elites on the landscape of secondary education from an
institutional perspective"
58,1177,WOS:000264312000004,2009,ZEITSCHRIFT FUR PADAGOGIK,"Elite Schools in Germany - An analysis concerning the existence of
excellence and elites on the landscape of secondary education from an
institutional perspective"
132,135,WOS:000264312000004,2009,ZEITSCHRIFT FUR PADAGOGIK,"Elite Schools in Germany - An analysis concerning the existence of
excellence and elites on the landscape of secondary education from an
institutional perspective"
132,1177,WOS:000264312000004,2009,ZEITSCHRIFT FUR PADAGOGIK,"Elite Schools in Germany - An analysis concerning the existence of
excellence and elites on the landscape of secondary education from an
institutional perspective"
135,1177,WOS:000264312000004,2009,ZEITSCHRIFT FUR PADAGOGIK,"Elite Schools in Germany - An analysis concerning the existence of
excellence and elites on the landscape of secondary education from an
institutional perspective"
85,86,WOS:000910174400001,2023,SCHOOL EFFECTIVENESS AND SCHOOL IMPROVEMENT,"The effects of early between-school tracking on gender segregation and
gender gaps in achievement: a differences-in-differences study"
128,129,WOS:000479291500009,2019,ASSESSMENT IN EDUCATION-PRINCIPLES POLICY \& PRACTICE,"The potential of anchoring vignettes to increase intercultural
comparability of non-cognitive factors"
58,133,WOS:000331644800007,2014,ZEITSCHRIFT FUR ERZIEHUNGSWISSENSCHAFT,"Social disparities at the transition into secondary school: Theoretical
conceptions and empirical evidence"
58,624,WOS:000331644800007,2014,ZEITSCHRIFT FUR ERZIEHUNGSWISSENSCHAFT,"Social disparities at the transition into secondary school: Theoretical
conceptions and empirical evidence"
133,624,WOS:000331644800007,2014,ZEITSCHRIFT FUR ERZIEHUNGSWISSENSCHAFT,"Social disparities at the transition into secondary school: Theoretical
conceptions and empirical evidence"
58,133,WOS:000331644800008,2014,ZEITSCHRIFT FUR ERZIEHUNGSWISSENSCHAFT,"Social disparities in achievement development during primary and
secondary school"
58,624,WOS:000331644800008,2014,ZEITSCHRIFT FUR ERZIEHUNGSWISSENSCHAFT,"Social disparities in achievement development during primary and
secondary school"
133,624,WOS:000331644800008,2014,ZEITSCHRIFT FUR ERZIEHUNGSWISSENSCHAFT,"Social disparities in achievement development during primary and
secondary school"
129,296,WOS:000263295600011,2008,ZEITSCHRIFT FUR ERZIEHUNGSWISSENSCHAFT,"Process Quality in Kindergartens - Concepts, implementation and findings"
88,129,WOS:001097742100001,2024,EUROPEAN EARLY CHILDHOOD EDUCATION RESEARCH JOURNAL,"The relation between structural family characteristics and parental
attitudes with respect to the use of ECEC for one- and two-year-old
children in Germany"
128,129,WOS:000402740700004,2017,ZEITSCHRIFT FUR ERZIEHUNGSWISSENSCHAFT,"Student learning in secondary school mathematics classrooms: On the
validity of student reports in international large-scale studies"
128,997,WOS:000402740700004,2017,ZEITSCHRIFT FUR ERZIEHUNGSWISSENSCHAFT,"Student learning in secondary school mathematics classrooms: On the
validity of student reports in international large-scale studies"
129,997,WOS:000402740700004,2017,ZEITSCHRIFT FUR ERZIEHUNGSWISSENSCHAFT,"Student learning in secondary school mathematics classrooms: On the
validity of student reports in international large-scale studies"
55,227,WOS:000350830200001,2014,INTERNATIONAL JOURNAL OF EDUCATIONAL RESEARCH,"The relation between interests and grades: Path analyses in primary
school age"
80,227,WOS:000293098700003,2011,ZEITSCHRIFT FUR ERZIEHUNGSWISSENSCHAFT,Education as a lifelong process
134,420,WOS:001163653800001,2024,ZEITSCHRIFT FUR ERZIEHUNGSWISSENSCHAFT,"All a matter of state? A multilevel perspective on the limited
comparability of school grades"
83,299,WOS:000840007700001,2023,ZEITSCHRIFT FUR ERZIEHUNGSWISSENSCHAFT,"Cognitively stimulating maternal language as predictor for vocabulary
growth"
33,295,WOS:000640719600001,2021,ZEITSCHRIFT FUR ERZIEHUNGSWISSENSCHAFT,"(Digital) parent-educator cooperation in preschool during Corona
pandemic. Digitization boost or missed opportunity?"
33,927,WOS:000640719600001,2021,ZEITSCHRIFT FUR ERZIEHUNGSWISSENSCHAFT,"(Digital) parent-educator cooperation in preschool during Corona
pandemic. Digitization boost or missed opportunity?"
295,927,WOS:000640719600001,2021,ZEITSCHRIFT FUR ERZIEHUNGSWISSENSCHAFT,"(Digital) parent-educator cooperation in preschool during Corona
pandemic. Digitization boost or missed opportunity?"
58,133,WOS:000408889000008,2017,ZEITSCHRIFT FUR ERZIEHUNGSWISSENSCHAFT,"Gender differences in achievement in relation to social background: An
examination of the interaction between two social factors"
58,624,WOS:000408889000008,2017,ZEITSCHRIFT FUR ERZIEHUNGSWISSENSCHAFT,"Gender differences in achievement in relation to social background: An
examination of the interaction between two social factors"
133,624,WOS:000408889000008,2017,ZEITSCHRIFT FUR ERZIEHUNGSWISSENSCHAFT,"Gender differences in achievement in relation to social background: An
examination of the interaction between two social factors"
86,224,WOS:000363939400006,2015,ZEITSCHRIFT FUR ERZIEHUNGSWISSENSCHAFT,"Educational outcomes and educational inequalities at half- and all-day
schools"
58,132,WOS:000274214900010,2009,ZEITSCHRIFT FUR ERZIEHUNGSWISSENSCHAFT,"Teachers' tracking recommendations, their legal status, and the
transition to lower secondary education: Educational decisions and
social inequality"
58,144,WOS:000274214900010,2009,ZEITSCHRIFT FUR ERZIEHUNGSWISSENSCHAFT,"Teachers' tracking recommendations, their legal status, and the
transition to lower secondary education: Educational decisions and
social inequality"
132,144,WOS:000274214900010,2009,ZEITSCHRIFT FUR ERZIEHUNGSWISSENSCHAFT,"Teachers' tracking recommendations, their legal status, and the
transition to lower secondary education: Educational decisions and
social inequality"
39,128,WOS:000261801400001,2008,ZEITSCHRIFT FUR PADAGOGIK,Quality protection in education
83,298,WOS:000474841500001,2020,SCHOOL EFFECTIVENESS AND SCHOOL IMPROVEMENT,"Long-term and domain-specific relations between the early years home
learning environment and students' academic outcomes in secondary school"
83,412,WOS:000474841500001,2020,SCHOOL EFFECTIVENESS AND SCHOOL IMPROVEMENT,"Long-term and domain-specific relations between the early years home
learning environment and students' academic outcomes in secondary school"
298,412,WOS:000474841500001,2020,SCHOOL EFFECTIVENESS AND SCHOOL IMPROVEMENT,"Long-term and domain-specific relations between the early years home
learning environment and students' academic outcomes in secondary school"
149,150,WOS:000434338600003,2018,JOURNAL OF RESEARCH ON EDUCATIONAL EFFECTIVENESS,"Effectiveness of a ``Grass Roots{''} Statewide Enrichment Program for
Gifted Elementary School Children"
83,177,WOS:000363939400009,2015,ZEITSCHRIFT FUR ERZIEHUNGSWISSENSCHAFT,"Do primary school children ignore clause connectors?: Investigation of
an academic language component"
83,841,WOS:000363939400009,2015,ZEITSCHRIFT FUR ERZIEHUNGSWISSENSCHAFT,"Do primary school children ignore clause connectors?: Investigation of
an academic language component"
177,841,WOS:000363939400009,2015,ZEITSCHRIFT FUR ERZIEHUNGSWISSENSCHAFT,"Do primary school children ignore clause connectors?: Investigation of
an academic language component"
58,133,WOS:000355998500007,2015,ZEITSCHRIFT FUR ERZIEHUNGSWISSENSCHAFT,"Administrative procedures to increase the response rate in questionnaire
studies in the school context: an experimental study of the effects of
reminders and incentives"
58,624,WOS:000355998500007,2015,ZEITSCHRIFT FUR ERZIEHUNGSWISSENSCHAFT,"Administrative procedures to increase the response rate in questionnaire
studies in the school context: an experimental study of the effects of
reminders and incentives"
58,1172,WOS:000355998500007,2015,ZEITSCHRIFT FUR ERZIEHUNGSWISSENSCHAFT,"Administrative procedures to increase the response rate in questionnaire
studies in the school context: an experimental study of the effects of
reminders and incentives"
133,624,WOS:000355998500007,2015,ZEITSCHRIFT FUR ERZIEHUNGSWISSENSCHAFT,"Administrative procedures to increase the response rate in questionnaire
studies in the school context: an experimental study of the effects of
reminders and incentives"
133,1172,WOS:000355998500007,2015,ZEITSCHRIFT FUR ERZIEHUNGSWISSENSCHAFT,"Administrative procedures to increase the response rate in questionnaire
studies in the school context: an experimental study of the effects of
reminders and incentives"
624,1172,WOS:000355998500007,2015,ZEITSCHRIFT FUR ERZIEHUNGSWISSENSCHAFT,"Administrative procedures to increase the response rate in questionnaire
studies in the school context: an experimental study of the effects of
reminders and incentives"
33,83,WOS:000319304500005,2013,SCHOOL EFFECTIVENESS AND SCHOOL IMPROVEMENT,"Preschool and primary school influences on the development of children's
early numeracy skills between the ages of 3 and 7 years in Germany"
33,295,WOS:001163653800002,2024,ZEITSCHRIFT FUR ERZIEHUNGSWISSENSCHAFT,"Quality in early childhood education and care: A theoretical research
synthesis and an integral framework of pedagogical quality"
33,298,WOS:000945985300001,2023,ZEITSCHRIFT FUR ERZIEHUNGSWISSENSCHAFT,"The importance of migration-related beliefs of preschool teachers for
the quality of educational practice"
33,1080,WOS:000945985300001,2023,ZEITSCHRIFT FUR ERZIEHUNGSWISSENSCHAFT,"The importance of migration-related beliefs of preschool teachers for
the quality of educational practice"
298,1080,WOS:000945985300001,2023,ZEITSCHRIFT FUR ERZIEHUNGSWISSENSCHAFT,"The importance of migration-related beliefs of preschool teachers for
the quality of educational practice"
33,298,WOS:000634795400009,2021,TEACHING AND TEACHER EDUCATION,"Preschool teachers' pedagogical beliefs in the field of language
education"
150,837,WOS:000338226000003,2014,ZEITSCHRIFT FUR ERZIEHUNGSWISSENSCHAFT,"The value of mathematics in the classroom: The importance of a
relevanceoriented learning environment for students' value beliefs"
150,1170,WOS:000338226000003,2014,ZEITSCHRIFT FUR ERZIEHUNGSWISSENSCHAFT,"The value of mathematics in the classroom: The importance of a
relevanceoriented learning environment for students' value beliefs"
837,1170,WOS:000338226000003,2014,ZEITSCHRIFT FUR ERZIEHUNGSWISSENSCHAFT,"The value of mathematics in the classroom: The importance of a
relevanceoriented learning environment for students' value beliefs"
56,80,WOS:000293098700008,2011,ZEITSCHRIFT FUR ERZIEHUNGSWISSENSCHAFT,Social inequality and educational decisions in the life course
56,446,WOS:000293098700008,2011,ZEITSCHRIFT FUR ERZIEHUNGSWISSENSCHAFT,Social inequality and educational decisions in the life course
80,446,WOS:000293098700008,2011,ZEITSCHRIFT FUR ERZIEHUNGSWISSENSCHAFT,Social inequality and educational decisions in the life course
150,178,WOS:001465343000001,2025,ZEITSCHRIFT FUR ERZIEHUNGSWISSENSCHAFT,"Better teaching and improved historical thinking: results of a
randomized controlled field study to investigate the effectiveness of a
professional development program for history teachers"
134,141,WOS:000727580400002,2021,ZEITSCHRIFT FUR PADAGOGIK,"The Potential of Secondary Data Analysis for Increasing the Quality and
Replicability of Educational Research Results: Using Multiverse Analysis
and Integrative Data Analysis to Examine Robustness and Generalizability"
134,663,WOS:000727580400002,2021,ZEITSCHRIFT FUR PADAGOGIK,"The Potential of Secondary Data Analysis for Increasing the Quality and
Replicability of Educational Research Results: Using Multiverse Analysis
and Integrative Data Analysis to Examine Robustness and Generalizability"
141,663,WOS:000727580400002,2021,ZEITSCHRIFT FUR PADAGOGIK,"The Potential of Secondary Data Analysis for Increasing the Quality and
Replicability of Educational Research Results: Using Multiverse Analysis
and Integrative Data Analysis to Examine Robustness and Generalizability"
85,86,WOS:000602290600001,2021,EDUCATIONAL ASSESSMENT EVALUATION AND ACCOUNTABILITY,"Disentangling general achievement levels and subject-specific strengths
and weaknesses in mathematics, reading, and science"
149,150,WOS:000525520800005,2020,ZEITSCHRIFT FUR ERZIEHUNGSWISSENSCHAFT,"Who sticks to the instructions-and does it matter? Antecedents and
effects of students' responsiveness to a classroom-based motivation
intervention"
149,1170,WOS:000525520800005,2020,ZEITSCHRIFT FUR ERZIEHUNGSWISSENSCHAFT,"Who sticks to the instructions-and does it matter? Antecedents and
effects of students' responsiveness to a classroom-based motivation
intervention"
150,1170,WOS:000525520800005,2020,ZEITSCHRIFT FUR ERZIEHUNGSWISSENSCHAFT,"Who sticks to the instructions-and does it matter? Antecedents and
effects of students' responsiveness to a classroom-based motivation
intervention"
33,295,WOS:000378953600017,2016,TEACHING AND TEACHER EDUCATION,"The influence of preschool teachers' content knowledge and mathematical
ability beliefs on their sensitivity to mathematics in children's play."
33,1080,WOS:000378953600017,2016,TEACHING AND TEACHER EDUCATION,"The influence of preschool teachers' content knowledge and mathematical
ability beliefs on their sensitivity to mathematics in children's play."
295,1080,WOS:000378953600017,2016,TEACHING AND TEACHER EDUCATION,"The influence of preschool teachers' content knowledge and mathematical
ability beliefs on their sensitivity to mathematics in children's play."
35,264,WOS:000260812800018,2008,ZEITSCHRIFT FUR ERZIEHUNGSWISSENSCHAFT,"Correlation of didactic-orientation and didactic shaping of high school
faculty and subjective competency increase in students"
85,86,WOS:000962890100001,2023,COMPARATIVE EDUCATION REVIEW,"International Reading Gaps between Boys and Girls, 1970-2016"
85,86,WOS:000464773000010,2019,ZEITSCHRIFT FUR PADAGOGIK,"Effects of Afternoon Education Programs on Language Achievement
Developments"
149,837,WOS:000416825200002,2017,AMERICAN EDUCATIONAL RESEARCH JOURNAL,"Short Intervention, Sustained Effects: Promoting Students' Math
Competence Beliefs, Effort, and Achievement"
149,1170,WOS:000416825200002,2017,AMERICAN EDUCATIONAL RESEARCH JOURNAL,"Short Intervention, Sustained Effects: Promoting Students' Math
Competence Beliefs, Effort, and Achievement"
837,1170,WOS:000416825200002,2017,AMERICAN EDUCATIONAL RESEARCH JOURNAL,"Short Intervention, Sustained Effects: Promoting Students' Math
Competence Beliefs, Effort, and Achievement"
149,150,WOS:000401722700010,2017,ZDM-MATHEMATICS EDUCATION,"Frame of Reference effects on values in mathematics: evidence from
German secondary school students"
11,203,WOS:000274214900003,2009,ZEITSCHRIFT FUR ERZIEHUNGSWISSENSCHAFT,Long-Term Development of Social Disparities in Secondary Education
33,295,WOS:001591964800001,2025,ZEITSCHRIFT FUR ERZIEHUNGSWISSENSCHAFT,"Preventing emotional exhaustion among early childhood professionals
through a supportive organizational climate"
28,58,WOS:000244445200002,2006,ZEITSCHRIFT FUR ERZIEHUNGSWISSENSCHAFT,"Focal point: Changes in the education system - Theoretical concepts and
their implementation in the empirical research of the transition to
secondary level"
28,132,WOS:000244445200002,2006,ZEITSCHRIFT FUR ERZIEHUNGSWISSENSCHAFT,"Focal point: Changes in the education system - Theoretical concepts and
their implementation in the empirical research of the transition to
secondary level"
58,132,WOS:000244445200002,2006,ZEITSCHRIFT FUR ERZIEHUNGSWISSENSCHAFT,"Focal point: Changes in the education system - Theoretical concepts and
their implementation in the empirical research of the transition to
secondary level"
149,150,WOS:000711863100001,2021,AERA OPEN,"Relevance Interventions in the Classroom: A Means to Promote Students'
Homework Motivation and Behavior"
149,837,WOS:000711863100001,2021,AERA OPEN,"Relevance Interventions in the Classroom: A Means to Promote Students'
Homework Motivation and Behavior"
149,1170,WOS:000711863100001,2021,AERA OPEN,"Relevance Interventions in the Classroom: A Means to Promote Students'
Homework Motivation and Behavior"
150,837,WOS:000711863100001,2021,AERA OPEN,"Relevance Interventions in the Classroom: A Means to Promote Students'
Homework Motivation and Behavior"
150,1170,WOS:000711863100001,2021,AERA OPEN,"Relevance Interventions in the Classroom: A Means to Promote Students'
Homework Motivation and Behavior"
837,1170,WOS:000711863100001,2021,AERA OPEN,"Relevance Interventions in the Classroom: A Means to Promote Students'
Homework Motivation and Behavior"
85,86,WOS:000609388900002,2021,EDUCATIONAL ASSESSMENT EVALUATION AND ACCOUNTABILITY,"Early tracking and different types of inequalities in achievement:
difference-in-differences evidence from 20 years of large-scale
assessments"
129,143,WOS:000533067800001,2020,ZEITSCHRIFT FUR ERZIEHUNGSWISSENSCHAFT,"Educational frameworks of early child education and care
settings-describing a pedagogical tool"
150,178,WOS:000403471400002,2017,AMERICAN EDUCATIONAL RESEARCH JOURNAL,"Learning Historical Thinking With Oral History Interviews: A Cluster
Randomized Controlled Intervention Study of Oral History Interviews in
History Lessons"
238,240,WOS:000261801400009,2008,ZEITSCHRIFT FUR PADAGOGIK,"Accreditation as quality protection process of course of studies in
Germany"
175,176,WOS:000261666200003,2008,EDUCATIONAL REVIEW,Acting up or opting out? Truancy in Irish secondary schools
55,87,WOS:001539437000014,2025,JOURNAL OF COMPUTER ASSISTED LEARNING,"From Reflection to Action: A Controlled Field Study on How Learners
Interpret and Respond to Feedback in Learning Analytics Dashboards"
55,365,WOS:001539437000014,2025,JOURNAL OF COMPUTER ASSISTED LEARNING,"From Reflection to Action: A Controlled Field Study on How Learners
Interpret and Respond to Feedback in Learning Analytics Dashboards"
87,365,WOS:001539437000014,2025,JOURNAL OF COMPUTER ASSISTED LEARNING,"From Reflection to Action: A Controlled Field Study on How Learners
Interpret and Respond to Feedback in Learning Analytics Dashboards"
261,263,WOS:000510535700002,2020,COMPARE-A JOURNAL OF COMPARATIVE AND INTERNATIONAL EDUCATION,"A cross-national perspective on the associations of grit with career
success"
261,767,WOS:000510535700002,2020,COMPARE-A JOURNAL OF COMPARATIVE AND INTERNATIONAL EDUCATION,"A cross-national perspective on the associations of grit with career
success"
263,767,WOS:000510535700002,2020,COMPARE-A JOURNAL OF COMPARATIVE AND INTERNATIONAL EDUCATION,"A cross-national perspective on the associations of grit with career
success"
35,264,WOS:000304551500006,2012,ZEITSCHRIFT FUR ERZIEHUNGSWISSENSCHAFT,The influence of tuition fees on study aspiration
35,1135,WOS:000304551500006,2012,ZEITSCHRIFT FUR ERZIEHUNGSWISSENSCHAFT,The influence of tuition fees on study aspiration
264,1135,WOS:000304551500006,2012,ZEITSCHRIFT FUR ERZIEHUNGSWISSENSCHAFT,The influence of tuition fees on study aspiration
128,130,WOS:000293098700007,2011,ZEITSCHRIFT FUR ERZIEHUNGSWISSENSCHAFT,Education processes in life-course-specific learning environments
80,183,WOS:000293098700004,2011,ZEITSCHRIFT FUR ERZIEHUNGSWISSENSCHAFT,Data on educational processes: national and international comparisons
175,176,WOS:001207009800001,2025,EDUCATIONAL REVIEW,"The impact of the Covid-19 pandemic on the wellbeing of migrant young
people in Ireland"
175,176,WOS:000428677800001,2018,IRISH EDUCATIONAL STUDIES,"Religion and primary school choice in Ireland: school institutional
identities and student profile"
135,734,WOS:000312143800011,2012,ZEITSCHRIFT FUR ERZIEHUNGSWISSENSCHAFT,"Do different types of universities constitute differential developmental
milieus? - A propensity score analysis of the effects of university
attendance"
224,305,WOS:000469602300001,2019,SCHOOL EFFECTIVENESS AND SCHOOL IMPROVEMENT,"Do differences in classroom composition provide unequal opportunities
for academic learning and social participation of SEN students in
inclusive classes in primary school?"
58,133,WOS:000452771700004,2018,ZEITSCHRIFT FUR ERZIEHUNGSWISSENSCHAFT,"Ready to cooperate or opposed to reform? School leader profiles in the
context of implementing comprehensive school reforms"
58,624,WOS:000452771700004,2018,ZEITSCHRIFT FUR ERZIEHUNGSWISSENSCHAFT,"Ready to cooperate or opposed to reform? School leader profiles in the
context of implementing comprehensive school reforms"
133,624,WOS:000452771700004,2018,ZEITSCHRIFT FUR ERZIEHUNGSWISSENSCHAFT,"Ready to cooperate or opposed to reform? School leader profiles in the
context of implementing comprehensive school reforms"
33,295,WOS:001000862700001,2023,EUROPEAN EARLY CHILDHOOD EDUCATION RESEARCH JOURNAL,"Early childhood educators' emotional exhaustion and the frequency of
educational activities in preschool"
149,837,WOS:000884700400001,2023,ZDM-MATHEMATICS EDUCATION,"Understanding the interplay between targeted motivation interventions
and motivational teaching practices in mathematics classrooms"
149,199,WOS:000620570000001,2021,AERA OPEN,Social Studies Textbook Effects: Evidence From Texas
149,1034,WOS:000620570000001,2021,AERA OPEN,Social Studies Textbook Effects: Evidence From Texas
199,1034,WOS:000620570000001,2021,AERA OPEN,Social Studies Textbook Effects: Evidence From Texas
58,133,WOS:000395192300008,2017,ZEITSCHRIFT FUR ERZIEHUNGSWISSENSCHAFT,"Differences in achievement and learning experiences between doctoral and
non-doctoral graduate students from a general and subject-specific
perspective"
58,624,WOS:000395192300008,2017,ZEITSCHRIFT FUR ERZIEHUNGSWISSENSCHAFT,"Differences in achievement and learning experiences between doctoral and
non-doctoral graduate students from a general and subject-specific
perspective"
133,624,WOS:000395192300008,2017,ZEITSCHRIFT FUR ERZIEHUNGSWISSENSCHAFT,"Differences in achievement and learning experiences between doctoral and
non-doctoral graduate students from a general and subject-specific
perspective"
58,133,WOS:000417886500006,2017,ZEITSCHRIFT FUR SOZIOLOGIE DER ERZIEHUNG UND SOZIALISATION,"Importance of Social Origin for Gender Differences in Educational
Outcomes"
58,624,WOS:000417886500006,2017,ZEITSCHRIFT FUR SOZIOLOGIE DER ERZIEHUNG UND SOZIALISATION,"Importance of Social Origin for Gender Differences in Educational
Outcomes"
133,624,WOS:000417886500006,2017,ZEITSCHRIFT FUR SOZIOLOGIE DER ERZIEHUNG UND SOZIALISATION,"Importance of Social Origin for Gender Differences in Educational
Outcomes"
129,296,WOS:000382976600009,2016,SCHOOL EFFECTIVENESS AND SCHOOL IMPROVEMENT,"Stability and patterns of classroom quality in German early childhood
education and care"
175,176,WOS:000281585900005,2010,IRISH EDUCATIONAL STUDIES,Immigration and school composition in Ireland
55,224,WOS:000261513600003,2008,ZEITSCHRIFT FUR ERZIEHUNGSWISSENSCHAFT,Reading competency in PISA and PIRLS/IGLU - a comparison
55,330,WOS:000261513600003,2008,ZEITSCHRIFT FUR ERZIEHUNGSWISSENSCHAFT,Reading competency in PISA and PIRLS/IGLU - a comparison
55,639,WOS:000261513600003,2008,ZEITSCHRIFT FUR ERZIEHUNGSWISSENSCHAFT,Reading competency in PISA and PIRLS/IGLU - a comparison
224,330,WOS:000261513600003,2008,ZEITSCHRIFT FUR ERZIEHUNGSWISSENSCHAFT,Reading competency in PISA and PIRLS/IGLU - a comparison
224,639,WOS:000261513600003,2008,ZEITSCHRIFT FUR ERZIEHUNGSWISSENSCHAFT,Reading competency in PISA and PIRLS/IGLU - a comparison
330,639,WOS:000261513600003,2008,ZEITSCHRIFT FUR ERZIEHUNGSWISSENSCHAFT,Reading competency in PISA and PIRLS/IGLU - a comparison
33,295,WOS:000514441600001,2020,INTERNATIONAL JOURNAL OF SCIENCE EDUCATION,"Preschool teachers' learning opportunities in their initial teacher
education and in-service professional development - do they have an
influence on preschool teachers' science-specific professional knowledge
and motivation?"
128,224,WOS:000244312000003,2006,ZEITSCHRIFT FUR ERZIEHUNGSWISSENSCHAFT,"Design characteristics and effects of all-day provision in primary
schooling: A secondary analysis of data from the IGLU study"
128,1007,WOS:000244312000003,2006,ZEITSCHRIFT FUR ERZIEHUNGSWISSENSCHAFT,"Design characteristics and effects of all-day provision in primary
schooling: A secondary analysis of data from the IGLU study"
224,1007,WOS:000244312000003,2006,ZEITSCHRIFT FUR ERZIEHUNGSWISSENSCHAFT,"Design characteristics and effects of all-day provision in primary
schooling: A secondary analysis of data from the IGLU study"
219,220,WOS:000434060100001,2018,RESEARCH IN HIGHER EDUCATION,"How to Increase PhD Completion Rates? An Impact Evaluation of Two
Reforms in a Selective Graduate School, 1976-2012"
149,150,WOS:000400958100009,2017,ZEITSCHRIFT FUR ERZIEHUNGSWISSENSCHAFT,"Beginning University: Dual or conventional? Differences in study entry
requirements for beginning undergraduates in dual and non-dual study
programs at Bavarian universities of applied sciences"
149,734,WOS:000400958100009,2017,ZEITSCHRIFT FUR ERZIEHUNGSWISSENSCHAFT,"Beginning University: Dual or conventional? Differences in study entry
requirements for beginning undergraduates in dual and non-dual study
programs at Bavarian universities of applied sciences"
150,734,WOS:000400958100009,2017,ZEITSCHRIFT FUR ERZIEHUNGSWISSENSCHAFT,"Beginning University: Dual or conventional? Differences in study entry
requirements for beginning undergraduates in dual and non-dual study
programs at Bavarian universities of applied sciences"
150,178,WOS:000338226000008,2014,ZEITSCHRIFT FUR ERZIEHUNGSWISSENSCHAFT,"Teaching everyone everything: student achievement in English,
mathematics and the natural sciences before and after Saxony's upper
secondary school reform"
150,624,WOS:000338226000008,2014,ZEITSCHRIFT FUR ERZIEHUNGSWISSENSCHAFT,"Teaching everyone everything: student achievement in English,
mathematics and the natural sciences before and after Saxony's upper
secondary school reform"
150,1170,WOS:000338226000008,2014,ZEITSCHRIFT FUR ERZIEHUNGSWISSENSCHAFT,"Teaching everyone everything: student achievement in English,
mathematics and the natural sciences before and after Saxony's upper
secondary school reform"
178,624,WOS:000338226000008,2014,ZEITSCHRIFT FUR ERZIEHUNGSWISSENSCHAFT,"Teaching everyone everything: student achievement in English,
mathematics and the natural sciences before and after Saxony's upper
secondary school reform"
178,1170,WOS:000338226000008,2014,ZEITSCHRIFT FUR ERZIEHUNGSWISSENSCHAFT,"Teaching everyone everything: student achievement in English,
mathematics and the natural sciences before and after Saxony's upper
secondary school reform"
624,1170,WOS:000338226000008,2014,ZEITSCHRIFT FUR ERZIEHUNGSWISSENSCHAFT,"Teaching everyone everything: student achievement in English,
mathematics and the natural sciences before and after Saxony's upper
secondary school reform"
153,420,WOS:000293098700009,2011,ZEITSCHRIFT FUR ERZIEHUNGSWISSENSCHAFT,The education of migrants and their children across the life course
153,423,WOS:000293098700009,2011,ZEITSCHRIFT FUR ERZIEHUNGSWISSENSCHAFT,The education of migrants and their children across the life course
153,550,WOS:000293098700009,2011,ZEITSCHRIFT FUR ERZIEHUNGSWISSENSCHAFT,The education of migrants and their children across the life course
153,676,WOS:000293098700009,2011,ZEITSCHRIFT FUR ERZIEHUNGSWISSENSCHAFT,The education of migrants and their children across the life course
153,742,WOS:000293098700009,2011,ZEITSCHRIFT FUR ERZIEHUNGSWISSENSCHAFT,The education of migrants and their children across the life course
420,423,WOS:000293098700009,2011,ZEITSCHRIFT FUR ERZIEHUNGSWISSENSCHAFT,The education of migrants and their children across the life course
420,550,WOS:000293098700009,2011,ZEITSCHRIFT FUR ERZIEHUNGSWISSENSCHAFT,The education of migrants and their children across the life course
420,676,WOS:000293098700009,2011,ZEITSCHRIFT FUR ERZIEHUNGSWISSENSCHAFT,The education of migrants and their children across the life course
420,742,WOS:000293098700009,2011,ZEITSCHRIFT FUR ERZIEHUNGSWISSENSCHAFT,The education of migrants and their children across the life course
423,550,WOS:000293098700009,2011,ZEITSCHRIFT FUR ERZIEHUNGSWISSENSCHAFT,The education of migrants and their children across the life course
423,676,WOS:000293098700009,2011,ZEITSCHRIFT FUR ERZIEHUNGSWISSENSCHAFT,The education of migrants and their children across the life course
423,742,WOS:000293098700009,2011,ZEITSCHRIFT FUR ERZIEHUNGSWISSENSCHAFT,The education of migrants and their children across the life course
550,676,WOS:000293098700009,2011,ZEITSCHRIFT FUR ERZIEHUNGSWISSENSCHAFT,The education of migrants and their children across the life course
550,742,WOS:000293098700009,2011,ZEITSCHRIFT FUR ERZIEHUNGSWISSENSCHAFT,The education of migrants and their children across the life course
676,742,WOS:000293098700009,2011,ZEITSCHRIFT FUR ERZIEHUNGSWISSENSCHAFT,The education of migrants and their children across the life course
149,150,WOS:000791635000001,2022,ZEITSCHRIFT FUR ERZIEHUNGSWISSENSCHAFT,"Heterogeneity in motivational developmental trajectories in mathematics
and German depending on school type and gender"
149,837,WOS:000791635000001,2022,ZEITSCHRIFT FUR ERZIEHUNGSWISSENSCHAFT,"Heterogeneity in motivational developmental trajectories in mathematics
and German depending on school type and gender"
150,837,WOS:000791635000001,2022,ZEITSCHRIFT FUR ERZIEHUNGSWISSENSCHAFT,"Heterogeneity in motivational developmental trajectories in mathematics
and German depending on school type and gender"
129,296,WOS:000263295600010,2008,ZEITSCHRIFT FUR ERZIEHUNGSWISSENSCHAFT,"The Effects of Attending a Kindergarten on Children's Cognitive and
Performance-Related Development"
128,130,WOS:000251211600003,2007,ZEITSCHRIFT FUR SOZIOLOGIE DER ERZIEHUNG UND SOZIALISATION,The educational quality of extracurricular activities in all-day schools
128,1007,WOS:000251211600003,2007,ZEITSCHRIFT FUR SOZIOLOGIE DER ERZIEHUNG UND SOZIALISATION,The educational quality of extracurricular activities in all-day schools
130,1007,WOS:000251211600003,2007,ZEITSCHRIFT FUR SOZIOLOGIE DER ERZIEHUNG UND SOZIALISATION,The educational quality of extracurricular activities in all-day schools
58,132,WOS:000473098200011,2019,ZEITSCHRIFT FUR ERZIEHUNGSWISSENSCHAFT,"Teachers' placement decisions regarding the transition to upper
secondary education: Consequences of the switch to a two-track secondary
system in Berlin"
58,133,WOS:000473098200011,2019,ZEITSCHRIFT FUR ERZIEHUNGSWISSENSCHAFT,"Teachers' placement decisions regarding the transition to upper
secondary education: Consequences of the switch to a two-track secondary
system in Berlin"
58,624,WOS:000473098200011,2019,ZEITSCHRIFT FUR ERZIEHUNGSWISSENSCHAFT,"Teachers' placement decisions regarding the transition to upper
secondary education: Consequences of the switch to a two-track secondary
system in Berlin"
58,1175,WOS:000473098200011,2019,ZEITSCHRIFT FUR ERZIEHUNGSWISSENSCHAFT,"Teachers' placement decisions regarding the transition to upper
secondary education: Consequences of the switch to a two-track secondary
system in Berlin"
132,133,WOS:000473098200011,2019,ZEITSCHRIFT FUR ERZIEHUNGSWISSENSCHAFT,"Teachers' placement decisions regarding the transition to upper
secondary education: Consequences of the switch to a two-track secondary
system in Berlin"
132,624,WOS:000473098200011,2019,ZEITSCHRIFT FUR ERZIEHUNGSWISSENSCHAFT,"Teachers' placement decisions regarding the transition to upper
secondary education: Consequences of the switch to a two-track secondary
system in Berlin"
132,1175,WOS:000473098200011,2019,ZEITSCHRIFT FUR ERZIEHUNGSWISSENSCHAFT,"Teachers' placement decisions regarding the transition to upper
secondary education: Consequences of the switch to a two-track secondary
system in Berlin"
133,624,WOS:000473098200011,2019,ZEITSCHRIFT FUR ERZIEHUNGSWISSENSCHAFT,"Teachers' placement decisions regarding the transition to upper
secondary education: Consequences of the switch to a two-track secondary
system in Berlin"
133,1175,WOS:000473098200011,2019,ZEITSCHRIFT FUR ERZIEHUNGSWISSENSCHAFT,"Teachers' placement decisions regarding the transition to upper
secondary education: Consequences of the switch to a two-track secondary
system in Berlin"
624,1175,WOS:000473098200011,2019,ZEITSCHRIFT FUR ERZIEHUNGSWISSENSCHAFT,"Teachers' placement decisions regarding the transition to upper
secondary education: Consequences of the switch to a two-track secondary
system in Berlin"
35,264,WOS:000291526800005,2011,ASSESSMENT \& EVALUATION IN HIGHER EDUCATION,"Self-rated competences and future vocational success: a longitudinal
study"
75,142,WOS:000635846300002,2021,ZEITSCHRIFT FUR ERZIEHUNGSWISSENSCHAFT,"Parents' subjective burden of home schooling their children at times of
the Corona-related lockdown in spring 2020"
132,133,WOS:000577092100001,2020,ZEITSCHRIFT FUR ERZIEHUNGSWISSENSCHAFT,"School types and socioeconomic success in young adulthood: are different
educational pathways equally rewarded on the labor market?"
132,262,WOS:000577092100001,2020,ZEITSCHRIFT FUR ERZIEHUNGSWISSENSCHAFT,"School types and socioeconomic success in young adulthood: are different
educational pathways equally rewarded on the labor market?"
133,262,WOS:000577092100001,2020,ZEITSCHRIFT FUR ERZIEHUNGSWISSENSCHAFT,"School types and socioeconomic success in young adulthood: are different
educational pathways equally rewarded on the labor market?"
35,264,WOS:000304551500004,2012,ZEITSCHRIFT FUR ERZIEHUNGSWISSENSCHAFT,"What university lecturers can learn from evaluation feedback - The
differential impact of process- versus outcome-oriented feedback on
teaching orientations"
83,556,WOS:000293098700013,2011,ZEITSCHRIFT FUR ERZIEHUNGSWISSENSCHAFT,From birth to early child care
58,135,WOS:000274214900007,2009,ZEITSCHRIFT FUR ERZIEHUNGSWISSENSCHAFT,"The Transition from Elementary to Secondary Education in Germany:
Definition, Specification, and Quantification of the Primary and
Secondary Effects of Social Background"
149,150,WOS:000473098200010,2019,ZEITSCHRIFT FUR ERZIEHUNGSWISSENSCHAFT,"Transitions after lower secondary education: ``Corrections of allocated
educational paths{''}, but the result of long-standing aspirations?"
246,247,WOS:000433946000003,2018,EDUCATIONAL RESEARCH,School alienation - Theoretical approaches and educational research
58,133,WOS:000435374500005,2018,ZEITSCHRIFT FUR ERZIEHUNGSWISSENSCHAFT,"Transition to secondary school as a critical life event: The influence
of parental support on the transition experience of children"
58,624,WOS:000435374500005,2018,ZEITSCHRIFT FUR ERZIEHUNGSWISSENSCHAFT,"Transition to secondary school as a critical life event: The influence
of parental support on the transition experience of children"
133,624,WOS:000435374500005,2018,ZEITSCHRIFT FUR ERZIEHUNGSWISSENSCHAFT,"Transition to secondary school as a critical life event: The influence
of parental support on the transition experience of children"
149,150,WOS:000509660000010,2016,AERA OPEN,"Side Effects of Motivational Interventions? Effects of an Intervention
in Math Classrooms on Motivation in Verbal Domains"
149,837,WOS:000509660000010,2016,AERA OPEN,"Side Effects of Motivational Interventions? Effects of an Intervention
in Math Classrooms on Motivation in Verbal Domains"
149,1170,WOS:000509660000010,2016,AERA OPEN,"Side Effects of Motivational Interventions? Effects of an Intervention
in Math Classrooms on Motivation in Verbal Domains"
150,837,WOS:000509660000010,2016,AERA OPEN,"Side Effects of Motivational Interventions? Effects of an Intervention
in Math Classrooms on Motivation in Verbal Domains"
150,1170,WOS:000509660000010,2016,AERA OPEN,"Side Effects of Motivational Interventions? Effects of an Intervention
in Math Classrooms on Motivation in Verbal Domains"
837,1170,WOS:000509660000010,2016,AERA OPEN,"Side Effects of Motivational Interventions? Effects of an Intervention
in Math Classrooms on Motivation in Verbal Domains"
149,150,WOS:000509659300008,2016,AERA OPEN,"Probing the Unique Contributions of Self-Concept, Task Values, and Their
Interactions Using Multiple Value Facets and Multiple Academic Outcomes"
149,837,WOS:000509659300008,2016,AERA OPEN,"Probing the Unique Contributions of Self-Concept, Task Values, and Their
Interactions Using Multiple Value Facets and Multiple Academic Outcomes"
149,1030,WOS:000509659300008,2016,AERA OPEN,"Probing the Unique Contributions of Self-Concept, Task Values, and Their
Interactions Using Multiple Value Facets and Multiple Academic Outcomes"
149,1032,WOS:000509659300008,2016,AERA OPEN,"Probing the Unique Contributions of Self-Concept, Task Values, and Their
Interactions Using Multiple Value Facets and Multiple Academic Outcomes"
149,1170,WOS:000509659300008,2016,AERA OPEN,"Probing the Unique Contributions of Self-Concept, Task Values, and Their
Interactions Using Multiple Value Facets and Multiple Academic Outcomes"
150,837,WOS:000509659300008,2016,AERA OPEN,"Probing the Unique Contributions of Self-Concept, Task Values, and Their
Interactions Using Multiple Value Facets and Multiple Academic Outcomes"
150,1030,WOS:000509659300008,2016,AERA OPEN,"Probing the Unique Contributions of Self-Concept, Task Values, and Their
Interactions Using Multiple Value Facets and Multiple Academic Outcomes"
150,1032,WOS:000509659300008,2016,AERA OPEN,"Probing the Unique Contributions of Self-Concept, Task Values, and Their
Interactions Using Multiple Value Facets and Multiple Academic Outcomes"
150,1170,WOS:000509659300008,2016,AERA OPEN,"Probing the Unique Contributions of Self-Concept, Task Values, and Their
Interactions Using Multiple Value Facets and Multiple Academic Outcomes"
837,1030,WOS:000509659300008,2016,AERA OPEN,"Probing the Unique Contributions of Self-Concept, Task Values, and Their
Interactions Using Multiple Value Facets and Multiple Academic Outcomes"
837,1032,WOS:000509659300008,2016,AERA OPEN,"Probing the Unique Contributions of Self-Concept, Task Values, and Their
Interactions Using Multiple Value Facets and Multiple Academic Outcomes"
837,1170,WOS:000509659300008,2016,AERA OPEN,"Probing the Unique Contributions of Self-Concept, Task Values, and Their
Interactions Using Multiple Value Facets and Multiple Academic Outcomes"
1030,1032,WOS:000509659300008,2016,AERA OPEN,"Probing the Unique Contributions of Self-Concept, Task Values, and Their
Interactions Using Multiple Value Facets and Multiple Academic Outcomes"
1030,1170,WOS:000509659300008,2016,AERA OPEN,"Probing the Unique Contributions of Self-Concept, Task Values, and Their
Interactions Using Multiple Value Facets and Multiple Academic Outcomes"
1032,1170,WOS:000509659300008,2016,AERA OPEN,"Probing the Unique Contributions of Self-Concept, Task Values, and Their
Interactions Using Multiple Value Facets and Multiple Academic Outcomes"
302,328,WOS:001587117800001,2025,REMEDIAL AND SPECIAL EDUCATION,"Participatory Action Research: Inclusion of Elementary Students With
Disabilities"
133,149,WOS:000462868000004,2018,ZEITSCHRIFT FUR ENTWICKLUNGSPSYCHOLOGIE UND PADAGOGISCHE PSYCHOLOGIE,"Individual Developmental Progress in Reading: Does Gender Make a
Difference?"
133,150,WOS:000462868000004,2018,ZEITSCHRIFT FUR ENTWICKLUNGSPSYCHOLOGIE UND PADAGOGISCHE PSYCHOLOGIE,"Individual Developmental Progress in Reading: Does Gender Make a
Difference?"
133,177,WOS:000462868000004,2018,ZEITSCHRIFT FUR ENTWICKLUNGSPSYCHOLOGIE UND PADAGOGISCHE PSYCHOLOGIE,"Individual Developmental Progress in Reading: Does Gender Make a
Difference?"
149,150,WOS:000462868000004,2018,ZEITSCHRIFT FUR ENTWICKLUNGSPSYCHOLOGIE UND PADAGOGISCHE PSYCHOLOGIE,"Individual Developmental Progress in Reading: Does Gender Make a
Difference?"
149,177,WOS:000462868000004,2018,ZEITSCHRIFT FUR ENTWICKLUNGSPSYCHOLOGIE UND PADAGOGISCHE PSYCHOLOGIE,"Individual Developmental Progress in Reading: Does Gender Make a
Difference?"
150,177,WOS:000462868000004,2018,ZEITSCHRIFT FUR ENTWICKLUNGSPSYCHOLOGIE UND PADAGOGISCHE PSYCHOLOGIE,"Individual Developmental Progress in Reading: Does Gender Make a
Difference?"
150,177,WOS:000431491300004,2018,JOURNAL OF EDUCATIONAL PSYCHOLOGY,"Reading Demands in Secondary School: Does the Linguistic Complexity of
Textbooks Increase With Grade Level and the Academic Orientation of the
School Track?"
150,178,WOS:000431491300004,2018,JOURNAL OF EDUCATIONAL PSYCHOLOGY,"Reading Demands in Secondary School: Does the Linguistic Complexity of
Textbooks Increase With Grade Level and the Academic Orientation of the
School Track?"
150,179,WOS:000431491300004,2018,JOURNAL OF EDUCATIONAL PSYCHOLOGY,"Reading Demands in Secondary School: Does the Linguistic Complexity of
Textbooks Increase With Grade Level and the Academic Orientation of the
School Track?"
177,178,WOS:000431491300004,2018,JOURNAL OF EDUCATIONAL PSYCHOLOGY,"Reading Demands in Secondary School: Does the Linguistic Complexity of
Textbooks Increase With Grade Level and the Academic Orientation of the
School Track?"
177,179,WOS:000431491300004,2018,JOURNAL OF EDUCATIONAL PSYCHOLOGY,"Reading Demands in Secondary School: Does the Linguistic Complexity of
Textbooks Increase With Grade Level and the Academic Orientation of the
School Track?"
178,179,WOS:000431491300004,2018,JOURNAL OF EDUCATIONAL PSYCHOLOGY,"Reading Demands in Secondary School: Does the Linguistic Complexity of
Textbooks Increase With Grade Level and the Academic Orientation of the
School Track?"
133,260,WOS:000705450800001,2021,EUROPEAN JOURNAL OF PERSONALITY,"What teachers and parents can add to personality ratings of children:
Unique associations with academic performance in elementary school"
133,262,WOS:000705450800001,2021,EUROPEAN JOURNAL OF PERSONALITY,"What teachers and parents can add to personality ratings of children:
Unique associations with academic performance in elementary school"
133,270,WOS:000705450800001,2021,EUROPEAN JOURNAL OF PERSONALITY,"What teachers and parents can add to personality ratings of children:
Unique associations with academic performance in elementary school"
133,533,WOS:000705450800001,2021,EUROPEAN JOURNAL OF PERSONALITY,"What teachers and parents can add to personality ratings of children:
Unique associations with academic performance in elementary school"
260,262,WOS:000705450800001,2021,EUROPEAN JOURNAL OF PERSONALITY,"What teachers and parents can add to personality ratings of children:
Unique associations with academic performance in elementary school"
260,270,WOS:000705450800001,2021,EUROPEAN JOURNAL OF PERSONALITY,"What teachers and parents can add to personality ratings of children:
Unique associations with academic performance in elementary school"
260,533,WOS:000705450800001,2021,EUROPEAN JOURNAL OF PERSONALITY,"What teachers and parents can add to personality ratings of children:
Unique associations with academic performance in elementary school"
262,270,WOS:000705450800001,2021,EUROPEAN JOURNAL OF PERSONALITY,"What teachers and parents can add to personality ratings of children:
Unique associations with academic performance in elementary school"
262,533,WOS:000705450800001,2021,EUROPEAN JOURNAL OF PERSONALITY,"What teachers and parents can add to personality ratings of children:
Unique associations with academic performance in elementary school"
270,533,WOS:000705450800001,2021,EUROPEAN JOURNAL OF PERSONALITY,"What teachers and parents can add to personality ratings of children:
Unique associations with academic performance in elementary school"
39,622,WOS:001296507000002,2024,ZEITSCHRIFT FUR ERZIEHUNGSWISSENSCHAFT,"The situation of educational research at universities and non-university
research institutions"
490,682,WOS:000332814800005,2014,ZEITSCHRIFT FUR PADAGOGIK,"Taking Stock after Nine Years of SINUS at Elementary Schools in Germany:
An evaluation of mathematics-related data within the framework of TIMSS
2011"
28,835,WOS:000847006700001,2022,ZEITSCHRIFT FUR ERZIEHUNGSWISSENSCHAFT,"Teaching quality from the perspective of external raters-Analyses of the
order effect"
144,533,WOS:000487543200002,2019,ZEITSCHRIFT FUR ERZIEHUNGSWISSENSCHAFT,"Immigration-related disparities in having a diagnosis of special
educational needs in the area of learning and the type of schooling"
39,621,WOS:000259558300004,2008,ZEITSCHRIFT FUR PADAGOGIK,"Organizations of further education and demand orientation -
Neo-institutinalistic perspectives"
58,847,WOS:000244445000006,2006,ZEITSCHRIFT FUR ERZIEHUNGSWISSENSCHAFT,"Effects of alternative access routes to higher education on intention to
study at the end of upper secondary schooling"
221,693,WOS:001355373800001,2025,TEACHING AND TEACHER EDUCATION,"Influence of track placement and teachers' perceptions of children's
academic schoolwork skills on the development of children's motivational
self-beliefs and achievement"
58,433,WOS:001303234700001,2025,ZEITSCHRIFT FUR ERZIEHUNGSWISSENSCHAFT,"Developing education together: recommendations for projects in
cooperation between science, policy and practice"
58,582,WOS:001303234700001,2025,ZEITSCHRIFT FUR ERZIEHUNGSWISSENSCHAFT,"Developing education together: recommendations for projects in
cooperation between science, policy and practice"
433,582,WOS:001303234700001,2025,ZEITSCHRIFT FUR ERZIEHUNGSWISSENSCHAFT,"Developing education together: recommendations for projects in
cooperation between science, policy and practice"
58,847,WOS:000435374500007,2018,ZEITSCHRIFT FUR ERZIEHUNGSWISSENSCHAFT,"Are perceptions regarding cost-benefit considerations for higher
education enrolment alterable? The effectiveness of a school-based
treatment for reducing social inequality at the transition to higher
education"
58,849,WOS:000435374500007,2018,ZEITSCHRIFT FUR ERZIEHUNGSWISSENSCHAFT,"Are perceptions regarding cost-benefit considerations for higher
education enrolment alterable? The effectiveness of a school-based
treatment for reducing social inequality at the transition to higher
education"
847,849,WOS:000435374500007,2018,ZEITSCHRIFT FUR ERZIEHUNGSWISSENSCHAFT,"Are perceptions regarding cost-benefit considerations for higher
education enrolment alterable? The effectiveness of a school-based
treatment for reducing social inequality at the transition to higher
education"
80,1043,WOS:000293098700021,2011,ZEITSCHRIFT FUR ERZIEHUNGSWISSENSCHAFT,RemoteNEPS: data dissemination in a collaborative workspace
80,1196,WOS:000293098700021,2011,ZEITSCHRIFT FUR ERZIEHUNGSWISSENSCHAFT,RemoteNEPS: data dissemination in a collaborative workspace
80,1197,WOS:000293098700021,2011,ZEITSCHRIFT FUR ERZIEHUNGSWISSENSCHAFT,RemoteNEPS: data dissemination in a collaborative workspace
1043,1196,WOS:000293098700021,2011,ZEITSCHRIFT FUR ERZIEHUNGSWISSENSCHAFT,RemoteNEPS: data dissemination in a collaborative workspace
1043,1197,WOS:000293098700021,2011,ZEITSCHRIFT FUR ERZIEHUNGSWISSENSCHAFT,RemoteNEPS: data dissemination in a collaborative workspace
1196,1197,WOS:000293098700021,2011,ZEITSCHRIFT FUR ERZIEHUNGSWISSENSCHAFT,RemoteNEPS: data dissemination in a collaborative workspace
227,896,WOS:000293098700020,2011,ZEITSCHRIFT FUR ERZIEHUNGSWISSENSCHAFT,Data protection issues in the National Educational Panel Study
227,1043,WOS:000293098700020,2011,ZEITSCHRIFT FUR ERZIEHUNGSWISSENSCHAFT,Data protection issues in the National Educational Panel Study
896,1043,WOS:000293098700020,2011,ZEITSCHRIFT FUR ERZIEHUNGSWISSENSCHAFT,Data protection issues in the National Educational Panel Study
85,326,WOS:000721230400001,2022,ASSESSMENT IN EDUCATION-PRINCIPLES POLICY \& PRACTICE,"The impact of inconsistent responders to mixed-worded scales on
inferences in international large-scale assessments"
365,366,WOS:000675080100001,2021,STUDIES IN HIGHER EDUCATION,Automated and controlled processes in comprehending multiple documents
365,608,WOS:000675080100001,2021,STUDIES IN HIGHER EDUCATION,Automated and controlled processes in comprehending multiple documents
366,608,WOS:000675080100001,2021,STUDIES IN HIGHER EDUCATION,Automated and controlled processes in comprehending multiple documents
58,624,WOS:000450021300002,2018,ZEITSCHRIFT FUR PADAGOGIK,"Supply and Demand in the Context of School Choice: The impact of school
characteristics and student composition on the demand for secondary
schools in Berlin"
55,903,WOS:000350825700004,2015,TEACHERS COLLEGE RECORD,"Cross-Country Generalizability of the Role of Metacognitive Knowledge in
Students' Strategy Use and Reading Competence"
132,133,WOS:000267225700003,2009,ZEITSCHRIFT FUR ERZIEHUNGSWISSENSCHAFT,"Early transition into the academic track of secondary schooling -
Transfer into a privileged learning environment?"
132,624,WOS:000267225700003,2009,ZEITSCHRIFT FUR ERZIEHUNGSWISSENSCHAFT,"Early transition into the academic track of secondary schooling -
Transfer into a privileged learning environment?"
133,624,WOS:000267225700003,2009,ZEITSCHRIFT FUR ERZIEHUNGSWISSENSCHAFT,"Early transition into the academic track of secondary schooling -
Transfer into a privileged learning environment?"
58,847,WOS:000248753700004,2007,ZEITSCHRIFT FUR SOZIOLOGIE DER ERZIEHUNG UND SOZIALISATION,"Reproduction or mobility? The effects of family process variables on
intentions to enter higher education"
247,553,WOS:001433484600001,2025,COMPARATIVE EDUCATION,"Struggling for equal access and success: disability in European higher
education"
302,1188,WOS:001039327500001,2024,JOURNAL OF EDUCATIONAL COMPUTING RESEARCH,"A Multi-Strategy Computer-Assisted EFL Writing Learning System With Deep
Learning Incorporated and Its Effects on Learning: A Writing Feedback
Perspective"
135,432,WOS:000402740700010,2017,ZEITSCHRIFT FUR ERZIEHUNGSWISSENSCHAFT,"IRT Scaling of the Tests in PISA Longitudinal Assessment 2012/2013:
Impact of Test Context Effects on the Growth Estimate"
128,673,WOS:000395066300002,2017,ZEITSCHRIFT FUR ERZIEHUNGSWISSENSCHAFT,"How informative are first impressions? The thin-slices technique as a
method for video-based assessment of instruction"
128,645,WOS:000364872900004,2015,AMERICAN EDUCATIONAL RESEARCH JOURNAL,"Embedded Formative Assessment and Classroom Process Quality: How Do They
Interact in Promoting Science Understanding?"
128,673,WOS:000364872900004,2015,AMERICAN EDUCATIONAL RESEARCH JOURNAL,"Embedded Formative Assessment and Classroom Process Quality: How Do They
Interact in Promoting Science Understanding?"
645,673,WOS:000364872900004,2015,AMERICAN EDUCATIONAL RESEARCH JOURNAL,"Embedded Formative Assessment and Classroom Process Quality: How Do They
Interact in Promoting Science Understanding?"
144,663,WOS:001465274400001,2025,ZEITSCHRIFT FUR ERZIEHUNGSWISSENSCHAFT,"The extent of assessed special educational support needs and different
student competencies in special and mainstream schools"
28,835,WOS:000537462400005,2020,INTERNATIONAL JOURNAL OF EDUCATIONAL RESEARCH,"The attitude does matter: The role of principals' and teachers' concerns
in an implementation process"
153,420,WOS:000318131000005,2013,ZEITSCHRIFT FUR PADAGOGIK,"Cultural identity and Reading skills of Young people from immigrant
Families"
38,433,WOS:000253386100012,2007,ZEITSCHRIFT FUR ERZIEHUNGSWISSENSCHAFT,"How teachers perceive lessons - Assessing educational competencies by
means of videos"
33,927,WOS:000478113600001,2020,SCHOOL EFFECTIVENESS AND SCHOOL IMPROVEMENT,"Family involvement in early childhood education and care and its effects
on the social-emotional and language skills of 3-year-old children"
28,835,WOS:000439193600006,2018,ZEITSCHRIFT FUR ERZIEHUNGSWISSENSCHAFT,"Attitudes, motivation and self-efficacy of teachers School type-related
differences and correlations with teaching behavior when teaching with
texts and integrated pictures"
130,829,WOS:000436529400002,2018,ZEITSCHRIFT FUR SOZIOLOGIE DER ERZIEHUNG UND SOZIALISATION,"The Prevalence of Sexual Violence Perpetrated Against Adolescents by
their Peers"
38,433,WOS:000260812800017,2008,ZEITSCHRIFT FUR ERZIEHUNGSWISSENSCHAFT,"Constructivist convinctions of teachers: what do they mean for the
lesson?"
144,962,WOS:000375964100013,2016,ZEITSCHRIFT FUR PADAGOGIK,"Identification of School Girls and School Boys according to the
Specifications of the UN CRPD in the nation wide Surveys: Special
Pedagogical Education Needs, special pedagogical Requirement or special
Support"
144,964,WOS:000375964100013,2016,ZEITSCHRIFT FUR PADAGOGIK,"Identification of School Girls and School Boys according to the
Specifications of the UN CRPD in the nation wide Surveys: Special
Pedagogical Education Needs, special pedagogical Requirement or special
Support"
962,964,WOS:000375964100013,2016,ZEITSCHRIFT FUR PADAGOGIK,"Identification of School Girls and School Boys according to the
Specifications of the UN CRPD in the nation wide Surveys: Special
Pedagogical Education Needs, special pedagogical Requirement or special
Support"
901,1032,WOS:000348504900006,2015,SCHOOL EFFECTIVENESS AND SCHOOL IMPROVEMENT,"Phantom effects in school composition research: consequences of failure
to control biases due to measurement error in traditional multilevel
models"
18,746,WOS:000342654600005,2014,ZEITSCHRIFT FUR ERZIEHUNGSWISSENSCHAFT,"Participation in adult education: the reasons for inconsistent
participation rates in different sources of data"
34,964,WOS:000262447000003,2008,ZEITSCHRIFT FUR ERZIEHUNGSWISSENSCHAFT,International University Rankings - A Critical Review of the Methodology
132,150,WOS:000249113700007,2007,AMERICAN EDUCATIONAL RESEARCH JOURNAL,"The big-fish-little-pond effect:: Persistent negative effects of
selective high schools on self-concept after graduation"
132,1032,WOS:000249113700007,2007,AMERICAN EDUCATIONAL RESEARCH JOURNAL,"The big-fish-little-pond effect:: Persistent negative effects of
selective high schools on self-concept after graduation"
150,1032,WOS:000249113700007,2007,AMERICAN EDUCATIONAL RESEARCH JOURNAL,"The big-fish-little-pond effect:: Persistent negative effects of
selective high schools on self-concept after graduation"
58,132,WOS:000248075500002,2007,ZEITSCHRIFT FUR PADAGOGIK,"Family background, competence development, and selective decisions
within the tiered school system compared internationally - An extensive
analysis of PISA data"
58,847,WOS:000248075500002,2007,ZEITSCHRIFT FUR PADAGOGIK,"Family background, competence development, and selective decisions
within the tiered school system compared internationally - An extensive
analysis of PISA data"
132,847,WOS:000248075500002,2007,ZEITSCHRIFT FUR PADAGOGIK,"Family background, competence development, and selective decisions
within the tiered school system compared internationally - An extensive
analysis of PISA data"
176,357,WOS:001654324300001,2026,RESEARCH PAPERS IN EDUCATION,Socioeconomic inequalities in teacher-student relationships at age 5
220,1051,WOS:000545547300001,2021,HIGHER EDUCATION,"Do grants improve the outcomes of university students in a challenging
context? Evidence from a matching approach"
146,580,WOS:000463143000007,2019,HIGHER EDUCATION,"Information-seeking behaviour and academic success in higher education:
Which search strategies matter for grade differences among university
students and how does this relevance differ by field of study?"
132,150,WOS:000306253900002,2012,TEACHING AND TEACHER EDUCATION,"Motivations for choosing teaching as a career: An international
comparison using the FIT-Choice scale"
132,318,WOS:000306253900002,2012,TEACHING AND TEACHER EDUCATION,"Motivations for choosing teaching as a career: An international
comparison using the FIT-Choice scale"
132,647,WOS:000306253900002,2012,TEACHING AND TEACHER EDUCATION,"Motivations for choosing teaching as a career: An international
comparison using the FIT-Choice scale"
132,673,WOS:000306253900002,2012,TEACHING AND TEACHER EDUCATION,"Motivations for choosing teaching as a career: An international
comparison using the FIT-Choice scale"
150,318,WOS:000306253900002,2012,TEACHING AND TEACHER EDUCATION,"Motivations for choosing teaching as a career: An international
comparison using the FIT-Choice scale"
150,647,WOS:000306253900002,2012,TEACHING AND TEACHER EDUCATION,"Motivations for choosing teaching as a career: An international
comparison using the FIT-Choice scale"
150,673,WOS:000306253900002,2012,TEACHING AND TEACHER EDUCATION,"Motivations for choosing teaching as a career: An international
comparison using the FIT-Choice scale"
318,647,WOS:000306253900002,2012,TEACHING AND TEACHER EDUCATION,"Motivations for choosing teaching as a career: An international
comparison using the FIT-Choice scale"
318,673,WOS:000306253900002,2012,TEACHING AND TEACHER EDUCATION,"Motivations for choosing teaching as a career: An international
comparison using the FIT-Choice scale"
647,673,WOS:000306253900002,2012,TEACHING AND TEACHER EDUCATION,"Motivations for choosing teaching as a career: An international
comparison using the FIT-Choice scale"
62,1149,WOS:000893995700001,2023,RESEARCH IN HIGHER EDUCATION,"Academics' Attitudes Toward Engaging in Public Discussions: Experimental
Evidence on the Impact of Engagement Conditions"
28,835,WOS:000661759000001,2021,ZEITSCHRIFT FUR ERZIEHUNGSWISSENSCHAFT,"Instructional quality, reading comprehension, and intrinsic reading
motivation in the context of the German initiative ``Education through
Language and Writing{''} (BiSS)"
38,1087,WOS:000591657300008,2021,TEACHING AND TEACHER EDUCATION,"How does learners' behavior attract preservice teachers' attention
during teaching?"
296,454,WOS:000301407200007,2012,ZEITSCHRIFT FUR SOZIOLOGIE DER ERZIEHUNG UND SOZIALISATION,"Participation of cultural educational activities in families with
preschoolers"
144,1178,WOS:000673535100001,2021,ZEITSCHRIFT FUR ERZIEHUNGSWISSENSCHAFT,"Social inclusion of special education students in mainstream schools and
special schools: impact of competencies at individual and class level"
86,627,WOS:000591349400013,2020,INTERNATIONAL JOURNAL OF EDUCATIONAL DEVELOPMENT,"Do increases in national-level preschool enrollment increase student
achievement? Evidence from international assessments"
86,1098,WOS:000591349400013,2020,INTERNATIONAL JOURNAL OF EDUCATIONAL DEVELOPMENT,"Do increases in national-level preschool enrollment increase student
achievement? Evidence from international assessments"
627,1098,WOS:000591349400013,2020,INTERNATIONAL JOURNAL OF EDUCATIONAL DEVELOPMENT,"Do increases in national-level preschool enrollment increase student
achievement? Evidence from international assessments"
238,256,WOS:000262447000006,2008,Zeitschrift fur Erziehungswissenschaft,"Higher Education and the Labor Market in the Bologna Process - The
Importance of ``Employability{''} and Key Competencies"
16,1135,WOS:001060603500001,2024,RESEARCH IN HIGHER EDUCATION,"Tertiary Education, Changing One's Educational Decision and the Role of
Parental Preferences"
33,928,WOS:000504381700001,2020,EUROPEAN EARLY CHILDHOOD EDUCATION RESEARCH JOURNAL,"Early interventions tackling inequalities experienced by immigrant,
low-income, and Roma children in 8 European countries: a critical
overview"
220,940,WOS:000460133900010,2019,HIGHER EDUCATION,"Between academia and labour marketthe occupational outcomes of PhD
graduates in a period of academic reforms and economic crisis"
277,380,WOS:000416262100004,2017,ZEITSCHRIFT FUR ERZIEHUNGSWISSENSCHAFT,"The role of student motivation in the formation of parental expectations
at the end of primary school"
58,758,WOS:000408889000006,2017,ZEITSCHRIFT FUR ERZIEHUNGSWISSENSCHAFT,"Will you be my friend? A multilevel network analysis of friendships of
students with and without special educational needs backgrounds in
inclusive classrooms"
58,759,WOS:000408889000006,2017,ZEITSCHRIFT FUR ERZIEHUNGSWISSENSCHAFT,"Will you be my friend? A multilevel network analysis of friendships of
students with and without special educational needs backgrounds in
inclusive classrooms"
58,760,WOS:000408889000006,2017,ZEITSCHRIFT FUR ERZIEHUNGSWISSENSCHAFT,"Will you be my friend? A multilevel network analysis of friendships of
students with and without special educational needs backgrounds in
inclusive classrooms"
758,759,WOS:000408889000006,2017,ZEITSCHRIFT FUR ERZIEHUNGSWISSENSCHAFT,"Will you be my friend? A multilevel network analysis of friendships of
students with and without special educational needs backgrounds in
inclusive classrooms"
758,760,WOS:000408889000006,2017,ZEITSCHRIFT FUR ERZIEHUNGSWISSENSCHAFT,"Will you be my friend? A multilevel network analysis of friendships of
students with and without special educational needs backgrounds in
inclusive classrooms"
759,760,WOS:000408889000006,2017,ZEITSCHRIFT FUR ERZIEHUNGSWISSENSCHAFT,"Will you be my friend? A multilevel network analysis of friendships of
students with and without special educational needs backgrounds in
inclusive classrooms"
135,432,WOS:000402740700012,2017,ZEITSCHRIFT FUR ERZIEHUNGSWISSENSCHAFT,"Empirical Basis and Sample Failure and Adjustments in the
PISA-Longitudinal Study 2012-2013"
128,645,WOS:000349308400002,2015,OXFORD REVIEW OF EDUCATION,"Who has a good relationship with the teachers? A comparison of
comprehensive education systems with education systems using
between-school tracking"
128,673,WOS:000349308400002,2015,OXFORD REVIEW OF EDUCATION,"Who has a good relationship with the teachers? A comparison of
comprehensive education systems with education systems using
between-school tracking"
645,673,WOS:000349308400002,2015,OXFORD REVIEW OF EDUCATION,"Who has a good relationship with the teachers? A comparison of
comprehensive education systems with education systems using
between-school tracking"
143,904,WOS:000330286800006,2013,AMERICAN EDUCATIONAL RESEARCH JOURNAL,"The Development of Cognitive, Language, and Cultural Skills From Age 3
to 6: A Comparison Between Children of Turkish Origin and Children of
Native-Born German Parents and the Role of Immigrant Parents'
Acculturation to the Receiving Society"
83,412,WOS:000321649600004,2013,ZEITSCHRIFT FUR ERZIEHUNGSWISSENSCHAFT,"Language development in pre-school children - Social disparities and
effects on the acquisition of grammar"
135,433,WOS:000402740700007,2017,ZEITSCHRIFT FUR ERZIEHUNGSWISSENSCHAFT,"Changes in Science Competence from 9th to 10th Grade in PISA and the
German Educational Standards, taking into account Gender and School
Track Specific Differences as well as the Composition of the Students"
128,673,WOS:000415778900011,2017,INTERNATIONAL JOURNAL OF EDUCATIONAL RESEARCH,"The interplay between class heterogeneity and teaching quality in
primary school"
133,420,WOS:000332814800004,2014,ZEITSCHRIFT FUR PADAGOGIK,"Convictions of Teachers Concerning the Function of Comparative Tests:
Correlations with changes in teaching and students' competencies"
150,318,WOS:000506586800001,2020,AERA OPEN,"The Predictive Validity of Teachers' Personality, Cognitive and Academic
Abilities at the End of High School on Instructional Quality in Germany:
A Longitudinal Study"
128,673,WOS:000491631500039,2019,TEACHING AND TEACHER EDUCATION,"The effects of teacher competence on student outcomes in elementary
science education: The mediating role of teaching quality"
224,836,WOS:000458250700045,2019,EDUCATION AND INFORMATION TECHNOLOGIES,"Predictors of fostering students' computer and information literacy -
analysis based on a representative sample of secondary school teachers
in Germany"
143,743,WOS:000424336000002,2018,EDUCATIONAL RESEARCH,"Does ethnic bias affect kindergarten teachers' school entry
recommendations?"
150,734,WOS:000416262100008,2017,ZEITSCHRIFT FUR ERZIEHUNGSWISSENSCHAFT,"Lower secondary-school and the vocational Gymnasium in 6 year form: The
role of vocational interests"
176,843,WOS:001269702500003,2025,HIGHER EDUCATION,"Higher education retention in Ireland and Scotland: the role of
admissions policies"
26,329,WOS:001173335700001,2024,ZEITSCHRIFT FUR ERZIEHUNGSWISSENSCHAFT,"Global competences and education for sustainable development. A
bibliometric analysis to situate the OECD global competences in the
scientific discourse"
26,892,WOS:001173335700001,2024,ZEITSCHRIFT FUR ERZIEHUNGSWISSENSCHAFT,"Global competences and education for sustainable development. A
bibliometric analysis to situate the OECD global competences in the
scientific discourse"
329,892,WOS:001173335700001,2024,ZEITSCHRIFT FUR ERZIEHUNGSWISSENSCHAFT,"Global competences and education for sustainable development. A
bibliometric analysis to situate the OECD global competences in the
scientific discourse"
55,364,WOS:001016002800001,2023,ZEITSCHRIFT FUR ERZIEHUNGSWISSENSCHAFT,"Fostering multiple document comprehension: motivational factors and its
relationship with the use of self-study materials"
55,365,WOS:001016002800001,2023,ZEITSCHRIFT FUR ERZIEHUNGSWISSENSCHAFT,"Fostering multiple document comprehension: motivational factors and its
relationship with the use of self-study materials"
55,366,WOS:001016002800001,2023,ZEITSCHRIFT FUR ERZIEHUNGSWISSENSCHAFT,"Fostering multiple document comprehension: motivational factors and its
relationship with the use of self-study materials"
55,608,WOS:001016002800001,2023,ZEITSCHRIFT FUR ERZIEHUNGSWISSENSCHAFT,"Fostering multiple document comprehension: motivational factors and its
relationship with the use of self-study materials"
364,365,WOS:001016002800001,2023,ZEITSCHRIFT FUR ERZIEHUNGSWISSENSCHAFT,"Fostering multiple document comprehension: motivational factors and its
relationship with the use of self-study materials"
364,366,WOS:001016002800001,2023,ZEITSCHRIFT FUR ERZIEHUNGSWISSENSCHAFT,"Fostering multiple document comprehension: motivational factors and its
relationship with the use of self-study materials"
364,608,WOS:001016002800001,2023,ZEITSCHRIFT FUR ERZIEHUNGSWISSENSCHAFT,"Fostering multiple document comprehension: motivational factors and its
relationship with the use of self-study materials"
365,366,WOS:001016002800001,2023,ZEITSCHRIFT FUR ERZIEHUNGSWISSENSCHAFT,"Fostering multiple document comprehension: motivational factors and its
relationship with the use of self-study materials"
365,608,WOS:001016002800001,2023,ZEITSCHRIFT FUR ERZIEHUNGSWISSENSCHAFT,"Fostering multiple document comprehension: motivational factors and its
relationship with the use of self-study materials"
366,608,WOS:001016002800001,2023,ZEITSCHRIFT FUR ERZIEHUNGSWISSENSCHAFT,"Fostering multiple document comprehension: motivational factors and its
relationship with the use of self-study materials"
58,823,WOS:000727580400003,2021,ZEITSCHRIFT FUR PADAGOGIK,"Secondary Analyses with Official Data. The Potential and Challenges for
Monitoring Education in Germany"
263,410,WOS:000639570900006,2021,ZEITSCHRIFT FUR PADAGOGIK,Adult Literacy and Weak Readers in PIAAC Cycle 1
263,874,WOS:000639570900006,2021,ZEITSCHRIFT FUR PADAGOGIK,Adult Literacy and Weak Readers in PIAAC Cycle 1
410,874,WOS:000639570900006,2021,ZEITSCHRIFT FUR PADAGOGIK,Adult Literacy and Weak Readers in PIAAC Cycle 1
33,928,WOS:000506712900001,2020,EUROPEAN EARLY CHILDHOOD EDUCATION RESEARCH JOURNAL,"Determinants of early attendance of ECEC for families with a Turkish
migration background in four European countries"
135,681,WOS:000402740700011,2017,ZEITSCHRIFT FUR ERZIEHUNGSWISSENSCHAFT,"Longitudinal IRT Scaling of Tests of the Educational Standards for Lower
Secondary Level in the PISA Longitudinal Assessment 2012/2013"
309,313,WOS:000473098200002,2019,ZEITSCHRIFT FUR ERZIEHUNGSWISSENSCHAFT,"Challenges and development prospects for vocational education and
training in times of changing socioeconomic and technological conditions"
33,655,WOS:000429538000009,2018,BRITISH EDUCATIONAL RESEARCH JOURNAL,"Differential effects of home and preschool learning environments on
early language development"
150,624,WOS:000250136600007,2007,ZEITSCHRIFT FUR ERZIEHUNGSWISSENSCHAFT,"School types as differential learning environments:: Institutional and
compositional effects on achievement gains in french as a foreign
language"
38,433,WOS:000242306300003,2006,ZEITSCHRIFT FUR PADAGOGIK,Views on instruction in physics - Findings of the IPN video study
85,325,WOS:001162368300001,2024,ASSESSMENT IN EDUCATION-PRINCIPLES POLICY \& PRACTICE,"Who responds inconsistently to mixed-worded scales? Differences by
achievement, age group, and gender"
85,326,WOS:001162368300001,2024,ASSESSMENT IN EDUCATION-PRINCIPLES POLICY \& PRACTICE,"Who responds inconsistently to mixed-worded scales? Differences by
achievement, age group, and gender"
325,326,WOS:001162368300001,2024,ASSESSMENT IN EDUCATION-PRINCIPLES POLICY \& PRACTICE,"Who responds inconsistently to mixed-worded scales? Differences by
achievement, age group, and gender"
28,132,WOS:000284991800014,2010,ZEITSCHRIFT FUR PADAGOGIK,"The BITE project: Integrative processing of images and text in the lower
secondary I"
28,1080,WOS:000284991800014,2010,ZEITSCHRIFT FUR PADAGOGIK,"The BITE project: Integrative processing of images and text in the lower
secondary I"
132,1080,WOS:000284991800014,2010,ZEITSCHRIFT FUR PADAGOGIK,"The BITE project: Integrative processing of images and text in the lower
secondary I"
80,509,WOS:000274214900005,2009,ZEITSCHRIFT FUR ERZIEHUNGSWISSENSCHAFT,"The Emergence of Parents' Educational Decisions at the Transition from
Elementary to Secondary Schooling"
38,994,WOS:000442061800020,2018,INTERNATIONAL JOURNAL OF EDUCATIONAL RESEARCH,"How systematic video reflection in teacher professional development
regarding classroom discourse contributes to teacher and student
self-efficacy"
135,365,WOS:000402740700009,2017,ZEITSCHRIFT FUR ERZIEHUNGSWISSENSCHAFT,"The impact of cognitive basic skills on the development of reading
comprehension measured in PISA"
135,366,WOS:000402740700009,2017,ZEITSCHRIFT FUR ERZIEHUNGSWISSENSCHAFT,"The impact of cognitive basic skills on the development of reading
comprehension measured in PISA"
365,366,WOS:000402740700009,2017,ZEITSCHRIFT FUR ERZIEHUNGSWISSENSCHAFT,"The impact of cognitive basic skills on the development of reading
comprehension measured in PISA"
33,673,WOS:000292678400003,2011,TEACHING AND TEACHER EDUCATION,"Assessing teachers' multicultural and egalitarian beliefs: The Teacher
Cultural Beliefs Scale"
33,1080,WOS:000292678400003,2011,TEACHING AND TEACHER EDUCATION,"Assessing teachers' multicultural and egalitarian beliefs: The Teacher
Cultural Beliefs Scale"
673,1080,WOS:000292678400003,2011,TEACHING AND TEACHER EDUCATION,"Assessing teachers' multicultural and egalitarian beliefs: The Teacher
Cultural Beliefs Scale"
132,270,WOS:000275146600005,2010,AMERICAN EDUCATIONAL RESEARCH JOURNAL,"Teachers' Mathematical Knowledge, Cognitive Activation in the Classroom,
and Student Progress"
132,318,WOS:000275146600005,2010,AMERICAN EDUCATIONAL RESEARCH JOURNAL,"Teachers' Mathematical Knowledge, Cognitive Activation in the Classroom,
and Student Progress"
132,406,WOS:000275146600005,2010,AMERICAN EDUCATIONAL RESEARCH JOURNAL,"Teachers' Mathematical Knowledge, Cognitive Activation in the Classroom,
and Student Progress"
132,673,WOS:000275146600005,2010,AMERICAN EDUCATIONAL RESEARCH JOURNAL,"Teachers' Mathematical Knowledge, Cognitive Activation in the Classroom,
and Student Progress"
270,318,WOS:000275146600005,2010,AMERICAN EDUCATIONAL RESEARCH JOURNAL,"Teachers' Mathematical Knowledge, Cognitive Activation in the Classroom,
and Student Progress"
270,406,WOS:000275146600005,2010,AMERICAN EDUCATIONAL RESEARCH JOURNAL,"Teachers' Mathematical Knowledge, Cognitive Activation in the Classroom,
and Student Progress"
270,673,WOS:000275146600005,2010,AMERICAN EDUCATIONAL RESEARCH JOURNAL,"Teachers' Mathematical Knowledge, Cognitive Activation in the Classroom,
and Student Progress"
318,406,WOS:000275146600005,2010,AMERICAN EDUCATIONAL RESEARCH JOURNAL,"Teachers' Mathematical Knowledge, Cognitive Activation in the Classroom,
and Student Progress"
318,673,WOS:000275146600005,2010,AMERICAN EDUCATIONAL RESEARCH JOURNAL,"Teachers' Mathematical Knowledge, Cognitive Activation in the Classroom,
and Student Progress"
406,673,WOS:000275146600005,2010,AMERICAN EDUCATIONAL RESEARCH JOURNAL,"Teachers' Mathematical Knowledge, Cognitive Activation in the Classroom,
and Student Progress"
130,829,WOS:000428478500007,2018,ZEITSCHRIFT FUR PADAGOGIK,"``Do we have to ask Youths something like this?{''} Results and
Experiences from the representative Study ``Speak!{''} about sexualized
Violence"
143,743,WOS:000387225000006,2016,ZEITSCHRIFT FUR ERZIEHUNGSWISSENSCHAFT,"The risk of delayed school entry in relation to migration background in
different institutional settings Can reformed school entry procedures
buffer ethnic educational inequality at school start?"
35,606,WOS:000335088800008,2014,EDUCATIONAL RESEARCH,"How gender differences in academic engagement relate to students' gender
identity"
128,407,WOS:000318131000007,2013,ZEITSCHRIFT FUR PADAGOGIK,"Changes the Reading Competence from PISA 2000 to PISA 2009 The Role of
Differences in Education and Training options in the Composition of the
Student body"
128,420,WOS:000318131000007,2013,ZEITSCHRIFT FUR PADAGOGIK,"Changes the Reading Competence from PISA 2000 to PISA 2009 The Role of
Differences in Education and Training options in the Composition of the
Student body"
407,420,WOS:000318131000007,2013,ZEITSCHRIFT FUR PADAGOGIK,"Changes the Reading Competence from PISA 2000 to PISA 2009 The Role of
Differences in Education and Training options in the Composition of the
Student body"
132,270,WOS:000244550800004,2006,ZEITSCHRIFT FUR ERZIEHUNGSWISSENSCHAFT,"How is the content specific professional knowledge of mathematics
teachers related to their teacher education and in-service training?"
132,281,WOS:000244550800004,2006,ZEITSCHRIFT FUR ERZIEHUNGSWISSENSCHAFT,"How is the content specific professional knowledge of mathematics
teachers related to their teacher education and in-service training?"
132,406,WOS:000244550800004,2006,ZEITSCHRIFT FUR ERZIEHUNGSWISSENSCHAFT,"How is the content specific professional knowledge of mathematics
teachers related to their teacher education and in-service training?"
132,673,WOS:000244550800004,2006,ZEITSCHRIFT FUR ERZIEHUNGSWISSENSCHAFT,"How is the content specific professional knowledge of mathematics
teachers related to their teacher education and in-service training?"
270,281,WOS:000244550800004,2006,ZEITSCHRIFT FUR ERZIEHUNGSWISSENSCHAFT,"How is the content specific professional knowledge of mathematics
teachers related to their teacher education and in-service training?"
270,406,WOS:000244550800004,2006,ZEITSCHRIFT FUR ERZIEHUNGSWISSENSCHAFT,"How is the content specific professional knowledge of mathematics
teachers related to their teacher education and in-service training?"
270,673,WOS:000244550800004,2006,ZEITSCHRIFT FUR ERZIEHUNGSWISSENSCHAFT,"How is the content specific professional knowledge of mathematics
teachers related to their teacher education and in-service training?"
281,406,WOS:000244550800004,2006,ZEITSCHRIFT FUR ERZIEHUNGSWISSENSCHAFT,"How is the content specific professional knowledge of mathematics
teachers related to their teacher education and in-service training?"
281,673,WOS:000244550800004,2006,ZEITSCHRIFT FUR ERZIEHUNGSWISSENSCHAFT,"How is the content specific professional knowledge of mathematics
teachers related to their teacher education and in-service training?"
406,673,WOS:000244550800004,2006,ZEITSCHRIFT FUR ERZIEHUNGSWISSENSCHAFT,"How is the content specific professional knowledge of mathematics
teachers related to their teacher education and in-service training?"
144,1079,WOS:001362784300009,2024,ZEITSCHRIFT FUR PADAGOGIK,"Relationships between teachers' self-assessed competence in inclusive
teaching and the design of learning opportunities"
132,318,WOS:000325740900016,2013,TEACHING AND TEACHER EDUCATION,"How different mentoring approaches affect beginning teachers'
development in the first years of practice"
132,673,WOS:000325740900016,2013,TEACHING AND TEACHER EDUCATION,"How different mentoring approaches affect beginning teachers'
development in the first years of practice"
318,673,WOS:000325740900016,2013,TEACHING AND TEACHER EDUCATION,"How different mentoring approaches affect beginning teachers'
development in the first years of practice"
135,365,WOS:000402740700008,2017,ZEITSCHRIFT FUR ERZIEHUNGSWISSENSCHAFT,"Changes in reading skills from 9th to 10th grade: differential
trajectories depending on school type, gender and socio-demographic
background?"
296,454,WOS:000353477700005,2015,EUROPEAN EARLY CHILDHOOD EDUCATION RESEARCH JOURNAL,Visits to cultural learning places in the early childhood
149,1031,WOS:000348305000006,2015,AMERICAN EDUCATIONAL RESEARCH JOURNAL,"The Internal/External Frame of Reference Model of Self-Concept and
Achievement Relations: Age-Cohort and Cross-Cultural Differences"
149,1032,WOS:000348305000006,2015,AMERICAN EDUCATIONAL RESEARCH JOURNAL,"The Internal/External Frame of Reference Model of Self-Concept and
Achievement Relations: Age-Cohort and Cross-Cultural Differences"
1031,1032,WOS:000348305000006,2015,AMERICAN EDUCATIONAL RESEARCH JOURNAL,"The Internal/External Frame of Reference Model of Self-Concept and
Achievement Relations: Age-Cohort and Cross-Cultural Differences"
28,1079,WOS:000326605800010,2013,ZEITSCHRIFT FUR ERZIEHUNGSWISSENSCHAFT,When may competence assessment have negative effects?
28,371,WOS:001493449100001,2025,AERA OPEN,"Metropolitan, Urban, and Rural Regions: How Regional Differences Affect
Elementary School Students in Germany"
28,1087,WOS:001493449100001,2025,AERA OPEN,"Metropolitan, Urban, and Rural Regions: How Regional Differences Affect
Elementary School Students in Germany"
371,1087,WOS:001493449100001,2025,AERA OPEN,"Metropolitan, Urban, and Rural Regions: How Regional Differences Affect
Elementary School Students in Germany"
33,1080,WOS:000548834900001,2020,ZEITSCHRIFT FUR ERZIEHUNGSWISSENSCHAFT,"Beliefs and self-efficacy in dealing with cultural diversity in
interaction with language support strategies"
128,673,WOS:000297235500003,2011,ZEITSCHRIFT FUR PADAGOGIK,"Adaptive Learning Opportunities in Elementary School: Characteristics,
methodological-didactic emphases, and required teacher competences"
55,610,WOS:000284991800022,2010,ZEITSCHRIFT FUR PADAGOGIK,"Metacognitive knowledge in secondary education: Design and evaluation of
domain-specific measurement method."
55,903,WOS:000284991800022,2010,ZEITSCHRIFT FUR PADAGOGIK,"Metacognitive knowledge in secondary education: Design and evaluation of
domain-specific measurement method."
55,1071,WOS:000284991800022,2010,ZEITSCHRIFT FUR PADAGOGIK,"Metacognitive knowledge in secondary education: Design and evaluation of
domain-specific measurement method."
610,903,WOS:000284991800022,2010,ZEITSCHRIFT FUR PADAGOGIK,"Metacognitive knowledge in secondary education: Design and evaluation of
domain-specific measurement method."
610,1071,WOS:000284991800022,2010,ZEITSCHRIFT FUR PADAGOGIK,"Metacognitive knowledge in secondary education: Design and evaluation of
domain-specific measurement method."
903,1071,WOS:000284991800022,2010,ZEITSCHRIFT FUR PADAGOGIK,"Metacognitive knowledge in secondary education: Design and evaluation of
domain-specific measurement method."
70,132,WOS:000261513600002,2008,ZEITSCHRIFT FUR ERZIEHUNGSWISSENSCHAFT,"Trend analysis in PISA: how are the competences in PISA 2000 and PISA
2006 adapted?"
70,433,WOS:000261513600002,2008,ZEITSCHRIFT FUR ERZIEHUNGSWISSENSCHAFT,"Trend analysis in PISA: how are the competences in PISA 2000 and PISA
2006 adapted?"
132,433,WOS:000261513600002,2008,ZEITSCHRIFT FUR ERZIEHUNGSWISSENSCHAFT,"Trend analysis in PISA: how are the competences in PISA 2000 and PISA
2006 adapted?"
33,1080,WOS:000352658800005,2015,TEACHING AND TEACHER EDUCATION,"Should teachers be colorblind? How multicultural and egalitarian beliefs
differentially relate to aspects of teachers' professional competence
for teaching in diverse classrooms"
58,847,WOS:000331644800010,2014,ZEITSCHRIFT FUR ERZIEHUNGSWISSENSCHAFT,"Primary and secondary disparities in access to higher education:
Explanatory models, database and development"
58,849,WOS:000331644800010,2014,ZEITSCHRIFT FUR ERZIEHUNGSWISSENSCHAFT,"Primary and secondary disparities in access to higher education:
Explanatory models, database and development"
847,849,WOS:000331644800010,2014,ZEITSCHRIFT FUR ERZIEHUNGSWISSENSCHAFT,"Primary and secondary disparities in access to higher education:
Explanatory models, database and development"
21,882,WOS:000322921900009,2013,EUROPEAN JOURNAL OF EDUCATION,"Further Education of Higher Education Graduates the More, the Better?"
33,927,WOS:001565599500001,2026,BRITISH EDUCATIONAL RESEARCH JOURNAL,"Potential of a digital parenting app to support parents of toddlers:
Relations between the intensity of app use, language-related parental
self-efficacy and the home literacy environment"
296,871,WOS:000550009900008,2020,EUROPEAN EARLY CHILDHOOD EDUCATION RESEARCH JOURNAL,"Socio-cultural disparities in the quality of children's interactions in
preschools"
33,1080,WOS:000454155300008,2018,EARLY YEARS,"How is participation in parent-child-interaction-focused and
parenting-skills-focused courses associated with child development?"
128,645,WOS:000318131000009,2013,ZEITSCHRIFT FUR PADAGOGIK,"School development in the Course of a Decade - First results of the PISA
School panels"
135,432,WOS:001114658800001,2024,EDUCATIONAL ASSESSMENT EVALUATION AND ACCOUNTABILITY,"Bias risks in ILSA related to non-participation: evidence from a
longitudinal large-scale survey in Germany (PISA Plus)"
673,928,WOS:000477917600006,2019,ZEITSCHRIFT FUR PADAGOGIK,"On the Curricular Validity of the Bilwiss-2.0-Test for the Assessment of
(Pre-service) Teachers' Educational Knowledge"
28,835,WOS:000447860700004,2018,ZEITSCHRIFT FUR ERZIEHUNGSWISSENSCHAFT,"The efficacy of vocabulary promotion in students with a non-German first
language -a comparison of written and combined auditory-written formats"
260,659,WOS:001051814700001,2024,ZEITSCHRIFT FUR ERZIEHUNGSWISSENSCHAFT,"The longitudinal interplay of self-esteem, social relationships, and
academic achievement during adolescence: Theoretical notions and
bivariate meta-analytic findings"
295,1199,WOS:000651630300002,2021,TEACHING AND TEACHER EDUCATION,"Elementary school teachers' self-efficacy, student-perceived support and
students' mathematics interest"
86,650,WOS:000428597800005,2018,SCANDINAVIAN JOURNAL OF EDUCATIONAL RESEARCH,"The Contribution of International Large-Scale Assessments to Educational
Research: Combining Individual and Institutional Data Sources"
133,624,WOS:001686815200001,2026,ZEITSCHRIFT FUR ERZIEHUNGSWISSENSCHAFT,"The forgotten ones: Insights into criteria preferences and the weighting
of teacher-assigned oral grades"
153,361,WOS:001514276000001,2025,ZEITSCHRIFT FUR ERZIEHUNGSWISSENSCHAFT,"Academic achievement of refugee students at the end of primary school in
Germany"
153,841,WOS:001514276000001,2025,ZEITSCHRIFT FUR ERZIEHUNGSWISSENSCHAFT,"Academic achievement of refugee students at the end of primary school in
Germany"
153,1076,WOS:001514276000001,2025,ZEITSCHRIFT FUR ERZIEHUNGSWISSENSCHAFT,"Academic achievement of refugee students at the end of primary school in
Germany"
361,841,WOS:001514276000001,2025,ZEITSCHRIFT FUR ERZIEHUNGSWISSENSCHAFT,"Academic achievement of refugee students at the end of primary school in
Germany"
361,1076,WOS:001514276000001,2025,ZEITSCHRIFT FUR ERZIEHUNGSWISSENSCHAFT,"Academic achievement of refugee students at the end of primary school in
Germany"
841,1076,WOS:001514276000001,2025,ZEITSCHRIFT FUR ERZIEHUNGSWISSENSCHAFT,"Academic achievement of refugee students at the end of primary school in
Germany"
128,671,WOS:000387224400011,2016,ZEITSCHRIFT FUR ERZIEHUNGSWISSENSCHAFT,"Evidence-based teaching? Opportunities and challenges for exchange
between research and practice"
203,1057,WOS:000287755700004,2011,HIGHER EDUCATION,Differentiation and social selectivity in German higher education
154,825,WOS:001220927500001,2025,HIGHER EDUCATION,"Risk-return preferences, gender inequalities and the moderating role of
a counselling intervention on choice of major: evidence from a field and
survey experiment"
673,994,WOS:000447860700006,2018,ZEITSCHRIFT FUR ERZIEHUNGSWISSENSCHAFT,"How subject-(in) dependent is general pedagogical knowledge? Measurement
invariance and subject-specific differences"
128,673,WOS:000359607800002,2015,JOURNAL OF EDUCATIONAL RESEARCH,"Impact of Additional Guidance in Science Education on Primary Students'
Conceptual Understanding"
39,622,WOS:000335121900010,2014,ZEITSCHRIFT FUR PADAGOGIK,"Education and the Ratio to their Reference Disciplines in the Context
the Job and Occupation of Practice (1995 to 2012)"
58,132,WOS:000286649900005,2011,ZEITSCHRIFT FUR PADAGOGIK,"The Social Background of Maths Teachers In Germany. Its connection with
professional occupation and job-related convictions among teachers at
secondary schools"
58,582,WOS:000286649900005,2011,ZEITSCHRIFT FUR PADAGOGIK,"The Social Background of Maths Teachers In Germany. Its connection with
professional occupation and job-related convictions among teachers at
secondary schools"
58,673,WOS:000286649900005,2011,ZEITSCHRIFT FUR PADAGOGIK,"The Social Background of Maths Teachers In Germany. Its connection with
professional occupation and job-related convictions among teachers at
secondary schools"
132,582,WOS:000286649900005,2011,ZEITSCHRIFT FUR PADAGOGIK,"The Social Background of Maths Teachers In Germany. Its connection with
professional occupation and job-related convictions among teachers at
secondary schools"
132,673,WOS:000286649900005,2011,ZEITSCHRIFT FUR PADAGOGIK,"The Social Background of Maths Teachers In Germany. Its connection with
professional occupation and job-related convictions among teachers at
secondary schools"
582,673,WOS:000286649900005,2011,ZEITSCHRIFT FUR PADAGOGIK,"The Social Background of Maths Teachers In Germany. Its connection with
professional occupation and job-related convictions among teachers at
secondary schools"
70,330,WOS:000260705700003,2008,ZEITSCHRIFT FUR ERZIEHUNGSWISSENSCHAFT,"Grade repetition in PISA-I-Plus: What do students who repeat a class
learn in mathematics?"
70,407,WOS:000260705700003,2008,ZEITSCHRIFT FUR ERZIEHUNGSWISSENSCHAFT,"Grade repetition in PISA-I-Plus: What do students who repeat a class
learn in mathematics?"
330,407,WOS:000260705700003,2008,ZEITSCHRIFT FUR ERZIEHUNGSWISSENSCHAFT,"Grade repetition in PISA-I-Plus: What do students who repeat a class
learn in mathematics?"
241,242,WOS:000507813400001,2021,JOURNAL OF YOUTH STUDIES,"Who is really `left behind'? Half a century of gender differences in the
school-to-work transitions of low-educated youth"
143,193,WOS:000354444700010,2015,CHILD INDICATORS RESEARCH,"Children at Risk of Poor Educational Outcomes: In Search of a
Transdisciplinary Theoretical Framework"
6,7,WOS:000710502900001,2021,SAGE OPEN,"Experiences With General Education: How Sense of Community Shapes
Students' Perceptions"
244,247,WOS:000813939500001,2022,SAGE OPEN,"The Role of Teaching Styles in the Development of School Alienation and
Behavioral Consequences: A Mixed Methods Study of Luxembourgish Primary
Schools"
175,176,WOS:000382557400005,2016,BRITISH JOURNAL OF RELIGIOUS EDUCATION,"The home-school interface in religious and moral formation: the Irish
case"
5,7,WOS:001288580000001,2024,SAGE OPEN,"Do Status Characteristic-Based Stereotypes Influence Opportunities in
Monoracial Settings? The Case of the National Hockey League"
155,208,WOS:001698910700001,2026,ADVANCES IN LIFE COURSE RESEARCH,"Spatial mobility and occupational status attainment in the transition
from school to work in Germany"
155,472,WOS:001698910700001,2026,ADVANCES IN LIFE COURSE RESEARCH,"Spatial mobility and occupational status attainment in the transition
from school to work in Germany"
208,472,WOS:001698910700001,2026,ADVANCES IN LIFE COURSE RESEARCH,"Spatial mobility and occupational status attainment in the transition
from school to work in Germany"
58,133,WOS:000525397300006,2020,JOURNAL OF EDUCATIONAL PSYCHOLOGY,"Leaving the Pond-Choosing an Ocean: Effects of Student Composition on
STEM Major Choices at University"
58,134,WOS:000525397300006,2020,JOURNAL OF EDUCATIONAL PSYCHOLOGY,"Leaving the Pond-Choosing an Ocean: Effects of Student Composition on
STEM Major Choices at University"
58,1169,WOS:000525397300006,2020,JOURNAL OF EDUCATIONAL PSYCHOLOGY,"Leaving the Pond-Choosing an Ocean: Effects of Student Composition on
STEM Major Choices at University"
133,134,WOS:000525397300006,2020,JOURNAL OF EDUCATIONAL PSYCHOLOGY,"Leaving the Pond-Choosing an Ocean: Effects of Student Composition on
STEM Major Choices at University"
133,1169,WOS:000525397300006,2020,JOURNAL OF EDUCATIONAL PSYCHOLOGY,"Leaving the Pond-Choosing an Ocean: Effects of Student Composition on
STEM Major Choices at University"
134,1169,WOS:000525397300006,2020,JOURNAL OF EDUCATIONAL PSYCHOLOGY,"Leaving the Pond-Choosing an Ocean: Effects of Student Composition on
STEM Major Choices at University"
26,27,WOS:001474013500001,2025,CONTEMPORARY EDUCATIONAL PSYCHOLOGY,"When will they know what they don't know? Political knowledge and the
infamous ``Unskilled and Unaware{''} effect"
26,28,WOS:001474013500001,2025,CONTEMPORARY EDUCATIONAL PSYCHOLOGY,"When will they know what they don't know? Political knowledge and the
infamous ``Unskilled and Unaware{''} effect"
26,702,WOS:001474013500001,2025,CONTEMPORARY EDUCATIONAL PSYCHOLOGY,"When will they know what they don't know? Political knowledge and the
infamous ``Unskilled and Unaware{''} effect"
27,28,WOS:001474013500001,2025,CONTEMPORARY EDUCATIONAL PSYCHOLOGY,"When will they know what they don't know? Political knowledge and the
infamous ``Unskilled and Unaware{''} effect"
27,702,WOS:001474013500001,2025,CONTEMPORARY EDUCATIONAL PSYCHOLOGY,"When will they know what they don't know? Political knowledge and the
infamous ``Unskilled and Unaware{''} effect"
28,702,WOS:001474013500001,2025,CONTEMPORARY EDUCATIONAL PSYCHOLOGY,"When will they know what they don't know? Political knowledge and the
infamous ``Unskilled and Unaware{''} effect"
147,149,WOS:000897620900001,2023,CONTEMPORARY EDUCATIONAL PSYCHOLOGY,"What Happens With Comparison Processes When ``the Other{''} is Very
Similar? Academic Self-Concept Formation in Twins"
147,150,WOS:000897620900001,2023,CONTEMPORARY EDUCATIONAL PSYCHOLOGY,"What Happens With Comparison Processes When ``the Other{''} is Very
Similar? Academic Self-Concept Formation in Twins"
147,837,WOS:000897620900001,2023,CONTEMPORARY EDUCATIONAL PSYCHOLOGY,"What Happens With Comparison Processes When ``the Other{''} is Very
Similar? Academic Self-Concept Formation in Twins"
149,150,WOS:000897620900001,2023,CONTEMPORARY EDUCATIONAL PSYCHOLOGY,"What Happens With Comparison Processes When ``the Other{''} is Very
Similar? Academic Self-Concept Formation in Twins"
149,837,WOS:000897620900001,2023,CONTEMPORARY EDUCATIONAL PSYCHOLOGY,"What Happens With Comparison Processes When ``the Other{''} is Very
Similar? Academic Self-Concept Formation in Twins"
150,837,WOS:000897620900001,2023,CONTEMPORARY EDUCATIONAL PSYCHOLOGY,"What Happens With Comparison Processes When ``the Other{''} is Very
Similar? Academic Self-Concept Formation in Twins"
28,58,WOS:000381658400018,2016,CONTEMPORARY EDUCATIONAL PSYCHOLOGY,"The link between teacher-assigned grades and classroom socioeconomic
composition: The role of classroom behavior, motivation, and teacher
characteristics"
28,133,WOS:000381658400018,2016,CONTEMPORARY EDUCATIONAL PSYCHOLOGY,"The link between teacher-assigned grades and classroom socioeconomic
composition: The role of classroom behavior, motivation, and teacher
characteristics"
28,439,WOS:000381658400018,2016,CONTEMPORARY EDUCATIONAL PSYCHOLOGY,"The link between teacher-assigned grades and classroom socioeconomic
composition: The role of classroom behavior, motivation, and teacher
characteristics"
28,740,WOS:000381658400018,2016,CONTEMPORARY EDUCATIONAL PSYCHOLOGY,"The link between teacher-assigned grades and classroom socioeconomic
composition: The role of classroom behavior, motivation, and teacher
characteristics"
58,133,WOS:000381658400018,2016,CONTEMPORARY EDUCATIONAL PSYCHOLOGY,"The link between teacher-assigned grades and classroom socioeconomic
composition: The role of classroom behavior, motivation, and teacher
characteristics"
58,439,WOS:000381658400018,2016,CONTEMPORARY EDUCATIONAL PSYCHOLOGY,"The link between teacher-assigned grades and classroom socioeconomic
composition: The role of classroom behavior, motivation, and teacher
characteristics"
58,740,WOS:000381658400018,2016,CONTEMPORARY EDUCATIONAL PSYCHOLOGY,"The link between teacher-assigned grades and classroom socioeconomic
composition: The role of classroom behavior, motivation, and teacher
characteristics"
133,439,WOS:000381658400018,2016,CONTEMPORARY EDUCATIONAL PSYCHOLOGY,"The link between teacher-assigned grades and classroom socioeconomic
composition: The role of classroom behavior, motivation, and teacher
characteristics"
133,740,WOS:000381658400018,2016,CONTEMPORARY EDUCATIONAL PSYCHOLOGY,"The link between teacher-assigned grades and classroom socioeconomic
composition: The role of classroom behavior, motivation, and teacher
characteristics"
439,740,WOS:000381658400018,2016,CONTEMPORARY EDUCATIONAL PSYCHOLOGY,"The link between teacher-assigned grades and classroom socioeconomic
composition: The role of classroom behavior, motivation, and teacher
characteristics"
135,149,WOS:000307483500019,2012,JOURNAL OF EDUCATIONAL PSYCHOLOGY,"Probing for the Multiplicative Term in Modern Expectancy-Value Theory: A
Latent Interaction Modeling Study"
135,150,WOS:000307483500019,2012,JOURNAL OF EDUCATIONAL PSYCHOLOGY,"Probing for the Multiplicative Term in Modern Expectancy-Value Theory: A
Latent Interaction Modeling Study"
135,1032,WOS:000307483500019,2012,JOURNAL OF EDUCATIONAL PSYCHOLOGY,"Probing for the Multiplicative Term in Modern Expectancy-Value Theory: A
Latent Interaction Modeling Study"
135,1177,WOS:000307483500019,2012,JOURNAL OF EDUCATIONAL PSYCHOLOGY,"Probing for the Multiplicative Term in Modern Expectancy-Value Theory: A
Latent Interaction Modeling Study"
149,150,WOS:000307483500019,2012,JOURNAL OF EDUCATIONAL PSYCHOLOGY,"Probing for the Multiplicative Term in Modern Expectancy-Value Theory: A
Latent Interaction Modeling Study"
149,1032,WOS:000307483500019,2012,JOURNAL OF EDUCATIONAL PSYCHOLOGY,"Probing for the Multiplicative Term in Modern Expectancy-Value Theory: A
Latent Interaction Modeling Study"
149,1177,WOS:000307483500019,2012,JOURNAL OF EDUCATIONAL PSYCHOLOGY,"Probing for the Multiplicative Term in Modern Expectancy-Value Theory: A
Latent Interaction Modeling Study"
150,1032,WOS:000307483500019,2012,JOURNAL OF EDUCATIONAL PSYCHOLOGY,"Probing for the Multiplicative Term in Modern Expectancy-Value Theory: A
Latent Interaction Modeling Study"
150,1177,WOS:000307483500019,2012,JOURNAL OF EDUCATIONAL PSYCHOLOGY,"Probing for the Multiplicative Term in Modern Expectancy-Value Theory: A
Latent Interaction Modeling Study"
1032,1177,WOS:000307483500019,2012,JOURNAL OF EDUCATIONAL PSYCHOLOGY,"Probing for the Multiplicative Term in Modern Expectancy-Value Theory: A
Latent Interaction Modeling Study"
28,33,WOS:000290890300002,2011,PSYCHOLOGIE IN ERZIEHUNG UND UNTERRICHT,"Teachers' Diagnostic Skills in Estimating Students' Basic Reading
Capacities"
28,133,WOS:000290890300002,2011,PSYCHOLOGIE IN ERZIEHUNG UND UNTERRICHT,"Teachers' Diagnostic Skills in Estimating Students' Basic Reading
Capacities"
28,1079,WOS:000290890300002,2011,PSYCHOLOGIE IN ERZIEHUNG UND UNTERRICHT,"Teachers' Diagnostic Skills in Estimating Students' Basic Reading
Capacities"
33,133,WOS:000290890300002,2011,PSYCHOLOGIE IN ERZIEHUNG UND UNTERRICHT,"Teachers' Diagnostic Skills in Estimating Students' Basic Reading
Capacities"
33,1079,WOS:000290890300002,2011,PSYCHOLOGIE IN ERZIEHUNG UND UNTERRICHT,"Teachers' Diagnostic Skills in Estimating Students' Basic Reading
Capacities"
133,1079,WOS:000290890300002,2011,PSYCHOLOGIE IN ERZIEHUNG UND UNTERRICHT,"Teachers' Diagnostic Skills in Estimating Students' Basic Reading
Capacities"
147,149,WOS:000733060400001,2022,JOURNAL OF EDUCATIONAL PSYCHOLOGY,"Which Class Matters? Juxtaposing Multiple Class Environments as
Frames-of-Reference for Academic Self-Concept Formation"
147,150,WOS:000733060400001,2022,JOURNAL OF EDUCATIONAL PSYCHOLOGY,"Which Class Matters? Juxtaposing Multiple Class Environments as
Frames-of-Reference for Academic Self-Concept Formation"
147,1030,WOS:000733060400001,2022,JOURNAL OF EDUCATIONAL PSYCHOLOGY,"Which Class Matters? Juxtaposing Multiple Class Environments as
Frames-of-Reference for Academic Self-Concept Formation"
147,1032,WOS:000733060400001,2022,JOURNAL OF EDUCATIONAL PSYCHOLOGY,"Which Class Matters? Juxtaposing Multiple Class Environments as
Frames-of-Reference for Academic Self-Concept Formation"
149,150,WOS:000733060400001,2022,JOURNAL OF EDUCATIONAL PSYCHOLOGY,"Which Class Matters? Juxtaposing Multiple Class Environments as
Frames-of-Reference for Academic Self-Concept Formation"
149,1030,WOS:000733060400001,2022,JOURNAL OF EDUCATIONAL PSYCHOLOGY,"Which Class Matters? Juxtaposing Multiple Class Environments as
Frames-of-Reference for Academic Self-Concept Formation"
149,1032,WOS:000733060400001,2022,JOURNAL OF EDUCATIONAL PSYCHOLOGY,"Which Class Matters? Juxtaposing Multiple Class Environments as
Frames-of-Reference for Academic Self-Concept Formation"
150,1030,WOS:000733060400001,2022,JOURNAL OF EDUCATIONAL PSYCHOLOGY,"Which Class Matters? Juxtaposing Multiple Class Environments as
Frames-of-Reference for Academic Self-Concept Formation"
150,1032,WOS:000733060400001,2022,JOURNAL OF EDUCATIONAL PSYCHOLOGY,"Which Class Matters? Juxtaposing Multiple Class Environments as
Frames-of-Reference for Academic Self-Concept Formation"
1030,1032,WOS:000733060400001,2022,JOURNAL OF EDUCATIONAL PSYCHOLOGY,"Which Class Matters? Juxtaposing Multiple Class Environments as
Frames-of-Reference for Academic Self-Concept Formation"
149,150,WOS:001368509800001,2025,JOURNAL OF EDUCATIONAL PSYCHOLOGY,"Using Theory-Informed Learning Analytics to Understand How Homework
Behavior Predicts Achievement"
149,179,WOS:001368509800001,2025,JOURNAL OF EDUCATIONAL PSYCHOLOGY,"Using Theory-Informed Learning Analytics to Understand How Homework
Behavior Predicts Achievement"
150,179,WOS:001368509800001,2025,JOURNAL OF EDUCATIONAL PSYCHOLOGY,"Using Theory-Informed Learning Analytics to Understand How Homework
Behavior Predicts Achievement"
58,133,WOS:000562141000011,2020,JOURNAL OF EDUCATIONAL PSYCHOLOGY,"Effects of Student Composition in School on Young Adults' Educational
Pathways"
58,134,WOS:000562141000011,2020,JOURNAL OF EDUCATIONAL PSYCHOLOGY,"Effects of Student Composition in School on Young Adults' Educational
Pathways"
58,1169,WOS:000562141000011,2020,JOURNAL OF EDUCATIONAL PSYCHOLOGY,"Effects of Student Composition in School on Young Adults' Educational
Pathways"
133,134,WOS:000562141000011,2020,JOURNAL OF EDUCATIONAL PSYCHOLOGY,"Effects of Student Composition in School on Young Adults' Educational
Pathways"
133,1169,WOS:000562141000011,2020,JOURNAL OF EDUCATIONAL PSYCHOLOGY,"Effects of Student Composition in School on Young Adults' Educational
Pathways"
134,1169,WOS:000562141000011,2020,JOURNAL OF EDUCATIONAL PSYCHOLOGY,"Effects of Student Composition in School on Young Adults' Educational
Pathways"
135,149,WOS:000346911300011,2014,JOURNAL OF EDUCATIONAL PSYCHOLOGY,"Quality of Parental Homework Involvement: Predictors and Reciprocal
Relations With Academic Functioning in the Reading Domain"
135,150,WOS:000346911300011,2014,JOURNAL OF EDUCATIONAL PSYCHOLOGY,"Quality of Parental Homework Involvement: Predictors and Reciprocal
Relations With Academic Functioning in the Reading Domain"
149,150,WOS:000346911300011,2014,JOURNAL OF EDUCATIONAL PSYCHOLOGY,"Quality of Parental Homework Involvement: Predictors and Reciprocal
Relations With Academic Functioning in the Reading Domain"
28,133,WOS:000331339800004,2014,ZEITSCHRIFT FUR ENTWICKLUNGSPSYCHOLOGIE UND PADAGOGISCHE PSYCHOLOGIE,"Reading literacy and schools as learning environments: Differential
effects of early transition into the academic track of secondary
schools?"
28,150,WOS:000331339800004,2014,ZEITSCHRIFT FUR ENTWICKLUNGSPSYCHOLOGIE UND PADAGOGISCHE PSYCHOLOGIE,"Reading literacy and schools as learning environments: Differential
effects of early transition into the academic track of secondary
schools?"
133,150,WOS:000331339800004,2014,ZEITSCHRIFT FUR ENTWICKLUNGSPSYCHOLOGIE UND PADAGOGISCHE PSYCHOLOGIE,"Reading literacy and schools as learning environments: Differential
effects of early transition into the academic track of secondary
schools?"
58,132,WOS:000346912000016,2014,JOURNAL OF EDUCATIONAL PSYCHOLOGY,"Is Early Ability Grouping Good for High-Achieving Students' Psychosocial
Development? Effects of the Transition Into Academically Selective
Schools"
58,133,WOS:000346912000016,2014,JOURNAL OF EDUCATIONAL PSYCHOLOGY,"Is Early Ability Grouping Good for High-Achieving Students' Psychosocial
Development? Effects of the Transition Into Academically Selective
Schools"
58,262,WOS:000346912000016,2014,JOURNAL OF EDUCATIONAL PSYCHOLOGY,"Is Early Ability Grouping Good for High-Achieving Students' Psychosocial
Development? Effects of the Transition Into Academically Selective
Schools"
58,624,WOS:000346912000016,2014,JOURNAL OF EDUCATIONAL PSYCHOLOGY,"Is Early Ability Grouping Good for High-Achieving Students' Psychosocial
Development? Effects of the Transition Into Academically Selective
Schools"
132,133,WOS:000346912000016,2014,JOURNAL OF EDUCATIONAL PSYCHOLOGY,"Is Early Ability Grouping Good for High-Achieving Students' Psychosocial
Development? Effects of the Transition Into Academically Selective
Schools"
132,262,WOS:000346912000016,2014,JOURNAL OF EDUCATIONAL PSYCHOLOGY,"Is Early Ability Grouping Good for High-Achieving Students' Psychosocial
Development? Effects of the Transition Into Academically Selective
Schools"
132,624,WOS:000346912000016,2014,JOURNAL OF EDUCATIONAL PSYCHOLOGY,"Is Early Ability Grouping Good for High-Achieving Students' Psychosocial
Development? Effects of the Transition Into Academically Selective
Schools"
133,262,WOS:000346912000016,2014,JOURNAL OF EDUCATIONAL PSYCHOLOGY,"Is Early Ability Grouping Good for High-Achieving Students' Psychosocial
Development? Effects of the Transition Into Academically Selective
Schools"
133,624,WOS:000346912000016,2014,JOURNAL OF EDUCATIONAL PSYCHOLOGY,"Is Early Ability Grouping Good for High-Achieving Students' Psychosocial
Development? Effects of the Transition Into Academically Selective
Schools"
262,624,WOS:000346912000016,2014,JOURNAL OF EDUCATIONAL PSYCHOLOGY,"Is Early Ability Grouping Good for High-Achieving Students' Psychosocial
Development? Effects of the Transition Into Academically Selective
Schools"
133,135,WOS:000323295600004,2013,PSYCHOLOGIE IN ERZIEHUNG UND UNTERRICHT,"Class Composition Effects in Non-Academic Lower Secondary School Tracks
in the State of Baden-Wurttemberg"
133,150,WOS:000323295600004,2013,PSYCHOLOGIE IN ERZIEHUNG UND UNTERRICHT,"Class Composition Effects in Non-Academic Lower Secondary School Tracks
in the State of Baden-Wurttemberg"
133,624,WOS:000323295600004,2013,PSYCHOLOGIE IN ERZIEHUNG UND UNTERRICHT,"Class Composition Effects in Non-Academic Lower Secondary School Tracks
in the State of Baden-Wurttemberg"
135,150,WOS:000323295600004,2013,PSYCHOLOGIE IN ERZIEHUNG UND UNTERRICHT,"Class Composition Effects in Non-Academic Lower Secondary School Tracks
in the State of Baden-Wurttemberg"
135,624,WOS:000323295600004,2013,PSYCHOLOGIE IN ERZIEHUNG UND UNTERRICHT,"Class Composition Effects in Non-Academic Lower Secondary School Tracks
in the State of Baden-Wurttemberg"
150,624,WOS:000323295600004,2013,PSYCHOLOGIE IN ERZIEHUNG UND UNTERRICHT,"Class Composition Effects in Non-Academic Lower Secondary School Tracks
in the State of Baden-Wurttemberg"
33,270,WOS:000463307500009,2019,LEARNING AND INDIVIDUAL DIFFERENCES,"The interplay between preschool teachers' science self-efficacy beliefs,
their teaching practices, and girls' and boys' early science motivation"
33,295,WOS:000463307500009,2019,LEARNING AND INDIVIDUAL DIFFERENCES,"The interplay between preschool teachers' science self-efficacy beliefs,
their teaching practices, and girls' and boys' early science motivation"
270,295,WOS:000463307500009,2019,LEARNING AND INDIVIDUAL DIFFERENCES,"The interplay between preschool teachers' science self-efficacy beliefs,
their teaching practices, and girls' and boys' early science motivation"
58,135,WOS:000303654400001,2012,ZEITSCHRIFT FUR PADAGOGISCHE PSYCHOLOGIE,"Ability and Interest Profiles at the End of Lower Secondary School:
Structure, Specification, and Associations with Educational Choices"
58,150,WOS:000303654400001,2012,ZEITSCHRIFT FUR PADAGOGISCHE PSYCHOLOGIE,"Ability and Interest Profiles at the End of Lower Secondary School:
Structure, Specification, and Associations with Educational Choices"
135,150,WOS:000303654400001,2012,ZEITSCHRIFT FUR PADAGOGISCHE PSYCHOLOGIE,"Ability and Interest Profiles at the End of Lower Secondary School:
Structure, Specification, and Associations with Educational Choices"
58,132,WOS:000909760900001,2023,JOURNAL OF EDUCATIONAL PSYCHOLOGY,"Individually Endorsed and Socially Shared Normative Beliefs on
Acculturation: Resources and Risk Factors for Academic and Psychosocial
Adjustment in Mid-Adolescence"
58,133,WOS:000909760900001,2023,JOURNAL OF EDUCATIONAL PSYCHOLOGY,"Individually Endorsed and Socially Shared Normative Beliefs on
Acculturation: Resources and Risk Factors for Academic and Psychosocial
Adjustment in Mid-Adolescence"
58,134,WOS:000909760900001,2023,JOURNAL OF EDUCATIONAL PSYCHOLOGY,"Individually Endorsed and Socially Shared Normative Beliefs on
Acculturation: Resources and Risk Factors for Academic and Psychosocial
Adjustment in Mid-Adolescence"
58,624,WOS:000909760900001,2023,JOURNAL OF EDUCATIONAL PSYCHOLOGY,"Individually Endorsed and Socially Shared Normative Beliefs on
Acculturation: Resources and Risk Factors for Academic and Psychosocial
Adjustment in Mid-Adolescence"
132,133,WOS:000909760900001,2023,JOURNAL OF EDUCATIONAL PSYCHOLOGY,"Individually Endorsed and Socially Shared Normative Beliefs on
Acculturation: Resources and Risk Factors for Academic and Psychosocial
Adjustment in Mid-Adolescence"
132,134,WOS:000909760900001,2023,JOURNAL OF EDUCATIONAL PSYCHOLOGY,"Individually Endorsed and Socially Shared Normative Beliefs on
Acculturation: Resources and Risk Factors for Academic and Psychosocial
Adjustment in Mid-Adolescence"
132,624,WOS:000909760900001,2023,JOURNAL OF EDUCATIONAL PSYCHOLOGY,"Individually Endorsed and Socially Shared Normative Beliefs on
Acculturation: Resources and Risk Factors for Academic and Psychosocial
Adjustment in Mid-Adolescence"
133,134,WOS:000909760900001,2023,JOURNAL OF EDUCATIONAL PSYCHOLOGY,"Individually Endorsed and Socially Shared Normative Beliefs on
Acculturation: Resources and Risk Factors for Academic and Psychosocial
Adjustment in Mid-Adolescence"
133,624,WOS:000909760900001,2023,JOURNAL OF EDUCATIONAL PSYCHOLOGY,"Individually Endorsed and Socially Shared Normative Beliefs on
Acculturation: Resources and Risk Factors for Academic and Psychosocial
Adjustment in Mid-Adolescence"
134,624,WOS:000909760900001,2023,JOURNAL OF EDUCATIONAL PSYCHOLOGY,"Individually Endorsed and Socially Shared Normative Beliefs on
Acculturation: Resources and Risk Factors for Academic and Psychosocial
Adjustment in Mid-Adolescence"
132,133,WOS:000388308100005,2016,EUROPEAN JOURNAL OF PERSONALITY,"Still Doing Fine? The Interplay of Negative Life Events and Self-Esteem
During Young Adulthood"
132,262,WOS:000388308100005,2016,EUROPEAN JOURNAL OF PERSONALITY,"Still Doing Fine? The Interplay of Negative Life Events and Self-Esteem
During Young Adulthood"
133,262,WOS:000388308100005,2016,EUROPEAN JOURNAL OF PERSONALITY,"Still Doing Fine? The Interplay of Negative Life Events and Self-Esteem
During Young Adulthood"
133,260,WOS:000473978700001,2020,JOURNAL OF PERSONALITY,"Personality-achievement associations in adolescence-examining
associations across grade levels and learning environments"
133,262,WOS:000473978700001,2020,JOURNAL OF PERSONALITY,"Personality-achievement associations in adolescence-examining
associations across grade levels and learning environments"
260,262,WOS:000473978700001,2020,JOURNAL OF PERSONALITY,"Personality-achievement associations in adolescence-examining
associations across grade levels and learning environments"
149,150,WOS:000403440300009,2017,JOURNAL OF PERSONALITY AND SOCIAL PSYCHOLOGY,"Vocational Interests Assessed at the End of High School Predict Life
Outcomes Assessed 10 Years Later Over and Above IQ and Big Five
Personality Traits"
149,504,WOS:000403440300009,2017,JOURNAL OF PERSONALITY AND SOCIAL PSYCHOLOGY,"Vocational Interests Assessed at the End of High School Predict Life
Outcomes Assessed 10 Years Later Over and Above IQ and Big Five
Personality Traits"
149,505,WOS:000403440300009,2017,JOURNAL OF PERSONALITY AND SOCIAL PSYCHOLOGY,"Vocational Interests Assessed at the End of High School Predict Life
Outcomes Assessed 10 Years Later Over and Above IQ and Big Five
Personality Traits"
149,1015,WOS:000403440300009,2017,JOURNAL OF PERSONALITY AND SOCIAL PSYCHOLOGY,"Vocational Interests Assessed at the End of High School Predict Life
Outcomes Assessed 10 Years Later Over and Above IQ and Big Five
Personality Traits"
150,504,WOS:000403440300009,2017,JOURNAL OF PERSONALITY AND SOCIAL PSYCHOLOGY,"Vocational Interests Assessed at the End of High School Predict Life
Outcomes Assessed 10 Years Later Over and Above IQ and Big Five
Personality Traits"
150,505,WOS:000403440300009,2017,JOURNAL OF PERSONALITY AND SOCIAL PSYCHOLOGY,"Vocational Interests Assessed at the End of High School Predict Life
Outcomes Assessed 10 Years Later Over and Above IQ and Big Five
Personality Traits"
150,1015,WOS:000403440300009,2017,JOURNAL OF PERSONALITY AND SOCIAL PSYCHOLOGY,"Vocational Interests Assessed at the End of High School Predict Life
Outcomes Assessed 10 Years Later Over and Above IQ and Big Five
Personality Traits"
504,505,WOS:000403440300009,2017,JOURNAL OF PERSONALITY AND SOCIAL PSYCHOLOGY,"Vocational Interests Assessed at the End of High School Predict Life
Outcomes Assessed 10 Years Later Over and Above IQ and Big Five
Personality Traits"
504,1015,WOS:000403440300009,2017,JOURNAL OF PERSONALITY AND SOCIAL PSYCHOLOGY,"Vocational Interests Assessed at the End of High School Predict Life
Outcomes Assessed 10 Years Later Over and Above IQ and Big Five
Personality Traits"
505,1015,WOS:000403440300009,2017,JOURNAL OF PERSONALITY AND SOCIAL PSYCHOLOGY,"Vocational Interests Assessed at the End of High School Predict Life
Outcomes Assessed 10 Years Later Over and Above IQ and Big Five
Personality Traits"
150,260,WOS:000751186600001,2023,EUROPEAN JOURNAL OF PERSONALITY,"The longitudinal interplay of personality and school experiences in
adolescence"
150,658,WOS:000751186600001,2023,EUROPEAN JOURNAL OF PERSONALITY,"The longitudinal interplay of personality and school experiences in
adolescence"
150,659,WOS:000751186600001,2023,EUROPEAN JOURNAL OF PERSONALITY,"The longitudinal interplay of personality and school experiences in
adolescence"
150,910,WOS:000751186600001,2023,EUROPEAN JOURNAL OF PERSONALITY,"The longitudinal interplay of personality and school experiences in
adolescence"
260,658,WOS:000751186600001,2023,EUROPEAN JOURNAL OF PERSONALITY,"The longitudinal interplay of personality and school experiences in
adolescence"
260,659,WOS:000751186600001,2023,EUROPEAN JOURNAL OF PERSONALITY,"The longitudinal interplay of personality and school experiences in
adolescence"
260,910,WOS:000751186600001,2023,EUROPEAN JOURNAL OF PERSONALITY,"The longitudinal interplay of personality and school experiences in
adolescence"
658,659,WOS:000751186600001,2023,EUROPEAN JOURNAL OF PERSONALITY,"The longitudinal interplay of personality and school experiences in
adolescence"
658,910,WOS:000751186600001,2023,EUROPEAN JOURNAL OF PERSONALITY,"The longitudinal interplay of personality and school experiences in
adolescence"
659,910,WOS:000751186600001,2023,EUROPEAN JOURNAL OF PERSONALITY,"The longitudinal interplay of personality and school experiences in
adolescence"
668,922,WOS:001613350200001,2025,PSYCHOMETRIKA,"An Optimally Regularized Estimator of Multilevel Latent Variable Models
with Improved MSE Performance"
668,1060,WOS:001613350200001,2025,PSYCHOMETRIKA,"An Optimally Regularized Estimator of Multilevel Latent Variable Models
with Improved MSE Performance"
922,1060,WOS:001613350200001,2025,PSYCHOMETRIKA,"An Optimally Regularized Estimator of Multilevel Latent Variable Models
with Improved MSE Performance"
69,366,WOS:000725380500001,2022,PSYCHOMETRIKA,"A Response-Time-Based Latent Response Mixture Model for Identifying and
Modeling Careless and Insufficient Effort Responding in Survey Data"
69,609,WOS:000467158100013,2019,PSYCHOMETRIKA,"Compensation and Amplification of Attenuation Bias in Causal Effect
Estimates"
42,911,WOS:000571052200003,2020,ADVANCES IN LIFE COURSE RESEARCH,Understanding the effects of Covid-19 through a life course lens
263,410,WOS:000485848600001,2020,INTERNATIONAL JOURNAL OF SOCIAL RESEARCH METHODOLOGY,"What's my wage again? Comparing survey and administrative data to
validate earning measures"
263,861,WOS:000485848600001,2020,INTERNATIONAL JOURNAL OF SOCIAL RESEARCH METHODOLOGY,"What's my wage again? Comparing survey and administrative data to
validate earning measures"
410,861,WOS:000485848600001,2020,INTERNATIONAL JOURNAL OF SOCIAL RESEARCH METHODOLOGY,"What's my wage again? Comparing survey and administrative data to
validate earning measures"
143,743,WOS:000326395200007,2013,CHILD INDICATORS RESEARCH,"Unequal Distribution of Educational Outcomes between Social Categories:
`Children at Risk' from a Sociological Perspective"
3,844,WOS:000472813400005,2019,ADVANCES IN LIFE COURSE RESEARCH,"Destination as a process: Sibling similarity in early socioeconomic
trajectories"
3,845,WOS:000472813400005,2019,ADVANCES IN LIFE COURSE RESEARCH,"Destination as a process: Sibling similarity in early socioeconomic
trajectories"
844,845,WOS:000472813400005,2019,ADVANCES IN LIFE COURSE RESEARCH,"Destination as a process: Sibling similarity in early socioeconomic
trajectories"
263,767,WOS:000456485600003,2019,INTERNATIONAL JOURNAL OF SOCIAL RESEARCH METHODOLOGY,The impact of respondent attentiveness on reliability and validity
263,853,WOS:000456485600003,2019,INTERNATIONAL JOURNAL OF SOCIAL RESEARCH METHODOLOGY,The impact of respondent attentiveness on reliability and validity
767,853,WOS:000456485600003,2019,INTERNATIONAL JOURNAL OF SOCIAL RESEARCH METHODOLOGY,The impact of respondent attentiveness on reliability and validity
278,1111,WOS:000413608000010,2017,ECONOMICS OF EDUCATION REVIEW,"Intended college enrollment and educational inequality: Do students lack
information?"
241,830,WOS:001372988900001,2025,ECONOMICS OF EDUCATION REVIEW,"De-tracking at the margin: How alternative secondary education pathways
affect student attainment☆"
179,816,WOS:001315228400001,2024,SYSTEM,"Designing a task-based conversational agent for EFL in German schools:
Student needs, actions, and perceptions"
237,978,WOS:000419422000011,2017,ECONOMICS OF EDUCATION REVIEW,"Does the transition into daylight saving time affect students'
performance?"
179,816,WOS:001063119100003,2022,LANGUAGE LEARNING \& TECHNOLOGY,"ICALL offering individually adaptive input: Effects of complex input on
L2 development"
293,1047,WOS:000864875000002,2022,ECONOMICS OF EDUCATION REVIEW,"The effects of an information campaign beyond university enrolment: A
large-scale field experiment on the choices of high school students"
62,1149,WOS:000488888700013,2019,ECONOMICS OF EDUCATION REVIEW,"The benefits of adult learning: Work-related training, social capital,
and earnings"
20,228,WOS:000889166100001,2024,INTERNATIONAL MIGRATION REVIEW,"Importance of Personality Traits for Destination-Language Acquisition:
Evidence for Refugees in Germany"
5,7,WOS:000529763200001,2020,POPULATION RESEARCH AND POLICY REVIEW,"Family Structure and Child Well-Being in a Non-western Context: The Role
of Parent-Child Relations and Parental Conflict in South Korea"
123,124,WOS:001544733300006,2025,INTERNATIONAL MIGRATION,"Citizenship Acquisition and Labour Market Outcomes Among Immigrants in
Italy: Evidence From Linked Survey-Register Data"
149,150,WOS:000320223700005,2013,MULTIVARIATE BEHAVIORAL RESEARCH,"Synergistic Effects of Expectancy and Value on Homework Engagement: The
Case for a Within-Person Perspective"
150,270,WOS:000255341100006,2008,MULTIVARIATE BEHAVIORAL RESEARCH,"The internal/external frame of reference model revisited:: Incorporating
general cognitive ability and general academic self-concept"
134,141,WOS:000513988900013,2020,LEARNING AND INDIVIDUAL DIFFERENCES,"Competence development of high achievers within the highest track in
German secondary school: Evidence for Matthew effects or compensation?"
134,533,WOS:000513988900013,2020,LEARNING AND INDIVIDUAL DIFFERENCES,"Competence development of high achievers within the highest track in
German secondary school: Evidence for Matthew effects or compensation?"
141,533,WOS:000513988900013,2020,LEARNING AND INDIVIDUAL DIFFERENCES,"Competence development of high achievers within the highest track in
German secondary school: Evidence for Matthew effects or compensation?"
58,133,WOS:000362956700004,2015,ZEITSCHRIFT FUR PADAGOGISCHE PSYCHOLOGIE,"The Effects of the Transition into Differential Learning Environments on
Children's Well-Being"
58,624,WOS:000362956700004,2015,ZEITSCHRIFT FUR PADAGOGISCHE PSYCHOLOGIE,"The Effects of the Transition into Differential Learning Environments on
Children's Well-Being"
133,624,WOS:000362956700004,2015,ZEITSCHRIFT FUR PADAGOGISCHE PSYCHOLOGIE,"The Effects of the Transition into Differential Learning Environments on
Children's Well-Being"
83,227,WOS:000259123500003,2008,ZEITSCHRIFT FUR ENTWICKLUNGSPSYCHOLOGIE UND PADAGOGISCHE PSYCHOLOGIE,"Verbal and cognitive competencies of young preschool-children: A
comparison between children with and without background of migration"
83,412,WOS:000259123500003,2008,ZEITSCHRIFT FUR ENTWICKLUNGSPSYCHOLOGIE UND PADAGOGISCHE PSYCHOLOGIE,"Verbal and cognitive competencies of young preschool-children: A
comparison between children with and without background of migration"
227,412,WOS:000259123500003,2008,ZEITSCHRIFT FUR ENTWICKLUNGSPSYCHOLOGIE UND PADAGOGISCHE PSYCHOLOGIE,"Verbal and cognitive competencies of young preschool-children: A
comparison between children with and without background of migration"
133,150,WOS:000312683900010,2012,LEARNING AND INDIVIDUAL DIFFERENCES,"Personality traits moderate the Big-Fish-Little-Pond Effect of academic
self-concept"
133,1032,WOS:000312683900010,2012,LEARNING AND INDIVIDUAL DIFFERENCES,"Personality traits moderate the Big-Fish-Little-Pond Effect of academic
self-concept"
133,1177,WOS:000312683900010,2012,LEARNING AND INDIVIDUAL DIFFERENCES,"Personality traits moderate the Big-Fish-Little-Pond Effect of academic
self-concept"
150,1032,WOS:000312683900010,2012,LEARNING AND INDIVIDUAL DIFFERENCES,"Personality traits moderate the Big-Fish-Little-Pond Effect of academic
self-concept"
150,1177,WOS:000312683900010,2012,LEARNING AND INDIVIDUAL DIFFERENCES,"Personality traits moderate the Big-Fish-Little-Pond Effect of academic
self-concept"
1032,1177,WOS:000312683900010,2012,LEARNING AND INDIVIDUAL DIFFERENCES,"Personality traits moderate the Big-Fish-Little-Pond Effect of academic
self-concept"
261,263,WOS:001298114700001,2024,LEARNING AND INDIVIDUAL DIFFERENCES,"Do social engagement skills exist and matter beyond personality facet
traits and vocational interests? A generalization study across six
countries☆"
261,979,WOS:001298114700001,2024,LEARNING AND INDIVIDUAL DIFFERENCES,"Do social engagement skills exist and matter beyond personality facet
traits and vocational interests? A generalization study across six
countries☆"
263,979,WOS:001298114700001,2024,LEARNING AND INDIVIDUAL DIFFERENCES,"Do social engagement skills exist and matter beyond personality facet
traits and vocational interests? A generalization study across six
countries☆"
261,263,WOS:001126464700001,2024,SOCIAL PSYCHOLOGY OF EDUCATION,"Fixed is not the opposite of growth: Item keying matters for measuring
mindsets"
150,178,WOS:000562141000013,2020,JOURNAL OF EDUCATIONAL PSYCHOLOGY,"Don't Blame the Teacher? The Need to Account for Classroom
Characteristics in Evaluations of Teaching Quality"
150,318,WOS:000562141000013,2020,JOURNAL OF EDUCATIONAL PSYCHOLOGY,"Don't Blame the Teacher? The Need to Account for Classroom
Characteristics in Evaluations of Teaching Quality"
178,318,WOS:000562141000013,2020,JOURNAL OF EDUCATIONAL PSYCHOLOGY,"Don't Blame the Teacher? The Need to Account for Classroom
Characteristics in Evaluations of Teaching Quality"
177,420,WOS:000340078700006,2014,ZEITSCHRIFT FUR PADAGOGISCHE PSYCHOLOGIE,"Academic Language Demands and Listening Comprehension in Children with
German and Non-German Home Language"
177,841,WOS:000340078700006,2014,ZEITSCHRIFT FUR PADAGOGISCHE PSYCHOLOGIE,"Academic Language Demands and Listening Comprehension in Children with
German and Non-German Home Language"
420,841,WOS:000340078700006,2014,ZEITSCHRIFT FUR PADAGOGISCHE PSYCHOLOGIE,"Academic Language Demands and Listening Comprehension in Children with
German and Non-German Home Language"
33,295,WOS:001702726400001,2026,ZEITSCHRIFT FUR PADAGOGISCHE PSYCHOLOGIE,Parental stress and interaction quality: the role of empathy
33,928,WOS:001702726400001,2026,ZEITSCHRIFT FUR PADAGOGISCHE PSYCHOLOGIE,Parental stress and interaction quality: the role of empathy
295,928,WOS:001702726400001,2026,ZEITSCHRIFT FUR PADAGOGISCHE PSYCHOLOGIE,Parental stress and interaction quality: the role of empathy
149,150,WOS:000733100300001,2022,JOURNAL OF EDUCATIONAL PSYCHOLOGY,"When Academic Achievement (Also) Reflects Personality: Using the
Personality-Achievement Saturation Hypothesis (PASH) to Explain
Differential Associations Between Achievement Measures and Personality
Traits"
149,910,WOS:000733100300001,2022,JOURNAL OF EDUCATIONAL PSYCHOLOGY,"When Academic Achievement (Also) Reflects Personality: Using the
Personality-Achievement Saturation Hypothesis (PASH) to Explain
Differential Associations Between Achievement Measures and Personality
Traits"
150,910,WOS:000733100300001,2022,JOURNAL OF EDUCATIONAL PSYCHOLOGY,"When Academic Achievement (Also) Reflects Personality: Using the
Personality-Achievement Saturation Hypothesis (PASH) to Explain
Differential Associations Between Achievement Measures and Personality
Traits"
922,1032,WOS:000274281900003,2009,MULTIVARIATE BEHAVIORAL RESEARCH,"Doubly-Latent Models of School Contextual Effects: Integrating
Multilevel and Structural Equation Approaches to Control Measurement and
Sampling Error"
132,133,WOS:000245582400001,2006,ZEITSCHRIFT FUR PADAGOGISCHE PSYCHOLOGIE,"Achievement gains in mathematics:: Evidence for differential achievement
trajectories in a tracked school system?"
132,150,WOS:000245582400001,2006,ZEITSCHRIFT FUR PADAGOGISCHE PSYCHOLOGIE,"Achievement gains in mathematics:: Evidence for differential achievement
trajectories in a tracked school system?"
133,150,WOS:000245582400001,2006,ZEITSCHRIFT FUR PADAGOGISCHE PSYCHOLOGIE,"Achievement gains in mathematics:: Evidence for differential achievement
trajectories in a tracked school system?"
149,150,WOS:000725826200002,2021,JOURNAL OF EDUCATIONAL PSYCHOLOGY,"The Potential of Relevance Interventions for Scaling Up: A
Cluster-Randomized Trial Testing the Effectiveness of a Relevance
Intervention in Math Classrooms"
149,837,WOS:000725826200002,2021,JOURNAL OF EDUCATIONAL PSYCHOLOGY,"The Potential of Relevance Interventions for Scaling Up: A
Cluster-Randomized Trial Testing the Effectiveness of a Relevance
Intervention in Math Classrooms"
150,837,WOS:000725826200002,2021,JOURNAL OF EDUCATIONAL PSYCHOLOGY,"The Potential of Relevance Interventions for Scaling Up: A
Cluster-Randomized Trial Testing the Effectiveness of a Relevance
Intervention in Math Classrooms"
150,178,WOS:000310060600006,2012,ZEITSCHRIFT FUR PADAGOGISCHE PSYCHOLOGIE,"Teaching Teachers how to teach Self-Regulated Learning: Effects of a
Training Program on the Promotion of Self-Regulation and Instructional
Quality"
150,504,WOS:000552133600009,2020,CONTEMPORARY EDUCATIONAL PSYCHOLOGY,"It Takes Two: Expectancy-Value Constructs and Vocational Interests
Jointly Predict STEM Major Choices"
58,133,WOS:000463817800002,2018,ZEITSCHRIFT FUR PADAGOGISCHE PSYCHOLOGIE,"Parental gender beliefs, family characteristics and school achievement"
134,141,WOS:000901804000001,2023,JOURNAL OF EDUCATIONAL PSYCHOLOGY,"Comparing Different Facets of the Social Integration of High-Achieving
Students in Their Classroom: No Gender Stereotyping, but Some Nonlinear
Relationships"
28,224,WOS:000526342800003,2020,SOCIAL PSYCHOLOGY OF EDUCATION,"Determinants of academic self-efficacy in different socialization
contexts: investigating the relationship between students' academic
self-efficacy and its sources in different contexts"
35,87,WOS:000335546300008,2014,LEARNING AND INDIVIDUAL DIFFERENCES,"Gender-typicality of activity offerings and child-teacher relationship
closeness in German ``Kindergarten{''}. Influences on the development of
spelling competence as an indicator of early basic literacy in boys and
girls"
149,150,WOS:000509217300004,2020,JOURNAL OF EDUCATIONAL PSYCHOLOGY,"The Conscientiousness x Interest Compensation (CONIC) Model:
Generalizability Across Domains, Outcomes, and Predictors"
149,837,WOS:000509217300004,2020,JOURNAL OF EDUCATIONAL PSYCHOLOGY,"The Conscientiousness x Interest Compensation (CONIC) Model:
Generalizability Across Domains, Outcomes, and Predictors"
150,837,WOS:000509217300004,2020,JOURNAL OF EDUCATIONAL PSYCHOLOGY,"The Conscientiousness x Interest Compensation (CONIC) Model:
Generalizability Across Domains, Outcomes, and Predictors"
245,246,WOS:000503715300001,2020,SOCIAL PSYCHOLOGY OF EDUCATION,"School alienation and academic achievement in Switzerland and
Luxembourg: a longitudinal perspective"
245,247,WOS:000503715300001,2020,SOCIAL PSYCHOLOGY OF EDUCATION,"School alienation and academic achievement in Switzerland and
Luxembourg: a longitudinal perspective"
246,247,WOS:000503715300001,2020,SOCIAL PSYCHOLOGY OF EDUCATION,"School alienation and academic achievement in Switzerland and
Luxembourg: a longitudinal perspective"
149,837,WOS:000428005100001,2018,CONTEMPORARY EDUCATIONAL PSYCHOLOGY,"Dimensional comparisons: How academic track students' achievements are
related to their expectancy and value beliefs across multiple domains"
149,1032,WOS:000428005100001,2018,CONTEMPORARY EDUCATIONAL PSYCHOLOGY,"Dimensional comparisons: How academic track students' achievements are
related to their expectancy and value beliefs across multiple domains"
837,1032,WOS:000428005100001,2018,CONTEMPORARY EDUCATIONAL PSYCHOLOGY,"Dimensional comparisons: How academic track students' achievements are
related to their expectancy and value beliefs across multiple domains"
133,134,WOS:000618091900008,2021,JOURNAL OF EDUCATIONAL PSYCHOLOGY,Dimensional Comparison Effects on (Gendered) Educational Choices
133,624,WOS:000618091900008,2021,JOURNAL OF EDUCATIONAL PSYCHOLOGY,Dimensional Comparison Effects on (Gendered) Educational Choices
134,624,WOS:000618091900008,2021,JOURNAL OF EDUCATIONAL PSYCHOLOGY,Dimensional Comparison Effects on (Gendered) Educational Choices
149,150,WOS:000564708900002,2020,CONTEMPORARY EDUCATIONAL PSYCHOLOGY,"The transmission of values from math teachers to their ninth-grade
students: Different mechanisms for different value dimensions?"
149,837,WOS:000564708900002,2020,CONTEMPORARY EDUCATIONAL PSYCHOLOGY,"The transmission of values from math teachers to their ninth-grade
students: Different mechanisms for different value dimensions?"
150,837,WOS:000564708900002,2020,CONTEMPORARY EDUCATIONAL PSYCHOLOGY,"The transmission of values from math teachers to their ninth-grade
students: Different mechanisms for different value dimensions?"
307,309,WOS:000486897700006,2019,ZEITSCHRIFT FUR PADAGOGISCHE PSYCHOLOGIE,"Assessment of Competences in Sustainability Management: Analyses to the
Construct Dimensionality"
28,87,WOS:000402022300004,2017,PSYCHOLOGIE IN ERZIEHUNG UND UNTERRICHT,"What Does ``Cannibalistic{''}, ``to Torture{''} and ``to Destroy{''}
Mean? Gender-Specific Vocabulary of Primary School Children Depending on
Language Background"
33,132,WOS:000280426000002,2010,PSYCHOLOGIE IN ERZIEHUNG UND UNTERRICHT,"Mathematics Teachers' Diagnostic Skills and Their Impact on Students'
Achievements"
33,270,WOS:000280426000002,2010,PSYCHOLOGIE IN ERZIEHUNG UND UNTERRICHT,"Mathematics Teachers' Diagnostic Skills and Their Impact on Students'
Achievements"
33,281,WOS:000280426000002,2010,PSYCHOLOGIE IN ERZIEHUNG UND UNTERRICHT,"Mathematics Teachers' Diagnostic Skills and Their Impact on Students'
Achievements"
33,673,WOS:000280426000002,2010,PSYCHOLOGIE IN ERZIEHUNG UND UNTERRICHT,"Mathematics Teachers' Diagnostic Skills and Their Impact on Students'
Achievements"
132,270,WOS:000280426000002,2010,PSYCHOLOGIE IN ERZIEHUNG UND UNTERRICHT,"Mathematics Teachers' Diagnostic Skills and Their Impact on Students'
Achievements"
132,281,WOS:000280426000002,2010,PSYCHOLOGIE IN ERZIEHUNG UND UNTERRICHT,"Mathematics Teachers' Diagnostic Skills and Their Impact on Students'
Achievements"
132,673,WOS:000280426000002,2010,PSYCHOLOGIE IN ERZIEHUNG UND UNTERRICHT,"Mathematics Teachers' Diagnostic Skills and Their Impact on Students'
Achievements"
270,281,WOS:000280426000002,2010,PSYCHOLOGIE IN ERZIEHUNG UND UNTERRICHT,"Mathematics Teachers' Diagnostic Skills and Their Impact on Students'
Achievements"
270,673,WOS:000280426000002,2010,PSYCHOLOGIE IN ERZIEHUNG UND UNTERRICHT,"Mathematics Teachers' Diagnostic Skills and Their Impact on Students'
Achievements"
281,673,WOS:000280426000002,2010,PSYCHOLOGIE IN ERZIEHUNG UND UNTERRICHT,"Mathematics Teachers' Diagnostic Skills and Their Impact on Students'
Achievements"
87,138,WOS:000731374600001,2022,EUROPEAN JOURNAL OF PSYCHOLOGY OF EDUCATION,"Profiles of competence development in mathematics and reading in early
secondary education"
87,425,WOS:000731374600001,2022,EUROPEAN JOURNAL OF PSYCHOLOGY OF EDUCATION,"Profiles of competence development in mathematics and reading in early
secondary education"
87,480,WOS:000731374600001,2022,EUROPEAN JOURNAL OF PSYCHOLOGY OF EDUCATION,"Profiles of competence development in mathematics and reading in early
secondary education"
138,425,WOS:000731374600001,2022,EUROPEAN JOURNAL OF PSYCHOLOGY OF EDUCATION,"Profiles of competence development in mathematics and reading in early
secondary education"
138,480,WOS:000731374600001,2022,EUROPEAN JOURNAL OF PSYCHOLOGY OF EDUCATION,"Profiles of competence development in mathematics and reading in early
secondary education"
425,480,WOS:000731374600001,2022,EUROPEAN JOURNAL OF PSYCHOLOGY OF EDUCATION,"Profiles of competence development in mathematics and reading in early
secondary education"
149,150,WOS:000733076400001,2022,JOURNAL OF EDUCATIONAL PSYCHOLOGY,"The ``Situative Nature{''} of Competence and Value Beliefs and the
Predictive Power of Autonomy Support: A Multilevel Investigation of
Repeated Observations"
149,837,WOS:000733076400001,2022,JOURNAL OF EDUCATIONAL PSYCHOLOGY,"The ``Situative Nature{''} of Competence and Value Beliefs and the
Predictive Power of Autonomy Support: A Multilevel Investigation of
Repeated Observations"
149,1060,WOS:000733076400001,2022,JOURNAL OF EDUCATIONAL PSYCHOLOGY,"The ``Situative Nature{''} of Competence and Value Beliefs and the
Predictive Power of Autonomy Support: A Multilevel Investigation of
Repeated Observations"
150,837,WOS:000733076400001,2022,JOURNAL OF EDUCATIONAL PSYCHOLOGY,"The ``Situative Nature{''} of Competence and Value Beliefs and the
Predictive Power of Autonomy Support: A Multilevel Investigation of
Repeated Observations"
150,1060,WOS:000733076400001,2022,JOURNAL OF EDUCATIONAL PSYCHOLOGY,"The ``Situative Nature{''} of Competence and Value Beliefs and the
Predictive Power of Autonomy Support: A Multilevel Investigation of
Repeated Observations"
837,1060,WOS:000733076400001,2022,JOURNAL OF EDUCATIONAL PSYCHOLOGY,"The ``Situative Nature{''} of Competence and Value Beliefs and the
Predictive Power of Autonomy Support: A Multilevel Investigation of
Repeated Observations"
244,245,WOS:001134696800001,2025,BRITISH JOURNAL OF EDUCATIONAL PSYCHOLOGY,"Error climate and alienation from teachers: A longitudinal analysis in
primary school"
149,150,WOS:000394727500001,2017,CONTEMPORARY EDUCATIONAL PSYCHOLOGY,"A person-centered approach to homework behavior: Students'
characteristics predict their homework learning type"
149,150,WOS:000359379600003,2015,JOURNAL OF EDUCATIONAL PSYCHOLOGY,"More Value Through Greater Differentiation: Gender Differences in Value
Beliefs About Math"
149,837,WOS:000359379600003,2015,JOURNAL OF EDUCATIONAL PSYCHOLOGY,"More Value Through Greater Differentiation: Gender Differences in Value
Beliefs About Math"
149,1170,WOS:000359379600003,2015,JOURNAL OF EDUCATIONAL PSYCHOLOGY,"More Value Through Greater Differentiation: Gender Differences in Value
Beliefs About Math"
150,837,WOS:000359379600003,2015,JOURNAL OF EDUCATIONAL PSYCHOLOGY,"More Value Through Greater Differentiation: Gender Differences in Value
Beliefs About Math"
150,1170,WOS:000359379600003,2015,JOURNAL OF EDUCATIONAL PSYCHOLOGY,"More Value Through Greater Differentiation: Gender Differences in Value
Beliefs About Math"
837,1170,WOS:000359379600003,2015,JOURNAL OF EDUCATIONAL PSYCHOLOGY,"More Value Through Greater Differentiation: Gender Differences in Value
Beliefs About Math"
28,35,WOS:001079736300002,2024,SOCIAL PSYCHOLOGY OF EDUCATION,"How do others think about my group? Adolescents' meta-stereotypes about
Turkish- and German-origin students' subject-related German and general
school competence"
27,132,WOS:000345680000006,2014,JOURNAL OF EDUCATIONAL PSYCHOLOGY,Strategy Shifts During Learning From Texts and Pictures
149,150,WOS:000394727500006,2017,CONTEMPORARY EDUCATIONAL PSYCHOLOGY,"Assessing task values in five subjects during secondary school:
Measurement structure and mean level differences across grade level,
gender, and academic subject"
149,837,WOS:000394727500006,2017,CONTEMPORARY EDUCATIONAL PSYCHOLOGY,"Assessing task values in five subjects during secondary school:
Measurement structure and mean level differences across grade level,
gender, and academic subject"
150,837,WOS:000394727500006,2017,CONTEMPORARY EDUCATIONAL PSYCHOLOGY,"Assessing task values in five subjects during secondary school:
Measurement structure and mean level differences across grade level,
gender, and academic subject"
150,178,WOS:000364888200026,2015,LEARNING AND INDIVIDUAL DIFFERENCES,"Honesty-humility in school: Exploring main and interaction effects on
secondary school students' antisocial and prosocial behavior"
135,734,WOS:000314101700005,2013,ZEITSCHRIFT FUR PADAGOGISCHE PSYCHOLOGIE,"Different Types of Universities and Early Career Success: An Exploratory
Investigation"
35,264,WOS:000286192200003,2011,ZEITSCHRIFT FUR ENTWICKLUNGSPSYCHOLOGIE UND PADAGOGISCHE PSYCHOLOGIE,"Opportunities to gain competencies in higher education: Correlation
between students' estimations and independent observations of learning
opportunities"
128,129,WOS:000480782300003,2019,EUROPEAN JOURNAL OF PSYCHOLOGY OF EDUCATION,"The significance of dealing with mistakes for student achievement and
motivation: results of doubly latent multilevel analyses"
128,673,WOS:000480782300003,2019,EUROPEAN JOURNAL OF PSYCHOLOGY OF EDUCATION,"The significance of dealing with mistakes for student achievement and
motivation: results of doubly latent multilevel analyses"
129,673,WOS:000480782300003,2019,EUROPEAN JOURNAL OF PSYCHOLOGY OF EDUCATION,"The significance of dealing with mistakes for student achievement and
motivation: results of doubly latent multilevel analyses"
28,133,WOS:000263062900003,2008,ZEITSCHRIFT FUR PADAGOGISCHE PSYCHOLOGIE,"Reading Literacy and Reading Motivation: Their Development and the
Mediation of the Relationship by Reading Behavior"
28,244,WOS:001685786400002,2026,SOCIAL PSYCHOLOGY OF EDUCATION,"The development of students' school enjoyment in lower secondary school
and its effect on academic achievement"
28,508,WOS:001685786400002,2026,SOCIAL PSYCHOLOGY OF EDUCATION,"The development of students' school enjoyment in lower secondary school
and its effect on academic achievement"
244,508,WOS:001685786400002,2026,SOCIAL PSYCHOLOGY OF EDUCATION,"The development of students' school enjoyment in lower secondary school
and its effect on academic achievement"
245,246,WOS:001439398300001,2025,EUROPEAN JOURNAL OF PSYCHOLOGY OF EDUCATION,"Feeling well and doing well. The mediating role of school engagement in
the relationship between student well-being and academic achievement"
28,133,WOS:000449831100002,2018,BRITISH JOURNAL OF EDUCATIONAL PSYCHOLOGY,"The interplay of gender and social background: A longitudinal study of
interaction effects in reading attitudes and behaviour"
150,178,WOS:000416882800014,2017,CONTEMPORARY EDUCATIONAL PSYCHOLOGY,"Changes in beginning teachers' classroom management knowledge and
emotional exhaustion during the induction phase"
150,318,WOS:000416882800014,2017,CONTEMPORARY EDUCATIONAL PSYCHOLOGY,"Changes in beginning teachers' classroom management knowledge and
emotional exhaustion during the induction phase"
150,673,WOS:000416882800014,2017,CONTEMPORARY EDUCATIONAL PSYCHOLOGY,"Changes in beginning teachers' classroom management knowledge and
emotional exhaustion during the induction phase"
178,318,WOS:000416882800014,2017,CONTEMPORARY EDUCATIONAL PSYCHOLOGY,"Changes in beginning teachers' classroom management knowledge and
emotional exhaustion during the induction phase"
178,673,WOS:000416882800014,2017,CONTEMPORARY EDUCATIONAL PSYCHOLOGY,"Changes in beginning teachers' classroom management knowledge and
emotional exhaustion during the induction phase"
318,673,WOS:000416882800014,2017,CONTEMPORARY EDUCATIONAL PSYCHOLOGY,"Changes in beginning teachers' classroom management knowledge and
emotional exhaustion during the induction phase"
149,150,WOS:000353601600001,2015,CONTEMPORARY EDUCATIONAL PSYCHOLOGY,"Pygmalion effects in the classroom: Teacher expectancy effects on
students' math achievement"
133,301,WOS:001288966800001,2026,ZEITSCHRIFT FUR PADAGOGISCHE PSYCHOLOGIE,"Gender effects in education revisited: Gender roles, instrumental and
expressive traits, and motivational factors for STEM high school course
selection"
27,28,WOS:000963835100001,2023,JOURNAL OF PSYCHOEDUCATIONAL ASSESSMENT,"The Features of Plausible but Incorrect Options: Distractor Plausibility
in Synonym-Based Vocabulary Tests"
27,1087,WOS:000963835100001,2023,JOURNAL OF PSYCHOEDUCATIONAL ASSESSMENT,"The Features of Plausible but Incorrect Options: Distractor Plausibility
in Synonym-Based Vocabulary Tests"
28,1087,WOS:000963835100001,2023,JOURNAL OF PSYCHOEDUCATIONAL ASSESSMENT,"The Features of Plausible but Incorrect Options: Distractor Plausibility
in Synonym-Based Vocabulary Tests"
133,134,WOS:000462102300013,2019,CONTEMPORARY EDUCATIONAL PSYCHOLOGY,Academic self-concept during the transition to upper secondary school
133,1169,WOS:000462102300013,2019,CONTEMPORARY EDUCATIONAL PSYCHOLOGY,Academic self-concept during the transition to upper secondary school
134,1169,WOS:000462102300013,2019,CONTEMPORARY EDUCATIONAL PSYCHOLOGY,Academic self-concept during the transition to upper secondary school
58,133,WOS:000388217000002,2016,ZEITSCHRIFT FUR ENTWICKLUNGSPSYCHOLOGIE UND PADAGOGISCHE PSYCHOLOGIE,"The Subjective Dimension of the Transition to Secondary School: How the
Anticipation of This Critical Life Event Affects Children's Well-Being"
58,624,WOS:000388217000002,2016,ZEITSCHRIFT FUR ENTWICKLUNGSPSYCHOLOGIE UND PADAGOGISCHE PSYCHOLOGIE,"The Subjective Dimension of the Transition to Secondary School: How the
Anticipation of This Critical Life Event Affects Children's Well-Being"
133,624,WOS:000388217000002,2016,ZEITSCHRIFT FUR ENTWICKLUNGSPSYCHOLOGIE UND PADAGOGISCHE PSYCHOLOGIE,"The Subjective Dimension of the Transition to Secondary School: How the
Anticipation of This Critical Life Event Affects Children's Well-Being"
149,150,WOS:000329683100004,2013,LEARNING AND INDIVIDUAL DIFFERENCES,"Teachers' and students' perceptions of self-regulated learning and math
competence: Differentiation and agreement"
149,1177,WOS:000329683100004,2013,LEARNING AND INDIVIDUAL DIFFERENCES,"Teachers' and students' perceptions of self-regulated learning and math
competence: Differentiation and agreement"
150,1177,WOS:000329683100004,2013,LEARNING AND INDIVIDUAL DIFFERENCES,"Teachers' and students' perceptions of self-regulated learning and math
competence: Differentiation and agreement"
58,150,WOS:000323295600002,2013,PSYCHOLOGIE IN ERZIEHUNG UND UNTERRICHT,"The Effect of Student Body Composition on Academic Achievement:
International and National Evidence"
58,624,WOS:000323295600002,2013,PSYCHOLOGIE IN ERZIEHUNG UND UNTERRICHT,"The Effect of Student Body Composition on Academic Achievement:
International and National Evidence"
150,624,WOS:000323295600002,2013,PSYCHOLOGIE IN ERZIEHUNG UND UNTERRICHT,"The Effect of Student Body Composition on Academic Achievement:
International and National Evidence"
28,133,WOS:000268437100003,2009,ZEITSCHRIFT FUR ENTWICKLUNGSPSYCHOLOGIE UND PADAGOGISCHE PSYCHOLOGIE,"The role of family variables in reading literacy, vocabulary, reading
motivation, and reading behavior"
35,270,WOS:000459644800004,2019,PSYCHOLOGIE IN ERZIEHUNG UND UNTERRICHT,"Which Schools Engage in Mixed-age Learning? Demographic and Achievement
Related Characteristics of Schools According to Their Reform Efforts"
135,150,WOS:000271247700007,2009,JOURNAL OF EDUCATIONAL PSYCHOLOGY,"Within-School Social Comparison: How Students Perceive the Standing of
Their Class Predicts Academic Self-Concept"
135,1032,WOS:000271247700007,2009,JOURNAL OF EDUCATIONAL PSYCHOLOGY,"Within-School Social Comparison: How Students Perceive the Standing of
Their Class Predicts Academic Self-Concept"
150,1032,WOS:000271247700007,2009,JOURNAL OF EDUCATIONAL PSYCHOLOGY,"Within-School Social Comparison: How Students Perceive the Standing of
Their Class Predicts Academic Self-Concept"
28,132,WOS:000263062900002,2008,ZEITSCHRIFT FUR PADAGOGISCHE PSYCHOLOGIE,"Mathematics Teachers' Beliefs and Their Impact on Instructional Quality
and Student Achievement"
28,270,WOS:000263062900002,2008,ZEITSCHRIFT FUR PADAGOGISCHE PSYCHOLOGIE,"Mathematics Teachers' Beliefs and Their Impact on Instructional Quality
and Student Achievement"
28,673,WOS:000263062900002,2008,ZEITSCHRIFT FUR PADAGOGISCHE PSYCHOLOGIE,"Mathematics Teachers' Beliefs and Their Impact on Instructional Quality
and Student Achievement"
132,270,WOS:000263062900002,2008,ZEITSCHRIFT FUR PADAGOGISCHE PSYCHOLOGIE,"Mathematics Teachers' Beliefs and Their Impact on Instructional Quality
and Student Achievement"
132,673,WOS:000263062900002,2008,ZEITSCHRIFT FUR PADAGOGISCHE PSYCHOLOGIE,"Mathematics Teachers' Beliefs and Their Impact on Instructional Quality
and Student Achievement"
270,673,WOS:000263062900002,2008,ZEITSCHRIFT FUR PADAGOGISCHE PSYCHOLOGIE,"Mathematics Teachers' Beliefs and Their Impact on Instructional Quality
and Student Achievement"
35,87,WOS:000683521800001,2021,ZEITSCHRIFT FUR PADAGOGISCHE PSYCHOLOGIE,"Quality of attachment relationships and frequency of mathematics- and
science-related activity offers in kindergarten as predictors of girls'
and boys' mathematics-related motivation"
58,133,WOS:000459644800006,2019,PSYCHOLOGIE IN ERZIEHUNG UND UNTERRICHT,"Ready for Change? - On the Relationship Between Principals' Acceptance
and Dealing With Reform Processes"
58,624,WOS:000459644800006,2019,PSYCHOLOGIE IN ERZIEHUNG UND UNTERRICHT,"Ready for Change? - On the Relationship Between Principals' Acceptance
and Dealing With Reform Processes"
133,624,WOS:000459644800006,2019,PSYCHOLOGIE IN ERZIEHUNG UND UNTERRICHT,"Ready for Change? - On the Relationship Between Principals' Acceptance
and Dealing With Reform Processes"
28,224,WOS:000440961300015,2018,LEARNING AND INDIVIDUAL DIFFERENCES,"Attainment-aspiration gap in students with a migration background: The
role of self-efficacy"
152,153,WOS:001641980100001,2026,JOURNAL OF SCHOOL PSYCHOLOGY,"Perceived discrimination of students from minoritized ethnic groups in
Germany: Individual, family, and school conditions"
152,841,WOS:001641980100001,2026,JOURNAL OF SCHOOL PSYCHOLOGY,"Perceived discrimination of students from minoritized ethnic groups in
Germany: Individual, family, and school conditions"
152,1079,WOS:001641980100001,2026,JOURNAL OF SCHOOL PSYCHOLOGY,"Perceived discrimination of students from minoritized ethnic groups in
Germany: Individual, family, and school conditions"
153,841,WOS:001641980100001,2026,JOURNAL OF SCHOOL PSYCHOLOGY,"Perceived discrimination of students from minoritized ethnic groups in
Germany: Individual, family, and school conditions"
153,1079,WOS:001641980100001,2026,JOURNAL OF SCHOOL PSYCHOLOGY,"Perceived discrimination of students from minoritized ethnic groups in
Germany: Individual, family, and school conditions"
841,1079,WOS:001641980100001,2026,JOURNAL OF SCHOOL PSYCHOLOGY,"Perceived discrimination of students from minoritized ethnic groups in
Germany: Individual, family, and school conditions"
28,35,WOS:001002967100001,2024,SOCIAL PSYCHOLOGY OF EDUCATION,"Does an immigrant teacher help immigrant students cope with negative
stereotypes? Preservice teachers' and school students' perceptions of
teacher bias and motivational support, as well as stereotype threat
effects on immigrant students' learning"
28,35,WOS:000795750100001,2023,EUROPEAN JOURNAL OF PSYCHOLOGY OF EDUCATION,"Stereotype threat in learning situations? An investigation among
language minority students"
28,224,WOS:000746656400002,2022,PSYCHOLOGIE IN ERZIEHUNG UND UNTERRICHT,Teaching quality and students' reading self-efficacy
133,134,WOS:000733241700001,2022,JOURNAL OF EDUCATIONAL PSYCHOLOGY,"Class-Average Achievement and Individual Achievement Development:
Testing Achievement Composition and Peer Spillover Effects Using Five
German Longitudinal Studies"
133,663,WOS:000733241700001,2022,JOURNAL OF EDUCATIONAL PSYCHOLOGY,"Class-Average Achievement and Individual Achievement Development:
Testing Achievement Composition and Peer Spillover Effects Using Five
German Longitudinal Studies"
134,663,WOS:000733241700001,2022,JOURNAL OF EDUCATIONAL PSYCHOLOGY,"Class-Average Achievement and Individual Achievement Development:
Testing Achievement Composition and Peer Spillover Effects Using Five
German Longitudinal Studies"
178,1171,WOS:000437721500006,2018,JOURNAL OF EDUCATIONAL PSYCHOLOGY,"Students' Idiosyncratic Perceptions of Teaching Quality in Mathematics:
A Result of Rater Tendency Alone or an Expression of Dyadic Effects
Between Students and Teachers?"
135,150,WOS:000312683900024,2012,LEARNING AND INDIVIDUAL DIFFERENCES,"Judging students' achievement goal orientations: Are teacher ratings
accurate?"
135,1170,WOS:000312683900024,2012,LEARNING AND INDIVIDUAL DIFFERENCES,"Judging students' achievement goal orientations: Are teacher ratings
accurate?"
150,1170,WOS:000312683900024,2012,LEARNING AND INDIVIDUAL DIFFERENCES,"Judging students' achievement goal orientations: Are teacher ratings
accurate?"
58,150,WOS:000255592500005,2008,ZEITSCHRIFT FUR ENTWICKLUNGSPSYCHOLOGIE UND PADAGOGISCHE PSYCHOLOGIE,"Openness to experience as a predictor of changes in cultural
participation during emerging adulthood"
28,55,WOS:000250719100006,2007,PSYCHOLOGIE IN ERZIEHUNG UND UNTERRICHT,"The Berlin parent-child reading program: Conceptual design and
evaluation"
28,224,WOS:000340078700002,2014,ZEITSCHRIFT FUR PADAGOGISCHE PSYCHOLOGIE,"Extended Analyses of the Migration-Related gap in Reading Achievement -
Differential Item Functioning Between Children with and without an
Immigrant Background Based on the Progress of Reading Literacy Study
(PIRLS)"
279,282,WOS:001006252800001,2023,ZEITSCHRIFT FUR ENTWICKLUNGSPSYCHOLOGIE UND PADAGOGISCHE PSYCHOLOGIE,"7-and 8-Year-Olds' Struggle With Monitoring Inaccuracy Persists Despite
Feedback"
133,262,WOS:000727801400005,2021,CONTEMPORARY EDUCATIONAL PSYCHOLOGY,"On the relations of sociocognitive childhood characteristics, education,
and socioeconomic success in adulthood"
28,133,WOS:000285072900001,2010,JOURNAL OF EDUCATIONAL PSYCHOLOGY,"Intrinsic and Extrinsic Reading Motivation as Predictors of Reading
Literacy A Longitudinal Study"
132,150,WOS:000242057900009,2006,JOURNAL OF EDUCATIONAL PSYCHOLOGY,"Tracking, grading, and student motivation:: Using group composition and
status to predict self-concept and interest in ninth-grade mathematics"
132,1032,WOS:000242057900009,2006,JOURNAL OF EDUCATIONAL PSYCHOLOGY,"Tracking, grading, and student motivation:: Using group composition and
status to predict self-concept and interest in ninth-grade mathematics"
150,1032,WOS:000242057900009,2006,JOURNAL OF EDUCATIONAL PSYCHOLOGY,"Tracking, grading, and student motivation:: Using group composition and
status to predict self-concept and interest in ninth-grade mathematics"
149,150,WOS:000416882800016,2017,CONTEMPORARY EDUCATIONAL PSYCHOLOGY,"A well-rounded view: Using an interpersonal approach to predict
achievement by academic self-concept and peer ratings of competence"
149,922,WOS:000416882800016,2017,CONTEMPORARY EDUCATIONAL PSYCHOLOGY,"A well-rounded view: Using an interpersonal approach to predict
achievement by academic self-concept and peer ratings of competence"
150,922,WOS:000416882800016,2017,CONTEMPORARY EDUCATIONAL PSYCHOLOGY,"A well-rounded view: Using an interpersonal approach to predict
achievement by academic self-concept and peer ratings of competence"
133,134,WOS:000406611400008,2017,JOURNAL OF EDUCATIONAL PSYCHOLOGY,"Fish Swimming Into the Ocean: How Tracking Relates to Students'
Self-Beliefs and School Disengagement at the End of Schooling"
133,472,WOS:000406611400008,2017,JOURNAL OF EDUCATIONAL PSYCHOLOGY,"Fish Swimming Into the Ocean: How Tracking Relates to Students'
Self-Beliefs and School Disengagement at the End of Schooling"
134,472,WOS:000406611400008,2017,JOURNAL OF EDUCATIONAL PSYCHOLOGY,"Fish Swimming Into the Ocean: How Tracking Relates to Students'
Self-Beliefs and School Disengagement at the End of Schooling"
132,133,WOS:000307483500014,2012,JOURNAL OF EDUCATIONAL PSYCHOLOGY,"The Differential Effects of School Tracking on Psychometric
Intelligence: Do Academic-Track Schools Make Students Smarter?"
132,150,WOS:000307483500014,2012,JOURNAL OF EDUCATIONAL PSYCHOLOGY,"The Differential Effects of School Tracking on Psychometric
Intelligence: Do Academic-Track Schools Make Students Smarter?"
133,150,WOS:000307483500014,2012,JOURNAL OF EDUCATIONAL PSYCHOLOGY,"The Differential Effects of School Tracking on Psychometric
Intelligence: Do Academic-Track Schools Make Students Smarter?"
227,296,WOS:000287625100002,2011,PSYCHOLOGIE IN ERZIEHUNG UND UNTERRICHT,"Verbal and Cognitive Competencies in Preschool Age: Are Early-Enrolled
Children Really More Competent?"
227,412,WOS:000287625100002,2011,PSYCHOLOGIE IN ERZIEHUNG UND UNTERRICHT,"Verbal and Cognitive Competencies in Preschool Age: Are Early-Enrolled
Children Really More Competent?"
296,412,WOS:000287625100002,2011,PSYCHOLOGIE IN ERZIEHUNG UND UNTERRICHT,"Verbal and Cognitive Competencies in Preschool Age: Are Early-Enrolled
Children Really More Competent?"
150,178,WOS:000878779100001,2022,CONTEMPORARY EDUCATIONAL PSYCHOLOGY,"?The Teacher Motivates Us-Or Me??-The Role of the Addressee in Student
Ratings of Teacher Support?"
280,281,WOS:001262685900001,2024,JOURNAL OF RESEARCH IN PERSONALITY,"Family environment and self-esteem development in adolescence: A
replication and extension"
133,262,WOS:001243507400001,2025,EUROPEAN JOURNAL OF PERSONALITY,"Long-Term Advantages of Adolescent Optimism: Nonlinear Associations With
Adult Outcomes and its Protective Role in Buffering Socioeconomic Risk"
149,150,WOS:000523619900001,2020,JOURNAL OF PERSONALITY,"RIASEC interests and the Big Five personality traits matter for life
success-But do they already matter for educational track choices?"
149,504,WOS:000523619900001,2020,JOURNAL OF PERSONALITY,"RIASEC interests and the Big Five personality traits matter for life
success-But do they already matter for educational track choices?"
149,910,WOS:000523619900001,2020,JOURNAL OF PERSONALITY,"RIASEC interests and the Big Five personality traits matter for life
success-But do they already matter for educational track choices?"
150,504,WOS:000523619900001,2020,JOURNAL OF PERSONALITY,"RIASEC interests and the Big Five personality traits matter for life
success-But do they already matter for educational track choices?"
150,910,WOS:000523619900001,2020,JOURNAL OF PERSONALITY,"RIASEC interests and the Big Five personality traits matter for life
success-But do they already matter for educational track choices?"
504,910,WOS:000523619900001,2020,JOURNAL OF PERSONALITY,"RIASEC interests and the Big Five personality traits matter for life
success-But do they already matter for educational track choices?"
133,262,WOS:000351472000011,2015,SOCIAL PSYCHOLOGICAL AND PERSONALITY SCIENCE,"How Being an Optimist Makes a Difference: The Protective Role of
Optimism in Adolescents' Adjustment to Parental Separation"
270,910,WOS:000388308800004,2016,EUROPEAN JOURNAL OF PERSONALITY,"Student Characteristics and Behaviours in Childhood Predict
Self-reported Health in Middle Adulthood"
270,1015,WOS:000388308800004,2016,EUROPEAN JOURNAL OF PERSONALITY,"Student Characteristics and Behaviours in Childhood Predict
Self-reported Health in Middle Adulthood"
910,1015,WOS:000388308800004,2016,EUROPEAN JOURNAL OF PERSONALITY,"Student Characteristics and Behaviours in Childhood Predict
Self-reported Health in Middle Adulthood"
135,150,WOS:000372272600005,2016,JOURNAL OF PERSONALITY,"Majoring in Selection, and Minoring in Socialization: The Role of the
College Experience in Goal Change Post-High School"
135,1015,WOS:000372272600005,2016,JOURNAL OF PERSONALITY,"Majoring in Selection, and Minoring in Socialization: The Role of the
College Experience in Goal Change Post-High School"
150,1015,WOS:000372272600005,2016,JOURNAL OF PERSONALITY,"Majoring in Selection, and Minoring in Socialization: The Role of the
College Experience in Goal Change Post-High School"
260,261,WOS:001316181200001,2025,EUROPEAN JOURNAL OF PERSONALITY,"Associations between a multifaceted personality and academic performance
in secondary school"
260,659,WOS:001316181200001,2025,EUROPEAN JOURNAL OF PERSONALITY,"Associations between a multifaceted personality and academic performance
in secondary school"
260,910,WOS:001316181200001,2025,EUROPEAN JOURNAL OF PERSONALITY,"Associations between a multifaceted personality and academic performance
in secondary school"
261,659,WOS:001316181200001,2025,EUROPEAN JOURNAL OF PERSONALITY,"Associations between a multifaceted personality and academic performance
in secondary school"
261,910,WOS:001316181200001,2025,EUROPEAN JOURNAL OF PERSONALITY,"Associations between a multifaceted personality and academic performance
in secondary school"
659,910,WOS:001316181200001,2025,EUROPEAN JOURNAL OF PERSONALITY,"Associations between a multifaceted personality and academic performance
in secondary school"
149,150,WOS:000634593300012,2021,JOURNAL OF PERSONALITY AND SOCIAL PSYCHOLOGY,"Stability and Change in Vocational Interests After Graduation From High
School: A Six-Wave Longitudinal Study"
149,504,WOS:000634593300012,2021,JOURNAL OF PERSONALITY AND SOCIAL PSYCHOLOGY,"Stability and Change in Vocational Interests After Graduation From High
School: A Six-Wave Longitudinal Study"
149,505,WOS:000634593300012,2021,JOURNAL OF PERSONALITY AND SOCIAL PSYCHOLOGY,"Stability and Change in Vocational Interests After Graduation From High
School: A Six-Wave Longitudinal Study"
150,504,WOS:000634593300012,2021,JOURNAL OF PERSONALITY AND SOCIAL PSYCHOLOGY,"Stability and Change in Vocational Interests After Graduation From High
School: A Six-Wave Longitudinal Study"
150,505,WOS:000634593300012,2021,JOURNAL OF PERSONALITY AND SOCIAL PSYCHOLOGY,"Stability and Change in Vocational Interests After Graduation From High
School: A Six-Wave Longitudinal Study"
504,505,WOS:000634593300012,2021,JOURNAL OF PERSONALITY AND SOCIAL PSYCHOLOGY,"Stability and Change in Vocational Interests After Graduation From High
School: A Six-Wave Longitudinal Study"
261,263,WOS:001037803600001,2023,PERSONALITY AND INDIVIDUAL DIFFERENCES,"Do simpler item wording and response scales reduce acquiescence in
personality inventories? A survey experiment"
261,979,WOS:001037803600001,2023,PERSONALITY AND INDIVIDUAL DIFFERENCES,"Do simpler item wording and response scales reduce acquiescence in
personality inventories? A survey experiment"
263,979,WOS:001037803600001,2023,PERSONALITY AND INDIVIDUAL DIFFERENCES,"Do simpler item wording and response scales reduce acquiescence in
personality inventories? A survey experiment"
280,281,WOS:000705437300001,2022,EUROPEAN JOURNAL OF PERSONALITY,"Work Experiences and Self-Esteem Development: A Meta-Analysis of
Longitudinal Studies"
149,150,WOS:000414891700001,2017,JOURNAL OF RESEARCH IN PERSONALITY,Is doing your homework associated with becoming more conscientious?
149,910,WOS:000414891700001,2017,JOURNAL OF RESEARCH IN PERSONALITY,Is doing your homework associated with becoming more conscientious?
149,1015,WOS:000414891700001,2017,JOURNAL OF RESEARCH IN PERSONALITY,Is doing your homework associated with becoming more conscientious?
150,910,WOS:000414891700001,2017,JOURNAL OF RESEARCH IN PERSONALITY,Is doing your homework associated with becoming more conscientious?
150,1015,WOS:000414891700001,2017,JOURNAL OF RESEARCH IN PERSONALITY,Is doing your homework associated with becoming more conscientious?
910,1015,WOS:000414891700001,2017,JOURNAL OF RESEARCH IN PERSONALITY,Is doing your homework associated with becoming more conscientious?
149,1015,WOS:001662849000001,2026,JOURNAL OF PERSONALITY AND SOCIAL PSYCHOLOGY,"Once a Procrastinator, Always a Procrastinator? Examining Stability,
Change, and Long-Term Correlates of Procrastination During Young
Adulthood"
280,281,WOS:000877785000001,2023,JOURNAL OF PERSONALITY AND SOCIAL PSYCHOLOGY,"Testing the Bottom-Up and Top-Down Models of Self-Esteem: A
Meta-Analysis of Longitudinal Studies"
135,150,WOS:000294314500015,2011,JOURNAL OF PERSONALITY AND SOCIAL PSYCHOLOGY,"A Random Walk Down University Avenue: Life Paths, Life Events, and
Personality Trait Change at the Transition to University Life"
135,1015,WOS:000294314500015,2011,JOURNAL OF PERSONALITY AND SOCIAL PSYCHOLOGY,"A Random Walk Down University Avenue: Life Paths, Life Events, and
Personality Trait Change at the Transition to University Life"
150,1015,WOS:000294314500015,2011,JOURNAL OF PERSONALITY AND SOCIAL PSYCHOLOGY,"A Random Walk Down University Avenue: Life Paths, Life Events, and
Personality Trait Change at the Transition to University Life"
280,281,WOS:000551440600011,2020,JOURNAL OF PERSONALITY AND SOCIAL PSYCHOLOGY,"Family Environment and Self-Esteem Development: A Longitudinal Study
From Age 10 to 16"
133,262,WOS:000426789300013,2018,JOURNAL OF PERSONALITY,"Think Positive? Examining the Impact of Optimism on Academic Achievement
in Early Adolescents"
149,150,WOS:001233727200001,2024,JOURNAL OF RESEARCH IN PERSONALITY,"Examining the Conscientiousness x Interest Compensation (CONIC) model
with similar constructs in high school and college students"
149,505,WOS:001233727200001,2024,JOURNAL OF RESEARCH IN PERSONALITY,"Examining the Conscientiousness x Interest Compensation (CONIC) model
with similar constructs in high school and college students"
149,910,WOS:001233727200001,2024,JOURNAL OF RESEARCH IN PERSONALITY,"Examining the Conscientiousness x Interest Compensation (CONIC) model
with similar constructs in high school and college students"
150,505,WOS:001233727200001,2024,JOURNAL OF RESEARCH IN PERSONALITY,"Examining the Conscientiousness x Interest Compensation (CONIC) model
with similar constructs in high school and college students"
150,910,WOS:001233727200001,2024,JOURNAL OF RESEARCH IN PERSONALITY,"Examining the Conscientiousness x Interest Compensation (CONIC) model
with similar constructs in high school and college students"
505,910,WOS:001233727200001,2024,JOURNAL OF RESEARCH IN PERSONALITY,"Examining the Conscientiousness x Interest Compensation (CONIC) model
with similar constructs in high school and college students"
261,263,WOS:000705333200001,2022,EUROPEAN JOURNAL OF PERSONALITY,"Does personality predict responses to the COVID-19 crisis? Evidence from
a prospective large-scale study"
261,263,WOS:001201249500001,2025,EUROPEAN JOURNAL OF PERSONALITY,"The base-rate and longer-term relevance of year-to-year change in
personality traits"
261,979,WOS:001201249500001,2025,EUROPEAN JOURNAL OF PERSONALITY,"The base-rate and longer-term relevance of year-to-year change in
personality traits"
263,979,WOS:001201249500001,2025,EUROPEAN JOURNAL OF PERSONALITY,"The base-rate and longer-term relevance of year-to-year change in
personality traits"
149,150,WOS:000705155800001,2022,EUROPEAN JOURNAL OF PERSONALITY,"The Development of Vocational Interests in Early Adolescence: Stability,
Change, and State-Trait Components"
149,504,WOS:000705155800001,2022,EUROPEAN JOURNAL OF PERSONALITY,"The Development of Vocational Interests in Early Adolescence: Stability,
Change, and State-Trait Components"
149,505,WOS:000705155800001,2022,EUROPEAN JOURNAL OF PERSONALITY,"The Development of Vocational Interests in Early Adolescence: Stability,
Change, and State-Trait Components"
150,504,WOS:000705155800001,2022,EUROPEAN JOURNAL OF PERSONALITY,"The Development of Vocational Interests in Early Adolescence: Stability,
Change, and State-Trait Components"
150,505,WOS:000705155800001,2022,EUROPEAN JOURNAL OF PERSONALITY,"The Development of Vocational Interests in Early Adolescence: Stability,
Change, and State-Trait Components"
504,505,WOS:000705155800001,2022,EUROPEAN JOURNAL OF PERSONALITY,"The Development of Vocational Interests in Early Adolescence: Stability,
Change, and State-Trait Components"
133,150,WOS:000352578500012,2015,SOCIAL PSYCHOLOGICAL AND PERSONALITY SCIENCE,"The First Partnership Experience and Personality Development: A
Propensity Score Matching Study in Young Adulthood"
133,659,WOS:000352578500012,2015,SOCIAL PSYCHOLOGICAL AND PERSONALITY SCIENCE,"The First Partnership Experience and Personality Development: A
Propensity Score Matching Study in Young Adulthood"
150,659,WOS:000352578500012,2015,SOCIAL PSYCHOLOGICAL AND PERSONALITY SCIENCE,"The First Partnership Experience and Personality Development: A
Propensity Score Matching Study in Young Adulthood"
133,262,WOS:000468334800016,2019,JOURNAL OF PERSONALITY,"Why are you so optimistic? Effects of sociodemographic factors,
individual experiences, and peer characteristics on optimism in early
adolescents"
280,281,WOS:000607610500009,2021,JOURNAL OF PERSONALITY AND SOCIAL PSYCHOLOGY,"Development of Domain-Specific Self-Evaluations: A Meta-Analysis of
Longitudinal Studies"
149,150,WOS:000468334800004,2019,JOURNAL OF PERSONALITY,The effects of getting a new teacher on the consistency of personality
149,505,WOS:000468334800004,2019,JOURNAL OF PERSONALITY,The effects of getting a new teacher on the consistency of personality
149,910,WOS:000468334800004,2019,JOURNAL OF PERSONALITY,The effects of getting a new teacher on the consistency of personality
149,1015,WOS:000468334800004,2019,JOURNAL OF PERSONALITY,The effects of getting a new teacher on the consistency of personality
150,505,WOS:000468334800004,2019,JOURNAL OF PERSONALITY,The effects of getting a new teacher on the consistency of personality
150,910,WOS:000468334800004,2019,JOURNAL OF PERSONALITY,The effects of getting a new teacher on the consistency of personality
150,1015,WOS:000468334800004,2019,JOURNAL OF PERSONALITY,The effects of getting a new teacher on the consistency of personality
505,910,WOS:000468334800004,2019,JOURNAL OF PERSONALITY,The effects of getting a new teacher on the consistency of personality
505,1015,WOS:000468334800004,2019,JOURNAL OF PERSONALITY,The effects of getting a new teacher on the consistency of personality
910,1015,WOS:000468334800004,2019,JOURNAL OF PERSONALITY,The effects of getting a new teacher on the consistency of personality
133,262,WOS:000848335500001,2023,EUROPEAN JOURNAL OF PERSONALITY,"Personality development in adolescence: Examining big five trait
trajectories in differential learning environments"
133,260,WOS:000663371100005,2021,EUROPEAN JOURNAL OF PERSONALITY,"The joint power of personality and motivation dynamics for occupational
success: Bridging two largely separated fields"
133,658,WOS:000663371100005,2021,EUROPEAN JOURNAL OF PERSONALITY,"The joint power of personality and motivation dynamics for occupational
success: Bridging two largely separated fields"
133,659,WOS:000663371100005,2021,EUROPEAN JOURNAL OF PERSONALITY,"The joint power of personality and motivation dynamics for occupational
success: Bridging two largely separated fields"
260,658,WOS:000663371100005,2021,EUROPEAN JOURNAL OF PERSONALITY,"The joint power of personality and motivation dynamics for occupational
success: Bridging two largely separated fields"
260,659,WOS:000663371100005,2021,EUROPEAN JOURNAL OF PERSONALITY,"The joint power of personality and motivation dynamics for occupational
success: Bridging two largely separated fields"
658,659,WOS:000663371100005,2021,EUROPEAN JOURNAL OF PERSONALITY,"The joint power of personality and motivation dynamics for occupational
success: Bridging two largely separated fields"
135,270,WOS:000306186800002,2012,JOURNAL OF PERSONALITY,A Tutorial on Hierarchically Structured Constructs
80,218,WOS:000485280200027,2019,,"Social Background and Children's Cognitive Skills: The Role of Early
Childhood Education and Care in a Cross-National Perspective"
80,219,WOS:000485280200027,2019,,"Social Background and Children's Cognitive Skills: The Role of Early
Childhood Education and Care in a Cross-National Perspective"
80,220,WOS:000485280200027,2019,,"Social Background and Children's Cognitive Skills: The Role of Early
Childhood Education and Care in a Cross-National Perspective"
218,219,WOS:000485280200027,2019,,"Social Background and Children's Cognitive Skills: The Role of Early
Childhood Education and Care in a Cross-National Perspective"
218,220,WOS:000485280200027,2019,,"Social Background and Children's Cognitive Skills: The Role of Early
Childhood Education and Care in a Cross-National Perspective"
219,220,WOS:000485280200027,2019,,"Social Background and Children's Cognitive Skills: The Role of Early
Childhood Education and Care in a Cross-National Perspective"
149,150,WOS:000438649100035,2018,CHILD DEVELOPMENT,"The Role of Family Characteristics for Students' Academic Outcomes:
APerson-Centered Approach"
149,837,WOS:000438649100035,2018,CHILD DEVELOPMENT,"The Role of Family Characteristics for Students' Academic Outcomes:
APerson-Centered Approach"
149,1170,WOS:000438649100035,2018,CHILD DEVELOPMENT,"The Role of Family Characteristics for Students' Academic Outcomes:
APerson-Centered Approach"
150,837,WOS:000438649100035,2018,CHILD DEVELOPMENT,"The Role of Family Characteristics for Students' Academic Outcomes:
APerson-Centered Approach"
150,1170,WOS:000438649100035,2018,CHILD DEVELOPMENT,"The Role of Family Characteristics for Students' Academic Outcomes:
APerson-Centered Approach"
837,1170,WOS:000438649100035,2018,CHILD DEVELOPMENT,"The Role of Family Characteristics for Students' Academic Outcomes:
APerson-Centered Approach"
17,22,WOS:000313802300014,2013,QUALITY \& QUANTITY,"Improving retrospective life course data by combining modularized
self-reports and event history calendars: experiences from a large scale
survey"
60,818,WOS:001309081000001,2024,POPULATION STUDIES-A JOURNAL OF DEMOGRAPHY,"No place for young women? The impact of internal migration on adult sex
ratios in rural East Germany"
3,844,WOS:000345748900007,2014,DEMOGRAPHY,Sibling Similarity in Family Formation
3,845,WOS:000345748900007,2014,DEMOGRAPHY,Sibling Similarity in Family Formation
844,845,WOS:000345748900007,2014,DEMOGRAPHY,Sibling Similarity in Family Formation
80,219,WOS:000337248200016,2014,QUALITY \& QUANTITY,"Survey topic and unit nonresponse Evidence from an online survey on
mating"
80,1066,WOS:000337248200016,2014,QUALITY \& QUANTITY,"Survey topic and unit nonresponse Evidence from an online survey on
mating"
219,1066,WOS:000337248200016,2014,QUALITY \& QUANTITY,"Survey topic and unit nonresponse Evidence from an online survey on
mating"
15,353,WOS:000466924400005,2019,EUROPEAN JOURNAL OF POPULATION-REVUE EUROPEENNE DE DEMOGRAPHIE,"Agreement of Self-Reported and Administrative Data on Employment
Histories in a German Cohort Study: A Sequence Analysis"
67,756,WOS:000447508000003,2018,FIELD METHODS,"The Impact of Payment and Respondents' Participation on Interviewers'
Accuracy in Face-to-face Surveys: Investigations from a Field Experiment"
134,663,WOS:001572069800001,2025,ZEITSCHRIFT FUR PADAGOGISCHE PSYCHOLOGIE,"Teacher-assessed work habits and social behavior in primary school and
gender differences in grading - A secondary analysis of data from IGLU
2016 and TIMSS 2015"
55,365,WOS:000486897700003,2019,ZEITSCHRIFT FUR PADAGOGISCHE PSYCHOLOGIE,"The role of cognitive load in university students' comprehension of
multiple documents"
55,366,WOS:000486897700003,2019,ZEITSCHRIFT FUR PADAGOGISCHE PSYCHOLOGIE,"The role of cognitive load in university students' comprehension of
multiple documents"
55,608,WOS:000486897700003,2019,ZEITSCHRIFT FUR PADAGOGISCHE PSYCHOLOGIE,"The role of cognitive load in university students' comprehension of
multiple documents"
365,366,WOS:000486897700003,2019,ZEITSCHRIFT FUR PADAGOGISCHE PSYCHOLOGIE,"The role of cognitive load in university students' comprehension of
multiple documents"
365,608,WOS:000486897700003,2019,ZEITSCHRIFT FUR PADAGOGISCHE PSYCHOLOGIE,"The role of cognitive load in university students' comprehension of
multiple documents"
366,608,WOS:000486897700003,2019,ZEITSCHRIFT FUR PADAGOGISCHE PSYCHOLOGIE,"The role of cognitive load in university students' comprehension of
multiple documents"
55,513,WOS:000442716200005,2018,CONTEMPORARY EDUCATIONAL PSYCHOLOGY,"Development of sex differences in math achievement, self-concept, and
interest from grade 5 to 7"
55,958,WOS:000442716200005,2018,CONTEMPORARY EDUCATIONAL PSYCHOLOGY,"Development of sex differences in math achievement, self-concept, and
interest from grade 5 to 7"
513,958,WOS:000442716200005,2018,CONTEMPORARY EDUCATIONAL PSYCHOLOGY,"Development of sex differences in math achievement, self-concept, and
interest from grade 5 to 7"
55,957,WOS:000360217100003,2015,ZEITSCHRIFT FUR ENTWICKLUNGSPSYCHOLOGIE UND PADAGOGISCHE PSYCHOLOGIE,"Teacher Knowledge and Judgment Accuracy in the Domain of Text
Comprehension"
134,513,WOS:000353601600002,2015,CONTEMPORARY EDUCATIONAL PSYCHOLOGY,"Students' self-concept and self-efficacy in the sciences: Differential
relations to antecedents and educational outcomes"
134,650,WOS:000353601600002,2015,CONTEMPORARY EDUCATIONAL PSYCHOLOGY,"Students' self-concept and self-efficacy in the sciences: Differential
relations to antecedents and educational outcomes"
513,650,WOS:000353601600002,2015,CONTEMPORARY EDUCATIONAL PSYCHOLOGY,"Students' self-concept and self-efficacy in the sciences: Differential
relations to antecedents and educational outcomes"
84,265,WOS:000340268600006,2014,SCHOOL PSYCHOLOGY INTERNATIONAL,"The interplay of perceived stress, self-determination and school
engagement in adolescence"
28,132,WOS:000306954400008,2012,EUROPEAN JOURNAL OF PSYCHOLOGY OF EDUCATION,"Cognitively demanding learning materials with texts and instructional
pictures: teachers' diagnostic skills, pedagogical beliefs and
motivation"
33,1080,WOS:000303654400002,2012,ZEITSCHRIFT FUR PADAGOGISCHE PSYCHOLOGIE,"Cultural Background or Cultural Beliefs? What Role do Immigration
Background and Multicultural Beliefs Play for Teaching Children with
Immigrant Backgrounds?"
261,768,WOS:000599912300004,2020,CONTEMPORARY EDUCATIONAL PSYCHOLOGY,"The developmental trajectory of intrinsic reading motivation:
Measurement invariance, group variations, and implications for reading
proficiency"
55,800,WOS:000505273400007,2019,LEARNING AND INDIVIDUAL DIFFERENCES,"Relations between life-goal regulation, goal orientation, and education
related parenting - A person-centered perspective"
55,801,WOS:000505273400007,2019,LEARNING AND INDIVIDUAL DIFFERENCES,"Relations between life-goal regulation, goal orientation, and education
related parenting - A person-centered perspective"
55,958,WOS:000505273400007,2019,LEARNING AND INDIVIDUAL DIFFERENCES,"Relations between life-goal regulation, goal orientation, and education
related parenting - A person-centered perspective"
800,801,WOS:000505273400007,2019,LEARNING AND INDIVIDUAL DIFFERENCES,"Relations between life-goal regulation, goal orientation, and education
related parenting - A person-centered perspective"
800,958,WOS:000505273400007,2019,LEARNING AND INDIVIDUAL DIFFERENCES,"Relations between life-goal regulation, goal orientation, and education
related parenting - A person-centered perspective"
801,958,WOS:000505273400007,2019,LEARNING AND INDIVIDUAL DIFFERENCES,"Relations between life-goal regulation, goal orientation, and education
related parenting - A person-centered perspective"
128,645,WOS:000346911300020,2014,JOURNAL OF EDUCATIONAL PSYCHOLOGY,"Classroom Composition, Classroom Management, and the Relationship
Between Student Attributes and Grades"
132,150,WOS:000239550400009,2006,ZEITSCHRIFT FUR PADAGOGISCHE PSYCHOLOGIE,"The analysis of learning environments:: Approaches to determine the
reliability and agreement of student ratings"
132,673,WOS:000239550400009,2006,ZEITSCHRIFT FUR PADAGOGISCHE PSYCHOLOGIE,"The analysis of learning environments:: Approaches to determine the
reliability and agreement of student ratings"
150,673,WOS:000239550400009,2006,ZEITSCHRIFT FUR PADAGOGISCHE PSYCHOLOGIE,"The analysis of learning environments:: Approaches to determine the
reliability and agreement of student ratings"
150,922,WOS:000428743400007,2018,MULTIVARIATE BEHAVIORAL RESEARCH,"Integrating Covariates into Social Relations Models: A Plausible Values
Approach for Handling Measurement Error in Perceiver and Target Effects"
149,1032,WOS:000289796000001,2011,MULTIVARIATE BEHAVIORAL RESEARCH,"The Longitudinal Interplay of Adolescents' Self-Esteem and Body Image: A
Conditional Autoregressive Latent Trajectory Analysis"
270,541,WOS:000752257600001,2022,MULTIVARIATE BEHAVIORAL RESEARCH,"A Dynamic Structural Equation Approach to Modeling Wage Dynamics and
Cumulative Advantage across the Lifespan"
270,583,WOS:000752257600001,2022,MULTIVARIATE BEHAVIORAL RESEARCH,"A Dynamic Structural Equation Approach to Modeling Wage Dynamics and
Cumulative Advantage across the Lifespan"
270,584,WOS:000752257600001,2022,MULTIVARIATE BEHAVIORAL RESEARCH,"A Dynamic Structural Equation Approach to Modeling Wage Dynamics and
Cumulative Advantage across the Lifespan"
541,583,WOS:000752257600001,2022,MULTIVARIATE BEHAVIORAL RESEARCH,"A Dynamic Structural Equation Approach to Modeling Wage Dynamics and
Cumulative Advantage across the Lifespan"
541,584,WOS:000752257600001,2022,MULTIVARIATE BEHAVIORAL RESEARCH,"A Dynamic Structural Equation Approach to Modeling Wage Dynamics and
Cumulative Advantage across the Lifespan"
583,584,WOS:000752257600001,2022,MULTIVARIATE BEHAVIORAL RESEARCH,"A Dynamic Structural Equation Approach to Modeling Wage Dynamics and
Cumulative Advantage across the Lifespan"
28,583,WOS:000459644800005,2019,PSYCHOLOGIE IN ERZIEHUNG UND UNTERRICHT,"Affective-Cognitive Handling of an Innovation in an Implementation
Process - A Model-Based Approach"
28,835,WOS:000459644800005,2019,PSYCHOLOGIE IN ERZIEHUNG UND UNTERRICHT,"Affective-Cognitive Handling of an Innovation in an Implementation
Process - A Model-Based Approach"
583,835,WOS:000459644800005,2019,PSYCHOLOGIE IN ERZIEHUNG UND UNTERRICHT,"Affective-Cognitive Handling of an Innovation in an Implementation
Process - A Model-Based Approach"
38,673,WOS:000388056900002,2016,PSYCHOLOGIE IN ERZIEHUNG UND UNTERRICHT,"``Double Reality Shock{''}When Becoming a Teacher? The Development and
Potential Influencing Factors of Emotional Exhaustion During Teacher
Induction Time, and After Having Worked as Fully Licensed Teacher"
38,994,WOS:000388056900002,2016,PSYCHOLOGIE IN ERZIEHUNG UND UNTERRICHT,"``Double Reality Shock{''}When Becoming a Teacher? The Development and
Potential Influencing Factors of Emotional Exhaustion During Teacher
Induction Time, and After Having Worked as Fully Licensed Teacher"
38,1029,WOS:000388056900002,2016,PSYCHOLOGIE IN ERZIEHUNG UND UNTERRICHT,"``Double Reality Shock{''}When Becoming a Teacher? The Development and
Potential Influencing Factors of Emotional Exhaustion During Teacher
Induction Time, and After Having Worked as Fully Licensed Teacher"
673,994,WOS:000388056900002,2016,PSYCHOLOGIE IN ERZIEHUNG UND UNTERRICHT,"``Double Reality Shock{''}When Becoming a Teacher? The Development and
Potential Influencing Factors of Emotional Exhaustion During Teacher
Induction Time, and After Having Worked as Fully Licensed Teacher"
673,1029,WOS:000388056900002,2016,PSYCHOLOGIE IN ERZIEHUNG UND UNTERRICHT,"``Double Reality Shock{''}When Becoming a Teacher? The Development and
Potential Influencing Factors of Emotional Exhaustion During Teacher
Induction Time, and After Having Worked as Fully Licensed Teacher"
994,1029,WOS:000388056900002,2016,PSYCHOLOGIE IN ERZIEHUNG UND UNTERRICHT,"``Double Reality Shock{''}When Becoming a Teacher? The Development and
Potential Influencing Factors of Emotional Exhaustion During Teacher
Induction Time, and After Having Worked as Fully Licensed Teacher"
55,365,WOS:000657635900010,2021,LEARNING AND INDIVIDUAL DIFFERENCES,"Readers' perceived task demands and their relation to multiple document
comprehension strategies and outcome"
55,366,WOS:000657635900010,2021,LEARNING AND INDIVIDUAL DIFFERENCES,"Readers' perceived task demands and their relation to multiple document
comprehension strategies and outcome"
55,608,WOS:000657635900010,2021,LEARNING AND INDIVIDUAL DIFFERENCES,"Readers' perceived task demands and their relation to multiple document
comprehension strategies and outcome"
365,366,WOS:000657635900010,2021,LEARNING AND INDIVIDUAL DIFFERENCES,"Readers' perceived task demands and their relation to multiple document
comprehension strategies and outcome"
365,608,WOS:000657635900010,2021,LEARNING AND INDIVIDUAL DIFFERENCES,"Readers' perceived task demands and their relation to multiple document
comprehension strategies and outcome"
366,608,WOS:000657635900010,2021,LEARNING AND INDIVIDUAL DIFFERENCES,"Readers' perceived task demands and their relation to multiple document
comprehension strategies and outcome"
270,420,WOS:000321745500007,2013,ZEITSCHRIFT FUR PADAGOGISCHE PSYCHOLOGIE,"Reading Self-Concept and Text Type: Can Literary and Factual Reading
Self-Concept be Differentiated?"
132,150,WOS:000277977100015,2010,JOURNAL OF EDUCATIONAL PSYCHOLOGY,"Homework Works if Homework Quality Is High: Using Multilevel Modeling to
Predict the Development of Achievement in Mathematics"
132,673,WOS:000277977100015,2010,JOURNAL OF EDUCATIONAL PSYCHOLOGY,"Homework Works if Homework Quality Is High: Using Multilevel Modeling to
Predict the Development of Achievement in Mathematics"
150,673,WOS:000277977100015,2010,JOURNAL OF EDUCATIONAL PSYCHOLOGY,"Homework Works if Homework Quality Is High: Using Multilevel Modeling to
Predict the Development of Achievement in Mathematics"
150,624,WOS:000261811100009,2009,CONTEMPORARY EDUCATIONAL PSYCHOLOGY,"Chameleon effects in homework research: The homework-achievement
association depends on the measures used and the level of analysis
chosen"
28,835,WOS:000498691600003,2019,ZEITSCHRIFT FUR PADAGOGISCHE PSYCHOLOGIE,"Through the eyes of a primary school child - Individual predictors of
students' ratings of teaching quality"
55,424,WOS:000461328900007,2019,EUROPEAN JOURNAL OF PSYCHOLOGY OF EDUCATION,"Developmental relationship between declarative metacognitive knowledge
and reading comprehension during secondary school"
55,610,WOS:000461328900007,2019,EUROPEAN JOURNAL OF PSYCHOLOGY OF EDUCATION,"Developmental relationship between declarative metacognitive knowledge
and reading comprehension during secondary school"
55,903,WOS:000461328900007,2019,EUROPEAN JOURNAL OF PSYCHOLOGY OF EDUCATION,"Developmental relationship between declarative metacognitive knowledge
and reading comprehension during secondary school"
424,610,WOS:000461328900007,2019,EUROPEAN JOURNAL OF PSYCHOLOGY OF EDUCATION,"Developmental relationship between declarative metacognitive knowledge
and reading comprehension during secondary school"
424,903,WOS:000461328900007,2019,EUROPEAN JOURNAL OF PSYCHOLOGY OF EDUCATION,"Developmental relationship between declarative metacognitive knowledge
and reading comprehension during secondary school"
610,903,WOS:000461328900007,2019,EUROPEAN JOURNAL OF PSYCHOLOGY OF EDUCATION,"Developmental relationship between declarative metacognitive knowledge
and reading comprehension during secondary school"
135,740,WOS:000319277900009,2013,BRITISH JOURNAL OF EDUCATIONAL PSYCHOLOGY,"Vocational interests of intellectually gifted and highly achieving young
adults"
646,881,WOS:000920063000001,2023,EDUCATIONAL PSYCHOLOGY REVIEW,"Disentangling the Association Between the Big Five Personality Traits
and Student Achievement: Meta-Analytic Evidence on the Role of Domain
Specificity and Achievement Measures"
646,881,WOS:000850776700001,2023,BRITISH JOURNAL OF EDUCATIONAL PSYCHOLOGY,"A closer look at the domain-specific associations of openness with
language achievement: Evidence on the role of intrinsic value from two
large-scale longitudinal studies"
132,133,WOS:000278323400001,2010,ZEITSCHRIFT FUR PADAGOGISCHE PSYCHOLOGIE,"Do Academic Tracks with Specific Curricular Profiles Accelerate the
Development of Achievement in Reading, Mathematics, and English
Literacy? Early Transition to the Academic Track of Secondary Schooling
in Berlin"
132,624,WOS:000278323400001,2010,ZEITSCHRIFT FUR PADAGOGISCHE PSYCHOLOGIE,"Do Academic Tracks with Specific Curricular Profiles Accelerate the
Development of Achievement in Reading, Mathematics, and English
Literacy? Early Transition to the Academic Track of Secondary Schooling
in Berlin"
133,624,WOS:000278323400001,2010,ZEITSCHRIFT FUR PADAGOGISCHE PSYCHOLOGIE,"Do Academic Tracks with Specific Curricular Profiles Accelerate the
Development of Achievement in Reading, Mathematics, and English
Literacy? Early Transition to the Academic Track of Secondary Schooling
in Berlin"
150,318,WOS:000268803100004,2009,PSYCHOLOGIE IN ERZIEHUNG UND UNTERRICHT,"The Development of Teachers' Occupational Well-Being and the Role of
Self-Regulatory Patterns"
150,673,WOS:000268803100004,2009,PSYCHOLOGIE IN ERZIEHUNG UND UNTERRICHT,"The Development of Teachers' Occupational Well-Being and the Role of
Self-Regulatory Patterns"
318,673,WOS:000268803100004,2009,PSYCHOLOGIE IN ERZIEHUNG UND UNTERRICHT,"The Development of Teachers' Occupational Well-Being and the Role of
Self-Regulatory Patterns"
28,132,WOS:000272839700007,2009,ZEITSCHRIFT FUR PADAGOGISCHE PSYCHOLOGIE,"Teachers' Diagnostic Skills to Judge Student Performance and Task
Difficulty When Learning Materials Include Instructional Pictures"
28,777,WOS:000272839700007,2009,ZEITSCHRIFT FUR PADAGOGISCHE PSYCHOLOGIE,"Teachers' Diagnostic Skills to Judge Student Performance and Task
Difficulty When Learning Materials Include Instructional Pictures"
28,1080,WOS:000272839700007,2009,ZEITSCHRIFT FUR PADAGOGISCHE PSYCHOLOGIE,"Teachers' Diagnostic Skills to Judge Student Performance and Task
Difficulty When Learning Materials Include Instructional Pictures"
132,777,WOS:000272839700007,2009,ZEITSCHRIFT FUR PADAGOGISCHE PSYCHOLOGIE,"Teachers' Diagnostic Skills to Judge Student Performance and Task
Difficulty When Learning Materials Include Instructional Pictures"
132,1080,WOS:000272839700007,2009,ZEITSCHRIFT FUR PADAGOGISCHE PSYCHOLOGIE,"Teachers' Diagnostic Skills to Judge Student Performance and Task
Difficulty When Learning Materials Include Instructional Pictures"
777,1080,WOS:000272839700007,2009,ZEITSCHRIFT FUR PADAGOGISCHE PSYCHOLOGIE,"Teachers' Diagnostic Skills to Judge Student Performance and Task
Difficulty When Learning Materials Include Instructional Pictures"
132,270,WOS:000258431100016,2008,JOURNAL OF EDUCATIONAL PSYCHOLOGY,"Pedagogical content knowledge and content knowledge of secondary
mathematics teachers"
132,281,WOS:000258431100016,2008,JOURNAL OF EDUCATIONAL PSYCHOLOGY,"Pedagogical content knowledge and content knowledge of secondary
mathematics teachers"
132,406,WOS:000258431100016,2008,JOURNAL OF EDUCATIONAL PSYCHOLOGY,"Pedagogical content knowledge and content knowledge of secondary
mathematics teachers"
132,673,WOS:000258431100016,2008,JOURNAL OF EDUCATIONAL PSYCHOLOGY,"Pedagogical content knowledge and content knowledge of secondary
mathematics teachers"
270,281,WOS:000258431100016,2008,JOURNAL OF EDUCATIONAL PSYCHOLOGY,"Pedagogical content knowledge and content knowledge of secondary
mathematics teachers"
270,406,WOS:000258431100016,2008,JOURNAL OF EDUCATIONAL PSYCHOLOGY,"Pedagogical content knowledge and content knowledge of secondary
mathematics teachers"
270,673,WOS:000258431100016,2008,JOURNAL OF EDUCATIONAL PSYCHOLOGY,"Pedagogical content knowledge and content knowledge of secondary
mathematics teachers"
281,406,WOS:000258431100016,2008,JOURNAL OF EDUCATIONAL PSYCHOLOGY,"Pedagogical content knowledge and content knowledge of secondary
mathematics teachers"
281,673,WOS:000258431100016,2008,JOURNAL OF EDUCATIONAL PSYCHOLOGY,"Pedagogical content knowledge and content knowledge of secondary
mathematics teachers"
406,673,WOS:000258431100016,2008,JOURNAL OF EDUCATIONAL PSYCHOLOGY,"Pedagogical content knowledge and content knowledge of secondary
mathematics teachers"
132,150,WOS:000242259500002,2006,ZEITSCHRIFT FUR PADAGOGISCHE PSYCHOLOGIE,"Teachers' stress and the quality of instruction: Linking teachers' and
students' perception"
132,318,WOS:000242259500002,2006,ZEITSCHRIFT FUR PADAGOGISCHE PSYCHOLOGIE,"Teachers' stress and the quality of instruction: Linking teachers' and
students' perception"
132,673,WOS:000242259500002,2006,ZEITSCHRIFT FUR PADAGOGISCHE PSYCHOLOGIE,"Teachers' stress and the quality of instruction: Linking teachers' and
students' perception"
150,318,WOS:000242259500002,2006,ZEITSCHRIFT FUR PADAGOGISCHE PSYCHOLOGIE,"Teachers' stress and the quality of instruction: Linking teachers' and
students' perception"
150,673,WOS:000242259500002,2006,ZEITSCHRIFT FUR PADAGOGISCHE PSYCHOLOGIE,"Teachers' stress and the quality of instruction: Linking teachers' and
students' perception"
318,673,WOS:000242259500002,2006,ZEITSCHRIFT FUR PADAGOGISCHE PSYCHOLOGIE,"Teachers' stress and the quality of instruction: Linking teachers' and
students' perception"
128,842,WOS:000392722200002,2016,BRITISH JOURNAL OF EDUCATIONAL PSYCHOLOGY,"The connection between teaching and learning: Linking teaching quality
and metacognitive strategy use in primary school"
149,1032,WOS:000293878700014,2011,JOURNAL OF EDUCATIONAL PSYCHOLOGY,"Construct Validity of the Multidimensional Structure of Bullying and
Victimization: An Application of Exploratory Structural Equation
Modeling"
501,663,WOS:001154505700001,2025,ZEITSCHRIFT FUR PADAGOGISCHE PSYCHOLOGIE,"Are adolescents more socially integrated in all-day schools than in
half-day schools?"
38,997,WOS:000595170900004,2020,LEARNING AND INDIVIDUAL DIFFERENCES,"Process data from electronic textbooks indicate students' classroom
engagement"
149,1031,WOS:000314741100007,2013,JOURNAL OF EDUCATIONAL PSYCHOLOGY,"Factorial, Convergent, and Discriminant Validity of TIMSS Math and
Science Motivation Measures: A Comparison of Arab and Anglo-Saxon
Countries"
149,1032,WOS:000314741100007,2013,JOURNAL OF EDUCATIONAL PSYCHOLOGY,"Factorial, Convergent, and Discriminant Validity of TIMSS Math and
Science Motivation Measures: A Comparison of Arab and Anglo-Saxon
Countries"
1031,1032,WOS:000314741100007,2013,JOURNAL OF EDUCATIONAL PSYCHOLOGY,"Factorial, Convergent, and Discriminant Validity of TIMSS Math and
Science Motivation Measures: A Comparison of Arab and Anglo-Saxon
Countries"
35,533,WOS:000306808100004,2012,ZEITSCHRIFT FUR ENTWICKLUNGSPSYCHOLOGIE UND PADAGOGISCHE PSYCHOLOGIE,"Different grading for girls versus boys? Examining the impact of
students' ability for self-regulated learning as perceived by their
teachers"
55,800,WOS:000280294900005,2010,ZEITSCHRIFT FUR ENTWICKLUNGSPSYCHOLOGIE UND PADAGOGISCHE PSYCHOLOGIE,"The relation between extra-curricular reading behavior and reading
competence: Results from a longitudinal study at the transition from
primary to secondary school"
1029,1030,WOS:001626295300001,2025,EDUCATIONAL PSYCHOLOGY REVIEW,"Basic Psychological Needs Under Constrained Autonomy: A
Substantive-Methodological Reflection and Analysis of School Leaders'
Needs from a Self-Determination Theory Perspective"
1029,1032,WOS:001626295300001,2025,EDUCATIONAL PSYCHOLOGY REVIEW,"Basic Psychological Needs Under Constrained Autonomy: A
Substantive-Methodological Reflection and Analysis of School Leaders'
Needs from a Self-Determination Theory Perspective"
1030,1032,WOS:001626295300001,2025,EDUCATIONAL PSYCHOLOGY REVIEW,"Basic Psychological Needs Under Constrained Autonomy: A
Substantive-Methodological Reflection and Analysis of School Leaders'
Needs from a Self-Determination Theory Perspective"
138,516,WOS:000362153000012,2015,LEARNING AND INDIVIDUAL DIFFERENCES,"The effect of the color red on encoding and retrieval of declarative
knowledge"
134,922,WOS:000585875900010,2020,JOURNAL OF EDUCATIONAL PSYCHOLOGY,"Disentangling Different Sources of Stability and Change in Students'
Academic Self-Concepts: An Integrative Data Analysis Using the STARTS
Model"
134,533,WOS:000454378100006,2018,CONTEMPORARY EDUCATIONAL PSYCHOLOGY,"Educational placement and achievement motivation of students with
special educational needs"
134,663,WOS:000454378100006,2018,CONTEMPORARY EDUCATIONAL PSYCHOLOGY,"Educational placement and achievement motivation of students with
special educational needs"
533,663,WOS:000454378100006,2018,CONTEMPORARY EDUCATIONAL PSYCHOLOGY,"Educational placement and achievement motivation of students with
special educational needs"
38,433,WOS:000344581300002,2014,ZEITSCHRIFT FUR ENTWICKLUNGSPSYCHOLOGIE UND PADAGOGISCHE PSYCHOLOGIE,"Professional vision of pre-service teachers: A scaling-up study of the
observe project"
55,800,WOS:000324444400011,2013,LEARNING AND INDIVIDUAL DIFFERENCES,"Students' extracurricular reading behavior and the development of
vocabulary and reading comprehension"
150,1032,WOS:000258431100002,2008,JOURNAL OF EDUCATIONAL PSYCHOLOGY,"Social comparison and big-fish-little-pond effects on self-concept and
other self-belief constructs:: Role of generalized and specific others"
301,646,WOS:001234531700001,2024,SOCIAL PSYCHOLOGY OF EDUCATION,"How values relate to student achievement in upper secondary education:
Integrating interdisciplinary perspectives on value beliefs in the
school context"
301,881,WOS:001234531700001,2024,SOCIAL PSYCHOLOGY OF EDUCATION,"How values relate to student achievement in upper secondary education:
Integrating interdisciplinary perspectives on value beliefs in the
school context"
646,881,WOS:001234531700001,2024,SOCIAL PSYCHOLOGY OF EDUCATION,"How values relate to student achievement in upper secondary education:
Integrating interdisciplinary perspectives on value beliefs in the
school context"
38,994,WOS:001006854100001,2024,ZEITSCHRIFT FUR PADAGOGISCHE PSYCHOLOGIE,"Where salience goes beyond authenticity A meta-analysis on
simulation-based learning in higher education"
138,683,WOS:000783217300001,2022,JOURNAL OF PSYCHOEDUCATIONAL ASSESSMENT,"Parent and Teacher Assessments of Social-Emotional Competence in
Three-Year-Old Children: Does Sibling Status Matter?"
38,994,WOS:000480782300006,2019,EUROPEAN JOURNAL OF PSYCHOLOGY OF EDUCATION,"Identifying effective teachers: The relation between teaching profiles
and students' development in achievement and enjoyment"
132,673,WOS:000389443500006,2016,ZEITSCHRIFT FUR PADAGOGISCHE PSYCHOLOGIE,"The role of classroom management and learning support for students with
immigrant backgrounds"
28,132,WOS:000327076200001,2013,EUROPEAN JOURNAL OF PSYCHOLOGY OF EDUCATION,Dynamics of mental model construction from text and graphics
38,622,WOS:001525324000001,2025,LEARNING AND INDIVIDUAL DIFFERENCES,Personalizing simulation-based learning in higher education
38,728,WOS:001525324000001,2025,LEARNING AND INDIVIDUAL DIFFERENCES,Personalizing simulation-based learning in higher education
38,994,WOS:001525324000001,2025,LEARNING AND INDIVIDUAL DIFFERENCES,Personalizing simulation-based learning in higher education
622,728,WOS:001525324000001,2025,LEARNING AND INDIVIDUAL DIFFERENCES,Personalizing simulation-based learning in higher education
622,994,WOS:001525324000001,2025,LEARNING AND INDIVIDUAL DIFFERENCES,Personalizing simulation-based learning in higher education
728,994,WOS:001525324000001,2025,LEARNING AND INDIVIDUAL DIFFERENCES,Personalizing simulation-based learning in higher education
55,365,WOS:000482455500009,2019,BRITISH JOURNAL OF EDUCATIONAL PSYCHOLOGY,"Validating process variables of sourcing in an assessment of multiple
document comprehension"
55,366,WOS:000482455500009,2019,BRITISH JOURNAL OF EDUCATIONAL PSYCHOLOGY,"Validating process variables of sourcing in an assessment of multiple
document comprehension"
55,608,WOS:000482455500009,2019,BRITISH JOURNAL OF EDUCATIONAL PSYCHOLOGY,"Validating process variables of sourcing in an assessment of multiple
document comprehension"
365,366,WOS:000482455500009,2019,BRITISH JOURNAL OF EDUCATIONAL PSYCHOLOGY,"Validating process variables of sourcing in an assessment of multiple
document comprehension"
365,608,WOS:000482455500009,2019,BRITISH JOURNAL OF EDUCATIONAL PSYCHOLOGY,"Validating process variables of sourcing in an assessment of multiple
document comprehension"
366,608,WOS:000482455500009,2019,BRITISH JOURNAL OF EDUCATIONAL PSYCHOLOGY,"Validating process variables of sourcing in an assessment of multiple
document comprehension"
38,994,WOS:000566295600001,2021,EUROPEAN JOURNAL OF PSYCHOLOGY OF EDUCATION,"All better than being disengaged: Student engagement patterns and their
relations to academic self-concept and achievement"
55,801,WOS:000431743900005,2018,PSYCHOLOGIE IN ERZIEHUNG UND UNTERRICHT,"A Person Centered Approach for Analyzing the Development of Students'
Subject-Interests in Language Arts, Mathematics, and English as a
Foreign Language From Grade 4 to 11"
55,958,WOS:000431743900005,2018,PSYCHOLOGIE IN ERZIEHUNG UND UNTERRICHT,"A Person Centered Approach for Analyzing the Development of Students'
Subject-Interests in Language Arts, Mathematics, and English as a
Foreign Language From Grade 4 to 11"
801,958,WOS:000431743900005,2018,PSYCHOLOGIE IN ERZIEHUNG UND UNTERRICHT,"A Person Centered Approach for Analyzing the Development of Students'
Subject-Interests in Language Arts, Mathematics, and English as a
Foreign Language From Grade 4 to 11"
150,624,WOS:000243596200001,2007,PSYCHOLOGIE IN ERZIEHUNG UND UNTERRICHT,"Parental homework support can be beneficial, but parental intrusion is
detrimental:: Family background, parental homework supervision, and
performance gains"
55,364,WOS:001610601100001,2025,EUROPEAN JOURNAL OF PSYCHOLOGY OF EDUCATION,"Who benefits motivationally? How the direction of performance feedback
affects feedback perception and motivation to improve multiple document
comprehension"
55,365,WOS:001610601100001,2025,EUROPEAN JOURNAL OF PSYCHOLOGY OF EDUCATION,"Who benefits motivationally? How the direction of performance feedback
affects feedback perception and motivation to improve multiple document
comprehension"
55,366,WOS:001610601100001,2025,EUROPEAN JOURNAL OF PSYCHOLOGY OF EDUCATION,"Who benefits motivationally? How the direction of performance feedback
affects feedback perception and motivation to improve multiple document
comprehension"
364,365,WOS:001610601100001,2025,EUROPEAN JOURNAL OF PSYCHOLOGY OF EDUCATION,"Who benefits motivationally? How the direction of performance feedback
affects feedback perception and motivation to improve multiple document
comprehension"
364,366,WOS:001610601100001,2025,EUROPEAN JOURNAL OF PSYCHOLOGY OF EDUCATION,"Who benefits motivationally? How the direction of performance feedback
affects feedback perception and motivation to improve multiple document
comprehension"
365,366,WOS:001610601100001,2025,EUROPEAN JOURNAL OF PSYCHOLOGY OF EDUCATION,"Who benefits motivationally? How the direction of performance feedback
affects feedback perception and motivation to improve multiple document
comprehension"
149,837,WOS:000527303600001,2020,LEARNING AND INDIVIDUAL DIFFERENCES,"Assessing students' values and costs in three countries: Gender and age
differences within countries and structural differences across countries"
128,365,WOS:000346912500002,2014,JOURNAL OF EDUCATIONAL PSYCHOLOGY,"The Time on Task Effect in Reading and Problem Solving Is Moderated by
Task Difficulty and Skill: Insights From a Computer-Based Large-Scale
Assessment"
132,150,WOS:000272839700011,2009,ZEITSCHRIFT FUR PADAGOGISCHE PSYCHOLOGIE,"Cognitive and Psychosocial Characteristics upon Entry into Teacher
Training: Are Teacher Candidates Underestimated?"
132,318,WOS:000272839700011,2009,ZEITSCHRIFT FUR PADAGOGISCHE PSYCHOLOGIE,"Cognitive and Psychosocial Characteristics upon Entry into Teacher
Training: Are Teacher Candidates Underestimated?"
132,673,WOS:000272839700011,2009,ZEITSCHRIFT FUR PADAGOGISCHE PSYCHOLOGIE,"Cognitive and Psychosocial Characteristics upon Entry into Teacher
Training: Are Teacher Candidates Underestimated?"
150,318,WOS:000272839700011,2009,ZEITSCHRIFT FUR PADAGOGISCHE PSYCHOLOGIE,"Cognitive and Psychosocial Characteristics upon Entry into Teacher
Training: Are Teacher Candidates Underestimated?"
150,673,WOS:000272839700011,2009,ZEITSCHRIFT FUR PADAGOGISCHE PSYCHOLOGIE,"Cognitive and Psychosocial Characteristics upon Entry into Teacher
Training: Are Teacher Candidates Underestimated?"
318,673,WOS:000272839700011,2009,ZEITSCHRIFT FUR PADAGOGISCHE PSYCHOLOGIE,"Cognitive and Psychosocial Characteristics upon Entry into Teacher
Training: Are Teacher Candidates Underestimated?"
149,504,WOS:001327354200010,2024,JOURNAL OF EDUCATIONAL PSYCHOLOGY,"The Effects of Unstructured Out-of-School Engagement in Science on
Adolescents' Vocational Interests, Occupational Aspirations,
Competencies, School Grades, and Ability Self-Concepts"
149,505,WOS:001327354200010,2024,JOURNAL OF EDUCATIONAL PSYCHOLOGY,"The Effects of Unstructured Out-of-School Engagement in Science on
Adolescents' Vocational Interests, Occupational Aspirations,
Competencies, School Grades, and Ability Self-Concepts"
504,505,WOS:001327354200010,2024,JOURNAL OF EDUCATIONAL PSYCHOLOGY,"The Effects of Unstructured Out-of-School Engagement in Science on
Adolescents' Vocational Interests, Occupational Aspirations,
Competencies, School Grades, and Ability Self-Concepts"
134,541,WOS:000492834500007,2019,JOURNAL OF EDUCATIONAL PSYCHOLOGY,"Effects of Grade Retention on Students' Motivation: A Longitudinal Study
Over 3 Years of Secondary School"
134,738,WOS:000492834500007,2019,JOURNAL OF EDUCATIONAL PSYCHOLOGY,"Effects of Grade Retention on Students' Motivation: A Longitudinal Study
Over 3 Years of Secondary School"
134,740,WOS:000492834500007,2019,JOURNAL OF EDUCATIONAL PSYCHOLOGY,"Effects of Grade Retention on Students' Motivation: A Longitudinal Study
Over 3 Years of Secondary School"
541,738,WOS:000492834500007,2019,JOURNAL OF EDUCATIONAL PSYCHOLOGY,"Effects of Grade Retention on Students' Motivation: A Longitudinal Study
Over 3 Years of Secondary School"
541,740,WOS:000492834500007,2019,JOURNAL OF EDUCATIONAL PSYCHOLOGY,"Effects of Grade Retention on Students' Motivation: A Longitudinal Study
Over 3 Years of Secondary School"
738,740,WOS:000492834500007,2019,JOURNAL OF EDUCATIONAL PSYCHOLOGY,"Effects of Grade Retention on Students' Motivation: A Longitudinal Study
Over 3 Years of Secondary School"
800,807,WOS:000282591100009,2010,ZEITSCHRIFT FUR PADAGOGISCHE PSYCHOLOGIE,"Fan Spread Effects in a Tracked and a Nontracked School System: Is There
Evidence for Differential Linguistic Competence Development at the
Transition from Primary to Secondary School?"
245,246,WOS:000512411200004,2020,ZEITSCHRIFT FUR PADAGOGISCHE PSYCHOLOGIE,"The Relationship between Alienation from Learning and Student Needs in
Swiss Primary and Secondary Schools"
149,1032,WOS:000346912000018,2014,JOURNAL OF EDUCATIONAL PSYCHOLOGY,"Character Building or Subversive Consequences of Employment During High
School: Causal Effects Based on Propensity Score Models for Categorical
Treatments"
149,528,WOS:000293797800003,2011,JOURNAL OF PSYCHOEDUCATIONAL ASSESSMENT,"Methodological Measurement Fruitfulness of Exploratory Structural
Equation Modeling (ESEM): New Approaches to Key Substantive Issues in
Motivation and Engagement"
149,1032,WOS:000293797800003,2011,JOURNAL OF PSYCHOEDUCATIONAL ASSESSMENT,"Methodological Measurement Fruitfulness of Exploratory Structural
Equation Modeling (ESEM): New Approaches to Key Substantive Issues in
Motivation and Engagement"
528,1032,WOS:000293797800003,2011,JOURNAL OF PSYCHOEDUCATIONAL ASSESSMENT,"Methodological Measurement Fruitfulness of Exploratory Structural
Equation Modeling (ESEM): New Approaches to Key Substantive Issues in
Motivation and Engagement"
55,807,WOS:000272839700006,2009,ZEITSCHRIFT FUR PADAGOGISCHE PSYCHOLOGIE,"Domain Specificity and Stability of Diagnostic Competence Among Primary
School Teachers in the School Subjects of German and Mathematics"
28,371,WOS:001273978300001,2024,EUROPEAN JOURNAL OF PSYCHOLOGY OF EDUCATION,"Importance of students' social resources for their academic achievement
and well-being in elementary school"
28,702,WOS:001273978300001,2024,EUROPEAN JOURNAL OF PSYCHOLOGY OF EDUCATION,"Importance of students' social resources for their academic achievement
and well-being in elementary school"
28,1087,WOS:001273978300001,2024,EUROPEAN JOURNAL OF PSYCHOLOGY OF EDUCATION,"Importance of students' social resources for their academic achievement
and well-being in elementary school"
371,702,WOS:001273978300001,2024,EUROPEAN JOURNAL OF PSYCHOLOGY OF EDUCATION,"Importance of students' social resources for their academic achievement
and well-being in elementary school"
371,1087,WOS:001273978300001,2024,EUROPEAN JOURNAL OF PSYCHOLOGY OF EDUCATION,"Importance of students' social resources for their academic achievement
and well-being in elementary school"
702,1087,WOS:001273978300001,2024,EUROPEAN JOURNAL OF PSYCHOLOGY OF EDUCATION,"Importance of students' social resources for their academic achievement
and well-being in elementary school"
245,246,WOS:000461328900001,2019,EUROPEAN JOURNAL OF PSYCHOLOGY OF EDUCATION,"School alienation and student well-being: a cross-lagged longitudinal
analysis"
133,624,WOS:000439919800009,2018,JOURNAL OF EDUCATIONAL PSYCHOLOGY,"Longitudinal Big-Fish-Little-Pond Effects on Academic Self-Concept
Development During the Transition From Elementary to Secondary Schooling"
55,800,WOS:000331613000003,2014,ZEITSCHRIFT FUR PADAGOGISCHE PSYCHOLOGIE,"Do Self-Concept Differences Vary in Dependence of the Achievement Level?
Differential Relations in Language Arts, English, and Mathematics"
55,958,WOS:000331613000003,2014,ZEITSCHRIFT FUR PADAGOGISCHE PSYCHOLOGIE,"Do Self-Concept Differences Vary in Dependence of the Achievement Level?
Differential Relations in Language Arts, English, and Mathematics"
800,958,WOS:000331613000003,2014,ZEITSCHRIFT FUR PADAGOGISCHE PSYCHOLOGIE,"Do Self-Concept Differences Vary in Dependence of the Achievement Level?
Differential Relations in Language Arts, English, and Mathematics"
608,610,WOS:000912838500002,2023,EUROPEAN JOURNAL OF PSYCHOLOGY OF EDUCATION,"High-achieving ninth grade students' self-reported strategy use and its
relation to strategic reading behavior"
191,974,WOS:000817836800001,2022,SOCIAL PSYCHOLOGY OF EDUCATION,"Parental evaluation of teachers' competences and characteristics during
COVID-19 pandemic homeschooling"
191,976,WOS:000817836800001,2022,SOCIAL PSYCHOLOGY OF EDUCATION,"Parental evaluation of teachers' competences and characteristics during
COVID-19 pandemic homeschooling"
974,976,WOS:000817836800001,2022,SOCIAL PSYCHOLOGY OF EDUCATION,"Parental evaluation of teachers' competences and characteristics during
COVID-19 pandemic homeschooling"
132,135,WOS:000294984700004,2011,CONTEMPORARY EDUCATIONAL PSYCHOLOGY,Teacher enthusiasm: Dimensionality and context specificity
132,673,WOS:000294984700004,2011,CONTEMPORARY EDUCATIONAL PSYCHOLOGY,Teacher enthusiasm: Dimensionality and context specificity
135,673,WOS:000294984700004,2011,CONTEMPORARY EDUCATIONAL PSYCHOLOGY,Teacher enthusiasm: Dimensionality and context specificity
528,1032,WOS:000293878700015,2011,JOURNAL OF EDUCATIONAL PSYCHOLOGY,"Use of Student Ratings to Benchmark Universities: Multilevel Modeling of
Responses to the Australian Course Experience Questionnaire (CEQ)"
134,141,WOS:000753578100001,2023,ZEITSCHRIFT FUR PADAGOGISCHE PSYCHOLOGIE,"Who is a high achiever? Operationalisation of high achievement in
empirical educational research since the year 2000"
134,533,WOS:000753578100001,2023,ZEITSCHRIFT FUR PADAGOGISCHE PSYCHOLOGIE,"Who is a high achiever? Operationalisation of high achievement in
empirical educational research since the year 2000"
134,740,WOS:000753578100001,2023,ZEITSCHRIFT FUR PADAGOGISCHE PSYCHOLOGIE,"Who is a high achiever? Operationalisation of high achievement in
empirical educational research since the year 2000"
141,533,WOS:000753578100001,2023,ZEITSCHRIFT FUR PADAGOGISCHE PSYCHOLOGIE,"Who is a high achiever? Operationalisation of high achievement in
empirical educational research since the year 2000"
141,740,WOS:000753578100001,2023,ZEITSCHRIFT FUR PADAGOGISCHE PSYCHOLOGIE,"Who is a high achiever? Operationalisation of high achievement in
empirical educational research since the year 2000"
533,740,WOS:000753578100001,2023,ZEITSCHRIFT FUR PADAGOGISCHE PSYCHOLOGIE,"Who is a high achiever? Operationalisation of high achievement in
empirical educational research since the year 2000"
134,513,WOS:000365610700011,2015,JOURNAL OF EDUCATIONAL PSYCHOLOGY,"Contrast and Assimilation Effects of Dimensional Comparisons in Five
Subjects: An Extension of the I/E Model"
134,1032,WOS:000365610700011,2015,JOURNAL OF EDUCATIONAL PSYCHOLOGY,"Contrast and Assimilation Effects of Dimensional Comparisons in Five
Subjects: An Extension of the I/E Model"
513,1032,WOS:000365610700011,2015,JOURNAL OF EDUCATIONAL PSYCHOLOGY,"Contrast and Assimilation Effects of Dimensional Comparisons in Five
Subjects: An Extension of the I/E Model"
55,420,WOS:000325634400003,2013,ZEITSCHRIFT FUR PADAGOGISCHE PSYCHOLOGIE,"Effects of Training Phonological Awareness in Native and Non-Native
German-Speaking Pre-Schoolers"
55,903,WOS:000325634400003,2013,ZEITSCHRIFT FUR PADAGOGISCHE PSYCHOLOGIE,"Effects of Training Phonological Awareness in Native and Non-Native
German-Speaking Pre-Schoolers"
420,903,WOS:000325634400003,2013,ZEITSCHRIFT FUR PADAGOGISCHE PSYCHOLOGIE,"Effects of Training Phonological Awareness in Native and Non-Native
German-Speaking Pre-Schoolers"
149,1032,WOS:000310861600011,2012,JOURNAL OF EDUCATIONAL PSYCHOLOGY,"Big Fish in Little Ponds Aspire More: Mediation and Cross-Cultural
Generalizability of School-Average Ability Effects on Self-Concept and
Career Aspirations in Science"
135,1018,WOS:001402680900001,2025,CONTEMPORARY EDUCATIONAL PSYCHOLOGY,"What we learn in school, we learn for life: Learning opportunities as
moderators of the relationship between prior knowledge and learning in
post-school contexts"
295,1199,WOS:001049712800001,2023,LEARNING AND INDIVIDUAL DIFFERENCES,"The interplay of gender with social and migrant background in the
development of elementary school students' interest in mathematics and
language arts"
150,318,WOS:000448793500002,2018,JOURNAL OF EDUCATIONAL PSYCHOLOGY,"Social Support and Classroom Management Are Related to Secondary
Students' General School Adjustment: A Multilevel Structural Equation
Model Using Student and Teacher Ratings"
134,958,WOS:000413313800008,2017,JOURNAL OF EDUCATIONAL PSYCHOLOGY,"A Double-Edged Sword? On the Benefit, Detriment, and Net Effect of
Dimensional Comparison on Self-Concept"
150,673,WOS:000255768600014,2008,JOURNAL OF EDUCATIONAL PSYCHOLOGY,"What makes lessons interesting?: The role of situational and individual
factors in three school subjects"
134,420,WOS:000783635600001,2024,ZEITSCHRIFT FUR PADAGOGISCHE PSYCHOLOGIE,"Cohort trends for school subject-specific self-concepts and interests
for girls and boys"
134,500,WOS:000783635600001,2024,ZEITSCHRIFT FUR PADAGOGISCHE PSYCHOLOGIE,"Cohort trends for school subject-specific self-concepts and interests
for girls and boys"
420,500,WOS:000783635600001,2024,ZEITSCHRIFT FUR PADAGOGISCHE PSYCHOLOGIE,"Cohort trends for school subject-specific self-concepts and interests
for girls and boys"
83,841,WOS:000652537400017,2021,CONTEMPORARY EDUCATIONAL PSYCHOLOGY,"Effects of socioeconomic status and language use on academic language
proficiency in children with a migration background: An evaluation using
quantile regressions"
83,926,WOS:000652537400017,2021,CONTEMPORARY EDUCATIONAL PSYCHOLOGY,"Effects of socioeconomic status and language use on academic language
proficiency in children with a migration background: An evaluation using
quantile regressions"
841,926,WOS:000652537400017,2021,CONTEMPORARY EDUCATIONAL PSYCHOLOGY,"Effects of socioeconomic status and language use on academic language
proficiency in children with a migration background: An evaluation using
quantile regressions"
83,412,WOS:000394400300009,2017,LEARNING AND INDIVIDUAL DIFFERENCES,"Predicting school achievement from early theory of mind: Differential
effects on achievement tests and teacher ratings"
83,425,WOS:000394400300009,2017,LEARNING AND INDIVIDUAL DIFFERENCES,"Predicting school achievement from early theory of mind: Differential
effects on achievement tests and teacher ratings"
412,425,WOS:000394400300009,2017,LEARNING AND INDIVIDUAL DIFFERENCES,"Predicting school achievement from early theory of mind: Differential
effects on achievement tests and teacher ratings"
55,610,WOS:000290233200001,2011,EUROPEAN JOURNAL OF PSYCHOLOGY OF EDUCATION,Fifth graders metacognitive knowledge: general or domain-specific?
55,903,WOS:000290233200001,2011,EUROPEAN JOURNAL OF PSYCHOLOGY OF EDUCATION,Fifth graders metacognitive knowledge: general or domain-specific?
55,1071,WOS:000290233200001,2011,EUROPEAN JOURNAL OF PSYCHOLOGY OF EDUCATION,Fifth graders metacognitive knowledge: general or domain-specific?
610,903,WOS:000290233200001,2011,EUROPEAN JOURNAL OF PSYCHOLOGY OF EDUCATION,Fifth graders metacognitive knowledge: general or domain-specific?
610,1071,WOS:000290233200001,2011,EUROPEAN JOURNAL OF PSYCHOLOGY OF EDUCATION,Fifth graders metacognitive knowledge: general or domain-specific?
903,1071,WOS:000290233200001,2011,EUROPEAN JOURNAL OF PSYCHOLOGY OF EDUCATION,Fifth graders metacognitive knowledge: general or domain-specific?
132,150,WOS:000258431100015,2008,JOURNAL OF EDUCATIONAL PSYCHOLOGY,"Teachers' occupational well-being and quality of instruction: The
important role of self-regulatory patterns"
132,318,WOS:000258431100015,2008,JOURNAL OF EDUCATIONAL PSYCHOLOGY,"Teachers' occupational well-being and quality of instruction: The
important role of self-regulatory patterns"
132,673,WOS:000258431100015,2008,JOURNAL OF EDUCATIONAL PSYCHOLOGY,"Teachers' occupational well-being and quality of instruction: The
important role of self-regulatory patterns"
150,318,WOS:000258431100015,2008,JOURNAL OF EDUCATIONAL PSYCHOLOGY,"Teachers' occupational well-being and quality of instruction: The
important role of self-regulatory patterns"
150,673,WOS:000258431100015,2008,JOURNAL OF EDUCATIONAL PSYCHOLOGY,"Teachers' occupational well-being and quality of instruction: The
important role of self-regulatory patterns"
318,673,WOS:000258431100015,2008,JOURNAL OF EDUCATIONAL PSYCHOLOGY,"Teachers' occupational well-being and quality of instruction: The
important role of self-regulatory patterns"
28,835,WOS:000461328900006,2019,EUROPEAN JOURNAL OF PSYCHOLOGY OF EDUCATION,"The impact of instruction and student characteristics on the development
of students' ability to read texts with instructional pictures"
135,926,WOS:000356467500003,2015,ZEITSCHRIFT FUR PADAGOGISCHE PSYCHOLOGIE,"Vocational Interests and the Transition to the Thematic Profiles of
Upper Secondary School: Their Structure and Utility for Predicting
Educational Choices"
149,1032,WOS:000349633500020,2015,JOURNAL OF EDUCATIONAL PSYCHOLOGY,"The Big-Fish-Little-Pond Effect: Generalizability of Social Comparison
Processes Over Two Age Cohorts From Western, Asian, and Middle Eastern
Islamic Countries"
35,765,WOS:000346023400005,2014,SOCIAL PSYCHOLOGY OF EDUCATION,"How immigrant students' self-views at school relate to different
patterns of first and second language use"
138,519,WOS:000317154900006,2013,JOURNAL OF SCHOOL PSYCHOLOGY,"The upward spiral of adolescents' positive school experiences and
happiness: Investigating reciprocal effects over time"
132,150,WOS:000239550400004,2006,ZEITSCHRIFT FUR PADAGOGISCHE PSYCHOLOGIE,"On the interplay of academic achievement, self-concept, and interest in
upper secondary schools"
295,1199,WOS:001282246700003,2024,ZEITSCHRIFT FUR ENTWICKLUNGSPSYCHOLOGIE UND PADAGOGISCHE PSYCHOLOGIE,"The Role of Social Categories and the Social Climate for the Development
of Well-Being in Elementary School Students"
28,702,WOS:000990627400001,2023,LEARNING AND INDIVIDUAL DIFFERENCES,"Comparing parental and school pressure in terms of their relations with
students' well-being"
55,366,WOS:000779647200002,2022,LEARNING AND INDIVIDUAL DIFFERENCES,"The role of domain-related epistemic beliefs for mastering cognitive
requirements in multiple document comprehension"
55,608,WOS:000779647200002,2022,LEARNING AND INDIVIDUAL DIFFERENCES,"The role of domain-related epistemic beliefs for mastering cognitive
requirements in multiple document comprehension"
366,608,WOS:000779647200002,2022,LEARNING AND INDIVIDUAL DIFFERENCES,"The role of domain-related epistemic beliefs for mastering cognitive
requirements in multiple document comprehension"
134,1079,WOS:000834972100006,2022,PSYCHOLOGIE IN ERZIEHUNG UND UNTERRICHT,"``Paul is not so good in German{''} Gender-differentiated grading in
German - a secondary analysis of the IQB Trends in Student Achievement
2015 data"
55,800,WOS:000388156800019,2016,LEARNING AND INDIVIDUAL DIFFERENCES,"Intergenerational continuity in attitudes toward reading and reading
behavior"
55,958,WOS:000388156800019,2016,LEARNING AND INDIVIDUAL DIFFERENCES,"Intergenerational continuity in attitudes toward reading and reading
behavior"
800,958,WOS:000388156800019,2016,LEARNING AND INDIVIDUAL DIFFERENCES,"Intergenerational continuity in attitudes toward reading and reading
behavior"
134,513,WOS:000335541700002,2014,LEARNING AND INDIVIDUAL DIFFERENCES,"Academic self-concept in science: Multidimensionality, relations to
achievement measures, and gender differences"
128,842,WOS:000344581300003,2014,ZEITSCHRIFT FUR ENTWICKLUNGSPSYCHOLOGIE UND PADAGOGISCHE PSYCHOLOGIE,"Heterogeneity in achievement of primary school students: The role of
different achievement indicators and determinants of teacher judgments"
134,513,WOS:000331613000004,2014,ZEITSCHRIFT FUR PADAGOGISCHE PSYCHOLOGIE,"Interdisciplinary Science Classes and the Dimensional Structure of
Academic Self-Concept in the Sciences"
150,624,WOS:000299406700005,2012,CONTEMPORARY EDUCATIONAL PSYCHOLOGY,"Does parental homework involvement mediate the relationship between
family background and educational outcomes?"
28,835,WOS:001572835700001,2025,EUROPEAN JOURNAL OF PSYCHOLOGY OF EDUCATION,"Fostering elementary school students' vocabulary acquisition through a
digital tool"
134,513,WOS:000381658400011,2016,CONTEMPORARY EDUCATIONAL PSYCHOLOGY,"Evidence for a positive relation between interest and achievement:
Examining between-person and within-person variation in five domains"
150,922,WOS:000264834500003,2009,CONTEMPORARY EDUCATIONAL PSYCHOLOGY,"Assessing the impact of learning environments: How to use student
ratings of classroom or school characteristics in multilevel modeling"
132,133,WOS:000395405500004,2017,JOURNAL OF EDUCATIONAL PSYCHOLOGY,"What Happens to the Fish's Achievement in a Little Pond? A Simultaneous
Analysis of Class-Average Achievement Effects on Achievement and
Academic Self-Concept"
55,608,WOS:000498691600005,2019,ZEITSCHRIFT FUR PADAGOGISCHE PSYCHOLOGIE,The Effect of the Wording of Multiple Documents on Learning
138,516,WOS:000440587000002,2018,EDUCATIONAL PSYCHOLOGY REVIEW,"Active on Facebook and Failing at School? Meta-Analytic Findings on the
Relationship Between Online Social Networking Activities and Academic
Achievement"
55,800,WOS:000426574600004,2017,ZEITSCHRIFT FUR ENTWICKLUNGSPSYCHOLOGIE UND PADAGOGISCHE PSYCHOLOGIE,"Does Vocational Training Boost Motivation? A Comparison of the
Development of Goal Orientation From Secondary to Upper Secondary
Schools or Vocational Training"
55,801,WOS:000426574600004,2017,ZEITSCHRIFT FUR ENTWICKLUNGSPSYCHOLOGIE UND PADAGOGISCHE PSYCHOLOGIE,"Does Vocational Training Boost Motivation? A Comparison of the
Development of Goal Orientation From Secondary to Upper Secondary
Schools or Vocational Training"
55,958,WOS:000426574600004,2017,ZEITSCHRIFT FUR ENTWICKLUNGSPSYCHOLOGIE UND PADAGOGISCHE PSYCHOLOGIE,"Does Vocational Training Boost Motivation? A Comparison of the
Development of Goal Orientation From Secondary to Upper Secondary
Schools or Vocational Training"
800,801,WOS:000426574600004,2017,ZEITSCHRIFT FUR ENTWICKLUNGSPSYCHOLOGIE UND PADAGOGISCHE PSYCHOLOGIE,"Does Vocational Training Boost Motivation? A Comparison of the
Development of Goal Orientation From Secondary to Upper Secondary
Schools or Vocational Training"
800,958,WOS:000426574600004,2017,ZEITSCHRIFT FUR ENTWICKLUNGSPSYCHOLOGIE UND PADAGOGISCHE PSYCHOLOGIE,"Does Vocational Training Boost Motivation? A Comparison of the
Development of Goal Orientation From Secondary to Upper Secondary
Schools or Vocational Training"
801,958,WOS:000426574600004,2017,ZEITSCHRIFT FUR ENTWICKLUNGSPSYCHOLOGIE UND PADAGOGISCHE PSYCHOLOGIE,"Does Vocational Training Boost Motivation? A Comparison of the
Development of Goal Orientation From Secondary to Upper Secondary
Schools or Vocational Training"
263,767,WOS:000376547900005,2016,JOURNAL OF RESEARCH IN PERSONALITY,"The association between personality and cognitive ability: Going beyond
simple effects"
263,828,WOS:000376547900005,2016,JOURNAL OF RESEARCH IN PERSONALITY,"The association between personality and cognitive ability: Going beyond
simple effects"
767,828,WOS:000376547900005,2016,JOURNAL OF RESEARCH IN PERSONALITY,"The association between personality and cognitive ability: Going beyond
simple effects"
138,516,WOS:000340012900035,2014,PERSONALITY AND INDIVIDUAL DIFFERENCES,Experiencing narrative worlds: A latent state-trait analysis
138,777,WOS:000340012900035,2014,PERSONALITY AND INDIVIDUAL DIFFERENCES,Experiencing narrative worlds: A latent state-trait analysis
516,777,WOS:000340012900035,2014,PERSONALITY AND INDIVIDUAL DIFFERENCES,Experiencing narrative worlds: A latent state-trait analysis
149,1032,WOS:000312036600008,2013,PERSONALITY AND SOCIAL PSYCHOLOGY BULLETIN,"Latent-Variable Approaches to the Jamesian Model of Importance-Weighted
Averages"
138,516,WOS:000426789300007,2018,JOURNAL OF PERSONALITY,Narcissism and Social Networking Behavior: A Meta-Analysis
16,825,WOS:001001697700001,2023,JOURNAL OF EUROPEAN SOCIAL POLICY,"Kids back to school - parents back to work? School and daycare opening
and parents' employment in the early phase of the COVID-19 pandemic"
260,659,WOS:001327357000010,2024,JOURNAL OF PERSONALITY AND SOCIAL PSYCHOLOGY,"Growing Up to Be Mature and Confident? The Longitudinal Interplay
Between the Big Five and Self-Esteem in Adolescence"
261,767,WOS:000536807200001,2021,EUROPEAN JOURNAL OF PERSONALITY,"Modelling the Incremental Value of Personality Facets: The
Domains-Incremental Facets-Acquiescence Bifactor Model"
150,1015,WOS:000306186800010,2012,JOURNAL OF PERSONALITY,"Personality and Relationship Quality During the Transition From High
School to Early Adulthood"
150,1031,WOS:000306186800010,2012,JOURNAL OF PERSONALITY,"Personality and Relationship Quality During the Transition From High
School to Early Adulthood"
1015,1031,WOS:000306186800010,2012,JOURNAL OF PERSONALITY,"Personality and Relationship Quality During the Transition From High
School to Early Adulthood"
178,904,WOS:000298918900005,2012,JOURNAL OF CROSS-CULTURAL PSYCHOLOGY,"Cross-Cultural Dimensions of Meaning in the Evaluation of Events in
World History?: Perceptions of Historical Calamities and Progress in
Cross-Cultural Data From Thirty Societies"
280,561,WOS:001595770600001,2025,EUROPEAN JOURNAL OF PERSONALITY,"Big Five personality traits and voting: A systematic review,
meta-analysis, and mega-analysis"
135,1060,WOS:001527234700001,2025,JOURNAL OF PERSONALITY AND SOCIAL PSYCHOLOGY,"The Waning Willpower: A Highly Powered Longitudinal Study Investigating
Fatigue Vulnerability and Its Relation to Personality, Intelligence, and
Cognitive Performance"
150,505,WOS:000607610500012,2021,JOURNAL OF PERSONALITY AND SOCIAL PSYCHOLOGY,"How State and Trait Versions of Self-Esteem and Depressive Symptoms
Affect Their Interplay: A Longitudinal Experimental Investigation"
280,561,WOS:001468742800001,2025,JOURNAL OF PERSONALITY AND SOCIAL PSYCHOLOGY,"Personality Traits and Traditional Philanthropy: A Systematic Review and
Meta-Analysis"
150,659,WOS:000403120100010,2017,JOURNAL OF RESEARCH IN PERSONALITY,"Therapy experience in naturalistic observational studies is associated
with negative changes in personality"
150,1015,WOS:000403120100010,2017,JOURNAL OF RESEARCH IN PERSONALITY,"Therapy experience in naturalistic observational studies is associated
with negative changes in personality"
659,1015,WOS:000403120100010,2017,JOURNAL OF RESEARCH IN PERSONALITY,"Therapy experience in naturalistic observational studies is associated
with negative changes in personality"
150,1031,WOS:000331023900009,2014,JOURNAL OF RESEARCH IN PERSONALITY,"Integration of personality constructs: The role of traits and motivation
in the willingness to exert effort in academic and social life domains"
150,1015,WOS:000360444400008,2015,JOURNAL OF PERSONALITY AND SOCIAL PSYCHOLOGY,"Can Personality Traits and Intelligence Compensate for Background
Disadvantage? Predicting Status Attainment in Adulthood"
270,910,WOS:000379911300011,2016,JOURNAL OF PERSONALITY,The Kind of Student You Were in Elementary School Predicts Mortality
270,1015,WOS:000379911300011,2016,JOURNAL OF PERSONALITY,The Kind of Student You Were in Elementary School Predicts Mortality
910,1015,WOS:000379911300011,2016,JOURNAL OF PERSONALITY,The Kind of Student You Were in Elementary School Predicts Mortality
150,910,WOS:000459469300008,2019,JOURNAL OF PERSONALITY AND SOCIAL PSYCHOLOGY,"The Development of Narcissistic Admiration and Machiavellianism in Early
Adulthood"
150,659,WOS:000345971000007,2014,EUROPEAN JOURNAL OF PERSONALITY,"Who Belongs to Me? Social Relationship and Personality Characteristics
in the Transition to Young Adulthood"
150,1015,WOS:000345971000007,2014,EUROPEAN JOURNAL OF PERSONALITY,"Who Belongs to Me? Social Relationship and Personality Characteristics
in the Transition to Young Adulthood"
659,1015,WOS:000345971000007,2014,EUROPEAN JOURNAL OF PERSONALITY,"Who Belongs to Me? Social Relationship and Personality Characteristics
in the Transition to Young Adulthood"
150,646,WOS:000863949300001,2024,EUROPEAN JOURNAL OF PERSONALITY,"Conscientiousness and Cognitive Ability as Predictors of Academic
Achievement: Evidence of Synergistic Effects From Integrative Data
Analysis"
150,881,WOS:000863949300001,2024,EUROPEAN JOURNAL OF PERSONALITY,"Conscientiousness and Cognitive Ability as Predictors of Academic
Achievement: Evidence of Synergistic Effects From Integrative Data
Analysis"
646,881,WOS:000863949300001,2024,EUROPEAN JOURNAL OF PERSONALITY,"Conscientiousness and Cognitive Ability as Predictors of Academic
Achievement: Evidence of Synergistic Effects From Integrative Data
Analysis"
135,659,WOS:000468334800011,2019,JOURNAL OF PERSONALITY,"Similarity of vocational interest profiles within families: A
person-centered approach for examining associations between circumplex
profiles"
150,1015,WOS:000400642500007,2017,JOURNAL OF PERSONALITY,"Whose ``Storm and Stress{''} Is It? Parent and Child Reports of
Personality Development in the Transition to Early Adolescence"
150,1177,WOS:000400642500007,2017,JOURNAL OF PERSONALITY,"Whose ``Storm and Stress{''} Is It? Parent and Child Reports of
Personality Development in the Transition to Early Adolescence"
1015,1177,WOS:000400642500007,2017,JOURNAL OF PERSONALITY,"Whose ``Storm and Stress{''} Is It? Parent and Child Reports of
Personality Development in the Transition to Early Adolescence"
150,659,WOS:000379911300009,2016,JOURNAL OF PERSONALITY,"Self-esteem Is Mostly Stable Across Young Adulthood: Evidence from
Latent STARTS Models"
150,659,WOS:000313229900009,2013,JOURNAL OF PERSONALITY AND SOCIAL PSYCHOLOGY,"Cherish Yourself: Longitudinal Patterns and Conditions of Self-Esteem
Change in the Transition to Young Adulthood"
150,1177,WOS:000313229900009,2013,JOURNAL OF PERSONALITY AND SOCIAL PSYCHOLOGY,"Cherish Yourself: Longitudinal Patterns and Conditions of Self-Esteem
Change in the Transition to Young Adulthood"
659,1177,WOS:000313229900009,2013,JOURNAL OF PERSONALITY AND SOCIAL PSYCHOLOGY,"Cherish Yourself: Longitudinal Patterns and Conditions of Self-Esteem
Change in the Transition to Young Adulthood"
261,1031,WOS:000454140700002,2019,SOCIAL PSYCHOLOGICAL AND PERSONALITY SCIENCE,Changes in Young Europeans' Values During the Global Financial Crisis
280,634,WOS:000324156300023,2013,JOURNAL OF RESEARCH IN PERSONALITY,"The adaptive power of the present: Perceptions of past, present, and
future life satisfaction across the life span"
150,1015,WOS:000272496400012,2009,JOURNAL OF PERSONALITY AND SOCIAL PSYCHOLOGY,"Different Forces, Same Consequence: Conscientiousness and Competence
Beliefs Are Independent Predictors of Academic Effort and Achievement"
263,767,WOS:000392775500028,2017,PERSONALITY AND INDIVIDUAL DIFFERENCES,"Acquiescence response styles: A multilevel model explaining
individual-level and country-level differences"
274,472,WOS:000412898900007,2017,JOURNAL OF EUROPEAN SOCIAL POLICY,"Going across Europe for an apprenticeship? A factorial survey experiment
on employers' hiring preferences in Germany"
260,659,WOS:001392973300001,2025,JOURNAL OF PERSONALITY,"Becoming as Open-Minded and Organized as My Classmates? Peer Effects on
Self-Reported Personality Trait Development in the Classroom"
260,669,WOS:001392973300001,2025,JOURNAL OF PERSONALITY,"Becoming as Open-Minded and Organized as My Classmates? Peer Effects on
Self-Reported Personality Trait Development in the Classroom"
659,669,WOS:001392973300001,2025,JOURNAL OF PERSONALITY,"Becoming as Open-Minded and Organized as My Classmates? Peer Effects on
Self-Reported Personality Trait Development in the Classroom"
280,561,WOS:000539383900002,2020,EUROPEAN JOURNAL OF PERSONALITY,"Longitudinal Experience-Wide Association Studies-A Framework for
Studying Personality Change"
280,659,WOS:000539383900002,2020,EUROPEAN JOURNAL OF PERSONALITY,"Longitudinal Experience-Wide Association Studies-A Framework for
Studying Personality Change"
561,659,WOS:000539383900002,2020,EUROPEAN JOURNAL OF PERSONALITY,"Longitudinal Experience-Wide Association Studies-A Framework for
Studying Personality Change"
263,767,WOS:000451934700009,2018,JOURNAL OF RESEARCH IN PERSONALITY,Facets of personality and ``ideological asymmetries{''}
150,659,WOS:000434135900010,2018,JOURNAL OF PERSONALITY,"Self-esteem development in the school context: The roles of
intrapersonal and interpersonal social predictors"
150,922,WOS:000434135900010,2018,JOURNAL OF PERSONALITY,"Self-esteem development in the school context: The roles of
intrapersonal and interpersonal social predictors"
659,922,WOS:000434135900010,2018,JOURNAL OF PERSONALITY,"Self-esteem development in the school context: The roles of
intrapersonal and interpersonal social predictors"
280,1015,WOS:000258458900014,2008,JOURNAL OF PERSONALITY AND SOCIAL PSYCHOLOGY,"Low self-esteem prospectively predicts depression in adolescence and
young adulthood"
260,658,WOS:000705402800001,2022,EUROPEAN JOURNAL OF PERSONALITY,"Personality and psychosocial functioning in early adolescence:
Age-differential associations from the self- and parent perspective"
260,659,WOS:000705402800001,2022,EUROPEAN JOURNAL OF PERSONALITY,"Personality and psychosocial functioning in early adolescence:
Age-differential associations from the self- and parent perspective"
658,659,WOS:000705402800001,2022,EUROPEAN JOURNAL OF PERSONALITY,"Personality and psychosocial functioning in early adolescence:
Age-differential associations from the self- and parent perspective"
150,659,WOS:000455594500009,2019,JOURNAL OF PERSONALITY AND SOCIAL PSYCHOLOGY,"Are Personality Traits and Relationship Characteristics Reciprocally
Related? Longitudinal Analyses of Codevelopment in the Transition out of
High School and Beyond"
260,659,WOS:000890399500001,2023,JOURNAL OF PERSONALITY,"Beyond Big Five trait domains: Stability and change in personality
facets across midlife and old age"
263,767,WOS:000389167300014,2016,JOURNAL OF RESEARCH IN PERSONALITY,"Facets of acquiescence: Agreeing with negations is not the same as
accepting inconsistency"
260,659,WOS:001680776600001,2024,JOURNAL OF PERSONALITY AND SOCIAL PSYCHOLOGY,"Boosting Yourself? Associations Between Momentary Self-Esteem, Daily
Social Interactions, and Self-Esteem Development in Late Adolescence and
Late Adulthood"
150,505,WOS:000367533800002,2016,JOURNAL OF PERSONALITY AND SOCIAL PSYCHOLOGY,"Low Self-Esteem Prospectively Predicts Depression in the Transition to
Young Adulthood: A Replication of Orth, Robins, and Roberts (2008)"
150,1015,WOS:000367533800002,2016,JOURNAL OF PERSONALITY AND SOCIAL PSYCHOLOGY,"Low Self-Esteem Prospectively Predicts Depression in the Transition to
Young Adulthood: A Replication of Orth, Robins, and Roberts (2008)"
505,1015,WOS:000367533800002,2016,JOURNAL OF PERSONALITY AND SOCIAL PSYCHOLOGY,"Low Self-Esteem Prospectively Predicts Depression in the Transition to
Young Adulthood: A Replication of Orth, Robins, and Roberts (2008)"
263,767,WOS:000358466000013,2015,JOURNAL OF RESEARCH IN PERSONALITY,"Acquiescence in personality questionnaires: Relevance, domain
specificity, and stability"
270,910,WOS:000324156300022,2013,JOURNAL OF RESEARCH IN PERSONALITY,"Personality is related to educational outcomes in late adolescence:
Evidence from two large-scale achievement studies"
178,826,WOS:000374860300002,2016,JOURNAL OF NONVERBAL BEHAVIOR,"Be Careful Where You Smile: Culture Shapes Judgments of Intelligence and
Honesty of Smiling Individuals"
46,237,WOS:000278180400011,2010,JOURNAL OF POPULATION ECONOMICS,"Do smart parents raise smart children? The intergenerational
transmission of cognitive abilities"
23,80,WOS:000258265600006,2008,INTERNATIONAL SOCIOLOGY,GlobalIndex:: A sociological approach to globalization measurement
23,223,WOS:000258265600006,2008,INTERNATIONAL SOCIOLOGY,GlobalIndex:: A sociological approach to globalization measurement
23,571,WOS:000258265600006,2008,INTERNATIONAL SOCIOLOGY,GlobalIndex:: A sociological approach to globalization measurement
80,223,WOS:000258265600006,2008,INTERNATIONAL SOCIOLOGY,GlobalIndex:: A sociological approach to globalization measurement
80,571,WOS:000258265600006,2008,INTERNATIONAL SOCIOLOGY,GlobalIndex:: A sociological approach to globalization measurement
223,571,WOS:000258265600006,2008,INTERNATIONAL SOCIOLOGY,GlobalIndex:: A sociological approach to globalization measurement
27,28,WOS:000879421300002,2023,COMPUTERS \& EDUCATION,"Effects of mode and medium in reading comprehension tests on cognitive
load"
27,836,WOS:000879421300002,2023,COMPUTERS \& EDUCATION,"Effects of mode and medium in reading comprehension tests on cognitive
load"
28,836,WOS:000879421300002,2023,COMPUTERS \& EDUCATION,"Effects of mode and medium in reading comprehension tests on cognitive
load"
3,273,WOS:000863129300006,2022,SOCIAL SCIENCE RESEARCH,"Sequence analysis: Its past, present, and future"
3,595,WOS:000863129300006,2022,SOCIAL SCIENCE RESEARCH,"Sequence analysis: Its past, present, and future"
3,787,WOS:000863129300006,2022,SOCIAL SCIENCE RESEARCH,"Sequence analysis: Its past, present, and future"
3,1143,WOS:000863129300006,2022,SOCIAL SCIENCE RESEARCH,"Sequence analysis: Its past, present, and future"
273,595,WOS:000863129300006,2022,SOCIAL SCIENCE RESEARCH,"Sequence analysis: Its past, present, and future"
273,787,WOS:000863129300006,2022,SOCIAL SCIENCE RESEARCH,"Sequence analysis: Its past, present, and future"
273,1143,WOS:000863129300006,2022,SOCIAL SCIENCE RESEARCH,"Sequence analysis: Its past, present, and future"
595,787,WOS:000863129300006,2022,SOCIAL SCIENCE RESEARCH,"Sequence analysis: Its past, present, and future"
595,1143,WOS:000863129300006,2022,SOCIAL SCIENCE RESEARCH,"Sequence analysis: Its past, present, and future"
787,1143,WOS:000863129300006,2022,SOCIAL SCIENCE RESEARCH,"Sequence analysis: Its past, present, and future"
58,133,WOS:000972607000001,2023,RESEARCH IN SOCIAL STRATIFICATION AND MOBILITY,"Rapid expansion of academic upper secondary graduation in
Germany-Changing social inequalities in the transition to secondary and
to tertiary education?"
58,301,WOS:000972607000001,2023,RESEARCH IN SOCIAL STRATIFICATION AND MOBILITY,"Rapid expansion of academic upper secondary graduation in
Germany-Changing social inequalities in the transition to secondary and
to tertiary education?"
58,624,WOS:000972607000001,2023,RESEARCH IN SOCIAL STRATIFICATION AND MOBILITY,"Rapid expansion of academic upper secondary graduation in
Germany-Changing social inequalities in the transition to secondary and
to tertiary education?"
133,301,WOS:000972607000001,2023,RESEARCH IN SOCIAL STRATIFICATION AND MOBILITY,"Rapid expansion of academic upper secondary graduation in
Germany-Changing social inequalities in the transition to secondary and
to tertiary education?"
133,624,WOS:000972607000001,2023,RESEARCH IN SOCIAL STRATIFICATION AND MOBILITY,"Rapid expansion of academic upper secondary graduation in
Germany-Changing social inequalities in the transition to secondary and
to tertiary education?"
301,624,WOS:000972607000001,2023,RESEARCH IN SOCIAL STRATIFICATION AND MOBILITY,"Rapid expansion of academic upper secondary graduation in
Germany-Changing social inequalities in the transition to secondary and
to tertiary education?"
142,198,WOS:000483712700009,2019,BRITISH JOURNAL OF SOCIOLOGY,"Structural and motivational mechanisms of academic achievement: a
mediation model of social-background effects on academic achievement"
142,277,WOS:000483712700009,2019,BRITISH JOURNAL OF SOCIOLOGY,"Structural and motivational mechanisms of academic achievement: a
mediation model of social-background effects on academic achievement"
198,277,WOS:000483712700009,2019,BRITISH JOURNAL OF SOCIOLOGY,"Structural and motivational mechanisms of academic achievement: a
mediation model of social-background effects on academic achievement"
228,315,WOS:000757445300001,2022,PUBLIC OPINION QUARTERLY,"How to Catch a Falsifier Comparison of Statistical Detection Methods for
Interviewer Falsification"
302,325,WOS:000471502300001,2021,COMPUTER ASSISTED LANGUAGE LEARNING,"Blended learning for Chinese university EFL learners: learning
environment and learner perceptions"
302,325,WOS:000632785800001,2022,COMPUTER ASSISTED LANGUAGE LEARNING,"Developing and integrating constructive CALL courseware for EAP in
Chinese universities: a report on a case study"
179,816,WOS:000472123000004,2019,COMPUTER ASSISTED LANGUAGE LEARNING,"Linking text readability and learner proficiency using linguistic
complexity feature vector distance"
83,642,WOS:001120807700001,2024,CHILD DEVELOPMENT,"Relations between early majority language and socioemotional development
in children with different language backgrounds"
83,926,WOS:001120807700001,2024,CHILD DEVELOPMENT,"Relations between early majority language and socioemotional development
in children with different language backgrounds"
642,926,WOS:001120807700001,2024,CHILD DEVELOPMENT,"Relations between early majority language and socioemotional development
in children with different language backgrounds"
150,1008,WOS:000239256400018,2006,CHILD DEVELOPMENT,"Effort on homework in grades 5-9:: Development, motivational
antecedents, and the association with effort on classwork"
132,135,WOS:000306403700017,2012,CHILD DEVELOPMENT,"Cumulative Advantages and the Emergence of Social and Ethnic Inequality:
Matthew Effects in Reading and Mathematics Development Within Elementary
Schools?"
84,836,WOS:000664176300001,2021,CHILD DEVELOPMENT,"Do Belonging and Social Exclusion at School Affect Structural Brain
Development During Adolescence?"
150,1177,WOS:000265707900003,2009,CHILD DEVELOPMENT,"Social Dominance in Adolescence: The Moderating Role of the Classroom
Context and Behavioral Heterogeneity"
129,941,WOS:000884594500001,2023,CHILD DEVELOPMENT,"Do more hours in center-based care cause more externalizing problems? A
cross-national replication study"
129,1098,WOS:000884594500001,2023,CHILD DEVELOPMENT,"Do more hours in center-based care cause more externalizing problems? A
cross-national replication study"
941,1098,WOS:000884594500001,2023,CHILD DEVELOPMENT,"Do more hours in center-based care cause more externalizing problems? A
cross-national replication study"
150,1032,WOS:000250644800002,2007,CHILD DEVELOPMENT,"Longitudinal study of preadolescent sport self-concept and performance::
Reciprocal effects and causal ordering"
135,149,WOS:000459602600001,2019,FRONTIERS IN PSYCHOLOGY,"Modeling Multiple Item Context Effects With Generalized Linear Mixed
Models"
135,1153,WOS:000459602600001,2019,FRONTIERS IN PSYCHOLOGY,"Modeling Multiple Item Context Effects With Generalized Linear Mixed
Models"
149,1153,WOS:000459602600001,2019,FRONTIERS IN PSYCHOLOGY,"Modeling Multiple Item Context Effects With Generalized Linear Mixed
Models"
129,297,WOS:000637548600001,2021,FRONTIERS IN PSYCHOLOGY,"The Home Learning Environment in the Digital Age-Associations Between
Self-Reported ``Analog{''} and ``Digital{''} Home Learning Environment
and Children's Socio-Emotional and Academic Outcomes"
129,298,WOS:000637548600001,2021,FRONTIERS IN PSYCHOLOGY,"The Home Learning Environment in the Digital Age-Associations Between
Self-Reported ``Analog{''} and ``Digital{''} Home Learning Environment
and Children's Socio-Emotional and Academic Outcomes"
297,298,WOS:000637548600001,2021,FRONTIERS IN PSYCHOLOGY,"The Home Learning Environment in the Digital Age-Associations Between
Self-Reported ``Analog{''} and ``Digital{''} Home Learning Environment
and Children's Socio-Emotional and Academic Outcomes"
134,152,WOS:000529419400001,2020,INTERNATIONAL JOURNAL OF PSYCHOLOGY,"School track and ethnic classroom composition relate to the mainstream
identity of adolescents with immigrant background in Germany, but not
their ethnic identity"
134,153,WOS:000529419400001,2020,INTERNATIONAL JOURNAL OF PSYCHOLOGY,"School track and ethnic classroom composition relate to the mainstream
identity of adolescents with immigrant background in Germany, but not
their ethnic identity"
134,1079,WOS:000529419400001,2020,INTERNATIONAL JOURNAL OF PSYCHOLOGY,"School track and ethnic classroom composition relate to the mainstream
identity of adolescents with immigrant background in Germany, but not
their ethnic identity"
152,153,WOS:000529419400001,2020,INTERNATIONAL JOURNAL OF PSYCHOLOGY,"School track and ethnic classroom composition relate to the mainstream
identity of adolescents with immigrant background in Germany, but not
their ethnic identity"
152,1079,WOS:000529419400001,2020,INTERNATIONAL JOURNAL OF PSYCHOLOGY,"School track and ethnic classroom composition relate to the mainstream
identity of adolescents with immigrant background in Germany, but not
their ethnic identity"
153,1079,WOS:000529419400001,2020,INTERNATIONAL JOURNAL OF PSYCHOLOGY,"School track and ethnic classroom composition relate to the mainstream
identity of adolescents with immigrant background in Germany, but not
their ethnic identity"
35,87,WOS:000360042900001,2015,FRONTIERS IN PSYCHOLOGY,"Reading is for girls!? The negative impact of preschool teachers'
traditional gender role attitudes on boys' reading related motivation
and skills"
35,264,WOS:000360042900001,2015,FRONTIERS IN PSYCHOLOGY,"Reading is for girls!? The negative impact of preschool teachers'
traditional gender role attitudes on boys' reading related motivation
and skills"
87,264,WOS:000360042900001,2015,FRONTIERS IN PSYCHOLOGY,"Reading is for girls!? The negative impact of preschool teachers'
traditional gender role attitudes on boys' reading related motivation
and skills"
150,1031,WOS:000322879900007,2013,MOTIVATION AND EMOTION,"Different pathways, same effects: Autonomous goal regulation is
associated with subjective well-being during the post-school transition"
261,921,WOS:001170341400001,2024,JOURNAL OF PERSONALITY ASSESSMENT,"Measuring Global Character Dimensions: An Ant Colony Optimization
Approach toward Three Core Strength Scales"
138,516,WOS:000305296800010,2012,JOURNAL OF PERSONALITY ASSESSMENT,A Short Measure of the Need for Affect
216,584,WOS:000505125800002,2020,JOURNAL OF PERSONALITY ASSESSMENT,"Estimating Reliability of Within-Person Couplings in a Multilevel
Framework"
263,753,WOS:000334065900013,2014,JOURNAL OF PERSONALITY ASSESSMENT,Measuring Four Perspectives of Justice Sensitivity With Two Items Each
263,774,WOS:000334065900013,2014,JOURNAL OF PERSONALITY ASSESSMENT,Measuring Four Perspectives of Justice Sensitivity With Two Items Each
753,774,WOS:000334065900013,2014,JOURNAL OF PERSONALITY ASSESSMENT,Measuring Four Perspectives of Justice Sensitivity With Two Items Each
219,698,WOS:000264242400005,2009,HISTORICAL SOCIAL RESEARCH-HISTORISCHE SOZIALFORSCHUNG,"Indicating Mate Preferences by Mixing Survey and Process-generated Data.
The Case of Attitudes and Behaviour in Online Mate Search"
219,1066,WOS:000264242400005,2009,HISTORICAL SOCIAL RESEARCH-HISTORISCHE SOZIALFORSCHUNG,"Indicating Mate Preferences by Mixing Survey and Process-generated Data.
The Case of Attitudes and Behaviour in Online Mate Search"
698,1066,WOS:000264242400005,2009,HISTORICAL SOCIAL RESEARCH-HISTORISCHE SOZIALFORSCHUNG,"Indicating Mate Preferences by Mixing Survey and Process-generated Data.
The Case of Attitudes and Behaviour in Online Mate Search"
218,882,WOS:000764797600001,2022,SOCIAL POLITICS,"Protected through Part-time Employment? Labor Market Status, Domestic
Responsibilities, and the Life Satisfaction of German Women during the
COVID-19 Pandemic"
46,1168,WOS:000392614600007,2017,JOURNAL OF POPULATION ECONOMICS,"Cognitive skills, non-cognitive skills, and family background: evidence
from sibling correlations"
247,301,WOS:000458931400002,2019,JOURNAL OF ETHNIC AND MIGRATION STUDIES,"The value of education among immigrants and non-immigrants and how this
translates into educational aspirations: a comparison of four European
countries"
241,274,WOS:000462550700008,2019,EUROPEAN SOCIOLOGICAL REVIEW,"Overeducation, Labour Market Dynamics, and Economic Downturn in Europe"
241,472,WOS:000462550700008,2019,EUROPEAN SOCIOLOGICAL REVIEW,"Overeducation, Labour Market Dynamics, and Economic Downturn in Europe"
274,472,WOS:000462550700008,2019,EUROPEAN SOCIOLOGICAL REVIEW,"Overeducation, Labour Market Dynamics, and Economic Downturn in Europe"
218,274,WOS:001363885100001,2025,SOCIAL SCIENCE RESEARCH,"Gender bias in evaluating assistant professorship applicants? Evidence
from harmonized survey experiments in Germany and Italy"
58,133,WOS:000444847000003,2018,RESEARCH IN SOCIAL STRATIFICATION AND MOBILITY,"Social background effects in the transition to a doctoral degree -
Empirical evidence from a German prospective study"
58,624,WOS:000444847000003,2018,RESEARCH IN SOCIAL STRATIFICATION AND MOBILITY,"Social background effects in the transition to a doctoral degree -
Empirical evidence from a German prospective study"
58,1175,WOS:000444847000003,2018,RESEARCH IN SOCIAL STRATIFICATION AND MOBILITY,"Social background effects in the transition to a doctoral degree -
Empirical evidence from a German prospective study"
133,624,WOS:000444847000003,2018,RESEARCH IN SOCIAL STRATIFICATION AND MOBILITY,"Social background effects in the transition to a doctoral degree -
Empirical evidence from a German prospective study"
133,1175,WOS:000444847000003,2018,RESEARCH IN SOCIAL STRATIFICATION AND MOBILITY,"Social background effects in the transition to a doctoral degree -
Empirical evidence from a German prospective study"
624,1175,WOS:000444847000003,2018,RESEARCH IN SOCIAL STRATIFICATION AND MOBILITY,"Social background effects in the transition to a doctoral degree -
Empirical evidence from a German prospective study"
175,176,WOS:001679260000008,2026,INTERNATIONAL JOURNAL OF COMPARATIVE SOCIOLOGY,"The impact of school social composition and neighborhood social mix on
upper secondary exam performance in Ireland"
58,133,WOS:000576351400003,2020,"SOZIALE WELT-ZEITSCHRIFT FUR SOZIALWISSENSCHAFTLICHE FORSCHUNG UND
PRAXIS","Social inequality at the transitions to tertiary education and doctoral
studies A cumulative perspective on social background effects in higher
education"
58,624,WOS:000576351400003,2020,"SOZIALE WELT-ZEITSCHRIFT FUR SOZIALWISSENSCHAFTLICHE FORSCHUNG UND
PRAXIS","Social inequality at the transitions to tertiary education and doctoral
studies A cumulative perspective on social background effects in higher
education"
58,1175,WOS:000576351400003,2020,"SOZIALE WELT-ZEITSCHRIFT FUR SOZIALWISSENSCHAFTLICHE FORSCHUNG UND
PRAXIS","Social inequality at the transitions to tertiary education and doctoral
studies A cumulative perspective on social background effects in higher
education"
133,624,WOS:000576351400003,2020,"SOZIALE WELT-ZEITSCHRIFT FUR SOZIALWISSENSCHAFTLICHE FORSCHUNG UND
PRAXIS","Social inequality at the transitions to tertiary education and doctoral
studies A cumulative perspective on social background effects in higher
education"
133,1175,WOS:000576351400003,2020,"SOZIALE WELT-ZEITSCHRIFT FUR SOZIALWISSENSCHAFTLICHE FORSCHUNG UND
PRAXIS","Social inequality at the transitions to tertiary education and doctoral
studies A cumulative perspective on social background effects in higher
education"
624,1175,WOS:000576351400003,2020,"SOZIALE WELT-ZEITSCHRIFT FUR SOZIALWISSENSCHAFTLICHE FORSCHUNG UND
PRAXIS","Social inequality at the transitions to tertiary education and doctoral
studies A cumulative perspective on social background effects in higher
education"
288,292,WOS:000344691400002,2014,ACTA SOCIOLOGICA,"The effects of social origins and cognitive ability on educational
attainment: Evidence from Britain and Sweden"
211,274,WOS:001661155600001,2026,AMERICAN SOCIOLOGICAL REVIEW,"The Social Origins of Effort: How Incentives Reduce Socioeconomic
Disparities among Children"
80,228,WOS:000372202600003,2015,INTERNATIONAL JOURNAL OF COMPARATIVE SOCIOLOGY,Gender and job-related non-formal training: A comparison of 20 countries
175,176,WOS:000207480600006,2008,INTERNATIONAL JOURNAL OF COMPARATIVE SOCIOLOGY,"Field of Study and Students' Workload in Higher Education Ireland and
Austria in Comparative Perspective"
2,3,WOS:000325764700008,2013,EUROPEAN SOCIOLOGICAL REVIEW,Women's Retirement Income in Germany and Britain
4,5,WOS:000396357400005,2017,SOCIOLOGY COMPASS,"Does childhood family structure help create stratification in adult
education and labor market attainment?: An argument for the selectivity
perspective"
10,114,WOS:000792873200007,2022,SOCIAL SCIENCE RESEARCH,"Why do some occupations offer more part-time work than others?
Reciprocal dynamics in occupational gender segregation and occupational
part-time work in West Germany, 1976-2010"
134,153,WOS:000838240900003,2022,ZEITSCHRIFT FUR SOZIOLOGIE,"Warum gibt es in Ostdeutschland weniger einwanderungsbezogene
Bildungsungleichheit? Bedingungen der Bildungsbeteiligung und
Lesekompetenz von Heranwachsenden mit Einwanderungsgeschichte in Ost-
und Westdeutschland"
134,1076,WOS:000838240900003,2022,ZEITSCHRIFT FUR SOZIOLOGIE,"Warum gibt es in Ostdeutschland weniger einwanderungsbezogene
Bildungsungleichheit? Bedingungen der Bildungsbeteiligung und
Lesekompetenz von Heranwachsenden mit Einwanderungsgeschichte in Ost-
und Westdeutschland"
153,1076,WOS:000838240900003,2022,ZEITSCHRIFT FUR SOZIOLOGIE,"Warum gibt es in Ostdeutschland weniger einwanderungsbezogene
Bildungsungleichheit? Bedingungen der Bildungsbeteiligung und
Lesekompetenz von Heranwachsenden mit Einwanderungsgeschichte in Ost-
und Westdeutschland"
139,263,WOS:000821951800006,2022,"SOZIALE WELT-ZEITSCHRIFT FUR SOZIALWISSENSCHAFTLICHE FORSCHUNG UND
PRAXIS",PIAAC-L: the longitudinal follow-up to PIAAC in Germany
139,828,WOS:000821951800006,2022,"SOZIALE WELT-ZEITSCHRIFT FUR SOZIALWISSENSCHAFTLICHE FORSCHUNG UND
PRAXIS",PIAAC-L: the longitudinal follow-up to PIAAC in Germany
139,874,WOS:000821951800006,2022,"SOZIALE WELT-ZEITSCHRIFT FUR SOZIALWISSENSCHAFTLICHE FORSCHUNG UND
PRAXIS",PIAAC-L: the longitudinal follow-up to PIAAC in Germany
263,828,WOS:000821951800006,2022,"SOZIALE WELT-ZEITSCHRIFT FUR SOZIALWISSENSCHAFTLICHE FORSCHUNG UND
PRAXIS",PIAAC-L: the longitudinal follow-up to PIAAC in Germany
263,874,WOS:000821951800006,2022,"SOZIALE WELT-ZEITSCHRIFT FUR SOZIALWISSENSCHAFTLICHE FORSCHUNG UND
PRAXIS",PIAAC-L: the longitudinal follow-up to PIAAC in Germany
828,874,WOS:000821951800006,2022,"SOZIALE WELT-ZEITSCHRIFT FUR SOZIALWISSENSCHAFTLICHE FORSCHUNG UND
PRAXIS",PIAAC-L: the longitudinal follow-up to PIAAC in Germany
80,223,WOS:000262719400005,2009,EUROPEAN SOCIOLOGICAL REVIEW,"Life Courses in the Globalization Process: The Development of Social
Inequalities in Modern Societies"
55,572,WOS:001631052400001,2026,COMPUTERS \& EDUCATION,"Embracing the challenge: Predicting self-testing in non-formal online
courses using machine learning"
55,1094,WOS:001631052400001,2026,COMPUTERS \& EDUCATION,"Embracing the challenge: Predicting self-testing in non-formal online
courses using machine learning"
572,1094,WOS:001631052400001,2026,COMPUTERS \& EDUCATION,"Embracing the challenge: Predicting self-testing in non-formal online
courses using machine learning"
2,3,WOS:000764680800001,2022,SOCIAL FORCES,"Uncovering Social Stratification: Intersectional Inequalities in Work
and Family Life Courses by Gender and Race"
75,228,WOS:001529211800001,2026,EUROPEAN SOCIOLOGICAL REVIEW,"Exploring integration and migration dynamics: the research potentials of
a large-scale longitudinal household study of refugees in Germany"
75,866,WOS:001529211800001,2026,EUROPEAN SOCIOLOGICAL REVIEW,"Exploring integration and migration dynamics: the research potentials of
a large-scale longitudinal household study of refugees in Germany"
228,866,WOS:001529211800001,2026,EUROPEAN SOCIOLOGICAL REVIEW,"Exploring integration and migration dynamics: the research potentials of
a large-scale longitudinal household study of refugees in Germany"
244,247,WOS:001090956200001,2024,SOCIOLOGICAL INQUIRY,"Students' Academic Habitus and Its Relation to Family Capital: A Latent
Class Approach to Inequalities among Secondary School
Students1"
80,219,WOS:000289164000003,2011,EUROPEAN SOCIOLOGICAL REVIEW,Who Contacts Whom? Educational Homophily in Online Mate Selection
85,86,WOS:000793469500001,2022,RESEARCH IN SOCIAL STRATIFICATION AND MOBILITY,"Does tracking increase segregation? International evidence on the
effects of between-school tracking on social segregation across schools"
80,223,WOS:000307758500002,2012,BERLINER JOURNAL FUR SOZIOLOGIE,"Income-rich-asset-poor? The composition of wealth and the meaning of
different wealth components in a European comparison"
241,242,WOS:000389559100020,2017,SOCIAL SCIENCE RESEARCH,"Pushed or pulled? Girls and boys facing early school leaving risk in
Italy"
80,228,WOS:000362973900005,2015,EUROPEAN SOCIOLOGICAL REVIEW,"Horizontal and Vertical Gender Segregation in Russia-Changes upon Labour
Market Entry before and after the Collapse of the Soviet Regime"
151,278,WOS:001066441800001,2024,EUROPEAN SOCIOLOGICAL REVIEW,"Information intervention on long-term earnings prospects and the gender
gap in major choice"
123,124,WOS:001357105600001,2025,EUROPEAN SOCIOLOGICAL REVIEW,"Hiring intentions at the intersection of gender, parenthood, and social
status. A factorial survey experiment in the UK labour market"
55,87,WOS:001372195000001,2024,FRONTIERS IN PSYCHOLOGY,"Behavioral trace data in an online learning environment as indicators of
learning engagement in university students"
55,365,WOS:001372195000001,2024,FRONTIERS IN PSYCHOLOGY,"Behavioral trace data in an online learning environment as indicators of
learning engagement in university students"
87,365,WOS:001372195000001,2024,FRONTIERS IN PSYCHOLOGY,"Behavioral trace data in an online learning environment as indicators of
learning engagement in university students"
504,505,WOS:000456531700003,2019,PSYCHOLOGICAL SCIENCE,School or Work? The Choice May Change Your Personality
504,910,WOS:000456531700003,2019,PSYCHOLOGICAL SCIENCE,School or Work? The Choice May Change Your Personality
504,1015,WOS:000456531700003,2019,PSYCHOLOGICAL SCIENCE,School or Work? The Choice May Change Your Personality
505,910,WOS:000456531700003,2019,PSYCHOLOGICAL SCIENCE,School or Work? The Choice May Change Your Personality
505,1015,WOS:000456531700003,2019,PSYCHOLOGICAL SCIENCE,School or Work? The Choice May Change Your Personality
910,1015,WOS:000456531700003,2019,PSYCHOLOGICAL SCIENCE,School or Work? The Choice May Change Your Personality
149,178,WOS:000463267100001,2019,COLLABRA-PSYCHOLOGY,"Model-Based Manifest and Latent Composite Scores in Structural Equation
Models"
149,695,WOS:000463267100001,2019,COLLABRA-PSYCHOLOGY,"Model-Based Manifest and Latent Composite Scores in Structural Equation
Models"
178,695,WOS:000463267100001,2019,COLLABRA-PSYCHOLOGY,"Model-Based Manifest and Latent Composite Scores in Structural Equation
Models"
33,295,WOS:001068303600001,2023,FRONTIERS IN PSYCHOLOGY,"Families with young children during the COVID-19 pandemic-The importance
of family type, perceived partnership roles, parental stress, and social
support for changes in the home learning environment during lockdown"
33,927,WOS:001068303600001,2023,FRONTIERS IN PSYCHOLOGY,"Families with young children during the COVID-19 pandemic-The importance
of family type, perceived partnership roles, parental stress, and social
support for changes in the home learning environment during lockdown"
295,927,WOS:001068303600001,2023,FRONTIERS IN PSYCHOLOGY,"Families with young children during the COVID-19 pandemic-The importance
of family type, perceived partnership roles, parental stress, and social
support for changes in the home learning environment during lockdown"
261,769,WOS:000858582400001,2022,JOURNAL OF INTELLIGENCE,"The Behavioral, Emotional, and Social Skills Inventory (BESSI):
Psychometric Properties of a German-Language Adaptation, Temporal
Stabilities of the Skills, and Associations with Personality and
Intelligence"
261,1015,WOS:000858582400001,2022,JOURNAL OF INTELLIGENCE,"The Behavioral, Emotional, and Social Skills Inventory (BESSI):
Psychometric Properties of a German-Language Adaptation, Temporal
Stabilities of the Skills, and Associations with Personality and
Intelligence"
769,1015,WOS:000858582400001,2022,JOURNAL OF INTELLIGENCE,"The Behavioral, Emotional, and Social Skills Inventory (BESSI):
Psychometric Properties of a German-Language Adaptation, Temporal
Stabilities of the Skills, and Associations with Personality and
Intelligence"
149,150,WOS:000452117900001,2018,FRONTIERS IN PSYCHOLOGY,"Gender Stereotypes in a Children's Television Program: Effects on Girls'
and Boys' Stereotype Endorsement, Math Performance, Motivational
Dispositions, and Attitudes"
149,837,WOS:000452117900001,2018,FRONTIERS IN PSYCHOLOGY,"Gender Stereotypes in a Children's Television Program: Effects on Girls'
and Boys' Stereotype Endorsement, Math Performance, Motivational
Dispositions, and Attitudes"
150,837,WOS:000452117900001,2018,FRONTIERS IN PSYCHOLOGY,"Gender Stereotypes in a Children's Television Program: Effects on Girls'
and Boys' Stereotype Endorsement, Math Performance, Motivational
Dispositions, and Attitudes"
308,309,WOS:000599273800001,2020,FRONTIERS IN PSYCHOLOGY,"What Influences Participation in Non-formal and Informal Modes of
Continuous Vocational Education and Training? An Analysis of Individual
and Institutional Influencing Factors"
70,138,WOS:000674468800001,2021,FRONTIERS IN PSYCHOLOGY,"Linking of Rasch-Scaled Tests: Consequences of Limited Item Pools and
Model Misfit"
70,463,WOS:000674468800001,2021,FRONTIERS IN PSYCHOLOGY,"Linking of Rasch-Scaled Tests: Consequences of Limited Item Pools and
Model Misfit"
70,464,WOS:000674468800001,2021,FRONTIERS IN PSYCHOLOGY,"Linking of Rasch-Scaled Tests: Consequences of Limited Item Pools and
Model Misfit"
138,463,WOS:000674468800001,2021,FRONTIERS IN PSYCHOLOGY,"Linking of Rasch-Scaled Tests: Consequences of Limited Item Pools and
Model Misfit"
138,464,WOS:000674468800001,2021,FRONTIERS IN PSYCHOLOGY,"Linking of Rasch-Scaled Tests: Consequences of Limited Item Pools and
Model Misfit"
463,464,WOS:000674468800001,2021,FRONTIERS IN PSYCHOLOGY,"Linking of Rasch-Scaled Tests: Consequences of Limited Item Pools and
Model Misfit"
149,150,WOS:000450308600005,2018,PSYCHOLOGICAL SCIENCE,"It's Not Only Who You Are but Who You Are With: High School Composition
and Individuals' Attainment Over the Life Course"
149,150,WOS:000294709400014,2011,PSYCHOLOGICAL SCIENCE,"Who Took the ``x{''} out of Expectancy-Value Theory? A Psychological
Mystery, a Substantive-Methodological Synergy, and a Cross-National
Generalization"
149,1032,WOS:000294709400014,2011,PSYCHOLOGICAL SCIENCE,"Who Took the ``x{''} out of Expectancy-Value Theory? A Psychological
Mystery, a Substantive-Methodological Synergy, and a Cross-National
Generalization"
150,1032,WOS:000294709400014,2011,PSYCHOLOGICAL SCIENCE,"Who Took the ``x{''} out of Expectancy-Value Theory? A Psychological
Mystery, a Substantive-Methodological Synergy, and a Cross-National
Generalization"
261,263,WOS:001134704400001,2024,PERSPECTIVES ON PSYCHOLOGICAL SCIENCE,"AI Psychometrics: Assessing the Psychological Profiles of Large Language
Models Through Psychometric Inventories"
75,142,WOS:000688475400001,2021,FRONTIERS IN PSYCHOLOGY,"Time Spent on School-Related Activities at Home During the Pandemic: A
Longitudinal Analysis of Social Group Inequality Among Secondary School
Students"
83,298,WOS:000588417500001,2020,FRONTIERS IN PSYCHOLOGY,"Differential Effects of the Home Language and Literacy Environment on
Child Language and Theory of Mind and Their Relation to Socioeconomic
Background"
83,412,WOS:000588417500001,2020,FRONTIERS IN PSYCHOLOGY,"Differential Effects of the Home Language and Literacy Environment on
Child Language and Theory of Mind and Their Relation to Socioeconomic
Background"
298,412,WOS:000588417500001,2020,FRONTIERS IN PSYCHOLOGY,"Differential Effects of the Home Language and Literacy Environment on
Child Language and Theory of Mind and Their Relation to Socioeconomic
Background"
280,281,WOS:000814345600001,2024,PSYCHOLOGICAL METHODS,Effect Size Guidelines for Cross-Lagged Effects
27,28,WOS:000805054900001,2022,FRONTIERS IN PSYCHOLOGY,"COVID-19 Pandemic and Student Reading Achievement: Findings From a
School Panel Study"
27,702,WOS:000805054900001,2022,FRONTIERS IN PSYCHOLOGY,"COVID-19 Pandemic and Student Reading Achievement: Findings From a
School Panel Study"
27,836,WOS:000805054900001,2022,FRONTIERS IN PSYCHOLOGY,"COVID-19 Pandemic and Student Reading Achievement: Findings From a
School Panel Study"
27,840,WOS:000805054900001,2022,FRONTIERS IN PSYCHOLOGY,"COVID-19 Pandemic and Student Reading Achievement: Findings From a
School Panel Study"
27,1153,WOS:000805054900001,2022,FRONTIERS IN PSYCHOLOGY,"COVID-19 Pandemic and Student Reading Achievement: Findings From a
School Panel Study"
28,702,WOS:000805054900001,2022,FRONTIERS IN PSYCHOLOGY,"COVID-19 Pandemic and Student Reading Achievement: Findings From a
School Panel Study"
28,836,WOS:000805054900001,2022,FRONTIERS IN PSYCHOLOGY,"COVID-19 Pandemic and Student Reading Achievement: Findings From a
School Panel Study"
28,840,WOS:000805054900001,2022,FRONTIERS IN PSYCHOLOGY,"COVID-19 Pandemic and Student Reading Achievement: Findings From a
School Panel Study"
28,1153,WOS:000805054900001,2022,FRONTIERS IN PSYCHOLOGY,"COVID-19 Pandemic and Student Reading Achievement: Findings From a
School Panel Study"
702,836,WOS:000805054900001,2022,FRONTIERS IN PSYCHOLOGY,"COVID-19 Pandemic and Student Reading Achievement: Findings From a
School Panel Study"
702,840,WOS:000805054900001,2022,FRONTIERS IN PSYCHOLOGY,"COVID-19 Pandemic and Student Reading Achievement: Findings From a
School Panel Study"
702,1153,WOS:000805054900001,2022,FRONTIERS IN PSYCHOLOGY,"COVID-19 Pandemic and Student Reading Achievement: Findings From a
School Panel Study"
836,840,WOS:000805054900001,2022,FRONTIERS IN PSYCHOLOGY,"COVID-19 Pandemic and Student Reading Achievement: Findings From a
School Panel Study"
836,1153,WOS:000805054900001,2022,FRONTIERS IN PSYCHOLOGY,"COVID-19 Pandemic and Student Reading Achievement: Findings From a
School Panel Study"
840,1153,WOS:000805054900001,2022,FRONTIERS IN PSYCHOLOGY,"COVID-19 Pandemic and Student Reading Achievement: Findings From a
School Panel Study"
12,315,WOS:000485258100005,2019,SOCIAL SCIENCE COMPUTER REVIEW,"Paper, E-mail, or Both? Effects of Contact Mode on Participation in a
Web Survey of Establishments"
302,794,WOS:001560115500001,2025,CHILD ABUSE \& NEGLECT,"Child maltreatment and mental health in later life: The moderating role
of longitudinal lifestyle patterns in a UK cohort"
69,609,WOS:001499090900001,2025,ADVANCES IN METHODS AND PRACTICES IN PSYCHOLOGICAL SCIENCE,"The Design of Current Replication Studies: A Systematic Literature
Review on the Variation of Study Characteristics"
138,513,WOS:001429333500001,2025,ADVANCES IN METHODS AND PRACTICES IN PSYCHOLOGICAL SCIENCE,Sample-Size Planning in Item-Response Theory: A Tutorial
228,423,WOS:000706659600001,2022,JOURNAL OF ETHNIC AND MIGRATION STUDIES,"The dynamics of recent refugees' language acquisition: how do their
pathways compare to those of other new immigrants?"
228,550,WOS:001114428200001,2024,JOURNAL OF REFUGEE STUDIES,Self-selection of Ukrainian refugees and displaced persons in Europe
922,1032,WOS:000270094800002,2009,STRUCTURAL EQUATION MODELING-A MULTIDISCIPLINARY JOURNAL,"Exploratory Structural Equation Modeling, Integrating CFA and EFA:
Application to Students' Evaluations of University Teaching"
149,668,WOS:001392573000001,2025,STRUCTURAL EQUATION MODELING-A MULTIDISCIPLINARY JOURNAL,"Multilevel Multigroup Structural Equation Modeling In A Single-Level
Framework"
150,1032,WOS:000265312700001,2009,STRUCTURAL EQUATION MODELING-A MULTIDISCIPLINARY JOURNAL,"Classical Latent Profile Analysis of Academic Self-Concept Dimensions:
Synergy of Person- and Variable-Centered Approaches to Theoretical
Models of Self-Concept"
149,668,WOS:001194231700001,2024,STRUCTURAL EQUATION MODELING-A MULTIDISCIPLINARY JOURNAL,"To Be Long or To Be Wide: How Data Format Influences Convergence and
Estimation Accuracy in Multilevel Structural Equation Modeling"
220,1047,WOS:000669424800008,2021,LONGITUDINAL AND LIFE COURSE STUDIES,"Social origins, tracking and occupational attainment in Italy"
220,1051,WOS:000669424800008,2021,LONGITUDINAL AND LIFE COURSE STUDIES,"Social origins, tracking and occupational attainment in Italy"
1047,1051,WOS:000669424800008,2021,LONGITUDINAL AND LIFE COURSE STUDIES,"Social origins, tracking and occupational attainment in Italy"
221,845,WOS:001392022500001,2025,RESEARCH IN SOCIAL STRATIFICATION AND MOBILITY,"Parental involvement in elementary schools and children's academic
achievement: A longitudinal analysis across educational groups in
Finland"
220,940,WOS:000366122700003,2015,INTERNATIONAL JOURNAL OF COMPARATIVE SOCIOLOGY,"Work experience during higher education and post-graduation occupational
outcomes: A comparative study on four European countries"
176,843,WOS:000870840400002,2022,RESEARCH IN SOCIAL STRATIFICATION AND MOBILITY,"Understanding differences in children's reading ability by social origin
and gender: The role of parental reading and pre- and primary school
exposure in Ireland"
228,343,WOS:000654294200009,2021,RESEARCH IN SOCIAL STRATIFICATION AND MOBILITY,"To work or to study? Postmigration educational investments of adult
refugees in Germany-Evidence from a choice experiment"
182,446,WOS:000573679000001,2021,EUROPEAN SOCIETIES,"Education, health behavior, and working conditions during the pandemic:
evidence from a German sample"
228,343,WOS:001373564700001,2025,SOCIAL FORCES,"The causal effect of liberalizing legal requirements on naturalization
intentions"
165,779,WOS:000509544200005,2019,EUROPEAN SOCIOLOGICAL REVIEW,"The Effect of Regional Gender-Role Attitudes on Female Labour Supply: A
Longitudinal Test Using the BHPS, 1991-2007"
10,825,WOS:000331466800001,2014,SOCIAL FORCES,"Marriage, Gender, and Class: The Effects of Partner Resources on
Unemployment Exit in Germany"
124,1056,WOS:001410814200001,2025,SOCIAL FORCES,"Family background and life cycle earnings volatility: evidence from
brother correlations in Denmark, Germany, and the United States"
221,845,WOS:000448858100009,2018,BRITISH JOURNAL OF SOCIOLOGY,"Institutional change and parental compensation in intergenerational
attainment"
218,845,WOS:001156779100001,2024,EUROPEAN SOCIETIES,"Age of entry into early childhood education and care, literacy and
reduction of educational inequality in Nordic countries"
218,882,WOS:000577335100001,2021,EUROPEAN SOCIETIES,"Economic disturbances in the COVID-19 crisis and their gendered impact
on unpaid activities in Germany and Italy"
143,904,WOS:000398012400003,2017,RESEARCH IN SOCIAL STRATIFICATION AND MOBILITY,"Preschools as language learning environments for children of immigrants.
Differential effects by familial language use across different preschool
contexts"
274,472,WOS:000362973900001,2015,EUROPEAN SOCIOLOGICAL REVIEW,"How Employers Use Signals of Cognitive and Noncognitive Skills at Labour
Market Entry: Insights from Field Experiments"
143,904,WOS:000345160300004,2014,RESEARCH IN SOCIAL STRATIFICATION AND MOBILITY,"The effect of reading aloud daily-Differential effects of reading to
native-born German and Turkish-origin immigrant children"
11,1059,WOS:000207480600008,2008,INTERNATIONAL JOURNAL OF COMPARATIVE SOCIOLOGY,"Educational Fields of Study and the Intergenerational Mobility Process
in Comparative Perspective"
220,1047,WOS:000768002000007,2021,RESEARCH IN SOCIAL STRATIFICATION AND MOBILITY,"Upper secondary tracks and student competencies: A selection or a causal
effect? Evidence from the Italian case"
220,1051,WOS:000768002000007,2021,RESEARCH IN SOCIAL STRATIFICATION AND MOBILITY,"Upper secondary tracks and student competencies: A selection or a causal
effect? Evidence from the Italian case"
1047,1051,WOS:000768002000007,2021,RESEARCH IN SOCIAL STRATIFICATION AND MOBILITY,"Upper secondary tracks and student competencies: A selection or a causal
effect? Evidence from the Italian case"
134,501,WOS:000721542400001,2021,SOCIOLOGICAL SCIENCE,"The Link between Social and Structural Integration: Influence within
Adolescent Social Networks"
227,636,WOS:000743701500010,2021,EUROPEAN SOCIOLOGICAL REVIEW,"Integration of Recently Arrived Underage Refugees: Research Potential of
the Study ReGES-Refugees in the German Educational System"
227,742,WOS:000743701500010,2021,EUROPEAN SOCIOLOGICAL REVIEW,"Integration of Recently Arrived Underage Refugees: Research Potential of
the Study ReGES-Refugees in the German Educational System"
636,742,WOS:000743701500010,2021,EUROPEAN SOCIOLOGICAL REVIEW,"Integration of Recently Arrived Underage Refugees: Research Potential of
the Study ReGES-Refugees in the German Educational System"
11,1057,WOS:000280939500003,2010,EUROPEAN SOCIOLOGICAL REVIEW,"Educational Expansion and Its Consequences for Vertical and Horizontal
Inequalities in Access to Higher Education in West Germany"
21,882,WOS:000269357800001,2009,ZEITSCHRIFT FUR SOZIOLOGIE,"Wage Inequality between Male and Female University Graduates: The
Influence of Occupational Specialization, Female-Dominated Subjects and
Occupational Segregation"
247,536,WOS:000619999000001,2020,INTERNATIONAL JOURNAL OF COMPARATIVE SOCIOLOGY,"Institutional characteristics of education systems and
inequalities-Introduction I"
293,1047,WOS:000299261800003,2011,EUROPEAN SOCIETIES,"CAREER MOBILITY IN ITALY A growth curves analysis of occupational
attainment in the twentieth century"
9,817,WOS:000239709700003,2006,ZEITSCHRIFT FUR SOZIOLOGIE,The allocation of money in couples: The end of inequality?
143,904,WOS:000703669800009,2021,RESEARCH IN SOCIAL STRATIFICATION AND MOBILITY,"The primary effect of ethnic origin-rooted in early childhood? An
analysis of the educational disadvantages of Turkish-origin children
during the transition to secondary education in Germany"
10,321,WOS:000477729400001,2018,"SOZIALE WELT-ZEITSCHRIFT FUR SOZIALWISSENSCHAFTLICHE FORSCHUNG UND
PRAXIS","Announcement: Rules on the Archiving of Data and Analysis Files from
quantitative Studies"
21,882,WOS:000334062900008,2014,EUROPEAN SOCIETIES,"Female-typical Subjects and their Effect on Wage Inequalities among
Higher Education Graduates in Germany"
221,845,WOS:000999734400001,2023,RESEARCH IN SOCIAL STRATIFICATION AND MOBILITY,"Persistent university intentions: Social origin differences in stopping
applying to university after educational rejection(s)"
221,1053,WOS:000999734400001,2023,RESEARCH IN SOCIAL STRATIFICATION AND MOBILITY,"Persistent university intentions: Social origin differences in stopping
applying to university after educational rejection(s)"
845,1053,WOS:000999734400001,2023,RESEARCH IN SOCIAL STRATIFICATION AND MOBILITY,"Persistent university intentions: Social origin differences in stopping
applying to university after educational rejection(s)"
274,391,WOS:000411538600014,2017,SOCIAL SCIENCE RESEARCH,"Applying to college: Do information deficits lower the likelihood of
college-eligible students from less-privileged families to pursue their
college intentions? Evidence from a field experiment"
242,787,WOS:001027993300004,2023,SOCIOLOGICAL METHODOLOGY,Strategies for Multidomain Sequence Analysis in Social Research
221,845,WOS:000440944800002,2018,EUROPEAN SOCIOLOGICAL REVIEW,"Resource Compensation from the Extended Family: Grandparents, Aunts, and
Uncles in Finland and the United States"
155,817,WOS:000576351400001,2020,"SOZIALE WELT-ZEITSCHRIFT FUR SOZIALWISSENSCHAFTLICHE FORSCHUNG UND
PRAXIS","Family Structure and Children's Educational Outcomes The Role of
Economic, Cultural and Social Capital"
155,818,WOS:000576351400001,2020,"SOZIALE WELT-ZEITSCHRIFT FUR SOZIALWISSENSCHAFTLICHE FORSCHUNG UND
PRAXIS","Family Structure and Children's Educational Outcomes The Role of
Economic, Cultural and Social Capital"
817,818,WOS:000576351400001,2020,"SOZIALE WELT-ZEITSCHRIFT FUR SOZIALWISSENSCHAFTLICHE FORSCHUNG UND
PRAXIS","Family Structure and Children's Educational Outcomes The Role of
Economic, Cultural and Social Capital"
293,1047,WOS:000397305300008,2017,EUROPEAN SOCIOLOGICAL REVIEW,"Information Barriers, Social Inequality, and Plans for Higher Education:
Evidence from a Field Experiment"
10,825,WOS:000254293600001,2008,EUROPEAN SOCIOLOGICAL REVIEW,"Does unemployment help or hinder becoming independent? The role of
employment status for leaving the parental home"
133,699,WOS:001411160300001,2025,SOCIAL SCIENCE RESEARCH,Well-being scarring effects of college non-completion
221,845,WOS:000648939100001,2021,EUROPEAN SOCIOLOGICAL REVIEW,"Compensatory and Multiplicative Advantages: Social Origin, School
Performance, and Stratified Higher Education Enrolment in Finland"
221,1053,WOS:000648939100001,2021,EUROPEAN SOCIOLOGICAL REVIEW,"Compensatory and Multiplicative Advantages: Social Origin, School
Performance, and Stratified Higher Education Enrolment in Finland"
845,1053,WOS:000648939100001,2021,EUROPEAN SOCIOLOGICAL REVIEW,"Compensatory and Multiplicative Advantages: Social Origin, School
Performance, and Stratified Higher Education Enrolment in Finland"
123,940,WOS:000440679600001,2018,RESEARCH IN SOCIAL STRATIFICATION AND MOBILITY,"The direct effect of social origin on men's occupational attainment over
the early life course: An Italian-Dutch comparison"
221,845,WOS:001282922100001,2025,ACTA SOCIOLOGICA,"Intergenerational social mobility of cohorts born from 1951 to 1980 in
Finland"
151,701,WOS:000460447500008,2019,EUROPEAN SOCIETIES,"Change in the gender division of domestic work after mothers or fathers
took leave: exploring alternative explanations"
183,808,WOS:000331781700003,2014,ZEITSCHRIFT FUR SOZIOLOGIE,"Social Selectivity and Effectiveness of Private Tutoring among
Elementary School Children in Germany"
104,861,WOS:001202311700001,2025,EUROPEAN SOCIOLOGICAL REVIEW,"A new data infrastructure for family research and demographic analysis:
the German Family Demography Panel Study (FReDA)"
220,1047,WOS:000446192900006,2018,EUROPEAN SOCIOLOGICAL REVIEW,"Explaining Social Inequalities in Access to University: A Test of
Rational Choice Mechanisms in Italy"
3,844,WOS:001300583600014,2024,AMERICAN JOURNAL OF SOCIOLOGY,"Lives in Welfare States: Life Courses, Earnings Accumulation, and
Relative Living Standards in Five European Countries"
220,940,WOS:001012728900001,2023,RESEARCH IN SOCIAL STRATIFICATION AND MOBILITY,"Inequality at the top. The gender earnings gap among the Italian
educational elite"
142,1066,WOS:000444688800006,2017,BERLINER JOURNAL FUR SOZIOLOGIE,"Structural psychology-On the relationship between social space, habitus
and personality"
10,825,WOS:000320414500005,2013,RESEARCH IN SOCIAL STRATIFICATION AND MOBILITY,"Demographic changes, labor markets and their consequences on
post-school-transitions in West Germany 1975-2005"
9,817,WOS:000297479600004,2011,ACTA SOCIOLOGICA,The power of money in dual-earner couples: A comparative study
9,903,WOS:000297479600004,2011,ACTA SOCIOLOGICA,The power of money in dual-earner couples: A comparative study
817,903,WOS:000297479600004,2011,ACTA SOCIOLOGICA,The power of money in dual-earner couples: A comparative study
247,536,WOS:000800272300001,2022,INTERNATIONAL JOURNAL OF COMPARATIVE SOCIOLOGY,"Institutional characteristics of education systems and inequalities:
Introduction II"
203,1192,WOS:000365066600004,2015,ZEITSCHRIFT FUR SOZIOLOGIE,"University Rankings as a New Criterion of Social Inequality in Higher
Education?"
247,536,WOS:000730161400001,2022,INTERNATIONAL JOURNAL OF COMPARATIVE SOCIOLOGY,"Institutional characteristics of education systems and inequalities:
Introduction II"
182,446,WOS:000522165000005,2020,RESEARCH IN SOCIAL STRATIFICATION AND MOBILITY,"Ethnic and social class discrimination in education: Experimental
evidence from Germany"
221,845,WOS:000498874700005,2019,RESEARCH IN SOCIAL STRATIFICATION AND MOBILITY,"Behind every successful (wo)man is a successful parent-in-law? The
association between resources of the partner's parents and individual's
occupational attainment"
155,818,WOS:000773033200002,2021,"SOZIALE WELT-ZEITSCHRIFT FUR SOZIALWISSENSCHAFTLICHE FORSCHUNG UND
PRAXIS","Wer erlebt subjektive Arbeitsplatzunsicherheit durch die digitale
Transformation in Deutschland?"
274,391,WOS:000522165000006,2020,RESEARCH IN SOCIAL STRATIFICATION AND MOBILITY,"Gender differences in the choice of field of study and the relevance of
income information. Insights from a field experiment"
203,699,WOS:000299844600002,2012,ACTA SOCIOLOGICA,"Early transitions and tertiary enrolment: The cumulative impact of
primary and secondary effects on entering university in Germany"
221,845,WOS:000647251800001,2022,ACTA SOCIOLOGICA,"The role of partnering and assortative mating for income inequality: The
case of Finland, 1991-2014"
305,653,WOS:000412832500002,2017,ACTA SOCIOLOGICA,"Ethnic choice effects at the transition into upper-secondary education
in Switzerland"
176,825,WOS:000527549100001,2020,INTERNATIONAL JOURNAL OF COMPARATIVE SOCIOLOGY,"Secondary school subjects and gendered STEM enrollment in higher
education in Germany, Ireland, and Scotland"
293,1047,WOS:000485066000002,2019,EUROPEAN SOCIETIES,"Nudging gender desegregation: a field experiment on the causal effect of
information barriers on gender inequalities in higher education"
274,825,WOS:000355210200003,2015,EUROPEAN SOCIOLOGICAL REVIEW,"Germany's Vocational Education and Training System in Transformation:
Changes in the Participation of Low- and High-Achieving Youth Over Time"
175,176,WOS:000418017000004,2017,ECONOMIC AND SOCIAL REVIEW,"Out-of-School Social Activities among Immigrant-Origin Children Living
in Ireland"
46,278,WOS:000403518500006,2017,JOURNAL OF ECONOMIC PSYCHOLOGY,Involuntary job loss and changes in personality traits
138,1037,WOS:001661144100001,2026,EDUCATIONAL AND PSYCHOLOGICAL MEASUREMENT,"Comparing Different Approaches of (Not) Accounting for Rapid Guessing in
Plausible Values Estimation"
138,1194,WOS:001661144100001,2026,EDUCATIONAL AND PSYCHOLOGICAL MEASUREMENT,"Comparing Different Approaches of (Not) Accounting for Rapid Guessing in
Plausible Values Estimation"
1037,1194,WOS:001661144100001,2026,EDUCATIONAL AND PSYCHOLOGICAL MEASUREMENT,"Comparing Different Approaches of (Not) Accounting for Rapid Guessing in
Plausible Values Estimation"
128,1153,WOS:000306143600008,2012,EDUCATIONAL AND PSYCHOLOGICAL MEASUREMENT,"An Application of Explanatory Item Response Modeling for Model-Based
Proficiency Scaling"
138,513,WOS:000648414100001,2022,EDUCATIONAL AND PSYCHOLOGICAL MEASUREMENT,"Detecting Careless Responding in Survey Data Using Stochastic Gradient
Boosting"
69,667,WOS:000485272700005,2019,EDUCATIONAL AND PSYCHOLOGICAL MEASUREMENT,"When Nonresponse Mechanisms Change: Effects on Trends and Group
Comparisons in International Large-Scale Assessments"
69,1178,WOS:000485272700005,2019,EDUCATIONAL AND PSYCHOLOGICAL MEASUREMENT,"When Nonresponse Mechanisms Change: Effects on Trends and Group
Comparisons in International Large-Scale Assessments"
667,1178,WOS:000485272700005,2019,EDUCATIONAL AND PSYCHOLOGICAL MEASUREMENT,"When Nonresponse Mechanisms Change: Effects on Trends and Group
Comparisons in International Large-Scale Assessments"
149,1032,WOS:000325165000006,2013,SEX ROLES,"Effects of Single-Sex Schooling in the Final Years of High School: A
Comparison of Analysis of Covariance and Propensity Score Matching"
83,926,WOS:000542177500001,2020,FRONTIERS IN PSYCHOLOGY,"Comprehension of Connectives: Development Across Primary School Age and
Influencing Factors"
659,922,WOS:000444132200010,2018,PSYCHOLOGICAL METHODS,"More Stable Estimation of the STARTS Model: A Bayesian Approach Using
Markov Chain Monte Carlo Techniques"
150,922,WOS:000245707600002,2007,PSYCHOLOGISCHE RUNDSCHAU,"Handling of missing data in psychological research:: Problems and
solutions"
280,561,WOS:001079174400001,2023,PSYCHOLOGICAL SCIENCE,Self-Esteem and Income Over Time
55,366,WOS:000585928400001,2020,FRONTIERS IN PSYCHOLOGY,"More Than (Single) Text Comprehension? - On University Students'
Understanding of Multiple Documents"
55,608,WOS:000585928400001,2020,FRONTIERS IN PSYCHOLOGY,"More Than (Single) Text Comprehension? - On University Students'
Understanding of Multiple Documents"
366,608,WOS:000585928400001,2020,FRONTIERS IN PSYCHOLOGY,"More Than (Single) Text Comprehension? - On University Students'
Understanding of Multiple Documents"
55,420,WOS:000387800800001,2016,FRONTIERS IN PSYCHOLOGY,"Training Early Literacy Related Skills: To Which Degree Does a Musical
Training Contribute to Phonological Awareness Development?"
55,421,WOS:000387800800001,2016,FRONTIERS IN PSYCHOLOGY,"Training Early Literacy Related Skills: To Which Degree Does a Musical
Training Contribute to Phonological Awareness Development?"
55,903,WOS:000387800800001,2016,FRONTIERS IN PSYCHOLOGY,"Training Early Literacy Related Skills: To Which Degree Does a Musical
Training Contribute to Phonological Awareness Development?"
420,421,WOS:000387800800001,2016,FRONTIERS IN PSYCHOLOGY,"Training Early Literacy Related Skills: To Which Degree Does a Musical
Training Contribute to Phonological Awareness Development?"
420,903,WOS:000387800800001,2016,FRONTIERS IN PSYCHOLOGY,"Training Early Literacy Related Skills: To Which Degree Does a Musical
Training Contribute to Phonological Awareness Development?"
421,903,WOS:000387800800001,2016,FRONTIERS IN PSYCHOLOGY,"Training Early Literacy Related Skills: To Which Degree Does a Musical
Training Contribute to Phonological Awareness Development?"
302,1210,WOS:001635769100001,2025,INTERNATIONAL JOURNAL OF PSYCHOLOGY,"Freshmen College Transition: A Longitudinal Study of Perceived Stress
and Depression"
33,927,WOS:000543835200001,2020,FRONTIERS IN PSYCHOLOGY,"Longitudinal Effects of the Family Support Program Chancenreich on
Parental Involvement and the Language Skills of Preschool Children"
245,246,WOS:000819598100003,2022,ZEITSCHRIFT FUR PSYCHOLOGIE-JOURNAL OF PSYCHOLOGY,"On the Relationship Between Student Well-Being and Academic Achievement
A Longitudinal Study Among Secondary School Students in Switzerland"
270,281,WOS:000259155300003,2008,INTELLIGENCE,Gender differences in mathematics: Does the story need to be rewritten?
270,673,WOS:000259155300003,2008,INTELLIGENCE,Gender differences in mathematics: Does the story need to be rewritten?
281,673,WOS:000259155300003,2008,INTELLIGENCE,Gender differences in mathematics: Does the story need to be rewritten?
302,642,WOS:000357987400001,2015,FRONTIERS IN PSYCHOLOGY,"The influence of spatial ability and experience on performance during
spaceship rendezvous and docking"
302,1210,WOS:000357987400001,2015,FRONTIERS IN PSYCHOLOGY,"The influence of spatial ability and experience on performance during
spaceship rendezvous and docking"
642,1210,WOS:000357987400001,2015,FRONTIERS IN PSYCHOLOGY,"The influence of spatial ability and experience on performance during
spaceship rendezvous and docking"
138,519,WOS:000572381100001,2020,COLLABRA-PSYCHOLOGY,"Processing the Word Red and Intellectual Performance: Four
Replication Attempts"
178,826,WOS:000445186000003,2018,INTERNATIONAL JOURNAL OF PSYCHOLOGY,"Catching up with wonderful women: The women-are-wonderful effect is
smaller in more gender egalitarian societies"
302,1210,WOS:000828769100001,2022,FRONTIERS IN PSYCHOLOGY,"Social Self-Efficacy and Internet Gaming Disorder Among Chinese
Undergraduates: The Mediating Role of Alexithymia and the Moderating
Role of Empathy"
84,836,WOS:000738842700001,2021,FRONTIERS IN PSYCHOLOGY,Adolescents' Personality Development - A Question of Psychosocial Stress
922,1032,WOS:000259172800003,2008,PSYCHOLOGICAL METHODS,"The multilevel latent covariate model:: A new, more reliable approach to
group-level effects in contextual studies"
38,728,WOS:001188362600001,2024,FRONTIERS IN PSYCHOLOGY,"Where experience makes a difference: teachers' judgment accuracy and
diagnostic reasoning regarding student learning characteristics"
150,505,WOS:000463268000001,2019,COLLABRA-PSYCHOLOGY,"The Relationship between Self-Esteem and Depression when Controlling for
Neuroticism"
55,610,WOS:000299926700004,2012,PSYCHOLOGISCHE RUNDSCHAU,"Development and reciprocal effects of metacognitive and domain specific
knowledge components in secondary school"
55,903,WOS:000299926700004,2012,PSYCHOLOGISCHE RUNDSCHAU,"Development and reciprocal effects of metacognitive and domain specific
knowledge components in secondary school"
55,1071,WOS:000299926700004,2012,PSYCHOLOGISCHE RUNDSCHAU,"Development and reciprocal effects of metacognitive and domain specific
knowledge components in secondary school"
610,903,WOS:000299926700004,2012,PSYCHOLOGISCHE RUNDSCHAU,"Development and reciprocal effects of metacognitive and domain specific
knowledge components in secondary school"
610,1071,WOS:000299926700004,2012,PSYCHOLOGISCHE RUNDSCHAU,"Development and reciprocal effects of metacognitive and domain specific
knowledge components in secondary school"
903,1071,WOS:000299926700004,2012,PSYCHOLOGISCHE RUNDSCHAU,"Development and reciprocal effects of metacognitive and domain specific
knowledge components in secondary school"
280,561,WOS:000422672600001,2018,PSYCHOLOGICAL SCIENCE,Uncovering the Power of Personality to Shape Income
138,516,WOS:000365576800006,2016,JOURNAL OF PSYCHOLOGY,"Examining Individual Differences in Interpersonal Influence: On the
Psychometric Properties of the Generalized Opinion Leadership Scale
(GOLS)"
306,525,WOS:001262250500001,2024,FRONTIERS IN PSYCHOLOGY,"Logics of career choice - concept and results of an approval-sensitive
career guidance workshop"
149,1029,WOS:000444132200007,2018,PSYCHOLOGICAL METHODS,"What to do When Scalar Invariance Fails: The Extended Alignment Method
for Multi-Group Factor Analysis Comparison of Latent Means Across Many
Groups"
149,1030,WOS:000444132200007,2018,PSYCHOLOGICAL METHODS,"What to do When Scalar Invariance Fails: The Extended Alignment Method
for Multi-Group Factor Analysis Comparison of Latent Means Across Many
Groups"
149,1031,WOS:000444132200007,2018,PSYCHOLOGICAL METHODS,"What to do When Scalar Invariance Fails: The Extended Alignment Method
for Multi-Group Factor Analysis Comparison of Latent Means Across Many
Groups"
149,1032,WOS:000444132200007,2018,PSYCHOLOGICAL METHODS,"What to do When Scalar Invariance Fails: The Extended Alignment Method
for Multi-Group Factor Analysis Comparison of Latent Means Across Many
Groups"
1029,1030,WOS:000444132200007,2018,PSYCHOLOGICAL METHODS,"What to do When Scalar Invariance Fails: The Extended Alignment Method
for Multi-Group Factor Analysis Comparison of Latent Means Across Many
Groups"
1029,1031,WOS:000444132200007,2018,PSYCHOLOGICAL METHODS,"What to do When Scalar Invariance Fails: The Extended Alignment Method
for Multi-Group Factor Analysis Comparison of Latent Means Across Many
Groups"
1029,1032,WOS:000444132200007,2018,PSYCHOLOGICAL METHODS,"What to do When Scalar Invariance Fails: The Extended Alignment Method
for Multi-Group Factor Analysis Comparison of Latent Means Across Many
Groups"
1030,1031,WOS:000444132200007,2018,PSYCHOLOGICAL METHODS,"What to do When Scalar Invariance Fails: The Extended Alignment Method
for Multi-Group Factor Analysis Comparison of Latent Means Across Many
Groups"
1030,1032,WOS:000444132200007,2018,PSYCHOLOGICAL METHODS,"What to do When Scalar Invariance Fails: The Extended Alignment Method
for Multi-Group Factor Analysis Comparison of Latent Means Across Many
Groups"
1031,1032,WOS:000444132200007,2018,PSYCHOLOGICAL METHODS,"What to do When Scalar Invariance Fails: The Extended Alignment Method
for Multi-Group Factor Analysis Comparison of Latent Means Across Many
Groups"
135,659,WOS:000456173500005,2019,BRITISH JOURNAL OF PSYCHOLOGY,"Against all odds - is a more differentiated view of personality
development in emerging adulthood needed? The case of young apprentices"
281,633,WOS:000643715400001,2021,FRONTIERS IN PSYCHOLOGY,"Tversky and Kahneman's Cognitive Illusions: Who Can Solve Them, and Why?"
282,920,WOS:000467363400001,2019,FRONTIERS IN PSYCHOLOGY,"Feedback Enhances Preschoolers' Performance in an Inhibitory Control
Task"
55,800,WOS:000440752100001,2018,FRONTIERS IN PSYCHOLOGY,"New Challenge, New Motivation? Goal Orientation Development in Graduates
of Higher Track Schools and Their Peers in Vocational Training"
55,801,WOS:000440752100001,2018,FRONTIERS IN PSYCHOLOGY,"New Challenge, New Motivation? Goal Orientation Development in Graduates
of Higher Track Schools and Their Peers in Vocational Training"
800,801,WOS:000440752100001,2018,FRONTIERS IN PSYCHOLOGY,"New Challenge, New Motivation? Goal Orientation Development in Graduates
of Higher Track Schools and Their Peers in Vocational Training"
922,1032,WOS:000297849800006,2011,PSYCHOLOGICAL METHODS,"A 2 x 2 Taxonomy of Multilevel Latent Contextual Models: Accuracy-Bias
Trade-Offs in Full and Partial Error Correction Models"
260,659,WOS:001319736000001,2025,BRITISH JOURNAL OF PSYCHOLOGY,"Who tends to be a perfectionistic adolescent? Distinguishing
perfectionism from excellencism and investigating the links with the Big
Five and self-esteem"
135,659,WOS:000493297900001,2019,COLLABRA-PSYCHOLOGY,"Testing Competing Hypotheses on the Interplay of Importance and Support
of the Basic Psychological Needs at Work and Personality Development
with Response Surface Analysis"
149,1032,WOS:000324079900001,2013,PSYCHOLOGICAL METHODS,"Why Item Parcels Are (Almost) Never Appropriate: Two Wrongs Do Not Make
a Right-Camouflaging Misspecification With Item Parcels in CFA Models"
260,659,WOS:000762689400001,2022,PSYCHOLOGICAL SCIENCE,"Acting Like a Baby Boomer? Birth-Cohort Differences in Adults'
Personality Trajectories During the Last Half a Century"
561,659,WOS:000502303500010,2019,AMERICAN PSYCHOLOGIST,The Policy Relevance of Personality Traits
561,1015,WOS:000502303500010,2019,AMERICAN PSYCHOLOGIST,The Policy Relevance of Personality Traits
659,1015,WOS:000502303500010,2019,AMERICAN PSYCHOLOGIST,The Policy Relevance of Personality Traits
150,1177,WOS:000302144000010,2012,PSYCHOLOGICAL SCIENCE,"Military Training and Personality Trait Development: Does the Military
Make the Man, or Does the Man Make the Military?"
28,132,WOS:000299926700003,2012,PSYCHOLOGISCHE RUNDSCHAU,"Cognitive psychological aspects of a competence model of
picture-text-integration"
138,609,WOS:000937075000005,2023,ZEITSCHRIFT FUR PSYCHOLOGIE-JOURNAL OF PSYCHOLOGY,Meta-Analytic Structural Equation Modeling With Fallible Measurements
84,1199,WOS:000439411300001,2018,FRONTIERS IN PSYCHOLOGY,"The Big-Fish-Little-Pond Effect on the Four Facets of Academic
Self-Concept"
138,519,WOS:000365031100009,2015,SCANDINAVIAN JOURNAL OF PSYCHOLOGY,"Psychological effects of (non)employment: A cross-national comparison
ofthe United States and Japan"
149,695,WOS:000334852600001,2014,FRONTIERS IN PSYCHOLOGY,"Analyzing average and conditional effects with multigroup multilevel
structural equation models"
280,561,WOS:000551974100001,2020,CURRENT DIRECTIONS IN PSYCHOLOGICAL SCIENCE,"Toward an Integrative Model of Sources of Personality Stability and
Change"
280,659,WOS:000551974100001,2020,CURRENT DIRECTIONS IN PSYCHOLOGICAL SCIENCE,"Toward an Integrative Model of Sources of Personality Stability and
Change"
561,659,WOS:000551974100001,2020,CURRENT DIRECTIONS IN PSYCHOLOGICAL SCIENCE,"Toward an Integrative Model of Sources of Personality Stability and
Change"
297,1181,WOS:000729893900001,2021,FRONTIERS IN PSYCHOLOGY,"How Children and Adolescents Perceive Their Coping With Home Learning in
Times of COVID-19: A Mixed Method Approach"
297,1184,WOS:000729893900001,2021,FRONTIERS IN PSYCHOLOGY,"How Children and Adolescents Perceive Their Coping With Home Learning in
Times of COVID-19: A Mixed Method Approach"
1181,1184,WOS:000729893900001,2021,FRONTIERS IN PSYCHOLOGY,"How Children and Adolescents Perceive Their Coping With Home Learning in
Times of COVID-19: A Mixed Method Approach"
216,1174,WOS:000537842100001,2020,FRONTIERS IN PSYCHOLOGY,"Mindfulness-Based Student Training Leads to a Reduction in Physiological
Evaluated Stress"
270,281,WOS:000327289500009,2013,INTELLIGENCE,"Gender differences in the mean level, variability, and profile shape of
student achievement: Results from 41 countries"
865,949,WOS:000405527000005,2017,SOCIAL SCIENCE COMPUTER REVIEW,"Does the Recruitment of Offline Households Increase the Sample
Representativeness of Probability-Based Online Panels? Evidence From the
German Internet Panel"
865,1124,WOS:000405527000005,2017,SOCIAL SCIENCE COMPUTER REVIEW,"Does the Recruitment of Offline Households Increase the Sample
Representativeness of Probability-Based Online Panels? Evidence From the
German Internet Panel"
949,1124,WOS:000405527000005,2017,SOCIAL SCIENCE COMPUTER REVIEW,"Does the Recruitment of Offline Households Increase the Sample
Representativeness of Probability-Based Online Panels? Evidence From the
German Internet Panel"
261,853,WOS:001208796400001,2025,SOCIAL SCIENCE COMPUTER REVIEW,"Assessing Data Quality in the Age of Digital Social Research: A
Systematic Review"
261,861,WOS:001208796400001,2025,SOCIAL SCIENCE COMPUTER REVIEW,"Assessing Data Quality in the Age of Digital Social Research: A
Systematic Review"
853,861,WOS:001208796400001,2025,SOCIAL SCIENCE COMPUTER REVIEW,"Assessing Data Quality in the Age of Digital Social Research: A
Systematic Review"
138,516,WOS:000471355500030,2019,COMPUTERS IN HUMAN BEHAVIOR,"Shyness and social media use: A meta-analytic summary of moderating and
mediating effects"
55,572,WOS:001252858000001,2024,COMPUTERS IN HUMAN BEHAVIOR,"Not easy to get off track: Motivational trajectories of learners
completing a non-formal online course"
55,1094,WOS:001252858000001,2024,COMPUTERS IN HUMAN BEHAVIOR,"Not easy to get off track: Motivational trajectories of learners
completing a non-formal online course"
572,1094,WOS:001252858000001,2024,COMPUTERS IN HUMAN BEHAVIOR,"Not easy to get off track: Motivational trajectories of learners
completing a non-formal online course"
216,823,WOS:000271222300007,2009,PSYCHOSOMATIC MEDICINE,Autonomy of Autonomic Dysfunction in Major Depression
138,516,WOS:000457666400006,2019,COMPUTERS IN HUMAN BEHAVIOR,"Are robots becoming unpopular? Changes in attitudes towards autonomous
robotic systems in Europe"
138,516,WOS:000282155200050,2010,COMPUTERS IN HUMAN BEHAVIOR,Color red in web-based knowledge testing
284,862,WOS:000419763400014,2018,QUALITATIVE HEALTH RESEARCH,"``In the Sport I Am Here{''}: Therapeutic Processes and Health Effects
of Sport and Exercise on PTSD"
134,420,WOS:001188107900001,2023,NATURE HUMAN BEHAVIOUR,Ethnic diversity fosters the social integration of refugee students
134,501,WOS:001188107900001,2023,NATURE HUMAN BEHAVIOUR,Ethnic diversity fosters the social integration of refugee students
420,501,WOS:001188107900001,2023,NATURE HUMAN BEHAVIOUR,Ethnic diversity fosters the social integration of refugee students
302,794,WOS:000636761700007,2021,ACCIDENT ANALYSIS AND PREVENTION,"The development and validation of the perceived safety of intelligent
connected vehicles scale"
280,753,WOS:000269067100004,2009,JOURNAL OF ABNORMAL PSYCHOLOGY,"Low Self-Esteem Is a Risk Factor for Depressive Symptoms From Young
Adulthood to Old Age"
280,774,WOS:000269067100004,2009,JOURNAL OF ABNORMAL PSYCHOLOGY,"Low Self-Esteem Is a Risk Factor for Depressive Symptoms From Young
Adulthood to Old Age"
753,774,WOS:000269067100004,2009,JOURNAL OF ABNORMAL PSYCHOLOGY,"Low Self-Esteem Is a Risk Factor for Depressive Symptoms From Young
Adulthood to Old Age"
6,801,WOS:000385709600007,2016,MEDIA CULTURE \& SOCIETY,Post-feminism for children: feminism ``repackaged' in the Bratz films
69,143,WOS:000594093100004,2020,"METHODOLOGY-EUROPEAN JOURNAL OF RESEARCH METHODS FOR THE BEHAVIORAL AND
SOCIAL SCIENCES","Performance of Missing Data Approaches Under Non ignorable Missing Data
Conditions"
138,516,WOS:000847813600001,2023,PSYCHOLOGY OF POPULAR MEDIA,"Women in Fiction: Bechdel-Wallace Test Results for the Highest-Grossing
Movies of the Last Four Decades"
138,516,WOS:000436639800005,2018,JOURNAL OF MEDIA PSYCHOLOGY-THEORIES METHODS AND APPLICATIONS,"Intensity of Facebook Use Is Associated With Lower Self-Concept Clarity
Cross-Sectional and Longitudinal Evidence"
143,904,WOS:000355099300003,2015,ETHNIC AND RACIAL STUDIES,"Turkish-language ability of children of immigrants in Germany: which
contexts of exposure influence preschool children's acquisition of their
heritage language?"
151,701,WOS:000436406100016,2018,JOURNAL OF MARRIAGE AND FAMILY,"Public Child-Care Expansion and Changing Gender Ideologies of Parents in
Germany"
3,242,WOS:001155391000001,2025,SOCIOLOGICAL METHODS \& RESEARCH,"Life-Course-Sensitive Analysis of Group Inequalities: Combining Sequence
Analysis With the Kitagawa-Oaxaca-Blinder Decomposition"
2,3,WOS:000276855000004,2010,SOCIOLOGICAL METHODS \& RESEARCH,"New Life for Old Ideas: The ``Second Wave'' of Sequence Analysis
Bringing the ``Course'' Back Into the Life Course"
207,273,WOS:001566606000001,2026,WORK EMPLOYMENT AND SOCIETY,"Special NEETs: Institutional Influences on School-to-Work Transitions of
Young People with Disabilities in Europe"
221,228,WOS:000369964600006,2016,WORK EMPLOYMENT AND SOCIETY,"Does adult education contribute to securing non-precarious employment? A
cross-national comparison"
5,7,WOS:000309577000007,2012,INTERNATIONAL REVIEW FOR THE SOCIOLOGY OF SPORT,"The rise of the underdog? The relative age effect reversal among
Canadian-born NHL hockey players: A reply to Nolan and Howell"
3,595,WOS:001601083500001,2025,SOCIO-ECONOMIC REVIEW,"Insurance against risk? Cost and compensation of job loss in different
welfare states"
3,844,WOS:001601083500001,2025,SOCIO-ECONOMIC REVIEW,"Insurance against risk? Cost and compensation of job loss in different
welfare states"
595,844,WOS:001601083500001,2025,SOCIO-ECONOMIC REVIEW,"Insurance against risk? Cost and compensation of job loss in different
welfare states"
123,940,WOS:000426083500008,2018,SOCIO-ECONOMIC REVIEW,"Institutions and the school-to-work transition: disentangling the role
of the macro-institutional context"
42,801,WOS:000241981300005,2006,JOURNAL OF BIOSOCIAL SCIENCE,"Disagreement in spousal reports of current contraceptive use in
sub-Saharan Africa"
302,325,WOS:001546901900001,2025,INTERNATIONAL JOURNAL OF HUMAN-COMPUTER STUDIES,"Measuring understandability of intelligent systems: Scale development
and validation across three domains"
21,882,WOS:000385863900005,2016,WORK EMPLOYMENT AND SOCIETY,"Why do occupations dominated by women pay less? How ``female-typical'
work tasks and working-time arrangements affect the gender wage gap
among higher education graduates"
3,787,WOS:000342981000004,2014,SOCIOLOGICAL METHODS \& RESEARCH,"Visualizing Sequences in the Social Sciences: Relative Frequency
Sequence Plots"
165,779,WOS:000404529200008,2017,WORK EMPLOYMENT AND SOCIETY,"The shadow of future homeownership: the association of wanting to move
into homeownership with labour supply"
302,586,WOS:001455329200004,2025,BMC MEDICAL EDUCATION,"The impact of grade point average on medical students' perception of the
learning environment: a multicenter cross-sectional study across 12
Chinese medical schools"
586,1188,WOS:001503881200003,2025,BMC MEDICAL EDUCATION,"Iteratively refined ChatGPT outperforms clinical mentors in generating
high-quality interprofessional education clinical scenarios: a
comparative study"
350,884,WOS:000924781900005,2023,BMC MEDICAL EDUCATION,"Learners' characteristics and the mastery of digital education during
the COVID-19 pandemic in students of a medical faculty in Germany"
302,586,WOS:001455209000008,2025,BMC MEDICAL EDUCATION,"Integrating AI into clinical education: evaluating general practice
trainees' proficiency in distinguishing AI-generated hallucinations and
impacting factors"
302,1210,WOS:001455209000008,2025,BMC MEDICAL EDUCATION,"Integrating AI into clinical education: evaluating general practice
trainees' proficiency in distinguishing AI-generated hallucinations and
impacting factors"
586,1210,WOS:001455209000008,2025,BMC MEDICAL EDUCATION,"Integrating AI into clinical education: evaluating general practice
trainees' proficiency in distinguishing AI-generated hallucinations and
impacting factors"
586,1030,WOS:000934511200003,2023,BMC MEDICAL EDUCATION,"Perceived social support and professional identity in nursing students
during the COVID-19 pandemic era: the mediating effects of self-efficacy
and the moderating role of anxiety"
423,500,WOS:000525859000005,2020,LEARNING AND INSTRUCTION,"Self-fulfilling prophecies in the classroom: Teacher expectations,
teacher feedback and student achievement"
423,501,WOS:000525859000005,2020,LEARNING AND INSTRUCTION,"Self-fulfilling prophecies in the classroom: Teacher expectations,
teacher feedback and student achievement"
423,550,WOS:000525859000005,2020,LEARNING AND INSTRUCTION,"Self-fulfilling prophecies in the classroom: Teacher expectations,
teacher feedback and student achievement"
500,501,WOS:000525859000005,2020,LEARNING AND INSTRUCTION,"Self-fulfilling prophecies in the classroom: Teacher expectations,
teacher feedback and student achievement"
500,550,WOS:000525859000005,2020,LEARNING AND INSTRUCTION,"Self-fulfilling prophecies in the classroom: Teacher expectations,
teacher feedback and student achievement"
501,550,WOS:000525859000005,2020,LEARNING AND INSTRUCTION,"Self-fulfilling prophecies in the classroom: Teacher expectations,
teacher feedback and student achievement"
421,624,WOS:000352248800008,2015,LEARNING AND INSTRUCTION,"The effect of speaking a minority language at home on foreign language
learning"
376,600,WOS:001498770800005,2025,SOCIAL INCLUSION,"Socio-Economic and Gender Differences in Post-Secondary Pathways in the
UK, Germany, and Australia"
376,377,WOS:000810235800014,2022,SOCIAL INCLUSION,"Health, Personality Disorders, Work Commitment, and
Training-to-Employment Transitions"
592,594,WOS:001498770800003,2025,SOCIAL INCLUSION,"Can Educational Policy Influence Major Choices in Higher Education
Through Changes in School Curriculum?"
520,777,WOS:000762963300001,2023,TEACHING OF PSYCHOLOGY,"The Testing Effect in University Teaching: Using Multiple-Choice Testing
to Promote Retention of Highly Retrievable Information"
586,794,WOS:001028881800001,2023,INTERNATIONAL JOURNAL OF INTERCULTURAL RELATIONS,"Exposure to negative foreign COVID-19 news predicts lower support for
immigration policy in China"
493,614,WOS:000680313200001,2021,EDUCATIONAL PSYCHOLOGY,"Maths, German, and English teachers' student specific self-efficacy - is
it a matter of students' characteristics?"
493,623,WOS:000680313200001,2021,EDUCATIONAL PSYCHOLOGY,"Maths, German, and English teachers' student specific self-efficacy - is
it a matter of students' characteristics?"
614,623,WOS:000680313200001,2021,EDUCATIONAL PSYCHOLOGY,"Maths, German, and English teachers' student specific self-efficacy - is
it a matter of students' characteristics?"
439,541,WOS:000659531000010,2021,LEARNING AND INSTRUCTION,"Does it pay to be one of the oldest in class? Relative age effects on
academic self-concept, peer relations, and teacher judgments in German
primary schools"
439,740,WOS:000659531000010,2021,LEARNING AND INSTRUCTION,"Does it pay to be one of the oldest in class? Relative age effects on
academic self-concept, peer relations, and teacher judgments in German
primary schools"
541,740,WOS:000659531000010,2021,LEARNING AND INSTRUCTION,"Does it pay to be one of the oldest in class? Relative age effects on
academic self-concept, peer relations, and teacher judgments in German
primary schools"
365,366,WOS:000482247700001,2019,STUDIES IN EDUCATIONAL EVALUATION,"What makes the difference? The impact of item properties on mode effects
in reading assessments"
420,533,WOS:001581107100001,2025,LEARNING AND INSTRUCTION,"COVID-19-related differences in students' verbal achievements:
Comparisons of different cohorts of students with SEN based on
large-scale assessment data from Germany"
420,533,WOS:000322943400003,2013,LEARNING AND INSTRUCTION,"Second language learners' performance in mathematics: Disentangling the
effects of academic language features"
420,681,WOS:000322943400003,2013,LEARNING AND INSTRUCTION,"Second language learners' performance in mathematics: Disentangling the
effects of academic language features"
420,841,WOS:000322943400003,2013,LEARNING AND INSTRUCTION,"Second language learners' performance in mathematics: Disentangling the
effects of academic language features"
533,681,WOS:000322943400003,2013,LEARNING AND INSTRUCTION,"Second language learners' performance in mathematics: Disentangling the
effects of academic language features"
533,841,WOS:000322943400003,2013,LEARNING AND INSTRUCTION,"Second language learners' performance in mathematics: Disentangling the
effects of academic language features"
681,841,WOS:000322943400003,2013,LEARNING AND INSTRUCTION,"Second language learners' performance in mathematics: Disentangling the
effects of academic language features"
365,366,WOS:000475279800001,2019,EDUCATIONAL MEASUREMENT-ISSUES AND PRACTICE,"Construct Equivalence of PISA Reading Comprehension Measured With
Paper-Based and Computer-Based Assessments"
493,521,WOS:000530893600008,2020,STUDIES IN EDUCATIONAL EVALUATION,"Assessing perceptions of resources and inclusive teaching practices: A
cross-country study between German and Saudi students in inclusive
schools"
372,493,WOS:000382554600009,2016,EDUCATIONAL PSYCHOLOGY,"Social acceptance of students with Down syndrome and students without
disability"
550,1103,WOS:000440045400013,2018,JOURNAL OF HAPPINESS STUDIES,"What Makes a Satisfied Immigrant? Host-Country Characteristics and
Immigrants' Life Satisfaction in Eighteen European Countries"
520,776,WOS:000432155600004,2018,EDUCATIONAL PSYCHOLOGY,"Incidental vocabulary acquisition from listening to stories: a
comparison between read-aloud and free storytelling approaches"
373,837,WOS:000678490200014,2021,LEARNING AND INSTRUCTION,"Emotionally and motivationally supportive classrooms: A state-trait
analysis of lesson- and classroom-specific variation in teacher- and
student-reported teacher enthusiasm and student engagement"
372,1161,WOS:001067626700001,2023,JOURNAL OF RESEARCH IN READING,"Classroom effects are as large as grade-level effects on
curriculum-based measurement maze reading scores of secondary school
students with and without special educational needs"
420,903,WOS:000354948800007,2015,READING AND WRITING,"Components of reading comprehension in adolescent first-language and
second-language students from low-track schools"
1087,1169,WOS:001591090300001,2025,EDUCATIONAL PSYCHOLOGY,"Motivation and self-regulated learning as predictors of learning
resource use in learning management systems in higher education"
420,681,WOS:000348718400005,2015,READING RESEARCH QUARTERLY,"The Role of Academic-Language Features for Reading Comprehension of
Language-Minority Students and Students From Low-SES Families"
420,841,WOS:000348718400005,2015,READING RESEARCH QUARTERLY,"The Role of Academic-Language Features for Reading Comprehension of
Language-Minority Students and Students From Low-SES Families"
681,841,WOS:000348718400005,2015,READING RESEARCH QUARTERLY,"The Role of Academic-Language Features for Reading Comprehension of
Language-Minority Students and Students From Low-SES Families"
358,794,WOS:001527668900001,2025,INSTRUCTIONAL SCIENCE,"Kindergarten instructional practices and child reading and math growth
from kindergarten through third grade"
430,1018,WOS:000453494800015,2018,STUDIES IN EDUCATIONAL EVALUATION,"Does the the textbook matter? Longitudinal effects of textbook choice on
primary school students' achievement in mathematics"
419,991,WOS:001319060000001,2025,LEARNING AND INSTRUCTION,"Is the clique a pond? The big-fish-little-pond effect and the relative
meaning of clique and classroom"
419,992,WOS:001319060000001,2025,LEARNING AND INSTRUCTION,"Is the clique a pond? The big-fish-little-pond effect and the relative
meaning of clique and classroom"
991,992,WOS:001319060000001,2025,LEARNING AND INSTRUCTION,"Is the clique a pond? The big-fish-little-pond effect and the relative
meaning of clique and classroom"
580,886,WOS:000484870400005,2019,LEARNING AND INSTRUCTION,"Instructional quality and achievement inequality: How effective is
teaching in closing the social achievement gap?"
520,903,WOS:000317526300007,2013,JOURNAL OF RESEARCH IN READING,"Rethinking strategy instruction: direct reading strategy instruction
versus computer-based guided practice"
493,797,WOS:000821443500001,2022,EDUCATIONAL PSYCHOLOGY,"Investigating teachers' dyadic self-efficacy and its correlations to
students' perceptions of teacher efficacy and student well-being"
430,1018,WOS:000599715900005,2021,LEARNING AND INSTRUCTION,"Are first graders' arithmetic skills related to the quality of
mathematics textbooks? A study on students' use of arithmetic principles"
423,500,WOS:001096931600001,2024,SOCIOLOGY OF EDUCATION,"Non-native Accents among School Beginners and Teacher Expectations for
Future Student Achievements"
423,501,WOS:001096931600001,2024,SOCIOLOGY OF EDUCATION,"Non-native Accents among School Beginners and Teacher Expectations for
Future Student Achievements"
423,550,WOS:001096931600001,2024,SOCIOLOGY OF EDUCATION,"Non-native Accents among School Beginners and Teacher Expectations for
Future Student Achievements"
500,501,WOS:001096931600001,2024,SOCIOLOGY OF EDUCATION,"Non-native Accents among School Beginners and Teacher Expectations for
Future Student Achievements"
500,550,WOS:001096931600001,2024,SOCIOLOGY OF EDUCATION,"Non-native Accents among School Beginners and Teacher Expectations for
Future Student Achievements"
501,550,WOS:001096931600001,2024,SOCIOLOGY OF EDUCATION,"Non-native Accents among School Beginners and Teacher Expectations for
Future Student Achievements"
393,396,WOS:001495152900001,2025,EARLY CHILDHOOD RESEARCH QUARTERLY,"Associations between daily parent-teacher communication, child's problem
behavior, and parent-child relationship mediated by parental
self-efficacy"
393,399,WOS:001495152900001,2025,EARLY CHILDHOOD RESEARCH QUARTERLY,"Associations between daily parent-teacher communication, child's problem
behavior, and parent-child relationship mediated by parental
self-efficacy"
396,399,WOS:001495152900001,2025,EARLY CHILDHOOD RESEARCH QUARTERLY,"Associations between daily parent-teacher communication, child's problem
behavior, and parent-child relationship mediated by parental
self-efficacy"
520,776,WOS:000646112400001,2022,EARLY EDUCATION AND DEVELOPMENT,Shared-Reading Onset and Emergent Literacy Development
439,639,WOS:000390584600005,2017,GIFTED CHILD QUARTERLY,"Grade Skipping From the Perspective of Teachers in Germany: The Links
Between Teachers' Decisions, Acceptance, and Perceived Knowledge"
439,740,WOS:000390584600005,2017,GIFTED CHILD QUARTERLY,"Grade Skipping From the Perspective of Teachers in Germany: The Links
Between Teachers' Decisions, Acceptance, and Perceived Knowledge"
639,740,WOS:000390584600005,2017,GIFTED CHILD QUARTERLY,"Grade Skipping From the Perspective of Teachers in Germany: The Links
Between Teachers' Decisions, Acceptance, and Perceived Knowledge"
420,423,WOS:000371159800004,2016,KOLNER ZEITSCHRIFT FUR SOZIOLOGIE UND SOZIALPSYCHOLOGIE,"Stereotypes Among Teachers? A Study of Systematic Bias in Teacher
Expectations"
420,500,WOS:000371159800004,2016,KOLNER ZEITSCHRIFT FUR SOZIOLOGIE UND SOZIALPSYCHOLOGIE,"Stereotypes Among Teachers? A Study of Systematic Bias in Teacher
Expectations"
420,501,WOS:000371159800004,2016,KOLNER ZEITSCHRIFT FUR SOZIOLOGIE UND SOZIALPSYCHOLOGIE,"Stereotypes Among Teachers? A Study of Systematic Bias in Teacher
Expectations"
423,500,WOS:000371159800004,2016,KOLNER ZEITSCHRIFT FUR SOZIOLOGIE UND SOZIALPSYCHOLOGIE,"Stereotypes Among Teachers? A Study of Systematic Bias in Teacher
Expectations"
423,501,WOS:000371159800004,2016,KOLNER ZEITSCHRIFT FUR SOZIOLOGIE UND SOZIALPSYCHOLOGIE,"Stereotypes Among Teachers? A Study of Systematic Bias in Teacher
Expectations"
500,501,WOS:000371159800004,2016,KOLNER ZEITSCHRIFT FUR SOZIOLOGIE UND SOZIALPSYCHOLOGIE,"Stereotypes Among Teachers? A Study of Systematic Bias in Teacher
Expectations"
376,377,WOS:001545977600001,2026,SOCIOLOGY OF EDUCATION,"Study Programs, Public Rankings, and College Enrollment Intentions:
Results from a Survey Experiment on Study Program Content, Flexibility,
and Support"
358,794,WOS:000473839000023,2019,EARLY CHILDHOOD RESEARCH QUARTERLY,"Disparities in kindergarteners' executive functions at kindergarten
entry: Relations with parenting and child care"
520,776,WOS:000462105800006,2019,EARLY CHILDHOOD RESEARCH QUARTERLY,"The effects of questions during shared-reading: Do demand-level and
placement really matter?"
520,776,WOS:000527922800030,2020,EARLY CHILDHOOD RESEARCH QUARTERLY,"More than words: Narrator engagement during storytelling increases
children's word learning, story comprehension, and on-task behavior"
529,889,WOS:000591093000001,2021,INTERNATIONAL JOURNAL FOR EDUCATIONAL AND VOCATIONAL GUIDANCE,"`My family's goals are also my goals': the relationship between
collectivism, distal utility value, and learning and career goals of
international university students in Germany"
592,825,WOS:001451181600001,2025,SOCIOLOGY OF EDUCATION,"Guidance Counseling Can Reduce Inequality in University Enrollment in
Germany: Results from a Randomized Controlled Trial"
592,961,WOS:001451181600001,2025,SOCIOLOGY OF EDUCATION,"Guidance Counseling Can Reduce Inequality in University Enrollment in
Germany: Results from a Randomized Controlled Trial"
825,961,WOS:001451181600001,2025,SOCIOLOGY OF EDUCATION,"Guidance Counseling Can Reduce Inequality in University Enrollment in
Germany: Results from a Randomized Controlled Trial"
580,886,WOS:000487068400008,2019,BRITISH JOURNAL OF SOCIOLOGY OF EDUCATION,"The role of socioeconomic background and prior achievement for students'
perception of teacher support"
321,536,WOS:000293098700010,2011,ZEITSCHRIFT FUR ERZIEHUNGSWISSENSCHAFT,Educational returns over the life course
321,537,WOS:000293098700010,2011,ZEITSCHRIFT FUR ERZIEHUNGSWISSENSCHAFT,Educational returns over the life course
536,537,WOS:000293098700010,2011,ZEITSCHRIFT FUR ERZIEHUNGSWISSENSCHAFT,Educational returns over the life course
502,1022,WOS:001365231700002,2024,NPJ SCIENCE OF LEARNING,"Inequality in pandemic effects on school track placement and the role of
social and academic embeddedness"
420,533,WOS:000337793100001,2014,KOLNER ZEITSCHRIFT FUR SOZIOLOGIE UND SOZIALPSYCHOLOGIE,"Where do students with special educational needs learn better? A
comparison of achievement between regular primary schools and special
schools"
420,663,WOS:000337793100001,2014,KOLNER ZEITSCHRIFT FUR SOZIOLOGIE UND SOZIALPSYCHOLOGIE,"Where do students with special educational needs learn better? A
comparison of achievement between regular primary schools and special
schools"
420,964,WOS:000337793100001,2014,KOLNER ZEITSCHRIFT FUR SOZIOLOGIE UND SOZIALPSYCHOLOGIE,"Where do students with special educational needs learn better? A
comparison of achievement between regular primary schools and special
schools"
533,663,WOS:000337793100001,2014,KOLNER ZEITSCHRIFT FUR SOZIOLOGIE UND SOZIALPSYCHOLOGIE,"Where do students with special educational needs learn better? A
comparison of achievement between regular primary schools and special
schools"
533,964,WOS:000337793100001,2014,KOLNER ZEITSCHRIFT FUR SOZIOLOGIE UND SOZIALPSYCHOLOGIE,"Where do students with special educational needs learn better? A
comparison of achievement between regular primary schools and special
schools"
663,964,WOS:000337793100001,2014,KOLNER ZEITSCHRIFT FUR SOZIOLOGIE UND SOZIALPSYCHOLOGIE,"Where do students with special educational needs learn better? A
comparison of achievement between regular primary schools and special
schools"
420,501,WOS:000644381600004,2021,KOLNER ZEITSCHRIFT FUR SOZIOLOGIE UND SOZIALPSYCHOLOGIE,"Ethnic Segregation Between School Types in Multi-tiered School Systems
and Two-tiered Systems Analyses with Respect to School Structural
Reforms in Berlin, Bremen, and Hamburg"
420,1079,WOS:000644381600004,2021,KOLNER ZEITSCHRIFT FUR SOZIOLOGIE UND SOZIALPSYCHOLOGIE,"Ethnic Segregation Between School Types in Multi-tiered School Systems
and Two-tiered Systems Analyses with Respect to School Structural
Reforms in Berlin, Bremen, and Hamburg"
501,1079,WOS:000644381600004,2021,KOLNER ZEITSCHRIFT FUR SOZIOLOGIE UND SOZIALPSYCHOLOGIE,"Ethnic Segregation Between School Types in Multi-tiered School Systems
and Two-tiered Systems Analyses with Respect to School Structural
Reforms in Berlin, Bremen, and Hamburg"
600,911,WOS:001484587300001,2025,SOCIAL INDICATORS RESEARCH,"Revisiting the Mental Health Impact of COVID-19 on Young Adults in the
UK: Long-Term Trends, Temporary Setbacks, and Recovery"
317,318,WOS:001088340600001,2023,TEACHING AND TEACHER EDUCATION,"Investigating preservice teachers' field-specific ability beliefs: Do
they believe innate talent is essential for success in their subject?"
317,545,WOS:001088340600001,2023,TEACHING AND TEACHER EDUCATION,"Investigating preservice teachers' field-specific ability beliefs: Do
they believe innate talent is essential for success in their subject?"
318,545,WOS:001088340600001,2023,TEACHING AND TEACHER EDUCATION,"Investigating preservice teachers' field-specific ability beliefs: Do
they believe innate talent is essential for success in their subject?"
420,500,WOS:000439193600009,2018,ZEITSCHRIFT FUR ERZIEHUNGSWISSENSCHAFT,"Teachers' perceptions of students' motivation and learning behaviour and
their role in biased teacher achievement expectations"
420,501,WOS:000439193600009,2018,ZEITSCHRIFT FUR ERZIEHUNGSWISSENSCHAFT,"Teachers' perceptions of students' motivation and learning behaviour and
their role in biased teacher achievement expectations"
420,1079,WOS:000439193600009,2018,ZEITSCHRIFT FUR ERZIEHUNGSWISSENSCHAFT,"Teachers' perceptions of students' motivation and learning behaviour and
their role in biased teacher achievement expectations"
500,501,WOS:000439193600009,2018,ZEITSCHRIFT FUR ERZIEHUNGSWISSENSCHAFT,"Teachers' perceptions of students' motivation and learning behaviour and
their role in biased teacher achievement expectations"
500,1079,WOS:000439193600009,2018,ZEITSCHRIFT FUR ERZIEHUNGSWISSENSCHAFT,"Teachers' perceptions of students' motivation and learning behaviour and
their role in biased teacher achievement expectations"
501,1079,WOS:000439193600009,2018,ZEITSCHRIFT FUR ERZIEHUNGSWISSENSCHAFT,"Teachers' perceptions of students' motivation and learning behaviour and
their role in biased teacher achievement expectations"
374,591,WOS:000427447300006,2018,ZEITSCHRIFT FUR SOZIOLOGIE DER ERZIEHUNG UND SOZIALISATION,"The Impact of Intergenerational Educational Mobility on Students'
Subjective Health and Life Satisfaction in Germany"
374,981,WOS:000427447300006,2018,ZEITSCHRIFT FUR SOZIOLOGIE DER ERZIEHUNG UND SOZIALISATION,"The Impact of Intergenerational Educational Mobility on Students'
Subjective Health and Life Satisfaction in Germany"
374,982,WOS:000427447300006,2018,ZEITSCHRIFT FUR SOZIOLOGIE DER ERZIEHUNG UND SOZIALISATION,"The Impact of Intergenerational Educational Mobility on Students'
Subjective Health and Life Satisfaction in Germany"
374,983,WOS:000427447300006,2018,ZEITSCHRIFT FUR SOZIOLOGIE DER ERZIEHUNG UND SOZIALISATION,"The Impact of Intergenerational Educational Mobility on Students'
Subjective Health and Life Satisfaction in Germany"
374,984,WOS:000427447300006,2018,ZEITSCHRIFT FUR SOZIOLOGIE DER ERZIEHUNG UND SOZIALISATION,"The Impact of Intergenerational Educational Mobility on Students'
Subjective Health and Life Satisfaction in Germany"
374,985,WOS:000427447300006,2018,ZEITSCHRIFT FUR SOZIOLOGIE DER ERZIEHUNG UND SOZIALISATION,"The Impact of Intergenerational Educational Mobility on Students'
Subjective Health and Life Satisfaction in Germany"
591,981,WOS:000427447300006,2018,ZEITSCHRIFT FUR SOZIOLOGIE DER ERZIEHUNG UND SOZIALISATION,"The Impact of Intergenerational Educational Mobility on Students'
Subjective Health and Life Satisfaction in Germany"
591,982,WOS:000427447300006,2018,ZEITSCHRIFT FUR SOZIOLOGIE DER ERZIEHUNG UND SOZIALISATION,"The Impact of Intergenerational Educational Mobility on Students'
Subjective Health and Life Satisfaction in Germany"
591,983,WOS:000427447300006,2018,ZEITSCHRIFT FUR SOZIOLOGIE DER ERZIEHUNG UND SOZIALISATION,"The Impact of Intergenerational Educational Mobility on Students'
Subjective Health and Life Satisfaction in Germany"
591,984,WOS:000427447300006,2018,ZEITSCHRIFT FUR SOZIOLOGIE DER ERZIEHUNG UND SOZIALISATION,"The Impact of Intergenerational Educational Mobility on Students'
Subjective Health and Life Satisfaction in Germany"
591,985,WOS:000427447300006,2018,ZEITSCHRIFT FUR SOZIOLOGIE DER ERZIEHUNG UND SOZIALISATION,"The Impact of Intergenerational Educational Mobility on Students'
Subjective Health and Life Satisfaction in Germany"
981,982,WOS:000427447300006,2018,ZEITSCHRIFT FUR SOZIOLOGIE DER ERZIEHUNG UND SOZIALISATION,"The Impact of Intergenerational Educational Mobility on Students'
Subjective Health and Life Satisfaction in Germany"
981,983,WOS:000427447300006,2018,ZEITSCHRIFT FUR SOZIOLOGIE DER ERZIEHUNG UND SOZIALISATION,"The Impact of Intergenerational Educational Mobility on Students'
Subjective Health and Life Satisfaction in Germany"
981,984,WOS:000427447300006,2018,ZEITSCHRIFT FUR SOZIOLOGIE DER ERZIEHUNG UND SOZIALISATION,"The Impact of Intergenerational Educational Mobility on Students'
Subjective Health and Life Satisfaction in Germany"
981,985,WOS:000427447300006,2018,ZEITSCHRIFT FUR SOZIOLOGIE DER ERZIEHUNG UND SOZIALISATION,"The Impact of Intergenerational Educational Mobility on Students'
Subjective Health and Life Satisfaction in Germany"
982,983,WOS:000427447300006,2018,ZEITSCHRIFT FUR SOZIOLOGIE DER ERZIEHUNG UND SOZIALISATION,"The Impact of Intergenerational Educational Mobility on Students'
Subjective Health and Life Satisfaction in Germany"
982,984,WOS:000427447300006,2018,ZEITSCHRIFT FUR SOZIOLOGIE DER ERZIEHUNG UND SOZIALISATION,"The Impact of Intergenerational Educational Mobility on Students'
Subjective Health and Life Satisfaction in Germany"
982,985,WOS:000427447300006,2018,ZEITSCHRIFT FUR SOZIOLOGIE DER ERZIEHUNG UND SOZIALISATION,"The Impact of Intergenerational Educational Mobility on Students'
Subjective Health and Life Satisfaction in Germany"
983,984,WOS:000427447300006,2018,ZEITSCHRIFT FUR SOZIOLOGIE DER ERZIEHUNG UND SOZIALISATION,"The Impact of Intergenerational Educational Mobility on Students'
Subjective Health and Life Satisfaction in Germany"
983,985,WOS:000427447300006,2018,ZEITSCHRIFT FUR SOZIOLOGIE DER ERZIEHUNG UND SOZIALISATION,"The Impact of Intergenerational Educational Mobility on Students'
Subjective Health and Life Satisfaction in Germany"
984,985,WOS:000427447300006,2018,ZEITSCHRIFT FUR SOZIOLOGIE DER ERZIEHUNG UND SOZIALISATION,"The Impact of Intergenerational Educational Mobility on Students'
Subjective Health and Life Satisfaction in Germany"
372,493,WOS:000352608300001,2015,EUROPEAN JOURNAL OF SPECIAL NEEDS EDUCATION,"Linking self-rated social inclusion to social behaviour. An empirical
study of students with and without special education needs in secondary
schools"
372,493,WOS:000424325200008,2018,EUROPEAN JOURNAL OF SPECIAL NEEDS EDUCATION,"The impact of social referencing on social acceptance of children with
disabilities and migrant background: an experimental study in primary
school settings"
372,493,WOS:000209104200006,2012,EUROPEAN JOURNAL OF SPECIAL NEEDS EDUCATION,"An examination of public opinion in Austria towards inclusion.
Development of the `Attitudes Towards Inclusion Scale' - ATIS"
485,486,WOS:001314419400001,2025,EUROPEAN JOURNAL OF SPECIAL NEEDS EDUCATION,"Empowering parents of students with and without learning difficulties to
collaborate with schools: how are family-school partnerships related to
parents' motivational beliefs?"
485,486,WOS:000761482100001,2023,EUROPEAN JOURNAL OF SPECIAL NEEDS EDUCATION,"Utilisation of extracurricular support offers for children with
developmental learning disorders: the role of parental predisposing
characteristics, enabling resources and perceived need"
372,493,WOS:000209304700003,2011,EUROPEAN JOURNAL OF SPECIAL NEEDS EDUCATION,"The transition from school to the workplace for students with learning
disabilities: status quo and the efficiency of pre-vocational and
vocational training schemes"
580,882,WOS:000298632100002,2011,KOLNER ZEITSCHRIFT FUR SOZIOLOGIE UND SOZIALPSYCHOLOGIE,"Income loss after unemployment in Germany - Comparing age- and
gender-specific differences"
507,780,WOS:000361737800016,2015,KOLNER ZEITSCHRIFT FUR SOZIOLOGIE UND SOZIALPSYCHOLOGIE,"Status Attainment and Social Mobility How can Genetics Contribute to an
Understanding of their Causes?"
337,339,WOS:000619284400002,2019,EUROPEAN JOURNAL OF TEACHER EDUCATION,"Pre-service teachers in Germany's pluralistic scholarship system and
their motivations for becoming teachers"
473,474,WOS:001565779800001,2025,ZEITSCHRIFT FUR ERZIEHUNGSWISSENSCHAFT,"Information behaviour and conspiracy theories among young people. A
gender- and state-representative study on political attitudes"
439,541,WOS:000840582300002,2022,ZEITSCHRIFT FUR ERZIEHUNGSWISSENSCHAFT,"How do gifted and high achieving adolescents in separate special classes
evaluate their lessons? Teaching quality in German and Mathematics in
secondary education"
439,738,WOS:000840582300002,2022,ZEITSCHRIFT FUR ERZIEHUNGSWISSENSCHAFT,"How do gifted and high achieving adolescents in separate special classes
evaluate their lessons? Teaching quality in German and Mathematics in
secondary education"
439,740,WOS:000840582300002,2022,ZEITSCHRIFT FUR ERZIEHUNGSWISSENSCHAFT,"How do gifted and high achieving adolescents in separate special classes
evaluate their lessons? Teaching quality in German and Mathematics in
secondary education"
541,738,WOS:000840582300002,2022,ZEITSCHRIFT FUR ERZIEHUNGSWISSENSCHAFT,"How do gifted and high achieving adolescents in separate special classes
evaluate their lessons? Teaching quality in German and Mathematics in
secondary education"
541,740,WOS:000840582300002,2022,ZEITSCHRIFT FUR ERZIEHUNGSWISSENSCHAFT,"How do gifted and high achieving adolescents in separate special classes
evaluate their lessons? Teaching quality in German and Mathematics in
secondary education"
738,740,WOS:000840582300002,2022,ZEITSCHRIFT FUR ERZIEHUNGSWISSENSCHAFT,"How do gifted and high achieving adolescents in separate special classes
evaluate their lessons? Teaching quality in German and Mathematics in
secondary education"
365,366,WOS:000820230500001,2023,JOURNAL OF COMPUTER ASSISTED LEARNING,Patterns of reading behaviour in digital hypertext environments
493,648,WOS:001703670600001,2026,TEACHING AND TEACHER EDUCATION,"Exploring the temporal order of teachers' attitudes toward inclusive
education, inclusion-related self-efficacy, and experiences with
inclusion: A longitudinal study"
521,534,WOS:000629122200001,2021,ZEITSCHRIFT FUR ERZIEHUNGSWISSENSCHAFT,"Does the supply determine the quota?-Effects of the geographical
proximity of special schools on the number of students with special
needs in primary schools"
493,521,WOS:000565580600005,2020,INTERNATIONAL JOURNAL OF INCLUSIVE EDUCATION,"Measuring students' and teachers' perceptions of resources in inclusive
education - validation of a newly developed instrument"
374,985,WOS:000389732500003,2016,ZEITSCHRIFT FUR SOZIOLOGIE DER ERZIEHUNG UND SOZIALISATION,"Macro-level determinants of health and health inequalities among
adolescents in 27 welfare states: a multilevel analysis"
317,318,WOS:001099816100001,2023,TEACHING AND TEACHER EDUCATION,"Teachers' emotional exhaustion and job satisfaction: How much does the
school context matter?"
317,646,WOS:001099816100001,2023,TEACHING AND TEACHER EDUCATION,"Teachers' emotional exhaustion and job satisfaction: How much does the
school context matter?"
317,881,WOS:001099816100001,2023,TEACHING AND TEACHER EDUCATION,"Teachers' emotional exhaustion and job satisfaction: How much does the
school context matter?"
318,646,WOS:001099816100001,2023,TEACHING AND TEACHER EDUCATION,"Teachers' emotional exhaustion and job satisfaction: How much does the
school context matter?"
318,881,WOS:001099816100001,2023,TEACHING AND TEACHER EDUCATION,"Teachers' emotional exhaustion and job satisfaction: How much does the
school context matter?"
646,881,WOS:001099816100001,2023,TEACHING AND TEACHER EDUCATION,"Teachers' emotional exhaustion and job satisfaction: How much does the
school context matter?"
477,535,WOS:001030503000002,2024,EARLY CHILDHOOD EDUCATION JOURNAL,"Interaction Quality Among Children, Staff and Parents in German ECEC
Centres in the COVID-19 Pandemic"
330,407,WOS:000402740700005,2017,ZEITSCHRIFT FUR ERZIEHUNGSWISSENSCHAFT,"Competence development in the school year after PISA 2012: effects of
grade retention"
493,494,WOS:000357019600006,2015,SCANDINAVIAN JOURNAL OF EDUCATIONAL RESEARCH,"Achievement Goals, School Achievement, Self-Estimations of School
Achievement, and Calibration in Students With and Without Special
Education Needs in Inclusive Education"
493,494,WOS:000406084200003,2017,ZEITSCHRIFT FUR PADAGOGIK,"Interdisciplinary Teamteaching - An empirical Study on the Attitude to
Collaborate Teachers of Different Professions"
420,478,WOS:000331644800014,2014,ZEITSCHRIFT FUR ERZIEHUNGSWISSENSCHAFT,Second-language support for immigrant children and students
420,928,WOS:000331644800014,2014,ZEITSCHRIFT FUR ERZIEHUNGSWISSENSCHAFT,Second-language support for immigrant children and students
478,928,WOS:000331644800014,2014,ZEITSCHRIFT FUR ERZIEHUNGSWISSENSCHAFT,Second-language support for immigrant children and students
70,330,WOS:000287453800005,2011,INTERNATIONAL JOURNAL OF SCIENCE EDUCATION,"The Role of Content and Context in PISA Interest Scales: A study of the
embedded interest items in the PISA 2006 science assessment"
70,433,WOS:000287453800005,2011,INTERNATIONAL JOURNAL OF SCIENCE EDUCATION,"The Role of Content and Context in PISA Interest Scales: A study of the
embedded interest items in the PISA 2006 science assessment"
330,433,WOS:000287453800005,2011,INTERNATIONAL JOURNAL OF SCIENCE EDUCATION,"The Role of Content and Context in PISA Interest Scales: A study of the
embedded interest items in the PISA 2006 science assessment"
420,533,WOS:000375964100014,2016,ZEITSCHRIFT FUR PADAGOGIK,"Aspects of Test Quality in detection of school Competencies of Students
with Special Education Needs"
420,663,WOS:000375964100014,2016,ZEITSCHRIFT FUR PADAGOGIK,"Aspects of Test Quality in detection of school Competencies of Students
with Special Education Needs"
420,681,WOS:000375964100014,2016,ZEITSCHRIFT FUR PADAGOGIK,"Aspects of Test Quality in detection of school Competencies of Students
with Special Education Needs"
533,663,WOS:000375964100014,2016,ZEITSCHRIFT FUR PADAGOGIK,"Aspects of Test Quality in detection of school Competencies of Students
with Special Education Needs"
533,681,WOS:000375964100014,2016,ZEITSCHRIFT FUR PADAGOGIK,"Aspects of Test Quality in detection of school Competencies of Students
with Special Education Needs"
663,681,WOS:000375964100014,2016,ZEITSCHRIFT FUR PADAGOGIK,"Aspects of Test Quality in detection of school Competencies of Students
with Special Education Needs"
620,622,WOS:000363939400010,2015,ZEITSCHRIFT FUR ERZIEHUNGSWISSENSCHAFT,Intergenerational familial support for media use by older adults
407,420,WOS:000402740700003,2017,ZEITSCHRIFT FUR ERZIEHUNGSWISSENSCHAFT,"Equivalence in measuring mathematical competence in PISA 2012 and in the
National Assessment 2012"
329,331,WOS:001551374400001,2025,ZEITSCHRIFT FUR ERZIEHUNGSWISSENSCHAFT,Education for sustainable development
393,397,WOS:001156249700001,2024,STUDIES IN HIGHER EDUCATION,Student loan debt and family formation of youth in Japan
493,614,WOS:000540625100001,2021,EUROPEAN JOURNAL OF SPECIAL NEEDS EDUCATION,"Are we good friends? - Friendship preferences and the quantity and
quality of mutual friendships"
493,623,WOS:000540625100001,2021,EUROPEAN JOURNAL OF SPECIAL NEEDS EDUCATION,"Are we good friends? - Friendship preferences and the quantity and
quality of mutual friendships"
614,623,WOS:000540625100001,2021,EUROPEAN JOURNAL OF SPECIAL NEEDS EDUCATION,"Are we good friends? - Friendship preferences and the quantity and
quality of mutual friendships"
493,797,WOS:000679578400001,2022,EUROPEAN JOURNAL OF SPECIAL NEEDS EDUCATION,"Social participation in the context of inclusive education: primary
school students' friendship networks from students' and teachers'
perspectives"
586,816,WOS:001595235000001,2025,SCIENCE PROGRESS,"Iron-doped tungsten disulfide nanozyme with peroxidase-like activity for
hydrogen peroxide (H2O2) and glucose detection"
586,816,WOS:000412212900006,2017,INDIAN JOURNAL OF PHARMACEUTICAL EDUCATION AND RESEARCH,"β-Cyclodextrin-g-Poly (2-(dimethylamino) ethyl
methacrylate) as the Stabilizer and Reductant to Prepare Colloid Silver
Nanoparticles in situ"
586,794,WOS:000349795400006,2015,EUROPEAN JOURNAL OF PHYSICS,"Controlling the wave propagation through the medium designed by linear
coordinate transformation"
493,797,WOS:001703330700001,2026,INTERNATIONAL JOURNAL OF DEVELOPMENTAL DISABILITIES,"Breaking barriers or building walls? The impact of inclusive and
segregated learning settings on learning development of students with
special educational needs in Austria"
413,414,WOS:001147044400001,2025,INTERNATIONAL JOURNAL OF DISABILITY DEVELOPMENT AND EDUCATION,"Are Autistic Children with Theory of Mind Delays Unexpectedly Competent
at Moral Reasoning?"
369,372,WOS:000452684300004,2018,RESEARCH IN DEVELOPMENTAL DISABILITIES,"Do learners with special education needs really feel included? Evidence
from the Perception of Inclusion Questionnaire and Strengths and
Difficulties Questionnaire"
439,1199,WOS:001062327000002,2023,ZEITSCHRIFT FUR ERZIEHUNGSWISSENSCHAFT,"Reflect on your teaching experience: systematic reflection of teaching
behaviour and changes in student teachers' self-efficacy for reflection"
433,737,WOS:000339381400002,2014,ZEITSCHRIFT FUR ERZIEHUNGSWISSENSCHAFT,"Educational research and evidence based educational policy - The
challenge of exposing and of understanding educational research"
420,1079,WOS:000498974900001,2019,ZEITSCHRIFT FUR ERZIEHUNGSWISSENSCHAFT,"Sociocultural segregation in Germany's secondary school systems-Effects
of between-school tracking and de-tracking reforms"
528,1025,WOS:000371298600004,2016,ZEITSCHRIFT FUR ERZIEHUNGSWISSENSCHAFT,"The impact of local community management on continuing education-a
multi-level model based on the Microcensus in Germany"
490,910,WOS:000771374000001,2022,AERA OPEN,"Risk and Protective Factors of College Students' Psychological
Well-Being During the COVID-19 Pandemic: Emotional Stability, Mental
Health, and Household Resources"
490,1169,WOS:000771374000001,2022,AERA OPEN,"Risk and Protective Factors of College Students' Psychological
Well-Being During the COVID-19 Pandemic: Emotional Stability, Mental
Health, and Household Resources"
910,1169,WOS:000771374000001,2022,AERA OPEN,"Risk and Protective Factors of College Students' Psychological
Well-Being During the COVID-19 Pandemic: Emotional Stability, Mental
Health, and Household Resources"
493,1000,WOS:000668473700001,2024,INTERNATIONAL JOURNAL OF INCLUSIVE EDUCATION,"Inclusion does not solely apply to students with disabilities:
pre-service teachers' attitudes towards inclusive schooling of all
students"
318,673,WOS:000295305800006,2011,ZEITSCHRIFT FUR PADAGOGIK,"Annotations on the Validity of Aptitude-Diagnostic Procedures among
Future Teachers"
493,1000,WOS:000760141500001,2023,HIGHER EDUCATION RESEARCH \& DEVELOPMENT,"Exploring the effects of the COVID-19 emergency remote education on
students' social and academic integration in higher education in Austria"
534,738,WOS:000452771700008,2018,ZEITSCHRIFT FUR ERZIEHUNGSWISSENSCHAFT,"Test quality criteria of the ``Profile analysis according to
Griesshaber{''}. Evaluation of an assessment method of grammatical
abilities of mono- and multilingual primary school children"
534,740,WOS:000452771700008,2018,ZEITSCHRIFT FUR ERZIEHUNGSWISSENSCHAFT,"Test quality criteria of the ``Profile analysis according to
Griesshaber{''}. Evaluation of an assessment method of grammatical
abilities of mono- and multilingual primary school children"
738,740,WOS:000452771700008,2018,ZEITSCHRIFT FUR ERZIEHUNGSWISSENSCHAFT,"Test quality criteria of the ``Profile analysis according to
Griesshaber{''}. Evaluation of an assessment method of grammatical
abilities of mono- and multilingual primary school children"
318,673,WOS:000285443300014,2011,TEACHING AND TEACHER EDUCATION,"Professional development across the teaching career: Teachers' uptake of
formal and informal learning opportunities"
385,423,WOS:000274214900009,2009,ZEITSCHRIFT FUR ERZIEHUNGSWISSENSCHAFT,"Secondary Effects of Ethnic Origin: Students From Turkish Families at
the Transition to Secondary Education"
439,1199,WOS:000763825700001,2022,ZEITSCHRIFT FUR ERZIEHUNGSWISSENSCHAFT,"Face-to-face vs. online teaching in the COVID-19 pandemic: Differential
development of burnout and self-efficacy in teacher training?"
407,681,WOS:000402740700006,2017,ZEITSCHRIFT FUR ERZIEHUNGSWISSENSCHAFT,"The influence of social and migratory aspects and class composition on
changes in mathematical competences from ninth to tenth grade"
439,740,WOS:000779521100003,2022,ZEITSCHRIFT FUR ERZIEHUNGSWISSENSCHAFT,"Which individual and institutional factors facilitate collaboration
between teachers in primary schools?"
430,1018,WOS:000640949300001,2021,ZDM-MATHEMATICS EDUCATION,"The role of textbook quality in first graders' ability to solve
quantitative comparisons: a multilevel analysis"
490,649,WOS:000635846300001,2021,ZEITSCHRIFT FUR ERZIEHUNGSWISSENSCHAFT,"Concerns of teachers during school closings: analyzing communication in
the twitter-lehrerzimmer regarding opportunities and challenges of
digital teaching"
593,882,WOS:001704245700001,2026,ZEITSCHRIFT FUR ERZIEHUNGSWISSENSCHAFT,"A blessing in disguise? How digital teaching formats reduced dropout
intentions among studying parents during the COVID-19 crisis"
417,1038,WOS:001458231500001,2025,VOCATIONS AND LEARNING,"Differential Development of Professional Knowledge and Problem-Solving
Skills During VET: The Role of Cognitive Resources, School-Leaving
Certificates, and Sociodemographic Background"
318,673,WOS:001180519600001,2024,TEACHING AND TEACHER EDUCATION,"Long-term changes in teacher beliefs and motivation: Progress,
stagnation or regress?"
318,673,WOS:000290570400004,2011,ZEITSCHRIFT FUR ERZIEHUNGSWISSENSCHAFT,Social support at career entry for teachers
534,752,WOS:001299732000001,2025,ZEITSCHRIFT FUR ERZIEHUNGSWISSENSCHAFT,"Self-assessment of social participation of students in lower secondary
education-What role do special educational needs and teacher
characteristics play?"
430,1018,WOS:000808186000001,2022,JOURNAL OF RESEARCH ON EDUCATIONAL EFFECTIVENESS,"Evaluation of a State-Wide Mathematics Support Program for at-Risk
Students in Grade 1 and 2 in Germany"
529,1177,WOS:000930932400001,2023,JOURNAL OF COMPUTER ASSISTED LEARNING,Student diversity and e-exam acceptance in higher education
529,889,WOS:000755970500009,2022,EUROPEAN EDUCATIONAL RESEARCH JOURNAL,"Stereotype threat-effects for Turkish-origin migrants in Germany: Taking
stock of cumulative research evidence"
374,988,WOS:000506934900006,2019,ZEITSCHRIFT FUR SOZIOLOGIE DER ERZIEHUNG UND SOZIALISATION,"School-aged Children with Special Educational Needs in Integrative and
Separate School Settings: Differences in Satisfaction with School and
Perception of Class Climate"
373,1171,WOS:000401722700003,2017,ZDM-MATHEMATICS EDUCATION,"Why do children worry about their academic achievement? An
expectancy-value perspective on elementary students' worries about their
mathematics and reading performance"
374,985,WOS:000294695200007,2011,ZEITSCHRIFT FUR SOZIOLOGIE DER ERZIEHUNG UND SOZIALISATION,"Educational Policy as Component of Modern Welfare Policy - Germany in
International Comparison"
329,333,WOS:001087298400003,2023,ZEITSCHRIFT FUR SOZIOLOGIE DER ERZIEHUNG UND SOZIALISATION,"Social inequalities in voluntary engagement: social distinction through
the selection of areas of engagement and its relevance for educational
science"
599,1178,WOS:000781773900001,2022,SCHOOL EFFECTIVENESS AND SCHOOL IMPROVEMENT,"Did students learn less during the COVID-19 pandemic? Reading and
mathematics competencies before and after the first pandemic wave"
614,623,WOS:001694741900001,2026,ZEITSCHRIFT FUR ERZIEHUNGSWISSENSCHAFT,"Instructional quality and student achievement in primary school: Effects
of assigning cross-school, out-of-field, and non-traditionally trained
teachers"
439,1199,WOS:001073897100002,2023,ZEITSCHRIFT FUR ERZIEHUNGSWISSENSCHAFT,How do you feel reflecting on your teaching practice?
493,797,WOS:000569444500001,2025,INTERNATIONAL JOURNAL OF INCLUSIVE EDUCATION,"Differentiation and individualisation in inclusive education: a
systematic review and narrative synthesis"
493,614,WOS:000475188200001,2022,INTERNATIONAL JOURNAL OF INCLUSIVE EDUCATION,"How inclusive are the teaching practices of my German, Maths and English
teachers? - psychometric properties of a newly developed scale to assess
personalisation and differentiation in teaching practices"
493,623,WOS:000475188200001,2022,INTERNATIONAL JOURNAL OF INCLUSIVE EDUCATION,"How inclusive are the teaching practices of my German, Maths and English
teachers? - psychometric properties of a newly developed scale to assess
personalisation and differentiation in teaching practices"
614,623,WOS:000475188200001,2022,INTERNATIONAL JOURNAL OF INCLUSIVE EDUCATION,"How inclusive are the teaching practices of my German, Maths and English
teachers? - psychometric properties of a newly developed scale to assess
personalisation and differentiation in teaching practices"
352,982,WOS:000300777900009,2012,ZEITSCHRIFT FUR ERZIEHUNGSWISSENSCHAFT,"Significance of family life for the health of children and
adolescents-Results of the German Health Interview and Examination
Survey for Children and Adolescents (KiGGS)"
439,738,WOS:000369563000010,2016,ZEITSCHRIFT FUR PADAGOGIK,"Differentiation in Mathematics and in German Lessons on Grammar School
Level Is it to be found mainly among good diagnosticians and in
heterogeneous classes?"
439,740,WOS:000369563000010,2016,ZEITSCHRIFT FUR PADAGOGIK,"Differentiation in Mathematics and in German Lessons on Grammar School
Level Is it to be found mainly among good diagnosticians and in
heterogeneous classes?"
738,740,WOS:000369563000010,2016,ZEITSCHRIFT FUR PADAGOGIK,"Differentiation in Mathematics and in German Lessons on Grammar School
Level Is it to be found mainly among good diagnosticians and in
heterogeneous classes?"
614,623,WOS:001140234200001,2024,EDUCATIONAL ASSESSMENT EVALUATION AND ACCOUNTABILITY,"Comparing the teaching quality of alternatively certified teachers and
traditionally certified teachers: findings from a large-scale study"
520,777,WOS:000533624300001,2020,JOURNAL OF COMPUTER ASSISTED LEARNING,"Adaptive retrieval practice with multiple-choice questions in the
university classroom"
439,740,WOS:001259571100001,2024,TEACHING AND TEACHER EDUCATION,"The essential role of teacher self-efficacy and enthusiasm for
differentiated instruction"
439,1199,WOS:000487543200009,2019,ZEITSCHRIFT FUR ERZIEHUNGSWISSENSCHAFT,Demands of beginning teachers during first practical experiences
373,1171,WOS:000778224500002,2022,ZEITSCHRIFT FUR ERZIEHUNGSWISSENSCHAFT,"Teachers' and students' perceptions of students' ability and importance
value in math and reading: A latent difference score analysis of
intra-individual cross-domain differences"
622,1210,WOS:000555562000009,2020,INNOVATIONS IN EDUCATION AND TEACHING INTERNATIONAL,"Dual studies in different cultural contexts: The work-study model in
Germany and its applicability to China"
365,656,WOS:000414799800002,2017,EUROPEAN EDUCATIONAL RESEARCH JOURNAL,"Assessment of computer and information literacy in ICILS 2013: Do
different item types measure the same construct?"
365,657,WOS:000414799800002,2017,EUROPEAN EDUCATIONAL RESEARCH JOURNAL,"Assessment of computer and information literacy in ICILS 2013: Do
different item types measure the same construct?"
365,876,WOS:000414799800002,2017,EUROPEAN EDUCATIONAL RESEARCH JOURNAL,"Assessment of computer and information literacy in ICILS 2013: Do
different item types measure the same construct?"
656,657,WOS:000414799800002,2017,EUROPEAN EDUCATIONAL RESEARCH JOURNAL,"Assessment of computer and information literacy in ICILS 2013: Do
different item types measure the same construct?"
656,876,WOS:000414799800002,2017,EUROPEAN EDUCATIONAL RESEARCH JOURNAL,"Assessment of computer and information literacy in ICILS 2013: Do
different item types measure the same construct?"
657,876,WOS:000414799800002,2017,EUROPEAN EDUCATIONAL RESEARCH JOURNAL,"Assessment of computer and information literacy in ICILS 2013: Do
different item types measure the same construct?"
433,737,WOS:000387224400008,2016,ZEITSCHRIFT FUR ERZIEHUNGSWISSENSCHAFT,"Educational research and evidence based educational policy Relating
science communication and the use of empirical evidence in education."
407,1153,WOS:000253386100010,2007,ZEITSCHRIFT FUR ERZIEHUNGSWISSENSCHAFT,"Hypothetic implementation of adoptive testing for the assessment of
educational standards"
439,739,WOS:001294940100001,2024,TEACHING AND TEACHER EDUCATION,"Who thinks about dropping out and why? Cognitive and
affective-motivational profiles of student teachers explain differences
in their intention to quit their teaching degree"
331,797,WOS:000591927000001,2021,ZEITSCHRIFT FUR ERZIEHUNGSWISSENSCHAFT,"Culture in textbooks of subject didactics. Discourse analytical
perspectives on culture in teacher training"
350,884,WOS:000297562700007,2011,ZEITSCHRIFT FUR SOZIOLOGIE DER ERZIEHUNG UND SOZIALISATION,Social Determinants of Food Habits in Adolescence
593,882,WOS:001044219400001,2023,ZEITSCHRIFT FUR ERZIEHUNGSWISSENSCHAFT,"Does context matter? The gendered impact of study conditions on dropout
intentions from higher education"
383,985,WOS:000573990900006,2020,ZEITSCHRIFT FUR SOZIOLOGIE DER ERZIEHUNG UND SOZIALISATION,"The Crisis weakens the Weak Why the Corona Pandemic increases the
Educational Inequality"
410,1205,WOS:000412186400003,2017,ADULT EDUCATION QUARTERLY,"Training Participation and Gender: Analyzing Individual Barriers Across
Different Welfare State Regimes"
535,1180,WOS:000324106700003,2013,ZEITSCHRIFT FUR ERZIEHUNGSWISSENSCHAFT,"Development of behaviour and competence in the context of the family -
the relative influence of parental upbringing and family activities"
420,903,WOS:000318131000006,2013,ZEITSCHRIFT FUR PADAGOGIK,"Determinants of Reading Skills in Young people of non-German Native
Language On the significance of Language learning sequence in Faile of
Multilingualism"
478,1141,WOS:001022801700001,2023,ZEITSCHRIFT FUR ERZIEHUNGSWISSENSCHAFT,"Profiles of career choice motivation of preservice VET teachers and
their relationships with professional self-concept and career certainty"
420,841,WOS:000723683900020,2022,TEACHING AND TEACHER EDUCATION,"Professional development for language support in science classrooms:
Evaluating effects for elementary school teachers"
586,1188,WOS:000947164100001,2024,ASIA-PACIFIC EDUCATION RESEARCHER,"The Impact of Financial Education for Children: Evidence from an
Experiment in China"
350,884,WOS:000256012500005,2008,ZEITSCHRIFT FUR SOZIOLOGIE DER ERZIEHUNG UND SOZIALISATION,"Embodied inequalities: The role of multiple measures of socioeconomic
position for adolescent health behaviour"
350,982,WOS:000256012500005,2008,ZEITSCHRIFT FUR SOZIOLOGIE DER ERZIEHUNG UND SOZIALISATION,"Embodied inequalities: The role of multiple measures of socioeconomic
position for adolescent health behaviour"
884,982,WOS:000256012500005,2008,ZEITSCHRIFT FUR SOZIOLOGIE DER ERZIEHUNG UND SOZIALISATION,"Embodied inequalities: The role of multiple measures of socioeconomic
position for adolescent health behaviour"
493,797,WOS:001555417000001,2025,EDUCATIONAL STUDIES,"Covid-19 slide in education increases inequities: insights into
teachers' perceptions of students' academic development"
509,753,WOS:000324081400005,2013,ZEITSCHRIFT FUR SOZIOLOGIE DER ERZIEHUNG UND SOZIALISATION,Social Relations and Academic Self-Concept in Primary School
509,774,WOS:000324081400005,2013,ZEITSCHRIFT FUR SOZIOLOGIE DER ERZIEHUNG UND SOZIALISATION,Social Relations and Academic Self-Concept in Primary School
753,774,WOS:000324081400005,2013,ZEITSCHRIFT FUR SOZIOLOGIE DER ERZIEHUNG UND SOZIALISATION,Social Relations and Academic Self-Concept in Primary School
331,1151,WOS:001047797100001,2023,TEACHING AND TEACHER EDUCATION,"Preservice teachers' professional beliefs in relation to global social
change: Findings from Finland and Germany"
474,671,WOS:000651630300006,2021,TEACHING AND TEACHER EDUCATION,"Teacher collaboration networks as a function of type of collaboration
and schools' structural environment"
527,528,WOS:000608804300001,2021,ADULT EDUCATION QUARTERLY,"Course Profiles and Participation in German Adult Education Centers
During Times of Migration: A Longitudinal Study"
350,884,WOS:000383815200003,2016,ZEITSCHRIFT FUR SOZIOLOGIE DER ERZIEHUNG UND SOZIALISATION,"Life course influences on health and health inequalities: A
socialisation perspective"
350,985,WOS:000383815200003,2016,ZEITSCHRIFT FUR SOZIOLOGIE DER ERZIEHUNG UND SOZIALISATION,"Life course influences on health and health inequalities: A
socialisation perspective"
884,985,WOS:000383815200003,2016,ZEITSCHRIFT FUR SOZIOLOGIE DER ERZIEHUNG UND SOZIALISATION,"Life course influences on health and health inequalities: A
socialisation perspective"
385,423,WOS:000278005400007,2010,ZEITSCHRIFT FUR PADAGOGIK,Heritage language as a resource for the success of a student?
586,794,WOS:000485287600006,2019,PSYCHO-ONCOLOGY,"Short-term impact of breast cancer screening intervention on
health-related quality of life in China: A multicentre cross-sectional
survey"
586,794,WOS:001439816200001,2025,PSYCHO-ONCOLOGY,"Sensory Processing Sensitivity and Quality of Life Among Cancer Patients
and Their Family Caregivers: An Actor-Partner Interdependence Model
Analysis"
520,777,WOS:001090807100001,2024,JOURNAL OF LEARNING DISABILITIES,"Differential Switch Costs in Typically Achieving Children and Children
With Mathematical Difficulties"
586,794,WOS:000448908500010,2018,RESEARCH IN DEVELOPMENTAL DISABILITIES,"Increased stool immunoglobulin A level in children with autism spectrum
disorders"
634,1165,WOS:000620294600003,2021,RESEARCH IN DEVELOPMENTAL DISABILITIES,"Relations between fine motor skills and intelligence in typically
developing children and children with attention deficit hyperactivity
disorder"
302,586,WOS:000345496100046,2014,RESEARCH IN DEVELOPMENTAL DISABILITIES,"Does long time spending on the electronic devices affect the reading
abilities? A cross-sectional study among Chinese school-aged children"
558,561,WOS:001395056900001,2025,JOURNAL OF PERSONALITY AND SOCIAL PSYCHOLOGY,"The Dynamics of Self-Esteem and Depressive Symptoms Across Days, Months,
and Years"
558,585,WOS:001395056900001,2025,JOURNAL OF PERSONALITY AND SOCIAL PSYCHOLOGY,"The Dynamics of Self-Esteem and Depressive Symptoms Across Days, Months,
and Years"
561,585,WOS:001395056900001,2025,JOURNAL OF PERSONALITY AND SOCIAL PSYCHOLOGY,"The Dynamics of Self-Esteem and Depressive Symptoms Across Days, Months,
and Years"
558,560,WOS:001707965900001,2026,JOURNAL OF PERSONALITY AND SOCIAL PSYCHOLOGY,"Tailoring Personality Interventions: How Timing, Context, and Strategies
Influence Proximal Intervention Outcomes"
558,561,WOS:001707965900001,2026,JOURNAL OF PERSONALITY AND SOCIAL PSYCHOLOGY,"Tailoring Personality Interventions: How Timing, Context, and Strategies
Influence Proximal Intervention Outcomes"
560,561,WOS:001707965900001,2026,JOURNAL OF PERSONALITY AND SOCIAL PSYCHOLOGY,"Tailoring Personality Interventions: How Timing, Context, and Strategies
Influence Proximal Intervention Outcomes"
558,561,WOS:001639549300001,2025,EUROPEAN JOURNAL OF PERSONALITY,"Stability and change in lower-order personality traits in a
representative Swiss sample"
441,786,WOS:001634689000001,2026,ADVANCES IN LIFE COURSE RESEARCH,"The impact of educational and work trajectories on wellbeing in midlife:
A comparison of Canada and Germany"
586,1210,WOS:001193764400001,2024,SAGE OPEN,"Indicators for Building a Norm-Referenced Dataset Based on
Conversational Language Samples in Typical Mandarin-speaking Children:
An Exploratory Study"
358,903,WOS:000354444700005,2015,CHILD INDICATORS RESEARCH,"Parent and Child Reporting of Corporal Punishment: New Evidence from the
Fragile Families and Child Wellbeing Study"
550,904,WOS:000318492100007,2013,CHILD INDICATORS RESEARCH,Does Reading to Children Enhance their Educational Success?
614,623,WOS:001657686300001,2026,LANGUAGE LEARNING,"Effects of Early Language Stays Abroad on the Foreign Language
Proficiency of German High School Students"
586,794,WOS:001295729000001,2024,APPLIED RESEARCH IN QUALITY OF LIFE,"How Government Stereotypes Affect Life Satisfaction: a Good Government
Matters More Than a Government That Does Good"
586,1188,WOS:001339312600001,2025,MEDICAL TEACHER,"Enhancing self-directed learning with custom GPT AI facilitation among
medical students: A randomized controlled trial"
614,623,WOS:000551534500007,2020,ASSESSING WRITING,Presentation-mode effects in large-scale writing assessments
356,358,WOS:000457495000015,2019,DEMOGRAPHY,"Income-Related Gaps in Early Child Cognitive Development: Why Are They
Larger in the United States Than in the United Kingdom, Australia, and
Canada?"
385,550,WOS:000637112200001,2021,INTERNATIONAL MIGRATION REVIEW,"In the Ear of the Listener: The Role of Foreign Accent in Interethnic
Friendships and Partnerships"
372,493,WOS:000349658300006,2015,PSYCHOLOGIE IN ERZIEHUNG UND UNTERRICHT,"Teacher Feedback or Fun Playing Games? An Experimental Study
Investigating the Influence of Teacher Feedback on Social Acceptance in
Primary School"
331,607,WOS:000349876900025,2015,LEARNING AND INDIVIDUAL DIFFERENCES,"Judging students' self-concepts within 30 s? Investigating judgement
accuracy in a zero-acquaintance situation"
584,585,WOS:000465374000001,2018,MULTIVARIATE BEHAVIORAL RESEARCH,The Role of Time in the Quest for Understanding Psychological Mechanisms
485,486,WOS:000963093000003,2023,PSYCHOLOGIE IN ERZIEHUNG UND UNTERRICHT,"Conditions of the utilization of extracurricular support services for
pupils with learning disabilities and their effectiveness regarding the
child's joy in learning and academic self-concept"
439,541,WOS:000429393600011,2018,LEARNING AND INDIVIDUAL DIFFERENCES,"More enjoyment, less anxiety and boredom: How achievement emotions
relate to academic self-concept and teachers' diagnostic skills"
439,738,WOS:000429393600011,2018,LEARNING AND INDIVIDUAL DIFFERENCES,"More enjoyment, less anxiety and boredom: How achievement emotions
relate to academic self-concept and teachers' diagnostic skills"
439,740,WOS:000429393600011,2018,LEARNING AND INDIVIDUAL DIFFERENCES,"More enjoyment, less anxiety and boredom: How achievement emotions
relate to academic self-concept and teachers' diagnostic skills"
541,738,WOS:000429393600011,2018,LEARNING AND INDIVIDUAL DIFFERENCES,"More enjoyment, less anxiety and boredom: How achievement emotions
relate to academic self-concept and teachers' diagnostic skills"
541,740,WOS:000429393600011,2018,LEARNING AND INDIVIDUAL DIFFERENCES,"More enjoyment, less anxiety and boredom: How achievement emotions
relate to academic self-concept and teachers' diagnostic skills"
738,740,WOS:000429393600011,2018,LEARNING AND INDIVIDUAL DIFFERENCES,"More enjoyment, less anxiety and boredom: How achievement emotions
relate to academic self-concept and teachers' diagnostic skills"
317,318,WOS:000499209000001,2019,ZEITSCHRIFT FUR ENTWICKLUNGSPSYCHOLOGIE UND PADAGOGISCHE PSYCHOLOGIE,"Improving Prospective Teachers' Social-Emotional Competence: Development
and Evaluation of a Training Program"
365,366,WOS:001608830600001,2026,LEARNING AND INDIVIDUAL DIFFERENCES,"Separating prior knowledge from acquired knowledge: An individual
differences analysis of PISA - learning in the digital world☆"
365,366,WOS:000414110600015,2017,LEARNING AND INDIVIDUAL DIFFERENCES,"Reading digital text involves working memory updating based on task
characteristics and reader behavior"
317,318,WOS:001035811700005,2023,PSYCHOLOGIE IN ERZIEHUNG UND UNTERRICHT,"The effects of media reports during the COVID-19 pandemic on
(prospective) teachers: An experimental study on the experience of
appreciation and metastereotypes"
405,406,WOS:000358101700004,2015,PSYCHOLOGIE IN ERZIEHUNG UND UNTERRICHT,"More Than Numerical Competencies? Dimensionality and Structure of
Kindergarteners' Mathematical Competence"
405,1018,WOS:000358101700004,2015,PSYCHOLOGIE IN ERZIEHUNG UND UNTERRICHT,"More Than Numerical Competencies? Dimensionality and Structure of
Kindergarteners' Mathematical Competence"
406,1018,WOS:000358101700004,2015,PSYCHOLOGIE IN ERZIEHUNG UND UNTERRICHT,"More Than Numerical Competencies? Dimensionality and Structure of
Kindergarteners' Mathematical Competence"
584,585,WOS:000428743400003,2018,MULTIVARIATE BEHAVIORAL RESEARCH,SEM Based CARMA Time Series Modeling for Arbitrary N
317,318,WOS:001548680200001,2026,BRITISH JOURNAL OF EDUCATIONAL PSYCHOLOGY,"Changing perspectives: The development of preservice teachers'
field-specific ability beliefs across academic disciplines"
317,318,WOS:001327354200009,2024,JOURNAL OF EDUCATIONAL PSYCHOLOGY,"How Stable Is Student Teachers' Emotional Exhaustion? Disentangling
Different Components of Stability and Change Using the STARTS Model"
420,478,WOS:000376474200003,2016,ZEITSCHRIFT FUR ENTWICKLUNGSPSYCHOLOGIE UND PADAGOGISCHE PSYCHOLOGIE,"Students' Growth Trajectories in Mathematics: The Role of Language
Proficiency"
420,478,WOS:000347874000002,2015,ZEITSCHRIFT FUR PADAGOGISCHE PSYCHOLOGIE,"Second Language Proficiency and Mathematical Achievement: Their
Interrelations"
317,318,WOS:000725765200001,2024,ZEITSCHRIFT FUR PADAGOGISCHE PSYCHOLOGIE,"Perceived Apprecation in University Teacher Education: Subject
Differences and Effects on Well-Being and Intention to Quit"
421,478,WOS:000750518600001,2024,ZEITSCHRIFT FUR PADAGOGISCHE PSYCHOLOGIE,"Longitudinal interrelations between vocabulary, grammar, reading and
mathematical achievement among second language learners in elementary
school"
365,366,WOS:000683461500001,2021,JOURNAL OF EDUCATIONAL PSYCHOLOGY,"Controlling Speed in Component Skills of Reading Improves the
Explanation of Reading Comprehension"
421,624,WOS:000388156800012,2016,LEARNING AND INDIVIDUAL DIFFERENCES,"Bilingualism as a resource for foreign language learning of language
minority students? Empirical evidence from a longitudinal study during
primary and secondary school in Germany"
330,478,WOS:000677743400006,2021,PSYCHOLOGIE IN ERZIEHUNG UND UNTERRICHT,"Changes in Student Teachers'Beliefs about the Role of Teachers during
Initial Teacher Education:A Person-Centered Approach"
330,791,WOS:000677743400006,2021,PSYCHOLOGIE IN ERZIEHUNG UND UNTERRICHT,"Changes in Student Teachers'Beliefs about the Role of Teachers during
Initial Teacher Education:A Person-Centered Approach"
478,791,WOS:000677743400006,2021,PSYCHOLOGIE IN ERZIEHUNG UND UNTERRICHT,"Changes in Student Teachers'Beliefs about the Role of Teachers during
Initial Teacher Education:A Person-Centered Approach"
413,414,WOS:000343242300009,2014,JOURNAL OF CROSS-CULTURAL PSYCHOLOGY,"Knowledge and Belief Understanding Among Iranian and Australian
Preschool Children"
558,561,WOS:001594658100001,2025,JOURNAL OF PERSONALITY AND SOCIAL PSYCHOLOGY,"Personality Trait Change in Three Sub-Saharan Countries: Normative
Development and Life Events"
558,561,WOS:000937399700001,2024,EUROPEAN JOURNAL OF PERSONALITY,"Examining individual differences in personality trait changes after
negative life events"
413,414,WOS:000425719100007,2017,JOURNAL OF CROSS-CULTURAL PSYCHOLOGY,"Culture, Parenting, and Children's Theory of Mind Development in
Indonesia"
369,372,WOS:000412787500001,2017,PERSONALITY AND INDIVIDUAL DIFFERENCES,"An assessment of measurement invariance in the 3-and 5-factor models of
the Strengths and Difficulties Questionnaire: New insights from a
longitudinal study"
348,1067,WOS:000562711000001,2021,JOURNAL OF CANCER EDUCATION,"Who Are the Nonusers of Sunscreen, and What Are Their Reasons?
Development of a New Item Set"
348,1134,WOS:000562711000001,2021,JOURNAL OF CANCER EDUCATION,"Who Are the Nonusers of Sunscreen, and What Are Their Reasons?
Development of a New Item Set"
1067,1134,WOS:000562711000001,2021,JOURNAL OF CANCER EDUCATION,"Who Are the Nonusers of Sunscreen, and What Are Their Reasons?
Development of a New Item Set"
356,358,WOS:000308636100011,2012,CHILD DEVELOPMENT,"The Development of Young Children of Immigrants in Australia, Canada,
the United Kingdom, and the United States"
413,414,WOS:000358180900012,2015,CHILD DEVELOPMENT,"Meta-Analysis of Theory of Mind and Peer Popularity in the Preschool and
Early School Years"
513,520,WOS:000407396000007,2017,DISCOURSE PROCESSES,"Equivalence of Screen Versus Print Reading Comprehension Depends on Task
Complexity and Proficiency"
413,414,WOS:000247113300012,2007,CHILD DEVELOPMENT,"Mind what mother says: Narrative input and theory of mind in typical
children and those on the autism spectrum"
413,414,WOS:000301488300009,2012,CHILD DEVELOPMENT,"The Mind Behind the Message: Advancing Theory-of-Mind Scales for
Typically Developing Children, and Those With Deafness, Autism, or
Asperger Syndrome"
586,1210,WOS:001674937200001,2026,INTERNATIONAL JOURNAL OF MANAGEMENT EDUCATION,"Post-internship career choice under organizational understanding,
corporate social responsibility: The moderating role of resort image"
439,739,WOS:001452198200001,2025,JOURNAL OF ENVIRONMENTAL EDUCATION,"Climate change education: Bibliometric analysis of the Status-Quo and
future research paths"
844,845,WOS:000659220700011,2021,DEMOGRAPHY,Sibling Similarity in Education Across and Within Societies
394,934,WOS:000423142800001,2018,EUROPEAN JOURNAL OF POPULATION-REVUE EUROPEENNE DE DEMOGRAPHIE,"Maternal Repartnering: Does Father Involvement Matter? Evidence from
United Kingdom"
423,905,WOS:000709524100001,2022,INTERNATIONAL MIGRATION REVIEW,"Foreign Accents in the Early Hiring Process: A Field Experiment on
Accent-Related Ethnic Discrimination in Germany"
394,934,WOS:000641321500002,2021,DEMOGRAPHY,"The Impact of Center-Based Childcare Attendance on Early Child
Development: Evidence From the French Elfe Cohort"
545,1207,WOS:001194365300001,2024,LEARNING AND INDIVIDUAL DIFFERENCES,"Perceived quality of parental homework assistance and students' academic
functioning in secondary school - Does grade level play a role?"
609,966,WOS:001336306200001,2025,MULTIVARIATE BEHAVIORAL RESEARCH,"A Causal View on Bias in Missing Data Imputation: The Impact of Evil
Auxiliary Variables on Norming of Test Scores"
420,841,WOS:000564708900011,2020,CONTEMPORARY EDUCATIONAL PSYCHOLOGY,"Development of academic language comprehension of German monolinguals
and dual language learners"
318,673,WOS:000498348400012,2019,BRITISH JOURNAL OF EDUCATIONAL PSYCHOLOGY,"What makes a good teacher? The relative importance of mathematics
teachers' cognitive ability, personality, knowledge, beliefs, and
motivation for instructional quality"
645,1079,WOS:000365610700016,2015,JOURNAL OF EDUCATIONAL PSYCHOLOGY,"Classroom Composition and Language Minority Students' Motivation in
Language Lessons"
132,318,WOS:000310060600005,2012,ZEITSCHRIFT FUR PADAGOGISCHE PSYCHOLOGIE,"Emotional Exhaustion and Job Satisfaction of Beginning Teachers: The
Role of Personality, Educational Experience and Professional Competence"
132,673,WOS:000310060600005,2012,ZEITSCHRIFT FUR PADAGOGISCHE PSYCHOLOGIE,"Emotional Exhaustion and Job Satisfaction of Beginning Teachers: The
Role of Personality, Educational Experience and Professional Competence"
318,673,WOS:000310060600005,2012,ZEITSCHRIFT FUR PADAGOGISCHE PSYCHOLOGIE,"Emotional Exhaustion and Job Satisfaction of Beginning Teachers: The
Role of Personality, Educational Experience and Professional Competence"
420,681,WOS:000354127700001,2015,EUROPEAN JOURNAL OF PSYCHOLOGY OF EDUCATION,"Linguistic simplification of mathematics items: effects for language
minority students in Germany"
420,841,WOS:000354127700001,2015,EUROPEAN JOURNAL OF PSYCHOLOGY OF EDUCATION,"Linguistic simplification of mathematics items: effects for language
minority students in Germany"
420,1157,WOS:000354127700001,2015,EUROPEAN JOURNAL OF PSYCHOLOGY OF EDUCATION,"Linguistic simplification of mathematics items: effects for language
minority students in Germany"
681,841,WOS:000354127700001,2015,EUROPEAN JOURNAL OF PSYCHOLOGY OF EDUCATION,"Linguistic simplification of mathematics items: effects for language
minority students in Germany"
681,1157,WOS:000354127700001,2015,EUROPEAN JOURNAL OF PSYCHOLOGY OF EDUCATION,"Linguistic simplification of mathematics items: effects for language
minority students in Germany"
841,1157,WOS:000354127700001,2015,EUROPEAN JOURNAL OF PSYCHOLOGY OF EDUCATION,"Linguistic simplification of mathematics items: effects for language
minority students in Germany"
433,735,WOS:000644696000008,2021,ZEITSCHRIFT FUR PADAGOGISCHE PSYCHOLOGIE,"Predictors of teachers' appreciation of evidence-based practice and
educational research findings"
666,667,WOS:001159746100001,2025,ZEITSCHRIFT FUR PADAGOGISCHE PSYCHOLOGIE,"Longitudinal associations between German and English language
competencies in Grade 9 and educational success"
520,777,WOS:000928634500001,2023,EDUCATIONAL PSYCHOLOGY REVIEW,"The Influence of Diagnostic Labels on the Evaluation of Students: a
Multilevel Meta-Analysis"
318,1060,WOS:001091845800001,2023,LEARNING AND INDIVIDUAL DIFFERENCES,"From procrastination to frustration-How delaying tasks can affect study
satisfaction and dropout intentions over the course of university
studies"
614,623,WOS:000403557900004,2017,ZEITSCHRIFT FUR PADAGOGISCHE PSYCHOLOGIE,"Is Language Support in Elementary Schools Being Reliably Assessed?
Classification Rating in Diagnostic Decisions"
369,1171,WOS:001637868400001,2026,LEARNING AND INDIVIDUAL DIFFERENCES,"Gender-segregated trajectories to a university major and career-related
motivation"
500,841,WOS:001253994700001,2024,SOCIAL PSYCHOLOGY OF EDUCATION,"Egalitarian gender role attitudes give girls the edge: Exploring the
role of students' gender role attitudes in reading and math"
500,1077,WOS:001253994700001,2024,SOCIAL PSYCHOLOGY OF EDUCATION,"Egalitarian gender role attitudes give girls the edge: Exploring the
role of students' gender role attitudes in reading and math"
841,1077,WOS:001253994700001,2024,SOCIAL PSYCHOLOGY OF EDUCATION,"Egalitarian gender role attitudes give girls the edge: Exploring the
role of students' gender role attitudes in reading and math"
541,738,WOS:000381658400016,2016,CONTEMPORARY EDUCATIONAL PSYCHOLOGY,"Skipping to the bigger pond: Examining gender differences in students'
psychosocial development after early acceleration"
541,740,WOS:000381658400016,2016,CONTEMPORARY EDUCATIONAL PSYCHOLOGY,"Skipping to the bigger pond: Examining gender differences in students'
psychosocial development after early acceleration"
738,740,WOS:000381658400016,2016,CONTEMPORARY EDUCATIONAL PSYCHOLOGY,"Skipping to the bigger pond: Examining gender differences in students'
psychosocial development after early acceleration"
520,777,WOS:000720834200003,2020,ZEITSCHRIFT FUR ENTWICKLUNGSPSYCHOLOGIE UND PADAGOGISCHE PSYCHOLOGIE,"Spelling Error Detection: A Valid and Economical Task for Assessing
Spelling Skills in Elementary-School Children"
318,673,WOS:000388056900004,2016,PSYCHOLOGIE IN ERZIEHUNG UND UNTERRICHT,"A Comparison of Daily Uplifts and Hassles of Pre-Service and In-Service
Teachers"
1060,1171,WOS:001054566200001,2023,CONTEMPORARY EDUCATIONAL PSYCHOLOGY,"Cognitive development in undergraduate emerging adults: How
course-taking breadth supports skill formation"
419,991,WOS:000315668500002,2013,ZEITSCHRIFT FUR ENTWICKLUNGSPSYCHOLOGIE UND PADAGOGISCHE PSYCHOLOGIE,"The change of autonomy striving, perceived parental control, and
perceived quantity of conflicts in adolescence"
439,740,WOS:001317248500001,2024,LEARNING AND INDIVIDUAL DIFFERENCES,"Exploring the heterogeneous development of intrinsic value in language
arts among secondary school students through growth mixture modelling"
439,1199,WOS:001317248500001,2024,LEARNING AND INDIVIDUAL DIFFERENCES,"Exploring the heterogeneous development of intrinsic value in language
arts among secondary school students through growth mixture modelling"
740,1199,WOS:001317248500001,2024,LEARNING AND INDIVIDUAL DIFFERENCES,"Exploring the heterogeneous development of intrinsic value in language
arts among secondary school students through growth mixture modelling"
614,623,WOS:000331922500005,2014,PSYCHOLOGIE IN ERZIEHUNG UND UNTERRICHT,"How Elementary School Teachers Judge the Difficulty Levels of German
Language and Mathematics Tasks:A Study on the Accuracy of Teacher
Judgements"
132,318,WOS:000322752200017,2013,JOURNAL OF EDUCATIONAL PSYCHOLOGY,"Professional Competence of Teachers: Effects on Instructional Quality
and Student Development"
132,673,WOS:000322752200017,2013,JOURNAL OF EDUCATIONAL PSYCHOLOGY,"Professional Competence of Teachers: Effects on Instructional Quality
and Student Development"
132,1080,WOS:000322752200017,2013,JOURNAL OF EDUCATIONAL PSYCHOLOGY,"Professional Competence of Teachers: Effects on Instructional Quality
and Student Development"
318,673,WOS:000322752200017,2013,JOURNAL OF EDUCATIONAL PSYCHOLOGY,"Professional Competence of Teachers: Effects on Instructional Quality
and Student Development"
318,1080,WOS:000322752200017,2013,JOURNAL OF EDUCATIONAL PSYCHOLOGY,"Professional Competence of Teachers: Effects on Instructional Quality
and Student Development"
673,1080,WOS:000322752200017,2013,JOURNAL OF EDUCATIONAL PSYCHOLOGY,"Professional Competence of Teachers: Effects on Instructional Quality
and Student Development"
419,991,WOS:000572626800001,2021,EUROPEAN JOURNAL OF PSYCHOLOGY OF EDUCATION,"Friends' influence on the development of academic values in mathematics:
are there differences between female and male dyads?"
331,991,WOS:000352041000009,2015,LEARNING AND INDIVIDUAL DIFFERENCES,"Effect of negative peer climate on the development of autonomous
motivation in mathematics"
373,1171,WOS:000782775700002,2022,CONTEMPORARY EDUCATIONAL PSYCHOLOGY,"Can I teach this student?: A multilevel analysis of the links between
teachers' perceived effectiveness, interest-supportive teaching, and
student interest in math and reading"
420,997,WOS:000308682200002,2012,PSYCHOLOGIE IN ERZIEHUNG UND UNTERRICHT,"Assessment of Standard-based Mathematics Competencies in Primary School:
An Overview"
373,1087,WOS:001545104100001,2025,LEARNING AND INDIVIDUAL DIFFERENCES,"Differential use and effectiveness of practice testing: Who benefits and
who engages?"
373,1169,WOS:001370928800001,2025,LEARNING AND INDIVIDUAL DIFFERENCES,"Students' study activities before and after exam deadlines as predictors
of performance in STEM courses: A multi-source data analysis"
520,903,WOS:000303654400004,2012,ZEITSCHRIFT FUR PADAGOGISCHE PSYCHOLOGIE,"Computer Assisted Reading Comprehension Instruction: Effects of
Automatically Generated Content Feedback"
586,794,WOS:001064829800001,2024,BRITISH JOURNAL OF EDUCATIONAL PSYCHOLOGY,"Learning strategies and reading achievement in primary schools:
Longitudinal relationship and gender differences"
632,633,WOS:000670007300001,2022,BRITISH JOURNAL OF EDUCATIONAL PSYCHOLOGY,"How do self-efficacy and self-concept impact mathematical achievement?
The case of mathematical modelling"
632,634,WOS:000670007300001,2022,BRITISH JOURNAL OF EDUCATIONAL PSYCHOLOGY,"How do self-efficacy and self-concept impact mathematical achievement?
The case of mathematical modelling"
633,634,WOS:000670007300001,2022,BRITISH JOURNAL OF EDUCATIONAL PSYCHOLOGY,"How do self-efficacy and self-concept impact mathematical achievement?
The case of mathematical modelling"
490,837,WOS:001520334900001,2025,BRITISH JOURNAL OF EDUCATIONAL PSYCHOLOGY,"Reciprocal associations between confidence in getting social support and
academic expectancies and subjective task values: Stronger for
first-generation and transfer students"
490,1169,WOS:001520334900001,2025,BRITISH JOURNAL OF EDUCATIONAL PSYCHOLOGY,"Reciprocal associations between confidence in getting social support and
academic expectancies and subjective task values: Stronger for
first-generation and transfer students"
837,1169,WOS:001520334900001,2025,BRITISH JOURNAL OF EDUCATIONAL PSYCHOLOGY,"Reciprocal associations between confidence in getting social support and
academic expectancies and subjective task values: Stronger for
first-generation and transfer students"
373,1171,WOS:001300818900001,2024,JOURNAL OF EDUCATIONAL PSYCHOLOGY,"The Role of Comparative Processes in Shaping the Effects of
Between-Class Ability Grouping on Students' Math Ability Self-Concept"
432,1199,WOS:000841168000001,2022,LEARNING AND INDIVIDUAL DIFFERENCES,"Expectancy-value profiles in math: How are student-perceived teaching
behaviors related to motivational transitions?"
361,841,WOS:000812450900001,2022,SOCIAL PSYCHOLOGY OF EDUCATION,"Number of books at home as an indicator of socioeconomic status:
Examining its extensions and their incremental validity for academic
achievement"
361,926,WOS:000812450900001,2022,SOCIAL PSYCHOLOGY OF EDUCATION,"Number of books at home as an indicator of socioeconomic status:
Examining its extensions and their incremental validity for academic
achievement"
841,926,WOS:000812450900001,2022,SOCIAL PSYCHOLOGY OF EDUCATION,"Number of books at home as an indicator of socioeconomic status:
Examining its extensions and their incremental validity for academic
achievement"
541,740,WOS:000345680000013,2014,JOURNAL OF EDUCATIONAL PSYCHOLOGY,"Acceleration in Elementary School: Using Propensity Score Matching to
Estimate the Effects on Academic Achievement"
133,1040,WOS:000564178400001,2020,EUROPEAN JOURNAL OF SOCIAL PSYCHOLOGY,"Country-level and individual-level predictors of men's support for
gender equality in 42 countries"
414,908,WOS:000493252400001,2020,JOURNAL OF CROSS-CULTURAL PSYCHOLOGY,"In Two Minds: Similarity, Threat, and Prejudice Contribute to Worse
Mindreading of Outgroups Compared With an Ingroup"
584,659,WOS:000471302600012,2019,EUROPEAN JOURNAL OF PERSONALITY,"Using Dynamic Panel Models to Study Age-related Differences and
Time-related Changes in Personality"
513,921,WOS:000641860100005,2021,EUROPEAN JOURNAL OF PERSONALITY,"Coffee or tea? Examining cross-cultural differences in personality
nuances across former colonies of the British Empire"
513,921,WOS:000471302600004,2019,EUROPEAN JOURNAL OF PERSONALITY,"`Grandpa, Do You Like Roller Coasters?': Identifying Age-Appropriate
Personality Indicators"
513,921,WOS:000528503700001,2020,EUROPEAN JOURNAL OF PERSONALITY,"Compiling Measurement Invariant Short Scales in Cross-Cultural
Personality Assessment Using Ant Colony Optimization"
586,794,WOS:000838105100019,2022,PERSONALITY AND INDIVIDUAL DIFFERENCES,"Women rely on ``gut feeling{''}? The neural pattern of gender difference
in non-mathematic intuition"
529,889,WOS:000417419800008,2017,JOURNAL OF COMMUNITY \& APPLIED SOCIAL PSYCHOLOGY,"Defining ethnic, national, and dual identities: Structure, antecedents,
and consequences of multiple social identities of Turkish-origin high
school students in Germany"
1067,1134,WOS:000644189700027,2021,PERSONALITY AND INDIVIDUAL DIFFERENCES,"How many close friends do you (think you) have? Representative panel
data on narcissists? self-reported number of close friends{*}"
133,529,WOS:000898964300001,2023,SOCIAL PSYCHOLOGICAL AND PERSONALITY SCIENCE,Gendered Self-Views Across 62 Countries: A Test of Competing Models
133,1040,WOS:000898964300001,2023,SOCIAL PSYCHOLOGICAL AND PERSONALITY SCIENCE,Gendered Self-Views Across 62 Countries: A Test of Competing Models
529,1040,WOS:000898964300001,2023,SOCIAL PSYCHOLOGICAL AND PERSONALITY SCIENCE,Gendered Self-Views Across 62 Countries: A Test of Competing Models
586,1210,WOS:000749951100007,2022,SOCIAL BEHAVIOR AND PERSONALITY,"Self-stereotyping and self-anchoring affect social identification:
Self-esteem as a moderator"
513,921,WOS:000471302600011,2019,EUROPEAN JOURNAL OF PERSONALITY,"Ant Colony Optimization and Local Weighted Structural Equation Modeling.
A Tutorial on Novel Item and Person Sampling Procedures for Personality
Research"
561,1013,WOS:000348047700007,2014,JOURNAL OF PERSONALITY AND SOCIAL PSYCHOLOGY,"Cross-Cultural Variations in Big Five Relationships With Religiosity: A
Sociocultural Motives Perspective"
561,1014,WOS:000348047700007,2014,JOURNAL OF PERSONALITY AND SOCIAL PSYCHOLOGY,"Cross-Cultural Variations in Big Five Relationships With Religiosity: A
Sociocultural Motives Perspective"
1013,1014,WOS:000348047700007,2014,JOURNAL OF PERSONALITY AND SOCIAL PSYCHOLOGY,"Cross-Cultural Variations in Big Five Relationships With Religiosity: A
Sociocultural Motives Perspective"
516,777,WOS:000334059300002,2014,SOCIAL INFLUENCE,Stories can influence the self-concept
560,561,WOS:000741670700001,2022,JOURNAL OF PERSONALITY AND SOCIAL PSYCHOLOGY,"Refining the Maturity Principle of Personality Development by Examining
Facets, Close Others, and Comaturation"
561,1013,WOS:000383807100005,2016,JOURNAL OF PERSONALITY AND SOCIAL PSYCHOLOGY,Age and Gender Differences in Self-Esteem-A Cross-Cultural Window
561,1014,WOS:000383807100005,2016,JOURNAL OF PERSONALITY AND SOCIAL PSYCHOLOGY,Age and Gender Differences in Self-Esteem-A Cross-Cultural Window
1013,1014,WOS:000383807100005,2016,JOURNAL OF PERSONALITY AND SOCIAL PSYCHOLOGY,Age and Gender Differences in Self-Esteem-A Cross-Cultural Window
561,921,WOS:000954309900001,2023,JOURNAL OF PERSONALITY AND SOCIAL PSYCHOLOGY,"The Link Between Personality, Global, and Domain-Specific Satisfaction
Across the Adult Lifespan"
529,889,WOS:000376443400002,2016,SOCIAL PSYCHOLOGY,"``It's Their Responsibility, Not Ours{''} Stereotypes About Competence
and Causal Attributions for Immigrants' Academic Underperformance"
659,1013,WOS:000360444400011,2015,JOURNAL OF PERSONALITY AND SOCIAL PSYCHOLOGY,"Cultural Norm Fulfillment, Interpersonal Belonging, or Getting Ahead? A
Large-Scale Cross-Cultural Test of Three Perspectives on the Function of
Self-Esteem"
659,1014,WOS:000360444400011,2015,JOURNAL OF PERSONALITY AND SOCIAL PSYCHOLOGY,"Cultural Norm Fulfillment, Interpersonal Belonging, or Getting Ahead? A
Large-Scale Cross-Cultural Test of Three Perspectives on the Function of
Self-Esteem"
1013,1014,WOS:000360444400011,2015,JOURNAL OF PERSONALITY AND SOCIAL PSYCHOLOGY,"Cultural Norm Fulfillment, Interpersonal Belonging, or Getting Ahead? A
Large-Scale Cross-Cultural Test of Three Perspectives on the Function of
Self-Esteem"
561,1013,WOS:001369828700001,2024,JOURNAL OF PERSONALITY AND SOCIAL PSYCHOLOGY,"Socioeconomic Status Differences in Agentic and Communal Self-Concepts:
Insights From 6 Million People Across 133 Nations"
561,1014,WOS:001369828700001,2024,JOURNAL OF PERSONALITY AND SOCIAL PSYCHOLOGY,"Socioeconomic Status Differences in Agentic and Communal Self-Concepts:
Insights From 6 Million People Across 133 Nations"
1013,1014,WOS:001369828700001,2024,JOURNAL OF PERSONALITY AND SOCIAL PSYCHOLOGY,"Socioeconomic Status Differences in Agentic and Communal Self-Concepts:
Insights From 6 Million People Across 133 Nations"
328,584,WOS:000452886500010,2018,JOURNAL OF PERSONALITY AND SOCIAL PSYCHOLOGY,"The Interplay of Personality and Functional Health in Old and Very Old
Age: Dynamic Within-Person Interrelations Across up to 13 Years"
328,659,WOS:000452886500010,2018,JOURNAL OF PERSONALITY AND SOCIAL PSYCHOLOGY,"The Interplay of Personality and Functional Health in Old and Very Old
Age: Dynamic Within-Person Interrelations Across up to 13 Years"
584,659,WOS:000452886500010,2018,JOURNAL OF PERSONALITY AND SOCIAL PSYCHOLOGY,"The Interplay of Personality and Functional Health in Old and Very Old
Age: Dynamic Within-Person Interrelations Across up to 13 Years"
586,794,WOS:000981109900001,2023,CYBERPSYCHOLOGY BEHAVIOR AND SOCIAL NETWORKING,"Cyberbullying Victimization and Nonsuicidal Self-Injury in Early
Adolescents: A Moderated Mediation Model of Social Anxiety and Emotion
Reactivity"
586,794,WOS:000761093400001,2022,ASIAN JOURNAL OF SOCIAL PSYCHOLOGY,"Does coming out matter? A serial mediation model from outness to reduced
psychological distress among Chinese gay men"
504,979,WOS:001087673200001,2024,EUROPEAN JOURNAL OF PERSONALITY,"State investigative interest varies across daily life and predicts
academic engagement: Replication and extension of the nomological
network"
133,203,WOS:000626198900001,2021,JOURNAL OF CROSS-CULTURAL PSYCHOLOGY,"Psychometric Properties and Correlates of Precarious Manhood Beliefs in
62 Nations"
133,529,WOS:000626198900001,2021,JOURNAL OF CROSS-CULTURAL PSYCHOLOGY,"Psychometric Properties and Correlates of Precarious Manhood Beliefs in
62 Nations"
203,529,WOS:000626198900001,2021,JOURNAL OF CROSS-CULTURAL PSYCHOLOGY,"Psychometric Properties and Correlates of Precarious Manhood Beliefs in
62 Nations"
561,912,WOS:001354959800001,2024,JOURNAL OF RESEARCH IN PERSONALITY,"Incremental relations between self-understanding and social functioning
beyond personality traits in young adults"
513,921,WOS:000449534600009,2018,JOURNAL OF PERSONALITY,"A confirmatory examination of age-associated personality differences:
Deriving age-related measurement-invariant solutions using ant colony
optimization"
584,668,WOS:001026578700001,2023,EUROPEAN JOURNAL OF SOCIAL PSYCHOLOGY,"Tend-and-befriend and rally around the flag effects during the COVID-19
pandemic: Differential longitudinal change patterns in multiple aspects
of social cohesion"
325,586,WOS:001044093800008,2023,SOCIAL BEHAVIOR AND PERSONALITY,"Workplace emotional blackmail, ego depletion, and employee silence"
1013,1014,WOS:000670617700011,2021,JOURNAL OF PERSONALITY AND SOCIAL PSYCHOLOGY,"Big Five Facets and Religiosity: Three Large-Scale, Cross-Cultural,
Theory-Driven, and Process-Attentive Tests"
504,979,WOS:001034136400001,2023,JOURNAL OF RESEARCH IN PERSONALITY,"Why does the trait-state relation in vocational interests differ from
that in personality? Exploring interest variability in daily life"
561,912,WOS:000771990500001,2022,JOURNAL OF PERSONALITY,Selection and socialization effects of studying abroad
634,1165,WOS:000291190500007,2011,PERSONALITY AND INDIVIDUAL DIFFERENCES,"Habitual computer game playing at night is related to depressive
symptoms"
584,668,WOS:000859068200001,2023,JOURNAL OF PERSONALITY,"Modeling dynamic personality theories in a continuous-time framework: An
illustration"
400,1128,WOS:000729277700009,2021,JOURNAL OF EUROPEAN SOCIAL POLICY,"Double burden? Implications of indebtedness to general life satisfaction
following negative life events in international comparison"
413,414,WOS:000264453200017,2009,RESEARCH IN AUTISM SPECTRUM DISORDERS,"Theory of mind (ToM) in children with autism or typical development:
Links between eye-reading and false belief understanding"
365,366,WOS:001218558500001,2024,JOURNAL OF EDUCATIONAL MEASUREMENT,"Does Timed Testing Affect the Interpretation of Efficiency Scores?-A
GLMM Analysis of Reading Components"
327,376,WOS:000697728500001,2022,BRITISH JOURNAL OF SOCIOLOGY,School-to-work transition and subjective well-being in Australia
327,377,WOS:000697728500001,2022,BRITISH JOURNAL OF SOCIOLOGY,School-to-work transition and subjective well-being in Australia
376,377,WOS:000697728500001,2022,BRITISH JOURNAL OF SOCIOLOGY,School-to-work transition and subjective well-being in Australia
493,1000,WOS:001088053100001,2024,CURRENT ISSUES IN LANGUAGE PLANNING,"From policy to practice: how schools implement German language support
policy in Austria"
586,816,WOS:001025092000001,2024,CHILD DEVELOPMENT,"Concern for mianzi: Relations with adjustment in rural and urban Chinese
adolescents"
373,837,WOS:000568560200032,2020,CHILD DEVELOPMENT,"Cross-Domain Trajectories of Students' Ability Self-Concepts and
Intrinsic Values in Math and Language Arts"
586,816,WOS:000869385900001,2023,CHILD DEVELOPMENT,"Academic performance and depression in Chinese children: Same-domain and
cross-domain effects in friendships"
373,1171,WOS:000866115200001,2023,CHILD DEVELOPMENT,"Developmental changes in students' use of dimensional comparisons to
form ability self-concepts in math and verbal domains"
516,777,WOS:000496042600002,2019,DISCOURSE PROCESSES,"Empowering Stories: Transportation into Narratives with Strong
Protagonists Increases Self-Related Control Beliefs"
414,908,WOS:000518215200002,2020,CHILD DEVELOPMENT,"The Capricious Nature of Theory of Mind: Does Mental State Understanding
Depend on the Characteristics of the Target?"
753,774,WOS:001549859500001,2025,MEASUREMENT AND EVALUATION IN COUNSELING AND DEVELOPMENT,"Investigating Differential Item Functioning of the Simplified Beck
Depression Inventory Using Partial Credit Tree Model"
425,903,WOS:000244517400009,2007,CHILD DEVELOPMENT,"Knowledge about the mind: Links between theory of mind and later
metamemory"
586,816,WOS:000844425200001,2023,CHILD DEVELOPMENT,"Enjoyment of Chinese and mathematics and school performance in Chinese
children and adolescents"
442,443,WOS:000773467000001,2022,FRONTIERS IN PSYCHOLOGY,Impact of Interest Congruence on Study Outcomes
442,444,WOS:000773467000001,2022,FRONTIERS IN PSYCHOLOGY,Impact of Interest Congruence on Study Outcomes
443,444,WOS:000773467000001,2022,FRONTIERS IN PSYCHOLOGY,Impact of Interest Congruence on Study Outcomes
358,726,WOS:001130515100006,2023,ANNALS OF THE AMERICAN ACADEMY OF POLITICAL AND SOCIAL SCIENCE,"The Child Tax Credit and Family Well-Being: An Overview of Reforms and
Impacts"
586,794,WOS:001136824800008,2024,HUMANITIES \& SOCIAL SCIENCES COMMUNICATIONS,"Pro-religion attitude predicts lower vaccination coverage at country
level"
473,474,WOS:001138334500001,2024,POLITICAL PSYCHOLOGY,"Determinants of belief in conspiracy theories about the war in Ukraine
among youth"
516,519,WOS:000706035300012,2021,CULTURAL DIVERSITY \& ETHNIC MINORITY PSYCHOLOGY,"The Individual Development of Cultural Identity and Psychological
Well-Being Among Adolescents With a Migrant Background in Austria: A
Longitudinal Study"
584,585,WOS:000841861000001,2023,STRUCTURAL EQUATION MODELING-A MULTIDISCIPLINARY JOURNAL,"Analyzing Longitudinal Multirater Data with Individually Varying Time
Intervals"
513,922,WOS:000346084000004,2014,JOURNAL OF EDUCATIONAL MEASUREMENT,"A Comparison of Different Psychometric Approaches to Modeling Testlet
Structures: An Example with C-Tests"
143,365,WOS:000977159300001,2023,JOURNAL OF EDUCATIONAL MEASUREMENT,"Controlling the Speededness of Assembled Test Forms: A Generalization to
the Three-Parameter Lognormal Response Time Model"
321,536,WOS:000315424800005,2013,ZEITSCHRIFT FUR SOZIOLOGIE,"Determinants of Success in University Careers: Findings from the German
Academic Labor Market"
549,550,WOS:001263784600002,2024,"SOZIALE WELT-ZEITSCHRIFT FUR SOZIALWISSENSCHAFTLICHE FORSCHUNG UND
PRAXIS","Gender Disparities in Mathematics Achievement by Ethnic Origin: Evidence
from Germany"
549,550,WOS:000877682500004,2022,RESEARCH IN SOCIAL STRATIFICATION AND MOBILITY,"Parental occupation and students? STEM achievements by gender and ethnic
origin: Evidence from Germany"
595,596,WOS:001149560100005,2024,SOCIOLOGICAL METHODOLOGY,"From Sequences to Variables: Rethinking the Relationship between
Sequences and Outcomes"
492,550,WOS:000328677600001,2013,INTERNATIONAL JOURNAL OF COMPARATIVE SOCIOLOGY,"Helpful friends? Personal contacts and job entry among youths in
transformation societies"
592,593,WOS:000397062600005,2017,ZEITSCHRIFT FUR SOZIOLOGIE,Does Place of Residence Matter?
390,392,WOS:000389207500005,2016,Research in Social Stratification and Mobility,"A stalled revolution? What can we learn from women's drop-out to
part-time jobs: A comparative analysis of Germany and the UK"
385,550,WOS:000684215300001,2021,RESEARCH IN SOCIAL STRATIFICATION AND MOBILITY,COVID-19-associated discrimination in Germany
579,580,WOS:000482697100010,2019,SOCIAL SCIENCE RESEARCH,"Assessing the spatial scale of context effects: The example of
neighbourhood's educational composition and its relevance for individual
aspirations"
377,573,WOS:001518168100001,2025,EUROPEAN SOCIOLOGICAL REVIEW,The gendered effects of COVID-19 on well-being: a household perspective
490,1060,WOS:001407312800001,2025,COMPUTERS \& EDUCATION,"Effects of online teacher professional development on teacher-,
classroom-, and student-level outcomes: A meta-analysis"
492,550,WOS:000311965100002,2012,EUROPEAN SOCIOLOGICAL REVIEW,"Uniform Inequalities: Institutional Differentiation and the Transition
from Higher Education to Work in Post-socialist Central and Eastern
Europe"
361,382,WOS:001092707000001,2024,RATIONALITY AND SOCIETY,"High realistic aspirations - Do normative pressures overthrow rational
calculations? Applying the model of frame selection to the educational
aspirations of immigrant and majority students in Germany"
361,742,WOS:001092707000001,2024,RATIONALITY AND SOCIETY,"High realistic aspirations - Do normative pressures overthrow rational
calculations? Applying the model of frame selection to the educational
aspirations of immigrant and majority students in Germany"
361,905,WOS:001092707000001,2024,RATIONALITY AND SOCIETY,"High realistic aspirations - Do normative pressures overthrow rational
calculations? Applying the model of frame selection to the educational
aspirations of immigrant and majority students in Germany"
382,742,WOS:001092707000001,2024,RATIONALITY AND SOCIETY,"High realistic aspirations - Do normative pressures overthrow rational
calculations? Applying the model of frame selection to the educational
aspirations of immigrant and majority students in Germany"
382,905,WOS:001092707000001,2024,RATIONALITY AND SOCIETY,"High realistic aspirations - Do normative pressures overthrow rational
calculations? Applying the model of frame selection to the educational
aspirations of immigrant and majority students in Germany"
742,905,WOS:001092707000001,2024,RATIONALITY AND SOCIETY,"High realistic aspirations - Do normative pressures overthrow rational
calculations? Applying the model of frame selection to the educational
aspirations of immigrant and majority students in Germany"
390,472,WOS:000287487800005,2011,EUROPEAN SOCIETIES,"WHAT MATTERS IN THE TRANSITION FROM SCHOOL TO VOCATIONAL TRAINING IN
GERMANY Educational credentials, cognitive abilities or personality?"
507,592,WOS:000307628300004,2012,ZEITSCHRIFT FUR SOZIOLOGIE,"The Effect of Tuition Fees on Enrollment in Higher Education in Germany.
Evidence from a Natural Experiment"
507,964,WOS:000307628300004,2012,ZEITSCHRIFT FUR SOZIOLOGIE,"The Effect of Tuition Fees on Enrollment in Higher Education in Germany.
Evidence from a Natural Experiment"
592,964,WOS:000307628300004,2012,ZEITSCHRIFT FUR SOZIOLOGIE,"The Effect of Tuition Fees on Enrollment in Higher Education in Germany.
Evidence from a Natural Experiment"
423,550,WOS:000207480500004,2008,INTERNATIONAL JOURNAL OF COMPARATIVE SOCIOLOGY,Higher Education Entry of Turkish Immigrant Youth in Germany
423,1057,WOS:000207480500004,2008,INTERNATIONAL JOURNAL OF COMPARATIVE SOCIOLOGY,Higher Education Entry of Turkish Immigrant Youth in Germany
550,1057,WOS:000207480500004,2008,INTERNATIONAL JOURNAL OF COMPARATIVE SOCIOLOGY,Higher Education Entry of Turkish Immigrant Youth in Germany
390,392,WOS:000502887700004,2020,SOCIAL SCIENCE RESEARCH,"Partnered women's contribution to household labor income: Persistent
inequalities among couples and their determinants"
420,422,WOS:000615921400006,2020,EUROPEAN SOCIOLOGICAL REVIEW,"Ethnic Classroom Composition and Minority Language Use among Classmates:
Do Peers Matter for Students' Language Achievement?"
420,1079,WOS:000615921400006,2020,EUROPEAN SOCIOLOGICAL REVIEW,"Ethnic Classroom Composition and Minority Language Use among Classmates:
Do Peers Matter for Students' Language Achievement?"
422,1079,WOS:000615921400006,2020,EUROPEAN SOCIOLOGICAL REVIEW,"Ethnic Classroom Composition and Minority Language Use among Classmates:
Do Peers Matter for Students' Language Achievement?"
376,377,WOS:000583446000001,2021,EUROPEAN SOCIETIES,"Social inequality in the homeschooling efforts of German high school
students during a school closing period"
327,328,WOS:000475685100012,2019,JOURNAL OF SOCIOLOGY,"Young adulthood in uncertain times: The association between sense of
personal control and employment, education, personal relationships and
health"
439,1199,WOS:001164779700001,2024,COMPUTERS \& EDUCATION,"More I-talk in student teachers' written reflections indicates higher
stress during VR teaching"
350,614,WOS:000518529500003,2020,HEALTH EDUCATION RESEARCH,"`{[}...] the situation in the schools still remains the Achilles heel.'
Barriers to the implementation of school tobacco policies-a qualitative
study from local stakeholder's perspective in seven European cities"
350,623,WOS:000518529500003,2020,HEALTH EDUCATION RESEARCH,"`{[}...] the situation in the schools still remains the Achilles heel.'
Barriers to the implementation of school tobacco policies-a qualitative
study from local stakeholder's perspective in seven European cities"
350,884,WOS:000518529500003,2020,HEALTH EDUCATION RESEARCH,"`{[}...] the situation in the schools still remains the Achilles heel.'
Barriers to the implementation of school tobacco policies-a qualitative
study from local stakeholder's perspective in seven European cities"
614,623,WOS:000518529500003,2020,HEALTH EDUCATION RESEARCH,"`{[}...] the situation in the schools still remains the Achilles heel.'
Barriers to the implementation of school tobacco policies-a qualitative
study from local stakeholder's perspective in seven European cities"
614,884,WOS:000518529500003,2020,HEALTH EDUCATION RESEARCH,"`{[}...] the situation in the schools still remains the Achilles heel.'
Barriers to the implementation of school tobacco policies-a qualitative
study from local stakeholder's perspective in seven European cities"
623,884,WOS:000518529500003,2020,HEALTH EDUCATION RESEARCH,"`{[}...] the situation in the schools still remains the Achilles heel.'
Barriers to the implementation of school tobacco policies-a qualitative
study from local stakeholder's perspective in seven European cities"
493,521,WOS:000631655500001,2021,FRONTIERS IN PSYCHOLOGY,"Psychometric Properties and Rasch Validation of the Teachers' Version of
the Perception of Resources Questionnaire"
330,478,WOS:000719628200001,2021,FRONTIERS IN PSYCHOLOGY,"Factors Influencing Pre-service Teachers' Intention to Use Digital
Learning Materials: A Study Conducted During the COVID-19 Pandemic in
Germany"
371,513,WOS:000438605400005,2018,INTELLIGENCE,"Dedifferentiation and differentiation of intelligence in adults across
age and years of education"
365,366,WOS:000885790100001,2022,FRONTIERS IN PSYCHOLOGY,"Disengaged response behavior when the response button is blocked:
Evaluation of a micro-intervention"
528,617,WOS:000738785400001,2021,FRONTIERS IN PSYCHOLOGY,"Bridging the Gap Between Science and Practice: Research Collaboration
and the Perception of Research Findings"
528,1204,WOS:000738785400001,2021,FRONTIERS IN PSYCHOLOGY,"Bridging the Gap Between Science and Practice: Research Collaboration
and the Perception of Research Findings"
617,1204,WOS:000738785400001,2021,FRONTIERS IN PSYCHOLOGY,"Bridging the Gap Between Science and Practice: Research Collaboration
and the Perception of Research Findings"
365,922,WOS:000540577900001,2020,FRONTIERS IN PSYCHOLOGY,"Reanalysis of the German PISA Data: A Comparison of Different Approaches
for Trend Estimation With a Particular Emphasis on Mode Effects"
527,528,WOS:000738733500001,2021,FRONTIERS IN PSYCHOLOGY,"Actual and Perceived Knowledge About COVID-19: The Role of Information
Behavior in Media"
584,585,WOS:000478029600007,2019,PSYCHOLOGICAL METHODS,Bayesian Continuous-Time Rasch Models
584,668,WOS:000478029600007,2019,PSYCHOLOGICAL METHODS,Bayesian Continuous-Time Rasch Models
584,966,WOS:000478029600007,2019,PSYCHOLOGICAL METHODS,Bayesian Continuous-Time Rasch Models
585,668,WOS:000478029600007,2019,PSYCHOLOGICAL METHODS,Bayesian Continuous-Time Rasch Models
585,966,WOS:000478029600007,2019,PSYCHOLOGICAL METHODS,Bayesian Continuous-Time Rasch Models
668,966,WOS:000478029600007,2019,PSYCHOLOGICAL METHODS,Bayesian Continuous-Time Rasch Models
584,585,WOS:000451772300011,2018,PSYCHOLOGICAL METHODS,Hierarchical Bayesian Continuous Time Dynamic Modeling
365,366,WOS:000367755400052,2016,COMPUTERS IN HUMAN BEHAVIOR,"Effects of linear reading, basic computer skills, evaluating online
information, and navigation on reading digital text"
516,519,WOS:000333946200028,2014,COMPUTERS IN HUMAN BEHAVIOR,"Internet use and verbal aggression: The moderating role of parents and
peers"
365,366,WOS:000417656700022,2018,COMPUTERS IN HUMAN BEHAVIOR,"The role of reading skills in the evaluation of online information
gathered from search engine environments"
365,366,WOS:000361921100016,2015,COMPUTERS IN HUMAN BEHAVIOR,"Moving beyond cognitive elements of ICT literacy: First evidence on the
structure of ICT engagement"
358,903,WOS:000325910700001,2013,CHILD ABUSE \& NEGLECT,The Great Recession and the risk for child maltreatment
586,1188,WOS:001515583100001,2025,CHILD ABUSE \& NEGLECT,"Associations of adverse childhood experiences and obesity with
multimorbidity in middle-aged and older adults in China"
586,794,WOS:001618737800001,2025,CHILD ABUSE \& NEGLECT,"The detrimental effect of combined risks on mind-wandering: A response
surface analysis of childhood family abuse and peer bullying"
561,1015,WOS:000912314200004,2022,PSYCHOLOGICAL BULLETIN,"Personality Stability and Change: A Meta-Analysis of Longitudinal
Studies"
385,550,WOS:001147048700001,2024,JOURNAL OF ETHNIC AND MIGRATION STUDIES,"When your accent betrays you: the role of foreign accents in
school-to-work transition of ethnic minority youth in Germany"
550,795,WOS:000325913800006,2013,JOURNAL OF ETHNIC AND MIGRATION STUDIES,"The Role of Language Resources in Labour Market Entry: Comparing Estonia
and Ukraine"
394,934,WOS:001296482100001,2024,LONGITUDINAL AND LIFE COURSE STUDIES,"Socio-economic gradients in pupils' self-efficacy: evidence, evolution
and main drivers during the primary school years in France"
584,668,WOS:000486886100001,2020,STRUCTURAL EQUATION MODELING-A MULTIDISCIPLINARY JOURNAL,"Robustness of Individual Score Methods against Model Misspeci?cation in
Autoregressive Panel Models"
584,966,WOS:000486886100001,2020,STRUCTURAL EQUATION MODELING-A MULTIDISCIPLINARY JOURNAL,"Robustness of Individual Score Methods against Model Misspeci?cation in
Autoregressive Panel Models"
668,966,WOS:000486886100001,2020,STRUCTURAL EQUATION MODELING-A MULTIDISCIPLINARY JOURNAL,"Robustness of Individual Score Methods against Model Misspeci?cation in
Autoregressive Panel Models"
584,668,WOS:000461838700010,2019,STRUCTURAL EQUATION MODELING-A MULTIDISCIPLINARY JOURNAL,"Where Have the Persons Gone? - An Illustration of Individual Score
Methods in Autoregressive Panel Models"
584,966,WOS:000461838700010,2019,STRUCTURAL EQUATION MODELING-A MULTIDISCIPLINARY JOURNAL,"Where Have the Persons Gone? - An Illustration of Individual Score
Methods in Autoregressive Panel Models"
668,966,WOS:000461838700010,2019,STRUCTURAL EQUATION MODELING-A MULTIDISCIPLINARY JOURNAL,"Where Have the Persons Gone? - An Illustration of Individual Score
Methods in Autoregressive Panel Models"
325,586,WOS:000298219800010,2011,PATIENT EDUCATION AND COUNSELING,"Illness perception among Chinese patients with acute myocardial
infarction"
385,386,WOS:001694494300001,2026,ZEITSCHRIFT FUR SOZIOLOGIE,"Protected by Faith? Religion and COVID-19 Vaccination Uptake among Young
Adults in Germany"
592,699,WOS:000295418400008,2011,EUROPEAN SOCIOLOGICAL REVIEW,Unmasking the Myth of the Same-Sex Teacher Advantage
475,699,WOS:001410070000001,2025,SOCIOLOGICAL SCIENCE,Validating Factorial Survey Experiments: Response to Comment
400,1128,WOS:000576351400002,2020,"SOZIALE WELT-ZEITSCHRIFT FUR SOZIALWISSENSCHAFTLICHE FORSCHUNG UND
PRAXIS","The non-linear relationship between parental wealth and children's
post-secondary transitions in Germany"
346,886,WOS:000208549900006,2010,RESEARCH IN SOCIAL STRATIFICATION AND MOBILITY,"Changing effects of family background on transitions to secondary
education in the Netherlands: Consequences of educational expansion and
reform"
507,844,WOS:000790926100001,2022,EUROPEAN SOCIOLOGICAL REVIEW,"Socioeconomic Background and Gene-Environment Interplay in Social
Stratification across the Early Life Course"
507,845,WOS:000790926100001,2022,EUROPEAN SOCIOLOGICAL REVIEW,"Socioeconomic Background and Gene-Environment Interplay in Social
Stratification across the Early Life Course"
844,845,WOS:000790926100001,2022,EUROPEAN SOCIOLOGICAL REVIEW,"Socioeconomic Background and Gene-Environment Interplay in Social
Stratification across the Early Life Course"
415,779,WOS:000607081700009,2020,EUROPEAN SOCIOLOGICAL REVIEW,"Cohort Changes in the Level and Dispersion of Gender Ideology after
German Reunification: Results from a Natural Experiment"
501,1079,WOS:001096668000001,2023,ZEITSCHRIFT FUR SOZIOLOGIE,"Achievement and Social Inequality in Education Systems with Strict
Ability Tracking. A Critical Examination of the Model of Ability
Tracking (MoAbiT)"
387,652,WOS:000434488700004,2018,ZEITSCHRIFT FUR SOZIOLOGIE,"Ethnic Discrimination in the German Housing Market A Field Experiment on
the Underlying Mechanisms"
501,641,WOS:001520725400001,2025,RESEARCH IN SOCIAL STRATIFICATION AND MOBILITY,"Social network effects on educational inequality: The role of similarity
bias in social influence"
580,825,WOS:000208549900005,2010,RESEARCH IN SOCIAL STRATIFICATION AND MOBILITY,"Selections and social selectivity on the academic track: A life-course
analysis of educational attainment in Germany"
475,699,WOS:001321133300001,2024,SOCIOLOGICAL SCIENCE,"Factorial Survey Experiments to Predict Real-World Behavior: A
Cautionary Tale from Hiring Studies"
507,780,WOS:000355210200004,2015,EUROPEAN SOCIOLOGICAL REVIEW,"Intergenerational Downward Mobility in Educational Attainment and
Occupational Careers in West Germany in the Twentieth Century"
382,961,WOS:000552693900003,2019,"SOZIALE WELT-ZEITSCHRIFT FUR SOZIALWISSENSCHAFTLICHE FORSCHUNG UND
PRAXIS","Higher education graduates with migration background at the transition
to doctoral studies"
550,676,WOS:000336411800008,2014,SOCIAL FORCES,"Migrant Networks and Labor Market Integration of Immigrants from the
Former Soviet Union in Germany"
502,1022,WOS:000821972400001,2023,EUROPEAN SOCIOLOGICAL REVIEW,"Let's Stick Together: Peer Effects in Secondary School Choice and
Variations by Student Socio-Economic Background"
475,1022,WOS:000428602000013,2018,SOCIAL SCIENCE RESEARCH,"Vocational education and employment over the life course using a new
measure of occupational specificity"
592,825,WOS:001503704600001,2025,RESEARCH IN SOCIAL STRATIFICATION AND MOBILITY,"Same but different: Gender, social origin, and university access.
Results from a field experiment on guidance counseling"
592,961,WOS:001503704600001,2025,RESEARCH IN SOCIAL STRATIFICATION AND MOBILITY,"Same but different: Gender, social origin, and university access.
Results from a field experiment on guidance counseling"
825,961,WOS:001503704600001,2025,RESEARCH IN SOCIAL STRATIFICATION AND MOBILITY,"Same but different: Gender, social origin, and university access.
Results from a field experiment on guidance counseling"
501,1079,WOS:001617070700001,2025,EUROPEAN SOCIOLOGICAL REVIEW,"Fragmentation or integration? Ethnic diversity and the structural
cohesion of adolescent social networks"
400,1020,WOS:000790091600001,2022,EUROPEAN SOCIOLOGICAL REVIEW,"Do birth order effects on secondary school track placement differ
between natives and migrants? A within-family analysis in the German
educational system"
550,676,WOS:000286605500002,2011,INTERNATIONAL JOURNAL OF COMPARATIVE SOCIOLOGY,"Differences in earnings assimilation of immigrants from the Former
Soviet Union to Germany and Israel during 1994-2005: The interplay
between context of reception, observed, and unobserved immigrants'
attributes"
550,729,WOS:000207480400002,2008,INTERNATIONAL JOURNAL OF COMPARATIVE SOCIOLOGY,"Transition from Educational System to Labour Market in the European
Union A Comparison between New and Old Members"
385,550,WOS:000465096400008,2019,EUROPEAN SOCIOLOGICAL REVIEW,"Studying Integration from Adolescence to Early Adulthood: Design,
Content, and Research Potential of the CILS4EU-DE Data"
385,676,WOS:000465096400008,2019,EUROPEAN SOCIOLOGICAL REVIEW,"Studying Integration from Adolescence to Early Adulthood: Design,
Content, and Research Potential of the CILS4EU-DE Data"
550,676,WOS:000465096400008,2019,EUROPEAN SOCIOLOGICAL REVIEW,"Studying Integration from Adolescence to Early Adulthood: Design,
Content, and Research Potential of the CILS4EU-DE Data"
558,560,WOS:001562514300001,2026,JOURNAL OF PSYCHOPATHOLOGY AND CLINICAL SCIENCE,"A Multimetric Examination of Self-Reported Personality Functioning and
Personality Trait Development"
365,366,WOS:000335297800001,2014,APPLIED PSYCHOLOGICAL MEASUREMENT,"Controlling Individuals' Time Spent on Task in Speeded Performance
Measures Experimental Time Limits, Posterior Time Limits, and Response
Time Modeling"
586,1210,WOS:001497344000001,2025,JOURNAL OF GENETIC PSYCHOLOGY,"Childhood Environment, Intrinsic Goals, and Parental Autonomy Support in
Chinese College Students"
513,921,WOS:000959385200001,2024,EDUCATIONAL AND PSYCHOLOGICAL MEASUREMENT,"Model Specification Searches in Structural Equation Modeling Using Bee
Swarm Optimization"
586,794,WOS:001392645200001,2025,CURRENT PSYCHOLOGY,"Self-compassion cultivates intuitive eating: a randomized controlled
trial of a new intervention among the Chinese"
302,586,WOS:001389877600003,2025,BMC PSYCHOLOGY,"Learning environment as a predictor for medical students' empathy: a
multicenter cross-sectional study from 12 medical schools in China"
302,794,WOS:001389877600003,2025,BMC PSYCHOLOGY,"Learning environment as a predictor for medical students' empathy: a
multicenter cross-sectional study from 12 medical schools in China"
302,816,WOS:001389877600003,2025,BMC PSYCHOLOGY,"Learning environment as a predictor for medical students' empathy: a
multicenter cross-sectional study from 12 medical schools in China"
586,794,WOS:001389877600003,2025,BMC PSYCHOLOGY,"Learning environment as a predictor for medical students' empathy: a
multicenter cross-sectional study from 12 medical schools in China"
586,816,WOS:001389877600003,2025,BMC PSYCHOLOGY,"Learning environment as a predictor for medical students' empathy: a
multicenter cross-sectional study from 12 medical schools in China"
794,816,WOS:001389877600003,2025,BMC PSYCHOLOGY,"Learning environment as a predictor for medical students' empathy: a
multicenter cross-sectional study from 12 medical schools in China"
372,1161,WOS:000905753900001,2022,FRONTIERS IN PSYCHOLOGY,"Continuous norming in learning progress monitoring-An example for a test
in spelling from grade 2-4"
513,1094,WOS:000617694300004,2020,JOURNAL OF INTELLIGENCE,A Reappraisal of the Threshold Hypothesis of Creativity and Intelligence
302,586,WOS:001555772200001,2025,CURRENT PSYCHOLOGY,"Latent profiles of psychological resilience and PTSD: insights from
university students in COVID-19 confinement"
586,794,WOS:001492806200003,2025,BMC PSYCHOLOGY,"Insomnia and depressive symptoms mediate childhood abuse and psychotic
experience of male juvenile offenders: a chain mediation model"
586,1210,WOS:001452841600001,2025,BEHAVIORAL SCIENCES,"Trajectories of Cognitive Change and Their Association with All-Cause
Mortality Among Chinese Older Adults: Results from the Chinese
Longitudinal Healthy Longevity Survey"
302,586,WOS:000588669000001,2020,FRONTIERS IN PSYCHOLOGY,"The Curvilinear Relationship Between Career Calling and Work Fatigue: A
Moderated Mediating Model"
325,586,WOS:001613978400001,2025,FRONTIERS IN PSYCHOLOGY,"The effects of social media addiction on college students' psychological
anxiety: the mediating role of self-efficacy and coping styles"
586,794,WOS:001561521200004,2025,BMC PSYCHOLOGY,"The impact of reading trauma literature on Chinese undergraduates' PTSD:
the mediating roles of social support and empathy"
561,912,WOS:001075012400003,2024,CURRENT PSYCHOLOGY,Longitudinal course and correlates of realness
529,889,WOS:000379569900002,2016,FRONTIERS IN PSYCHOLOGY,"The Relationship between Ethnic Classroom Composition and Turkish-Origin
and German Students' Reading Performance and Sense of Belonging"
634,1165,WOS:000247966900003,2007,JOURNAL OF REPRODUCTIVE AND INFANT PSYCHOLOGY,"Maternal adjustment five months after birth: the impact of the
subjective experience of childbirth and emotional support from the
partner"
302,586,WOS:001269084600001,2024,FRONTIERS IN PSYCHOLOGY,"Exploring the effects of negative supervisory feedback on creativity
among research and development personnel: challenge or threat?"
560,561,WOS:000716475100001,2022,PERSPECTIVES ON PSYCHOLOGICAL SCIENCE,Connecting Theory to Methods in Longitudinal Research
1013,1014,WOS:000570686000001,2020,PSYCHOLOGICAL SCIENCE,"The Well-Being Benefits of Person-Culture Match Are Contingent on Basic
Personality Traits"
493,797,WOS:000840518500001,2022,FRONTIERS IN PSYCHOLOGY,"Teachers' Implementation of Inclusive Teaching Practices as a Potential
Predictor for Students' Perception of Academic, Social and Emotional
Inclusion"
582,650,WOS:000655252300009,2021,INTELLIGENCE,"The relation between science achievement and general cognitive abilities
in large-scale assessments"
586,794,WOS:001532860600001,2025,PSYCH JOURNAL,"Alexithymia and Empathy in Parent-Youth Dyads: An Actor-Partner
Interdependence Model Analysis"
600,911,WOS:001031726300005,2023,ZEITSCHRIFT FUR PSYCHOLOGIE-JOURNAL OF PSYCHOLOGY,"Navigating an Uncertain Future How Schools Can Support Career
Adaptability of Young People in the Aftermath of the COVID-19 Pandemic"
493,797,WOS:000726115700001,2021,FRONTIERS IN PSYCHOLOGY,"Development of Teachers' Emotional Adjustment Performance Regarding
Their Perception of Emotional Experience and Job Satisfaction During
Regular School Operations, the First and the Second School Lockdown in
Austria"
520,776,WOS:000474205100001,2019,FRONTIERS IN PSYCHOLOGY,"Interactive Elaborative Storytelling: Engaging Children as Storytellers
to Foster Vocabulary"
586,1030,WOS:000407678400001,2017,FRONTIERS IN PSYCHOLOGY,Regulating Anger under Stress via Cognitive Reappraisal and Sadness
586,1188,WOS:000562183000001,2020,FRONTIERS IN PSYCHOLOGY,"Psychological Status and Influencing Factors of Hospital Medical Staff
During the COVID-19 Outbreak"
561,1013,WOS:000328241500021,2013,PSYCHOLOGICAL SCIENCE,"Personality Maturation Around the World: A Cross-Cultural Examination of
Social-Investment Theory"
561,1014,WOS:000328241500021,2013,PSYCHOLOGICAL SCIENCE,"Personality Maturation Around the World: A Cross-Cultural Examination of
Social-Investment Theory"
1013,1014,WOS:000328241500021,2013,PSYCHOLOGICAL SCIENCE,"Personality Maturation Around the World: A Cross-Cultural Examination of
Social-Investment Theory"
586,1210,WOS:001515322100001,2025,FRONTIERS IN PSYCHOLOGY,"The relationship between facial negative physical self and social
anxiety in college students: the role of rumination and self-compassion"
545,1207,WOS:000985280400001,2023,FRONTIERS IN PSYCHOLOGY,"Reciprocal relationships between parental and scholastic homework
assistance and students' academic functioning at elementary school"
372,1161,WOS:000896672800001,2022,FRONTIERS IN PSYCHOLOGY,"Students' learning growth in mental addition and subtraction: Results
from a learning progress monitoring approach"
586,794,WOS:001465427900002,2025,BMC PSYCHOLOGY,"The role of mind wandering and anxiety in the association between
internet addiction and hyperactivity-impulsivity: a serial mediation
model"
586,1210,WOS:001425203500004,2025,BMC PSYCHOLOGY,"Greater psychological distance, better creative-idea selection: the
mediating role of construal level"
586,794,WOS:001020023600001,2023,FRONTIERS IN PSYCHOLOGY,"Trajectories and influencing factors in adolescent procrastination
behavior throughout the COVID-19 pandemic: a four-wave prospective
longitudinal study"
325,586,WOS:000673971400001,2021,FRONTIERS IN PSYCHOLOGY,"Implicit and Explicit Self-Identification as a Drug User in People Who
Used Heroin and Methamphetamine"
561,1013,WOS:000372522800012,2016,PSYCHOLOGICAL SCIENCE,"To Live Among Like-Minded Others: Exploring the Links Between
Person-City Personality Fit and Self-Esteem"
561,1014,WOS:000372522800012,2016,PSYCHOLOGICAL SCIENCE,"To Live Among Like-Minded Others: Exploring the Links Between
Person-City Personality Fit and Self-Esteem"
1013,1014,WOS:000372522800012,2016,PSYCHOLOGICAL SCIENCE,"To Live Among Like-Minded Others: Exploring the Links Between
Person-City Personality Fit and Self-Esteem"
586,794,WOS:001574932100001,2025,PSYCH JOURNAL,"The Relationship Between Parent-Child Attachment and Peer Attachment and
Depression in College Students: A Moderated Polynomial Regression With
Response Surface Analyses"
586,1188,WOS:001419944400001,2025,BMC PSYCHOLOGY,"Examining the influence of two emotion regulation strategies on anxiety
in Chinese college students: insights from cross-lagged and moderated
network models"
586,1210,WOS:001667358000001,2025,BMC PSYCHOLOGY,"Application of user profiling in mental health management: a scoping
review"
586,794,WOS:001478674000004,2025,BMC PSYCHOLOGY,"Cognitive-behavioral therapy to normalize social learning for patients
with major depressive disorders: study protocol for a single-arm
clinical trial"
586,1210,WOS:001410830900001,2025,INTERNATIONAL JOURNAL OF PSYCHOLOGY,"The Role of Gratitude in Appreciative Joy's Contribution to Subjective
Well-Being"
302,586,WOS:000813542500001,2024,PSYCHOLOGICAL REPORTS,"How Does Enlistment Motivation Shape Organizational Commitment? The Role
of Career Identity and Organizational Support"
302,586,WOS:000805895500001,2022,FRONTIERS IN PSYCHOLOGY,"Social Integration and Health Among Young Migrants in China: Mediated by
Social Mentality and Moderated by Gender"
560,561,WOS:001124798500002,2022,NATURE REVIEWS PSYCHOLOGY,"Person-environment transactions differentiate personality and
psychopathology"
373,1199,WOS:000471279000001,2019,FRONTIERS IN PSYCHOLOGY,"Gendered Paths Into STEM-Related and Language-Related Careers: Girls'
and Boys' Motivational Beliefs and Career Plans in Math and Language
Arts"
586,794,WOS:000799584100001,2022,FRONTIERS IN PSYCHOLOGY,"The Association Between Physical Activity and Mathematical Achievement
Among Chinese Fourth Graders: A Moderated Moderated-Mediation Model"
561,1013,WOS:000711425800001,2022,PERSPECTIVES ON PSYCHOLOGICAL SCIENCE,"Are Regional Differences in Psychological Characteristics and Their
Correlates Robust? Applying Spatial-Analysis Techniques to Examine
Regional Variation in Personality"
561,1014,WOS:000711425800001,2022,PERSPECTIVES ON PSYCHOLOGICAL SCIENCE,"Are Regional Differences in Psychological Characteristics and Their
Correlates Robust? Applying Spatial-Analysis Techniques to Examine
Regional Variation in Personality"
1013,1014,WOS:000711425800001,2022,PERSPECTIVES ON PSYCHOLOGICAL SCIENCE,"Are Regional Differences in Psychological Characteristics and Their
Correlates Robust? Applying Spatial-Analysis Techniques to Examine
Regional Variation in Personality"
513,1094,WOS:000456528300010,2019,INTELLIGENCE,"On the dimensionality of crystallized intelligence: A smartphone-based
assessment"
634,1165,WOS:000338986000005,2014,SWISS JOURNAL OF PSYCHOLOGY,"Sleep, Aggression, and Psychosocial Adjustment in Male Prisoners"
586,794,WOS:001580232700001,2025,BEHAVIORAL SCIENCES,"When the Mind Cannot Shift: Cognitive Flexibility Impairments in
Methamphetamine-Dependent Individuals"
586,1188,WOS:000893826800001,2022,FRONTIERS IN PSYCHOLOGY,"Investigating high schoolers' L2 writing anxiety, L2 writing
self-efficacy, L2 writing self-regulated strategies, and L2 writing
engagement: Relationships and mediator"
520,777,WOS:000693888400003,2023,CURRENT PSYCHOLOGY,"Here I sit, making men in my own image: how learning disorder labels
affect teacher student's expectancies"
513,921,WOS:000382277000005,2016,INTELLIGENCE,The influence of item sampling on sex differences in knowledge tests
586,1210,WOS:000649217600001,2023,CURRENT PSYCHOLOGY,"Internet altruistic behavior and self-consistency and congruence among
college students: A moderated mediation model of self-efficacy and
self-esteem"
287,584,WOS:000349158700002,2015,FRONTIERS IN PSYCHOLOGY,"Prediction of attendance at fitness center: a comparison between the
theory of planned behavior, the social cognitive theory, and the
physical activity maintenance theory"
586,794,WOS:001536636700014,2025,INTERNATIONAL JOURNAL OF PSYCHOLOGY,"The Effect and Mechanism of Self-Compassion on Reducing Materialism: A
Randomized Controlled Trial of an Online Self-Compassion Intervention"
365,1153,WOS:000412251400069,2017,COMPUTERS IN HUMAN BEHAVIOR,"Experimental validation strategies for heterogeneous computer-based
assessment items"
350,614,WOS:000453536100008,2019,QUALITATIVE HEALTH RESEARCH,"Improving Rehabilitative Care of Methamphetamine Users in Germany: The
Expert's Perspective"
350,623,WOS:000453536100008,2019,QUALITATIVE HEALTH RESEARCH,"Improving Rehabilitative Care of Methamphetamine Users in Germany: The
Expert's Perspective"
350,884,WOS:000453536100008,2019,QUALITATIVE HEALTH RESEARCH,"Improving Rehabilitative Care of Methamphetamine Users in Germany: The
Expert's Perspective"
614,623,WOS:000453536100008,2019,QUALITATIVE HEALTH RESEARCH,"Improving Rehabilitative Care of Methamphetamine Users in Germany: The
Expert's Perspective"
614,884,WOS:000453536100008,2019,QUALITATIVE HEALTH RESEARCH,"Improving Rehabilitative Care of Methamphetamine Users in Germany: The
Expert's Perspective"
623,884,WOS:000453536100008,2019,QUALITATIVE HEALTH RESEARCH,"Improving Rehabilitative Care of Methamphetamine Users in Germany: The
Expert's Perspective"
350,614,WOS:000898694100001,2023,QUALITATIVE HEALTH RESEARCH,"The Adolescent Concept of Social Participation-A Qualitative Study on
the Concept of Social Participation from Adolescents with and without
Physical Disabilities"
350,623,WOS:000898694100001,2023,QUALITATIVE HEALTH RESEARCH,"The Adolescent Concept of Social Participation-A Qualitative Study on
the Concept of Social Participation from Adolescents with and without
Physical Disabilities"
350,884,WOS:000898694100001,2023,QUALITATIVE HEALTH RESEARCH,"The Adolescent Concept of Social Participation-A Qualitative Study on
the Concept of Social Participation from Adolescents with and without
Physical Disabilities"
614,623,WOS:000898694100001,2023,QUALITATIVE HEALTH RESEARCH,"The Adolescent Concept of Social Participation-A Qualitative Study on
the Concept of Social Participation from Adolescents with and without
Physical Disabilities"
614,884,WOS:000898694100001,2023,QUALITATIVE HEALTH RESEARCH,"The Adolescent Concept of Social Participation-A Qualitative Study on
the Concept of Social Participation from Adolescents with and without
Physical Disabilities"
623,884,WOS:000898694100001,2023,QUALITATIVE HEALTH RESEARCH,"The Adolescent Concept of Social Participation-A Qualitative Study on
the Concept of Social Participation from Adolescents with and without
Physical Disabilities"
345,346,WOS:001543700300001,2026,JOURNAL OF MARRIAGE AND FAMILY,"Who Remains Single? Educational Gradients in Long-Term Singlehood Across
Ethnic Groups"
350,884,WOS:000289863000006,2011,ZEITSCHRIFT FUR PSYCHOSOMATISCHE MEDIZIN UND PSYCHOTHERAPIE,"Goals, goal attainment, and patient satisfaction in psychosomatic
rehabilitation"
586,1188,WOS:001567512100001,2025,PSYCHOLOGY RESEARCH AND BEHAVIOR MANAGEMENT,"From Thoughts to Actions: A Longitudinal Examination of NSSI Risk
Factors in Adolescence"
586,1210,WOS:001542194000001,2025,PSYCHOLOGY RESEARCH AND BEHAVIOR MANAGEMENT,"Birth Order and Chinese Adolescent Mental Health within the Context of
the Three-Child Policy: The Roles of Parenting Styles and Parental
Company"
586,1188,WOS:001281959500001,2024,PSYCHOLOGY RESEARCH AND BEHAVIOR MANAGEMENT,"Exploring the Impact of Workplace Violence on the Mental Health of
Chinese Correctional Officers: A JD-R Model Approach"
586,794,WOS:001391742300001,2025,PSYCHOLOGY RESEARCH AND BEHAVIOR MANAGEMENT,"Academic Pressure and Psychological Imbalance in High School Students:
Predictors of Depression via Polynomial Regression and Response Surface
Analysis"
586,816,WOS:001391742300001,2025,PSYCHOLOGY RESEARCH AND BEHAVIOR MANAGEMENT,"Academic Pressure and Psychological Imbalance in High School Students:
Predictors of Depression via Polynomial Regression and Response Surface
Analysis"
794,816,WOS:001391742300001,2025,PSYCHOLOGY RESEARCH AND BEHAVIOR MANAGEMENT,"Academic Pressure and Psychological Imbalance in High School Students:
Predictors of Depression via Polynomial Regression and Response Surface
Analysis"
586,1210,WOS:001368641700001,2024,PSYCHOLOGY RESEARCH AND BEHAVIOR MANAGEMENT,"The Impact of Cyberbullying Victimization on Internet Gaming Addiction
Among College Students: The Mediating Roles of Basic Psychological Need
Satisfaction and Frustration, and the Moderating Role of Parental
Autonomy Support"
586,1210,WOS:001337190700001,2024,PSYCHOLOGY RESEARCH AND BEHAVIOR MANAGEMENT,"The Mediating Role of School Adaptation in the Impact of Adolescent
Victimization from Bullying on Mental Health: A Gender Differences
Perspective"
586,1188,WOS:000467891400004,2019,INSURANCE MATHEMATICS \& ECONOMICS,"Dynamic risk measures for processes via backward stochastic differential
equations"
347,886,WOS:000404446600011,2017,JOURNAL OF MARRIAGE AND FAMILY,"Resources of Grandparents: Educational Outcomes Across Three Generations
in Europe and Israel"
350,353,WOS:000387143000001,2016,SOCIOLOGY OF HEALTH \& ILLNESS,"Is educational differentiation associated with smoking and smoking
inequalities in adolescence? A multilevel analysis across 27 European
and North American countries"
350,374,WOS:000387143000001,2016,SOCIOLOGY OF HEALTH \& ILLNESS,"Is educational differentiation associated with smoking and smoking
inequalities in adolescence? A multilevel analysis across 27 European
and North American countries"
350,884,WOS:000387143000001,2016,SOCIOLOGY OF HEALTH \& ILLNESS,"Is educational differentiation associated with smoking and smoking
inequalities in adolescence? A multilevel analysis across 27 European
and North American countries"
350,984,WOS:000387143000001,2016,SOCIOLOGY OF HEALTH \& ILLNESS,"Is educational differentiation associated with smoking and smoking
inequalities in adolescence? A multilevel analysis across 27 European
and North American countries"
350,985,WOS:000387143000001,2016,SOCIOLOGY OF HEALTH \& ILLNESS,"Is educational differentiation associated with smoking and smoking
inequalities in adolescence? A multilevel analysis across 27 European
and North American countries"
353,374,WOS:000387143000001,2016,SOCIOLOGY OF HEALTH \& ILLNESS,"Is educational differentiation associated with smoking and smoking
inequalities in adolescence? A multilevel analysis across 27 European
and North American countries"
353,884,WOS:000387143000001,2016,SOCIOLOGY OF HEALTH \& ILLNESS,"Is educational differentiation associated with smoking and smoking
inequalities in adolescence? A multilevel analysis across 27 European
and North American countries"
353,984,WOS:000387143000001,2016,SOCIOLOGY OF HEALTH \& ILLNESS,"Is educational differentiation associated with smoking and smoking
inequalities in adolescence? A multilevel analysis across 27 European
and North American countries"
353,985,WOS:000387143000001,2016,SOCIOLOGY OF HEALTH \& ILLNESS,"Is educational differentiation associated with smoking and smoking
inequalities in adolescence? A multilevel analysis across 27 European
and North American countries"
374,884,WOS:000387143000001,2016,SOCIOLOGY OF HEALTH \& ILLNESS,"Is educational differentiation associated with smoking and smoking
inequalities in adolescence? A multilevel analysis across 27 European
and North American countries"
374,984,WOS:000387143000001,2016,SOCIOLOGY OF HEALTH \& ILLNESS,"Is educational differentiation associated with smoking and smoking
inequalities in adolescence? A multilevel analysis across 27 European
and North American countries"
374,985,WOS:000387143000001,2016,SOCIOLOGY OF HEALTH \& ILLNESS,"Is educational differentiation associated with smoking and smoking
inequalities in adolescence? A multilevel analysis across 27 European
and North American countries"
884,984,WOS:000387143000001,2016,SOCIOLOGY OF HEALTH \& ILLNESS,"Is educational differentiation associated with smoking and smoking
inequalities in adolescence? A multilevel analysis across 27 European
and North American countries"
884,985,WOS:000387143000001,2016,SOCIOLOGY OF HEALTH \& ILLNESS,"Is educational differentiation associated with smoking and smoking
inequalities in adolescence? A multilevel analysis across 27 European
and North American countries"
984,985,WOS:000387143000001,2016,SOCIOLOGY OF HEALTH \& ILLNESS,"Is educational differentiation associated with smoking and smoking
inequalities in adolescence? A multilevel analysis across 27 European
and North American countries"
325,586,WOS:000749277800005,2022,AGGRESSIVE BEHAVIOR,"Co-development of aggression in elementary school children: The
predictive roles of victimization experiences"
350,884,WOS:000306513600004,2012,SOCIOLOGY OF HEALTH \& ILLNESS,"Welfare state regimes, health and health inequalities in adolescence: a
multilevel study in 32 countries"
350,985,WOS:000306513600004,2012,SOCIOLOGY OF HEALTH \& ILLNESS,"Welfare state regimes, health and health inequalities in adolescence: a
multilevel study in 32 countries"
884,985,WOS:000306513600004,2012,SOCIOLOGY OF HEALTH \& ILLNESS,"Welfare state regimes, health and health inequalities in adolescence: a
multilevel study in 32 countries"
642,794,WOS:001421615200003,2025,BMC MEDICAL EDUCATION,"Core capabilities of Chinese centers for disease control and prevention
public health personnel: a network analysis from Northeast China"
325,642,WOS:000714035000003,2021,BMC MEDICAL EDUCATION,"An exploratory study on needs for clinical research training: data from
Chinese hospitals"
794,1210,WOS:000635205900003,2021,BMC MEDICAL EDUCATION,"Career choice and influential factors among medical students majoring in
psychiatry in China"
790,794,WOS:001468469500010,2025,BMC MEDICAL EDUCATION,"Effectiveness of multiple teaching methods in standardized training of
internal medicine residents in China: a network meta-analysis"
794,1030,WOS:001669057000004,2025,BMC MEDICAL EDUCATION,"Perioperative simulation-based medical education in China: a nationwide
cross-sectional survey"
794,816,WOS:001669442200001,2025,BMC MEDICAL EDUCATION,"Application of PBL combined with mini-CEX evaluation model in the
clinical teaching of urological clinic teaching"
794,1188,WOS:001263339300005,2024,BMC MEDICAL EDUCATION,"Effectiveness of virtual and augmented reality for cardiopulmonary
resuscitation training: a systematic review and meta-analysis"
794,816,WOS:001099365400006,2023,BMC MEDICAL EDUCATION,"Effect of in situ simulation training for emergency caesarean section on
maternal and infant outcomes"
935,936,WOS:000750975900001,2022,EDUCATIONAL MEASUREMENT-ISSUES AND PRACTICE,"Measuring Digital Literacy during the COVID-19 Pandemic: Experiences
with Remote Assessment in Hong Kong"
935,938,WOS:000750975900001,2022,EDUCATIONAL MEASUREMENT-ISSUES AND PRACTICE,"Measuring Digital Literacy during the COVID-19 Pandemic: Experiences
with Remote Assessment in Hong Kong"
935,939,WOS:000750975900001,2022,EDUCATIONAL MEASUREMENT-ISSUES AND PRACTICE,"Measuring Digital Literacy during the COVID-19 Pandemic: Experiences
with Remote Assessment in Hong Kong"
936,938,WOS:000750975900001,2022,EDUCATIONAL MEASUREMENT-ISSUES AND PRACTICE,"Measuring Digital Literacy during the COVID-19 Pandemic: Experiences
with Remote Assessment in Hong Kong"
936,939,WOS:000750975900001,2022,EDUCATIONAL MEASUREMENT-ISSUES AND PRACTICE,"Measuring Digital Literacy during the COVID-19 Pandemic: Experiences
with Remote Assessment in Hong Kong"
938,939,WOS:000750975900001,2022,EDUCATIONAL MEASUREMENT-ISSUES AND PRACTICE,"Measuring Digital Literacy during the COVID-19 Pandemic: Experiences
with Remote Assessment in Hong Kong"
712,713,WOS:001288960700001,2024,INTERNATIONAL JOURNAL OF INTERCULTURAL RELATIONS,"The benefits of cultural confrontation: Does the experience of cultural
heterogeneity predict individual differences in accommodative
regulation?"
906,907,WOS:000513799400001,2020,EDUCATIONAL PSYCHOLOGY,"Motivation and maths achievement in Turkish students: are they linked
with socio-economic status?"
906,908,WOS:000513799400001,2020,EDUCATIONAL PSYCHOLOGY,"Motivation and maths achievement in Turkish students: are they linked
with socio-economic status?"
907,908,WOS:000513799400001,2020,EDUCATIONAL PSYCHOLOGY,"Motivation and maths achievement in Turkish students: are they linked
with socio-economic status?"
935,937,WOS:001589407800001,2025,EDUCATIONAL PSYCHOLOGY,"Cyberbullying probability, not frequency, predicts mental health: a
gendered investigation of individual, familial, and school-level
predictors"
935,939,WOS:001589407800001,2025,EDUCATIONAL PSYCHOLOGY,"Cyberbullying probability, not frequency, predicts mental health: a
gendered investigation of individual, familial, and school-level
predictors"
937,939,WOS:001589407800001,2025,EDUCATIONAL PSYCHOLOGY,"Cyberbullying probability, not frequency, predicts mental health: a
gendered investigation of individual, familial, and school-level
predictors"
753,774,WOS:000244266500002,2007,INTERNATIONAL JOURNAL OF INTERCULTURAL RELATIONS,Tearing down the `Wall in the head'? Culture contact between Germans
735,737,WOS:000382942500005,2016,READING AND WRITING,"How source information shapes lay interpretations of science conflicts:
interplay between sourcing, conflict explanation, source evaluation, and
claim evaluation"
735,737,WOS:001449070400001,2025,JOURNAL OF EXPERIMENTAL EDUCATION,"What Makes Sources Credible? How Source Features Shape Evaluation of
Scientific Information"
735,737,WOS:000413383000002,2017,LEARNING AND INSTRUCTION,"Why do experts disagree? The role of conflict topics and epistemic
perspectives in conflict explanations"
672,673,WOS:001606677600002,2026,LEARNING AND INSTRUCTION,Effects of heterogeneity simulations on beliefs
672,838,WOS:001606677600002,2026,LEARNING AND INSTRUCTION,Effects of heterogeneity simulations on beliefs
673,838,WOS:001606677600002,2026,LEARNING AND INSTRUCTION,Effects of heterogeneity simulations on beliefs
901,1140,WOS:000378179800004,2016,STUDIES IN EDUCATIONAL EVALUATION,"Teaching strategies and differential effectiveness across learning
contexts: Evidence from PISA 2012"
794,938,WOS:001242366200001,2024,EDUCATIONAL MEASUREMENT-ISSUES AND PRACTICE,"Item Response Theory Models for Polytomous Multidimensional
Forced-Choice Items to Measure Construct Differentiation"
673,1029,WOS:000351249100005,2015,STUDIES IN EDUCATIONAL EVALUATION,"Teachers' knowledge about psychology: Development and validation of a
test measuring theoretical foundations for teaching and its relation to
instructional behavior"
650,1088,WOS:001600173300001,2025,STUDIES IN EDUCATIONAL EVALUATION,"How school leadership and innovation shape instructional pathways to
student achievement across nations: Evidence from multilevel structural
equation modeling and decision tree analysis"
837,1199,WOS:000633032300009,2021,LEARNING AND INSTRUCTION,"Teacher self-efficacy and enthusiasm: Relations to changes in
student-perceived teaching quality at the beginning of secondary
education {*}"
647,1199,WOS:000556569900001,2020,LEARNING AND INSTRUCTION,"Teachers' classroom management self-efficacy, perceived classroom
management and teaching contexts from beginning until mid-career"
777,1062,WOS:000287459100004,2010,METACOGNITION AND LEARNING,"Epistemological beliefs and epistemic strategies in self-regulated
learning"
794,816,WOS:000382943200007,2016,READING AND WRITING,"The impact of visual-spatial attention on reading and spelling in
Chinese children"
646,881,WOS:001112719700001,2024,LEARNING AND INSTRUCTION,"Individualizing goal-setting interventions using automated writing
evaluation to support secondary school students' text revisions"
132,673,WOS:000251892900003,2007,LEARNING AND INSTRUCTION,"Effective classroom management and the development of subject-related
interest"
647,1199,WOS:001619934000001,2025,JOURNAL OF EXPERIMENTAL EDUCATION,"Development and Validation of the Motivations for Career Choice Scale:
Illustrated Empirically for Adolescents' Aspired STEM Careers in
Australia and Germany"
837,1170,WOS:000461536000012,2019,LEARNING AND INSTRUCTION,"Dynamics of classroom motivation: Teacher enthusiasm and the development
of math interest and teacher support"
837,1199,WOS:000461536000012,2019,LEARNING AND INSTRUCTION,"Dynamics of classroom motivation: Teacher enthusiasm and the development
of math interest and teacher support"
1170,1199,WOS:000461536000012,2019,LEARNING AND INSTRUCTION,"Dynamics of classroom motivation: Teacher enthusiasm and the development
of math interest and teacher support"
646,881,WOS:001277858600001,2024,LEARNING AND INSTRUCTION,"How am I going? Behavioral engagement mediates the effect of individual
feedback on writing performance"
777,1062,WOS:000382942500007,2016,READING AND WRITING,"The use of source-related strategies in evaluating multiple psychology
texts: a student-scientist comparison"
302,794,WOS:001307543300001,2024,EDUCATIONAL PSYCHOLOGY,"The relationship between trait mindfulness and academic performance: a
meta-analysis"
302,1210,WOS:001307543300001,2024,EDUCATIONAL PSYCHOLOGY,"The relationship between trait mindfulness and academic performance: a
meta-analysis"
794,1210,WOS:001307543300001,2024,EDUCATIONAL PSYCHOLOGY,"The relationship between trait mindfulness and academic performance: a
meta-analysis"
650,1032,WOS:000861066500011,2022,LEARNING AND INSTRUCTION,"Uncovering everyday dynamics in students' perceptions of instructional
quality with experience sampling"
777,1062,WOS:000463677000004,2019,INSTRUCTIONAL SCIENCE,"How to improve argumentation comprehension in university students:
experimental test of a training approach"
667,681,WOS:000395412700003,2017,APPLIED MEASUREMENT IN EDUCATION,"Standard Errors for National Trends in International Large-Scale
Assessments in the Case of Cross-National Differential Item Functioning"
738,740,WOS:000368085400003,2016,GIFTED CHILD QUARTERLY,"How to Learn Things at School You Don't Already Know: Experiences of
Gifted Grade-Skippers in Germany"
937,938,WOS:000975521500001,2023,JOURNAL OF EDUCATIONAL AND BEHAVIORAL STATISTICS,"Latent Transition Cognitive Diagnosis Model With Covariates: A
Three-Step Approach"
937,939,WOS:000975521500001,2023,JOURNAL OF EDUCATIONAL AND BEHAVIORAL STATISTICS,"Latent Transition Cognitive Diagnosis Model With Covariates: A
Three-Step Approach"
938,939,WOS:000975521500001,2023,JOURNAL OF EDUCATIONAL AND BEHAVIORAL STATISTICS,"Latent Transition Cognitive Diagnosis Model With Covariates: A
Three-Step Approach"
668,966,WOS:000494181000003,2020,ADVANCES IN HEALTH SCIENCES EDUCATION,"Institutional strategies related to test-taking behavior in low stakes
assessment"
645,842,WOS:000415135200002,2017,JOURNAL OF EDUCATIONAL AND BEHAVIORAL STATISTICS,Absolute and Relative Measures of Instructional Sensitivity
776,1071,WOS:001008581200001,2023,EARLY CHILDHOOD RESEARCH QUARTERLY,"My child lags behind: Parents' perceptions of children's needs for
language support, their home-literacy practices, and children's language
skills"
753,773,WOS:000596348300001,2022,EUROPEAN JOURNAL OF SPECIAL NEEDS EDUCATION,"Pre-service teachers' attitudes towards inclusion and their
relationships to personality traits and learning opportunities"
753,774,WOS:000596348300001,2022,EUROPEAN JOURNAL OF SPECIAL NEEDS EDUCATION,"Pre-service teachers' attitudes towards inclusion and their
relationships to personality traits and learning opportunities"
753,933,WOS:000596348300001,2022,EUROPEAN JOURNAL OF SPECIAL NEEDS EDUCATION,"Pre-service teachers' attitudes towards inclusion and their
relationships to personality traits and learning opportunities"
773,774,WOS:000596348300001,2022,EUROPEAN JOURNAL OF SPECIAL NEEDS EDUCATION,"Pre-service teachers' attitudes towards inclusion and their
relationships to personality traits and learning opportunities"
773,933,WOS:000596348300001,2022,EUROPEAN JOURNAL OF SPECIAL NEEDS EDUCATION,"Pre-service teachers' attitudes towards inclusion and their
relationships to personality traits and learning opportunities"
774,933,WOS:000596348300001,2022,EUROPEAN JOURNAL OF SPECIAL NEEDS EDUCATION,"Pre-service teachers' attitudes towards inclusion and their
relationships to personality traits and learning opportunities"
935,939,WOS:000895859300001,2022,NPJ SCIENCE OF LEARNING,"Understanding protective and risk factors affecting adolescents'
well-being during the COVID-19 pandemic"
746,747,WOS:001138160500001,2023,KOLNER ZEITSCHRIFT FUR SOZIOLOGIE UND SOZIALPSYCHOLOGIE,Employment- and Income Effects of Partial Vocational Qualifications
936,938,WOS:000572702800001,2020,ETR\&D-EDUCATIONAL TECHNOLOGY RESEARCH AND DEVELOPMENT,"Exploring the structure of digital literacy competence assessed using
authentic software applications"
936,939,WOS:000572702800001,2020,ETR\&D-EDUCATIONAL TECHNOLOGY RESEARCH AND DEVELOPMENT,"Exploring the structure of digital literacy competence assessed using
authentic software applications"
938,939,WOS:000572702800001,2020,ETR\&D-EDUCATIONAL TECHNOLOGY RESEARCH AND DEVELOPMENT,"Exploring the structure of digital literacy competence assessed using
authentic software applications"
699,850,WOS:000487543200010,2019,ZEITSCHRIFT FUR ERZIEHUNGSWISSENSCHAFT,"What is the role of performance self-assessments and expectations of
success for the intention to pursue a Master's degree?"
935,937,WOS:001676472800001,2026,INTERACTIVE LEARNING ENVIRONMENTS,"Three-year development of digital literacy among primary and secondary
school students: the role of digital activity participation and
demographic characteristics"
935,939,WOS:001676472800001,2026,INTERACTIVE LEARNING ENVIRONMENTS,"Three-year development of digital literacy among primary and secondary
school students: the role of digital activity participation and
demographic characteristics"
937,939,WOS:001676472800001,2026,INTERACTIVE LEARNING ENVIRONMENTS,"Three-year development of digital literacy among primary and secondary
school students: the role of digital activity participation and
demographic characteristics"
932,933,WOS:001027434600001,2024,HIGHER EDUCATION,"``Why are we learning this?!{''} - Investigating students' subjective
study values across different disciplines"
699,847,WOS:000494067100001,2019,ZEITSCHRIFT FUR ERZIEHUNGSWISSENSCHAFT,"Higher education dropout and hiring prospects in the apprenticeship
market. A factorial survey of employers"
699,849,WOS:000494067100001,2019,ZEITSCHRIFT FUR ERZIEHUNGSWISSENSCHAFT,"Higher education dropout and hiring prospects in the apprenticeship
market. A factorial survey of employers"
847,849,WOS:000494067100001,2019,ZEITSCHRIFT FUR ERZIEHUNGSWISSENSCHAFT,"Higher education dropout and hiring prospects in the apprenticeship
market. A factorial survey of employers"
753,774,WOS:000402058700002,2017,SOCIAL JUSTICE RESEARCH,"``It's All About Something We Call Wasta{''}: A Motivated Moralization
Approach to Favoritism in the Jordanian Workplace"
924,1076,WOS:001182169500001,2024,KOLNER ZEITSCHRIFT FUR SOZIOLOGIE UND SOZIALPSYCHOLOGIE,"Mathematics and Science Competences of First-Generation Students With
and Without a Refugee Background: What Role does the Socio-Economic and
Ethno-Lingual Composition of School Classes Play?"
825,1192,WOS:000526266700001,2020,KOLNER ZEITSCHRIFT FUR SOZIOLOGIE UND SOZIALPSYCHOLOGIE,Social Inequalities in Student Employment and the Local Labour Market
753,774,WOS:000280947800005,2010,SOCIAL JUSTICE RESEARCH,"The Justice Sensitivity Inventory: Factorial Validity, Location in the
Personality Facet Space, Demographic Pattern, and Normative Data"
904,1020,WOS:000450293400004,2018,KOLNER ZEITSCHRIFT FUR SOZIOLOGIE UND SOZIALPSYCHOLOGIE,"Effects of Political Reforms on the Participation of Children with and
Without a Migration Background in External Childcare Under the Age of
Three"
753,774,WOS:001069808700001,2023,SOCIAL JUSTICE RESEARCH,"Experimental and Longitudinal Investigations of the Causal Relationship
Between Belief in a Just World and Subjective Well-Being"
753,774,WOS:000372922000006,2016,SOCIAL JUSTICE RESEARCH,"Injustice in School and Students' Emotions, Well-Being, and Behavior: A
Longitudinal study"
753,774,WOS:000337052400004,2014,SOCIAL JUSTICE RESEARCH,"Examining Self-Advantage in the Suffering of Others: Cross-Cultural
Differences in Beneficiary and Observer Justice Sensitivity Among
Chinese, Germans, and Russians"
825,961,WOS:001124969000002,2023,KOLNER ZEITSCHRIFT FUR SOZIOLOGIE UND SOZIALPSYCHOLOGIE,"Who Benefits from Guidance Counseling? Insights into Native and
Immigrant Students of Low Social Origin"
758,759,WOS:000555763100001,2020,ZEITSCHRIFT FUR ERZIEHUNGSWISSENSCHAFT,"Development of spelling competence in second and third grade: A latent
transition analysis to verify theoretical assumptions"
752,753,WOS:001193685500009,2023,ZEITSCHRIFT FUR PADAGOGIK,"Do Students without special educational Needs in inclusive Classes
perceive the Relationship with their Teachers differently than their
Peers in non-inclusive Classes?"
752,774,WOS:001193685500009,2023,ZEITSCHRIFT FUR PADAGOGIK,"Do Students without special educational Needs in inclusive Classes
perceive the Relationship with their Teachers differently than their
Peers in non-inclusive Classes?"
753,774,WOS:001193685500009,2023,ZEITSCHRIFT FUR PADAGOGIK,"Do Students without special educational Needs in inclusive Classes
perceive the Relationship with their Teachers differently than their
Peers in non-inclusive Classes?"
656,657,WOS:000326929800002,2013,ZEITSCHRIFT FUR ERZIEHUNGSWISSENSCHAFT,"Development and validation of a technological and informational literacy
test (TILT) for end of secondary school"
735,737,WOS:000300430300001,2012,SCIENCE EDUCATION,"``It should at least seem scientific!{''} Textual features of
``scientificness{''} and their impact on lay assessments of online
information"
883,890,WOS:000746295600001,2022,VOCATIONS AND LEARNING,"Transition from School to Work - Explaining Persistence Intention in
Vocational Education and Training in Switzerland"
936,939,WOS:001046608500001,2023,ETR\&D-EDUCATIONAL TECHNOLOGY RESEARCH AND DEVELOPMENT,"Reorienting the assessment of digital literacy in the twenty-first
century: a product-lifecycle and experience dependence perspective"
699,849,WOS:000489423800001,2019,ZEITSCHRIFT FUR ERZIEHUNGSWISSENSCHAFT,"Higher education dropout in Germany: extent, causes, consequences,
prevention"
776,903,WOS:000476543700003,2019,ZDM-MATHEMATICS EDUCATION,"Metacognition in mathematics: do different metacognitive monitoring
measures make a difference?"
776,1071,WOS:000476543700003,2019,ZDM-MATHEMATICS EDUCATION,"Metacognition in mathematics: do different metacognitive monitoring
measures make a difference?"
903,1071,WOS:000476543700003,2019,ZDM-MATHEMATICS EDUCATION,"Metacognition in mathematics: do different metacognitive monitoring
measures make a difference?"
695,777,WOS:000362053900005,2015,ZEITSCHRIFT FUR ERZIEHUNGSWISSENSCHAFT,"Differential effects of reading trainings on reading processes: a
comparison in Grade 2"
738,740,WOS:000513075100017,2020,TEACHING AND TEACHER EDUCATION,"Professional development on fostering students' academic language
proficiency across the curriculum-A meta-analysis of its impact on
teachers' cognition and teaching practices"
646,881,WOS:000512367800012,2019,EUROPEAN JOURNAL OF EDUCATION,"The influence of gender composition in a field of study on students'
drop-out of higher education"
646,882,WOS:000512367800012,2019,EUROPEAN JOURNAL OF EDUCATION,"The influence of gender composition in a field of study on students'
drop-out of higher education"
881,882,WOS:000512367800012,2019,EUROPEAN JOURNAL OF EDUCATION,"The influence of gender composition in a field of study on students'
drop-out of higher education"
649,650,WOS:000661245600014,2021,TEACHING AND TEACHER EDUCATION,"Teachers' technology use for teaching: Comparing two explanatory
mechanisms"
645,842,WOS:000620292800008,2021,TEACHING AND TEACHER EDUCATION,"Content-specificity of teachers' judgment accuracy regarding students'
academic achievement"
932,933,WOS:000866208900001,2024,ACTIVE LEARNING IN HIGHER EDUCATION,"Asking students about their fit with the university: A response surface
analysis of demands-abilities fit"
883,890,WOS:001077960000001,2024,VOCATIONS AND LEARNING,"Changing Occupations or Changing Companies-Predictors of Different Types
of Premature Contract Terminations in Dual Vocational Education and
Training Programs"
302,794,WOS:001526039000001,2025,JOURNAL OF CHEMICAL EDUCATION,"A Two-Mirror Demonstration in the Transformation of Ethanol into
Acetaldehyde"
302,794,WOS:001279988700001,2024,JOURNAL OF CHEMICAL EDUCATION,"A Simple, Safe, and Easy Demonstration of the Reaction between Sodium
Peroxide and Water"
794,1188,WOS:001479059900001,2025,SCIENCE PROGRESS,"Construction of a ``speed-technical{''} model for elite female race
walkers based on random forest"
794,1188,WOS:000829849900001,2022,AMERICAN JOURNAL OF PHYSICS,Nonlinear coupling in an asymmetric pendulum
794,1188,WOS:000602485500006,2020,AMERICAN JOURNAL OF PHYSICS,Subharmonic frequency response in a magnetic pendulum
325,794,WOS:001379299800001,2024,JOURNAL OF CHEMICAL EDUCATION,"Visualization of Chemical Kinetics Processes and Miniaturization of
Chemical Reactions via Dynamic Mixing in Microarray Chips"
302,794,WOS:001294189300001,2024,JOURNAL OF CHEMICAL EDUCATION,"Macro and Nano Experimental Facts Verifying the Colloidal Process in
Silver Mirror Reaction"
642,1188,WOS:001695377200001,2026,JOURNAL OF CHEMICAL EDUCATION,"Phosphate Adsorption on Activated Carbon: An Undergraduate Experiment
for Constructing the Thermodynamics of Liquid-Solid Interface Adsorption"
753,771,WOS:000802342000001,2025,ZEITSCHRIFT FUR PADAGOGISCHE PSYCHOLOGIE,"Motivation to become a teacher allows for predictions on goal
orientations but only partially on pedagogical knowledge or
self-assessed competencies"
753,773,WOS:000802342000001,2025,ZEITSCHRIFT FUR PADAGOGISCHE PSYCHOLOGIE,"Motivation to become a teacher allows for predictions on goal
orientations but only partially on pedagogical knowledge or
self-assessed competencies"
753,774,WOS:000802342000001,2025,ZEITSCHRIFT FUR PADAGOGISCHE PSYCHOLOGIE,"Motivation to become a teacher allows for predictions on goal
orientations but only partially on pedagogical knowledge or
self-assessed competencies"
753,775,WOS:000802342000001,2025,ZEITSCHRIFT FUR PADAGOGISCHE PSYCHOLOGIE,"Motivation to become a teacher allows for predictions on goal
orientations but only partially on pedagogical knowledge or
self-assessed competencies"
771,773,WOS:000802342000001,2025,ZEITSCHRIFT FUR PADAGOGISCHE PSYCHOLOGIE,"Motivation to become a teacher allows for predictions on goal
orientations but only partially on pedagogical knowledge or
self-assessed competencies"
771,774,WOS:000802342000001,2025,ZEITSCHRIFT FUR PADAGOGISCHE PSYCHOLOGIE,"Motivation to become a teacher allows for predictions on goal
orientations but only partially on pedagogical knowledge or
self-assessed competencies"
771,775,WOS:000802342000001,2025,ZEITSCHRIFT FUR PADAGOGISCHE PSYCHOLOGIE,"Motivation to become a teacher allows for predictions on goal
orientations but only partially on pedagogical knowledge or
self-assessed competencies"
773,774,WOS:000802342000001,2025,ZEITSCHRIFT FUR PADAGOGISCHE PSYCHOLOGIE,"Motivation to become a teacher allows for predictions on goal
orientations but only partially on pedagogical knowledge or
self-assessed competencies"
773,775,WOS:000802342000001,2025,ZEITSCHRIFT FUR PADAGOGISCHE PSYCHOLOGIE,"Motivation to become a teacher allows for predictions on goal
orientations but only partially on pedagogical knowledge or
self-assessed competencies"
774,775,WOS:000802342000001,2025,ZEITSCHRIFT FUR PADAGOGISCHE PSYCHOLOGIE,"Motivation to become a teacher allows for predictions on goal
orientations but only partially on pedagogical knowledge or
self-assessed competencies"
794,939,WOS:000586700200001,2020,JOURNAL OF PROFESSIONAL CAPITAL AND COMMUNITY,"Building social capital for constructive adaptive capacity under social
stress"
922,1016,WOS:001044698100002,2023,ZEITSCHRIFT FUR ERZIEHUNGSWISSENSCHAFT,"Everything was better in the past? Comparing mathematics performance of
upper secondary school graduates in 1964 and 1996"
922,1018,WOS:001044698100002,2023,ZEITSCHRIFT FUR ERZIEHUNGSWISSENSCHAFT,"Everything was better in the past? Comparing mathematics performance of
upper secondary school graduates in 1964 and 1996"
1016,1018,WOS:001044698100002,2023,ZEITSCHRIFT FUR ERZIEHUNGSWISSENSCHAFT,"Everything was better in the past? Comparing mathematics performance of
upper secondary school graduates in 1964 and 1996"
787,794,WOS:000658199900001,2023,INTERACTIVE LEARNING ENVIRONMENTS,"Drivers of mobile learning app usage: an integrated perspective of
personality, readiness, and motivation"
313,883,WOS:000566657100001,2021,HIGHER EDUCATION,"Fostering prospective teachers' explaining skills during university
education-Evaluation of a training module"
281,673,WOS:000349193200012,2015,TEACHING AND TEACHER EDUCATION,"Content knowledge and pedagogical content knowledge in Taiwanese and
German mathematics teachers"
645,1153,WOS:000318131000008,2013,ZEITSCHRIFT FUR PADAGOGIK,"Comparative Analysis of the Competences of Five-year-olds and
Ninth-graders in the German PISA Survey 2003 and 2009"
794,1210,WOS:001256961500002,2024,EDUCATION AND INFORMATION TECHNOLOGIES,"Delving into primary students' conceptions of artificial intelligence
learning: A drawing-based epistemic network analysis"
695,771,WOS:000399364900010,2017,STUDIES IN HIGHER EDUCATION,"Making information literacy instruction more efficient by providing
individual feedback"
646,881,WOS:001454289300001,2025,JOURNAL OF RESEARCH ON TECHNOLOGY IN EDUCATION,"Understanding individual differences in students' responses to
technology-based feedback on a writing task: the role of achievement
motives and initial task performance"
753,774,WOS:000274470400008,2009,ZEITSCHRIFT FUR ERZIEHUNGSWISSENSCHAFT,Intrafamiliar relations and educational success
302,935,WOS:001136419800001,2024,JOURNAL OF EDUCATIONAL COMPUTING RESEARCH,"Effects of Virtual Reality Based Microteaching Training on Pre-Service
Teachers' Teaching Skills from a Multi-Dimensional Perspective"
284,842,WOS:001530163000001,2025,ZEITSCHRIFT FUR ERZIEHUNGSWISSENSCHAFT,"Trainers' knowledge of training transfer: Exploration of a crucial yet
uncharted concept"
284,862,WOS:001530163000001,2025,ZEITSCHRIFT FUR ERZIEHUNGSWISSENSCHAFT,"Trainers' knowledge of training transfer: Exploration of a crucial yet
uncharted concept"
842,862,WOS:001530163000001,2025,ZEITSCHRIFT FUR ERZIEHUNGSWISSENSCHAFT,"Trainers' knowledge of training transfer: Exploration of a crucial yet
uncharted concept"
794,1210,WOS:001358506500001,2025,HIGHER EDUCATION,"Emotional expression as a powerful strategy: how students use emotions
to manage their relationships with supervisors"
646,881,WOS:001440157300001,2025,ASSESSMENT IN EDUCATION-PRINCIPLES POLICY \& PRACTICE,Exploring students' receptivity to feedback: A latent profile analysis
794,1188,WOS:000896039400001,2024,INTERACTIVE LEARNING ENVIRONMENTS,What drives students' AI learning behavior: a perspective of AI anxiety
794,1210,WOS:000506305300001,2021,STUDIES IN HIGHER EDUCATION,"Inequality and access to elite universities in China: reexamining the
interacting multiple capitals model"
646,881,WOS:000395126300002,2017,GENDER AND EDUCATION,"Towards equality for women and men from one race: Sophie Rogge-Borner's
racial-feminist philosophy of education"
313,883,WOS:000983377800001,2023,VOCATIONS AND LEARNING,"Explaining skills of prospective teachers - Findings from a simulation
study"
671,1009,WOS:000585747300001,2020,ZEITSCHRIFT FUR ERZIEHUNGSWISSENSCHAFT,"How do prospective teachers deal with pedagogical situations? An
analysis of argumentation structures and used information"
302,794,WOS:001241438900001,2024,THINKING SKILLS AND CREATIVITY,"Harmonizing mathematics: Unveiling the impact of music integration on
academic performance - A meta-analysis"
901,1140,WOS:000431712600002,2018,ASSESSMENT IN EDUCATION-PRINCIPLES POLICY \& PRACTICE,"Addressing omitted prior achievement bias in international assessments:
an applied example using PIRLS-NPD matched data"
886,1067,WOS:000288740500002,2011,OXFORD REVIEW OF EDUCATION,"A healthy sorting machine? Social inequality in the transition to upper
secondary education in Germany"
886,1134,WOS:000288740500002,2011,OXFORD REVIEW OF EDUCATION,"A healthy sorting machine? Social inequality in the transition to upper
secondary education in Germany"
1067,1134,WOS:000288740500002,2011,OXFORD REVIEW OF EDUCATION,"A healthy sorting machine? Social inequality in the transition to upper
secondary education in Germany"
903,1167,WOS:000275195400004,2010,EDUCATIONAL RESEARCH,"Inter-cultural differences in response to a computer-based anti-bullying
intervention"
673,838,WOS:001218614200001,2024,TEACHING AND TEACHER EDUCATION,"Judging a book by its cover? Investigating pre-service teacher's
stereotypes towards pupils with special educational needs"
753,774,WOS:000371298600008,2016,ZEITSCHRIFT FUR ERZIEHUNGSWISSENSCHAFT,Observing justice in the primary school classroom
325,642,WOS:000340539800008,2014,BRITISH JOURNAL OF EDUCATIONAL TECHNOLOGY,"An educational game for learning human immunology: What do students
learn and how do they perceive?"
132,673,WOS:000312143800002,2012,ZEITSCHRIFT FUR ERZIEHUNGSWISSENSCHAFT,"What educational science content is important for teacher training? -
Results of a Delphi study"
302,794,WOS:000776623400001,2022,MEDICAL EDUCATION ONLINE,"High prevalence and risk factors of dropout intention among Chinese
medical postgraduates"
781,1140,WOS:000400610000004,2017,ASSESSMENT IN EDUCATION-PRINCIPLES POLICY \& PRACTICE,"Rater accuracy and training group effects in Expert- and
Supervisor-based monitoring systems"
911,1031,WOS:000371603800002,2016,AMERICAN EDUCATIONAL RESEARCH JOURNAL,"A Multination Study of Socioeconomic Inequality in Expectations for
Progression to Higher Education: The Role of Between-School Tracking and
Ability Stratification"
911,1032,WOS:000371603800002,2016,AMERICAN EDUCATIONAL RESEARCH JOURNAL,"A Multination Study of Socioeconomic Inequality in Expectations for
Progression to Higher Education: The Role of Between-School Tracking and
Ability Stratification"
1031,1032,WOS:000371603800002,2016,AMERICAN EDUCATIONAL RESEARCH JOURNAL,"A Multination Study of Socioeconomic Inequality in Expectations for
Progression to Higher Education: The Role of Between-School Tracking and
Ability Stratification"
642,1188,WOS:001529254900008,2025,EDUCATIONAL TECHNOLOGY \& SOCIETY,"Towards a large-language-model-based chatbot system to automatically
monitor student goal setting and planning in online learning"
825,1192,WOS:000281847300005,2010,HIGHER EDUCATION,"From higher education to work patterns of labor market entry in Germany
and the US"
646,881,WOS:001677104900016,2026,JOURNAL OF COMPUTER ASSISTED LEARNING,Intelligent Tutoring Systems Need Teachers
432,681,WOS:000402740700002,2017,ZEITSCHRIFT FUR ERZIEHUNGSWISSENSCHAFT,Changes in mathematical competence from grade 9 to grade 10
432,1018,WOS:000402740700002,2017,ZEITSCHRIFT FUR ERZIEHUNGSWISSENSCHAFT,Changes in mathematical competence from grade 9 to grade 10
681,1018,WOS:000402740700002,2017,ZEITSCHRIFT FUR ERZIEHUNGSWISSENSCHAFT,Changes in mathematical competence from grade 9 to grade 10
132,673,WOS:000314620000001,2013,ZEITSCHRIFT FUR PADAGOGIK,"The Significance of Learning Opportunities in Teacher Training Courses
and Their Individual Use for the Development of Educational-Scientific
Knowledge"
671,1009,WOS:000591657300022,2021,TEACHING AND TEACHER EDUCATION,"Integrating information from multiple texts relates to pre-service
teachers' epistemic products for reflective teaching practice"
794,1210,WOS:001155309900001,2024,JOURNAL OF COMPUTER ASSISTED LEARNING,"Investigating the reliability of aggregate measurements of learning
process data: From theory to practice"
132,281,WOS:000313351200008,2013,JOURNAL OF TEACHER EDUCATION,"Teachers' Content Knowledge and Pedagogical Content Knowledge: The Role
of Structural Differences in Teacher Education"
132,673,WOS:000313351200008,2013,JOURNAL OF TEACHER EDUCATION,"Teachers' Content Knowledge and Pedagogical Content Knowledge: The Role
of Structural Differences in Teacher Education"
281,673,WOS:000313351200008,2013,JOURNAL OF TEACHER EDUCATION,"Teachers' Content Knowledge and Pedagogical Content Knowledge: The Role
of Structural Differences in Teacher Education"
302,794,WOS:001147852900001,2024,ASIA-PACIFIC EDUCATION RESEARCHER,Assessing User Experiences in Virtual Reality Learning Environments
673,838,WOS:000635301200001,2022,JOURNAL OF TEACHER EDUCATION,"Reading Persuasive Texts Affects Preservice Teachers' Beliefs About
Cultural Diversity in the Classroom"
646,881,WOS:000501072200002,2019,ZEITSCHRIFT FUR ERZIEHUNGSWISSENSCHAFT,"Writing skills in English as a foreign language in upper secondary
school"
671,1010,WOS:001143674500004,2023,ZEITSCHRIFT FUR ERZIEHUNGSWISSENSCHAFT,"How to activate reflection on pedagogical situations when using
educational knowledge? The role of prompts and feedback"
647,1031,WOS:000523365100002,2020,AUSTRALIAN EDUCATIONAL RESEARCHER,"Person- and variable-centred quantitative analyses in educational
research: insights concerning Australian students' and teachers'
engagement and wellbeing"
794,1188,WOS:001465070500001,2025,ASIA-PACIFIC EDUCATION RESEARCHER,"Who is Hooked on AI? The Role of the Big Five Personality Traits in
Compulsive ChatGPT Use Among Chinese Students"
673,994,WOS:000383166100007,2016,ZEITSCHRIFT FUR ERZIEHUNGSWISSENSCHAFT,"Are educational foundation courses truly important? The relation between
the course selection in educational foundations, self-assessed
knowledge, and knowledge measured by a test at the end of university
teacher education."
753,774,WOS:000371298600007,2016,ZEITSCHRIFT FUR ERZIEHUNGSWISSENSCHAFT,"State and trait goals of achievement and wellbeing: structure, validity,
and stability"
794,1210,WOS:001294792800001,2024,THINKING SKILLS AND CREATIVITY,"From no distinction to direction, the impact of motivation on
creativity: The contribution of environmental resources and grit"
302,794,WOS:001559321100009,2025,EUROPEAN JOURNAL OF EDUCATION,"The Positive Power of Cultural Intelligence: The Role of Psychological
Need Satisfaction in the Well-Being of University Students in Macau"
646,881,WOS:000862132000002,2022,TEACHING AND TEACHER EDUCATION,"Judgment accuracy of German student texts: Do teacher experience and
content knowledge matter?"
302,794,WOS:001444130300001,2025,INTERNATIONAL JOURNAL OF EDUCATIONAL RESEARCH,"Standard curriculum learning efficacy of Tibetan students: The
interactive effect of multicultural environment and self-related factors"
302,794,WOS:001215583500001,2024,THINKING SKILLS AND CREATIVITY,"How does stress shape creativity? The mediating effect of stress
hormones and cognitive flexibility"
15,794,WOS:000478101300018,2019,PSYCHO-ONCOLOGY,"Psychosocial and behavioral pathways of metabolic syndrome in cancer
caregivers"
302,794,WOS:000368435000010,2015,PSYCHO-ONCOLOGY,"The willingness and actual situation of Chinese cancer patients and
their family members participating in medical decision-making"
265,899,WOS:000573501600001,2022,VOLUNTAS,"Speaking Acquaintances or Helpers in Need: Participation in Civic
Associations and Individual Social Capital"
691,695,WOS:000467158100005,2019,PSYCHOMETRIKA,"Average Effects Based on Regressions with a Logarithmic Link Function: A
New Approach with Stochastic Covariates"
853,861,WOS:000427868300002,2018,INTERNATIONAL JOURNAL OF SOCIAL RESEARCH METHODOLOGY,"When near means related: evidence from three web survey experiments on
inter-item correlations in grid questions"
856,861,WOS:000456485600002,2019,INTERNATIONAL JOURNAL OF SOCIAL RESEARCH METHODOLOGY,"Learning effects in coders and their implications for managing content
analyses"
799,800,WOS:000529716100001,2021,EUROPEAN JOURNAL OF PSYCHOLOGY OF EDUCATION,"Mechanisms mediating the relation between reading self-concept and
reading comprehension"
799,801,WOS:000529716100001,2021,EUROPEAN JOURNAL OF PSYCHOLOGY OF EDUCATION,"Mechanisms mediating the relation between reading self-concept and
reading comprehension"
799,958,WOS:000529716100001,2021,EUROPEAN JOURNAL OF PSYCHOLOGY OF EDUCATION,"Mechanisms mediating the relation between reading self-concept and
reading comprehension"
800,801,WOS:000529716100001,2021,EUROPEAN JOURNAL OF PSYCHOLOGY OF EDUCATION,"Mechanisms mediating the relation between reading self-concept and
reading comprehension"
800,958,WOS:000529716100001,2021,EUROPEAN JOURNAL OF PSYCHOLOGY OF EDUCATION,"Mechanisms mediating the relation between reading self-concept and
reading comprehension"
801,958,WOS:000529716100001,2021,EUROPEAN JOURNAL OF PSYCHOLOGY OF EDUCATION,"Mechanisms mediating the relation between reading self-concept and
reading comprehension"
668,1060,WOS:001277935400001,2024,JOURNAL OF MATHEMATICAL PSYCHOLOGY,"A straightforward and valid correction to Nathoo et al.'s Bayesian
within-subject credible interval"
104,857,WOS:000745958600006,2021,PUBLIC OPINION QUARTERLY,"CONDUCTING GENERAL SOCIAL SURVEYS AS SELF- ADMINISTERED MIXED-MODE
SURVEYS"
104,861,WOS:000745958600006,2021,PUBLIC OPINION QUARTERLY,"CONDUCTING GENERAL SOCIAL SURVEYS AS SELF- ADMINISTERED MIXED-MODE
SURVEYS"
104,872,WOS:000745958600006,2021,PUBLIC OPINION QUARTERLY,"CONDUCTING GENERAL SOCIAL SURVEYS AS SELF- ADMINISTERED MIXED-MODE
SURVEYS"
104,873,WOS:000745958600006,2021,PUBLIC OPINION QUARTERLY,"CONDUCTING GENERAL SOCIAL SURVEYS AS SELF- ADMINISTERED MIXED-MODE
SURVEYS"
857,861,WOS:000745958600006,2021,PUBLIC OPINION QUARTERLY,"CONDUCTING GENERAL SOCIAL SURVEYS AS SELF- ADMINISTERED MIXED-MODE
SURVEYS"
857,872,WOS:000745958600006,2021,PUBLIC OPINION QUARTERLY,"CONDUCTING GENERAL SOCIAL SURVEYS AS SELF- ADMINISTERED MIXED-MODE
SURVEYS"
857,873,WOS:000745958600006,2021,PUBLIC OPINION QUARTERLY,"CONDUCTING GENERAL SOCIAL SURVEYS AS SELF- ADMINISTERED MIXED-MODE
SURVEYS"
861,872,WOS:000745958600006,2021,PUBLIC OPINION QUARTERLY,"CONDUCTING GENERAL SOCIAL SURVEYS AS SELF- ADMINISTERED MIXED-MODE
SURVEYS"
861,873,WOS:000745958600006,2021,PUBLIC OPINION QUARTERLY,"CONDUCTING GENERAL SOCIAL SURVEYS AS SELF- ADMINISTERED MIXED-MODE
SURVEYS"
872,873,WOS:000745958600006,2021,PUBLIC OPINION QUARTERLY,"CONDUCTING GENERAL SOCIAL SURVEYS AS SELF- ADMINISTERED MIXED-MODE
SURVEYS"
794,816,WOS:001390192900001,2025,APPLIED RESEARCH IN QUALITY OF LIFE,"Life Activities Time Allocation and Subjective Well-Being of the Old
Adults in China: a Compositional Perspective"
794,1210,WOS:000772230300001,2022,SAGE OPEN,"As Good as a Boy{''} But Still a Girl: Gender Equity Within the Context
o China's One-Child Policy"
794,1210,WOS:001497166500001,2025,SAGE OPEN,"Understanding Individuals' Innovative Characteristics and Innovative
Behaviors in Information Systems: A Mediating Role of Perceptions of
Team Innovation Climate"
794,1210,WOS:000642002300001,2021,SAGE OPEN,"How Do Individual-Level Characteristics Influence Cross-Domain Risk
Perceptions Among Chinese Urban Residents?"
325,794,WOS:000502817900021,2019,REVISTA DE CERCETARE SI INTERVENTIE SOCIALA,"Social Self-Organization Evolution Path of Photovoltaic Industry Chain
System"
794,1210,WOS:001626313800001,2025,SAGE OPEN,"The Association Between Marital Power and Adolescents' Social
Adjustment: The Mediating Role of Co-Parenting"
857,1120,WOS:001101077700001,2024,APPLIED RESEARCH IN QUALITY OF LIFE,"Life Satisfaction during the Second Lockdown of the COVID-19 Pandemic in
Germany: The Effects of Local Restrictions and Respondents' Perceptions
about the Pandemic"
642,1210,WOS:001309482500008,2024,COMUNICAR,"Digital Pathways for Sustainable Development of Museum Tourist Cultural
as Visual Cultural Practices"
794,1188,WOS:001580950100001,2025,SYSTEMS,"The Impact of the ``Inclusion of Rehabilitation Services in Basic
Medical Insurance{''} Policy on the Utilization of Rehabilitation
Services and Household Healthcare Expenditure Among Older Adults with
Disabilities: Evidence from China"
794,1210,WOS:001580950100001,2025,SYSTEMS,"The Impact of the ``Inclusion of Rehabilitation Services in Basic
Medical Insurance{''} Policy on the Utilization of Rehabilitation
Services and Household Healthcare Expenditure Among Older Adults with
Disabilities: Evidence from China"
1188,1210,WOS:001580950100001,2025,SYSTEMS,"The Impact of the ``Inclusion of Rehabilitation Services in Basic
Medical Insurance{''} Policy on the Utilization of Rehabilitation
Services and Household Healthcare Expenditure Among Older Adults with
Disabilities: Evidence from China"
325,794,WOS:001651267800001,2025,SAGE OPEN,"The Impacts of Social Media, Gaming and Non-gaming Memorable Tourism
Experiences on Temporal Destination Revisit Intention"
642,1030,WOS:001249118200006,2024,LANGUAGE LEARNING \& TECHNOLOGY,"Using chatbots to support EFL listening decoding skills in a fully
online environment"
753,771,WOS:000836828700002,2023,CURRENT PSYCHOLOGY,"Examining the congruence hypothesis in vocational interest research: the
case of teacher students"
753,772,WOS:000836828700002,2023,CURRENT PSYCHOLOGY,"Examining the congruence hypothesis in vocational interest research: the
case of teacher students"
753,773,WOS:000836828700002,2023,CURRENT PSYCHOLOGY,"Examining the congruence hypothesis in vocational interest research: the
case of teacher students"
753,774,WOS:000836828700002,2023,CURRENT PSYCHOLOGY,"Examining the congruence hypothesis in vocational interest research: the
case of teacher students"
753,775,WOS:000836828700002,2023,CURRENT PSYCHOLOGY,"Examining the congruence hypothesis in vocational interest research: the
case of teacher students"
771,772,WOS:000836828700002,2023,CURRENT PSYCHOLOGY,"Examining the congruence hypothesis in vocational interest research: the
case of teacher students"
771,773,WOS:000836828700002,2023,CURRENT PSYCHOLOGY,"Examining the congruence hypothesis in vocational interest research: the
case of teacher students"
771,774,WOS:000836828700002,2023,CURRENT PSYCHOLOGY,"Examining the congruence hypothesis in vocational interest research: the
case of teacher students"
771,775,WOS:000836828700002,2023,CURRENT PSYCHOLOGY,"Examining the congruence hypothesis in vocational interest research: the
case of teacher students"
772,773,WOS:000836828700002,2023,CURRENT PSYCHOLOGY,"Examining the congruence hypothesis in vocational interest research: the
case of teacher students"
772,774,WOS:000836828700002,2023,CURRENT PSYCHOLOGY,"Examining the congruence hypothesis in vocational interest research: the
case of teacher students"
772,775,WOS:000836828700002,2023,CURRENT PSYCHOLOGY,"Examining the congruence hypothesis in vocational interest research: the
case of teacher students"
773,774,WOS:000836828700002,2023,CURRENT PSYCHOLOGY,"Examining the congruence hypothesis in vocational interest research: the
case of teacher students"
773,775,WOS:000836828700002,2023,CURRENT PSYCHOLOGY,"Examining the congruence hypothesis in vocational interest research: the
case of teacher students"
774,775,WOS:000836828700002,2023,CURRENT PSYCHOLOGY,"Examining the congruence hypothesis in vocational interest research: the
case of teacher students"
779,825,WOS:000559188800001,2020,DEMOGRAPHY,"Interdependencies in Mothers' and Daughters' Work-Family Life Course
Trajectories: Similar but Different?"
935,937,WOS:001666001500001,2025,HUMANITIES \& SOCIAL SCIENCES COMMUNICATIONS,"Mitigating cyberbullying's impact on children's well-being: The roles of
digital literacy and cognitive emotion regulation"
935,939,WOS:001666001500001,2025,HUMANITIES \& SOCIAL SCIENCES COMMUNICATIONS,"Mitigating cyberbullying's impact on children's well-being: The roles of
digital literacy and cognitive emotion regulation"
937,939,WOS:001666001500001,2025,HUMANITIES \& SOCIAL SCIENCES COMMUNICATIONS,"Mitigating cyberbullying's impact on children's well-being: The roles of
digital literacy and cognitive emotion regulation"
853,861,WOS:001348850200001,2025,FIELD METHODS,"Instructed Response Item Attention Checks in Mixed-mode Questionnaires:
Evidence from a Probability-based Mail and Online Panel"
853,861,WOS:000862490500001,2022,FIELD METHODS,"The Issue of Noncompliance in Attention Check Questions: False Positives
in Instructed Response Items"
722,723,WOS:001309938300001,2025,POPULATION STUDIES-A JOURNAL OF DEMOGRAPHY,"Differentiation and destandardization of family life courses:
Theoretical and empirical links to sociopolitical regime types"
691,695,WOS:000531940300001,2021,MULTIVARIATE BEHAVIORAL RESEARCH,"Accounting for Latent Covariates in Average Effects from Count
Regressions"
681,841,WOS:000362153000009,2015,LEARNING AND INDIVIDUAL DIFFERENCES,"Effects of mathematics items' language demands for language minority
students: Do they differ between grades?"
681,1157,WOS:000362153000009,2015,LEARNING AND INDIVIDUAL DIFFERENCES,"Effects of mathematics items' language demands for language minority
students: Do they differ between grades?"
841,1157,WOS:000362153000009,2015,LEARNING AND INDIVIDUAL DIFFERENCES,"Effects of mathematics items' language demands for language minority
students: Do they differ between grades?"
695,831,WOS:001268826200001,2024,MULTIVARIATE BEHAVIORAL RESEARCH,Bayesian Analysis of Multi-Factorial Experimental Designs Using SEM
695,831,WOS:000560996100001,2022,MULTIVARIATE BEHAVIORAL RESEARCH,"Repeated Measures ANOVA with Latent Variables to Analyze Interindividual
Differences in Contrasts"
695,696,WOS:000380886600014,2016,MULTIVARIATE BEHAVIORAL RESEARCH,The EffectLiteR Approach for Analyzing Average and Conditional Effects
922,923,WOS:000380886600007,2016,MULTIVARIATE BEHAVIORAL RESEARCH,"Exploring Factor Model Parameters across Continuous Variables with Local
Structural Equation Models"
673,799,WOS:000567589600003,2020,ZEITSCHRIFT FUR PADAGOGISCHE PSYCHOLOGIE,"Students' differential participation in classroom discourse in primary
schools: Who participates (not), and what are the consequences for
student learning?"
681,841,WOS:000376811100026,2016,LEARNING AND INDIVIDUAL DIFFERENCES,"Everyday and academic language comprehension: Investigating their
relationships with school success and challenges for language minority
learners"
932,933,WOS:001466488100001,2025,SOCIAL PSYCHOLOGY OF EDUCATION,"Students' personality impacts sense of belonging of students in
different ways"
672,673,WOS:001462101500001,2025,BRITISH JOURNAL OF EDUCATIONAL PSYCHOLOGY,"Is it in their words? Teachers' enthusiasm and their natural language in
class-A sentiment analysis approach"
671,673,WOS:001101095000001,2024,BRITISH JOURNAL OF EDUCATIONAL PSYCHOLOGY,"Teachers' proactive behaviour: Interactions with job characteristics and
professional competence in a longitudinal study"
847,849,WOS:000326848900005,2013,PSYCHOLOGIE IN ERZIEHUNG UND UNTERRICHT,"The Association between Trait Anxiety, Joy of Learning and Achievement
Goals in Academic Settings"
889,890,WOS:001622333500003,2025,SOCIAL PSYCHOLOGY OF EDUCATION,"Improving children's self-regulation and executive functions: a pilot
intervention with immigrant mothers"
889,998,WOS:001622333500003,2025,SOCIAL PSYCHOLOGY OF EDUCATION,"Improving children's self-regulation and executive functions: a pilot
intervention with immigrant mothers"
890,998,WOS:001622333500003,2025,SOCIAL PSYCHOLOGY OF EDUCATION,"Improving children's self-regulation and executive functions: a pilot
intervention with immigrant mothers"
735,737,WOS:000349876900014,2015,LEARNING AND INDIVIDUAL DIFFERENCES,"The Explaining Conflicting Scientific Claims (ECSC) Questionnaire:
Measuring Laypersons' explanations for conflicts in science"
932,933,WOS:001285644400001,2026,ZEITSCHRIFT FUR PADAGOGISCHE PSYCHOLOGIE,"Development and validation of the WERT-Scales: An instrument measuring
the perceived vocational and civic relevance of study programmes"
673,799,WOS:000932153500001,2020,ZEITSCHRIFT FUR PADAGOGISCHE PSYCHOLOGIE,"Individuelle Beteiligung am Unterrichtsgesprach in Grundschulklassen:
Wer ist (nicht) beteiligt und welche Konsequenzen hat das fur den
Lernerfolg?"
738,740,WOS:000381529200030,2016,LEARNING AND INDIVIDUAL DIFFERENCES,"Skip a grade, learn more? Estimating the effects of grade skipping on
students' language skills using propensity score matching"
735,737,WOS:000378598300003,2016,ZEITSCHRIFT FUR PADAGOGISCHE PSYCHOLOGIE,"Who knows? Explaining Impacts on the Assessment of our own Knowledge and
of the Knowledge of Experts"
656,657,WOS:000340229100006,2014,PSYCHOLOGIE IN ERZIEHUNG UND UNTERRICHT,"Short Scale for Measuring Computer- and Internet-Related Motivations in
Young Adults"
847,849,WOS:000388156800011,2016,LEARNING AND INDIVIDUAL DIFFERENCES,"Are multiple goals in elementary students beneficial for their school
achievement? A latent class analysis"
847,1210,WOS:000388156800011,2016,LEARNING AND INDIVIDUAL DIFFERENCES,"Are multiple goals in elementary students beneficial for their school
achievement? A latent class analysis"
849,1210,WOS:000388156800011,2016,LEARNING AND INDIVIDUAL DIFFERENCES,"Are multiple goals in elementary students beneficial for their school
achievement? A latent class analysis"
936,939,WOS:001182634900001,2023,CYBERPSYCHOLOGY BEHAVIOR AND SOCIAL NETWORKING,"Digital Technology Use and Adolescent Mental Health Before and During
the COVID-19 Pandemic: The Roles of Internet Addiction and Digital
Competence"
768,925,WOS:001046215100001,2024,JOURNAL OF PERSONALITY,"A reciprocal perspective on the differential associations between
personality traits and multiple indicators of academic achievement"
659,922,WOS:000461890000011,2019,JOURNAL OF PERSONALITY AND SOCIAL PSYCHOLOGY,"Does Personality Become More Stable With Age? Disentangling State and
Trait Effects for the Big Five Across the Life Span Using Local
Structural Equation Modeling"
936,939,WOS:000885775400001,2022,CYBERPSYCHOLOGY BEHAVIOR AND SOCIAL NETWORKING,"Digital Technology Use and Cyberbullying Among Primary School Children:
Digital Literacy and Parental Mediation as Moderators"
753,774,WOS:000434964100010,2018,EUROPEAN JOURNAL OF PERSONALITY,"The Nonlinear Interaction of Person and Situation (NIPS) Model: Theory
and Empirical Evidence"
936,939,WOS:000571447100010,2020,COMPUTERS \& EDUCATION,"Measuring digital literacy across three age cohorts: Exploring test
dimensionality and performance differences"
712,714,WOS:000665622600001,2022,INTERNATIONAL JOURNAL OF BILINGUAL EDUCATION AND BILINGUALISM,"Cognitive gains and socioeconomic status in early second language
acquisition in immersion and EFL learning settings"
777,903,WOS:000683050400001,2022,CHILD DEVELOPMENT,"The role of metacognitive competences in the development of school
achievement among gifted adolescents"
777,903,WOS:000796429800001,2022,DISCOURSE PROCESSES,"Measuring Comprehension Monitoring with the Inconsistency Task in
Adolescents: Stability, Associations with Reading Comprehension Skills,
and Differences Between Grade Levels"
302,794,WOS:001654798700001,2025,JOURNAL OF TEACHING IN PHYSICAL EDUCATION,"The Effects of Information and Communication Technology-Based Physical
Education Homework on Students' Motivation, Physical Activity, and
Physical Fitness: Examining Motivation as a Mediator"
691,831,WOS:000864167300001,2022,PSYCHOLOGICAL METHODS,Subgroup Discovery in Structural Equation Models
691,832,WOS:000864167300001,2022,PSYCHOLOGICAL METHODS,Subgroup Discovery in Structural Equation Models
831,832,WOS:000864167300001,2022,PSYCHOLOGICAL METHODS,Subgroup Discovery in Structural Equation Models
772,775,WOS:000529685400009,2020,MOTIVATION AND EMOTION,"Recall bias in emotional intensity ratings: investigating person-level
and event-level predictors"
932,933,WOS:001294391200001,2024,MOTIVATION AND EMOTION,"Expectancy-value interactions and dropout intentions in higher
education: can study values compensate for low expectancies?"
794,1188,WOS:001117619900002,2023,POPULATION RESEARCH AND POLICY REVIEW,"The Impact of Supportive Housing Policy Scenarios on Marriage and
Fertility Intentions: A Vignette Survey Experimental Study in Shanghai,
China"
676,742,WOS:000379031900003,2016,ANNALS OF THE AMERICAN ACADEMY OF POLITICAL AND SOCIAL SCIENCE,"Social Capital in Polish-German Migration Decision-Making: Complementing
the Ethnosurvey with a Prospective View"
865,949,WOS:000362992800006,2015,FIELD METHODS,"Setting Up an Online Panel Representative of the General Population: The
German Internet Panel"
779,825,WOS:000429871900009,2018,JOURNAL OF HEALTH AND SOCIAL BEHAVIOR,"Long-term Health Consequences of Adverse Labor Market Conditions at Time
of Leaving Education: Evidence from West German Panel Data"
922,1060,WOS:000367395400009,2015,MULTIVARIATE BEHAVIORAL RESEARCH,"A Bayesian Approach to More Stable Estimates of Group-Level Effects in
Contextual Studies"
847,1199,WOS:001512866700001,2025,CONTEMPORARY EDUCATIONAL PSYCHOLOGY,"Longitudinal reciprocal relations between trait test anxiety and
performance goals during transition to secondary school: within- and
between-person effects"
695,771,WOS:000382714100003,2016,BRITISH JOURNAL OF EDUCATIONAL PSYCHOLOGY,"Assessing epistemic sophistication by considering domain-specific
absolute and multiplicistic beliefs separately"
903,1167,WOS:000303979700003,2012,BRITISH JOURNAL OF EDUCATIONAL PSYCHOLOGY,"Individual and social network predictors of the short-term stability of
bullying victimization in the United Kingdom and Germany"
673,994,WOS:000381909800004,2016,ZEITSCHRIFT FUR ENTWICKLUNGSPSYCHOLOGIE UND PADAGOGISCHE PSYCHOLOGIE,"A Glance Into the Black Box: How the Relationship Between Teacher
Candidates' Enthusiasm for Teaching and Their Instructional Behavior Can
Be Explained"
647,1199,WOS:000353601600005,2015,CONTEMPORARY EDUCATIONAL PSYCHOLOGY,"Girls' and boys' perceived mathematics teacher beliefs, classroom
learning environments and mathematical career intentions"
673,838,WOS:000552457200004,2020,PSYCHOLOGIE IN ERZIEHUNG UND UNTERRICHT,"A Questionnaire to Assess Preservice Teachers' Beliefs About Teaching in
Heterogeneous Classes: Findings on Criterion Validity and Instructional
Sensitivity"
753,774,WOS:001200469300001,2024,MULTIVARIATE BEHAVIORAL RESEARCH,"Exploring Within-Person Variability in Qualitative Negative and Positive
Emotional Granularity by Means of Latent Markov Factor Analysis"
753,775,WOS:001200469300001,2024,MULTIVARIATE BEHAVIORAL RESEARCH,"Exploring Within-Person Variability in Qualitative Negative and Positive
Emotional Granularity by Means of Latent Markov Factor Analysis"
774,775,WOS:001200469300001,2024,MULTIVARIATE BEHAVIORAL RESEARCH,"Exploring Within-Person Variability in Qualitative Negative and Positive
Emotional Granularity by Means of Latent Markov Factor Analysis"
673,994,WOS:000337337400003,2014,CONTEMPORARY EDUCATIONAL PSYCHOLOGY,"Predicting teachers' instructional behaviors: The interplay between
self-efficacy and intrinsic needs"
646,881,WOS:001519754900001,2025,LEARNING AND INDIVIDUAL DIFFERENCES,"``Can (A)I do this task?{''} The role of AI as a socializer of students'
self-beliefs of their abilities"
646,881,WOS:001476207000001,2025,CONTEMPORARY EDUCATIONAL PSYCHOLOGY,"Nonengagement and unsuccessful engagement with feedback in lower
secondary education: The role of student characteristics"
673,838,WOS:001588646400001,2025,BRITISH JOURNAL OF EDUCATIONAL PSYCHOLOGY,"Pre-service teachers' explicit and implicit stereotypes towards pupils
with different special educational needs"
673,928,WOS:000720836100001,2021,ZEITSCHRIFT FUR ENTWICKLUNGSPSYCHOLOGIE UND PADAGOGISCHE PSYCHOLOGIE,"``I Don't Really Belong Here{''}: Examining Sense of Belonging in
Immigrant and Nonimmigrant Teacher Students"
646,881,WOS:001641849800001,2026,CONTEMPORARY EDUCATIONAL PSYCHOLOGY,"Advancing feedback research in educational psychology: Insights into
feedback processes and determinants of effectiveness"
252,907,WOS:000579712400001,2020,SOCIAL PSYCHOLOGY OF EDUCATION,"Adapting the values affirmation intervention to a multi-stereotype
threat framework for female students in STEM"
753,774,WOS:000432331200005,2018,SOCIAL PSYCHOLOGY OF EDUCATION,"Effects of injustice in primary schools on students' behavior and joy of
learning"
753,774,WOS:000416882800036,2017,CONTEMPORARY EDUCATIONAL PSYCHOLOGY,"Students' multiple state goals as a function of appraisals, trait goals,
and their interactions"
673,1029,WOS:000346912000017,2014,JOURNAL OF EDUCATIONAL PSYCHOLOGY,"Self-Efficacy in Classroom Management, Classroom Disturbances, and
Emotional Exhaustion: A Moderated Mediation Analysis of Teacher
Candidates"
673,1031,WOS:000346912000017,2014,JOURNAL OF EDUCATIONAL PSYCHOLOGY,"Self-Efficacy in Classroom Management, Classroom Disturbances, and
Emotional Exhaustion: A Moderated Mediation Analysis of Teacher
Candidates"
673,1032,WOS:000346912000017,2014,JOURNAL OF EDUCATIONAL PSYCHOLOGY,"Self-Efficacy in Classroom Management, Classroom Disturbances, and
Emotional Exhaustion: A Moderated Mediation Analysis of Teacher
Candidates"
1029,1031,WOS:000346912000017,2014,JOURNAL OF EDUCATIONAL PSYCHOLOGY,"Self-Efficacy in Classroom Management, Classroom Disturbances, and
Emotional Exhaustion: A Moderated Mediation Analysis of Teacher
Candidates"
1029,1032,WOS:000346912000017,2014,JOURNAL OF EDUCATIONAL PSYCHOLOGY,"Self-Efficacy in Classroom Management, Classroom Disturbances, and
Emotional Exhaustion: A Moderated Mediation Analysis of Teacher
Candidates"
1031,1032,WOS:000346912000017,2014,JOURNAL OF EDUCATIONAL PSYCHOLOGY,"Self-Efficacy in Classroom Management, Classroom Disturbances, and
Emotional Exhaustion: A Moderated Mediation Analysis of Teacher
Candidates"
753,774,WOS:000307544300003,2012,SOCIAL PSYCHOLOGY OF EDUCATION,"Resilience predicts well-being in teachers, but not in non-teaching
employees"
646,881,WOS:000978980900004,2023,ZEITSCHRIFT FUR PADAGOGISCHE PSYCHOLOGIE,"Machine Learning in the educational context: Evidence of prediction
accuracy considering essays in English as a foreign language"
647,1199,WOS:000933298100001,2023,CONTEMPORARY EDUCATIONAL PSYCHOLOGY,"Does school context moderate longitudinal relations between
teacher-reported self-efficacy and value for student engagement and
teacher-student relationships from early until midcareer?"
646,881,WOS:000483008600005,2019,CONTEMPORARY EDUCATIONAL PSYCHOLOGY,"Expectancy value interactions and academic achievement: Differential
relationships with achievement measures"
753,774,WOS:000324092400005,2013,SOCIAL PSYCHOLOGY OF EDUCATION,"Done in 60 s? Inferring teachers' subjective well-being from thin slices
of nonverbal behavior"
673,994,WOS:000353601600006,2015,CONTEMPORARY EDUCATIONAL PSYCHOLOGY,"Beginning teachers' efficacy and emotional exhaustion: Latent changes,
reciprocity, and the influence of professional knowledge"
673,1029,WOS:000353601600006,2015,CONTEMPORARY EDUCATIONAL PSYCHOLOGY,"Beginning teachers' efficacy and emotional exhaustion: Latent changes,
reciprocity, and the influence of professional knowledge"
673,1031,WOS:000353601600006,2015,CONTEMPORARY EDUCATIONAL PSYCHOLOGY,"Beginning teachers' efficacy and emotional exhaustion: Latent changes,
reciprocity, and the influence of professional knowledge"
994,1029,WOS:000353601600006,2015,CONTEMPORARY EDUCATIONAL PSYCHOLOGY,"Beginning teachers' efficacy and emotional exhaustion: Latent changes,
reciprocity, and the influence of professional knowledge"
994,1031,WOS:000353601600006,2015,CONTEMPORARY EDUCATIONAL PSYCHOLOGY,"Beginning teachers' efficacy and emotional exhaustion: Latent changes,
reciprocity, and the influence of professional knowledge"
1029,1031,WOS:000353601600006,2015,CONTEMPORARY EDUCATIONAL PSYCHOLOGY,"Beginning teachers' efficacy and emotional exhaustion: Latent changes,
reciprocity, and the influence of professional knowledge"
132,673,WOS:000297111000013,2011,JOURNAL OF EDUCATIONAL PSYCHOLOGY,"Assessing Teacher Candidates' General Pedagogical/Psychological
Knowledge: Test Construction and Validation"
646,881,WOS:001604883400001,2025,SOCIAL PSYCHOLOGY OF EDUCATION,"The roles of moral disengagement and basic moral sensitivity in
university students' antisocial bystander intentions towards relational
bullying"
281,633,WOS:000475675400009,2019,EUROPEAN JOURNAL OF PSYCHOLOGY OF EDUCATION,Prediction of elementary mathematics grades by cognitive abilities
646,881,WOS:000458094000005,2019,LEARNING AND INDIVIDUAL DIFFERENCES,"The relationship of personality traits and different measures of
domain-specific achievement in upper secondary education"
673,1018,WOS:000448793500001,2018,JOURNAL OF EDUCATIONAL PSYCHOLOGY,"Teacher Knowledge Experiment: Testing Mechanisms Underlying the
Formation of Preservice Elementary School Teachers' Pedagogical Content
Knowledge Concerning Fractions and Fractional Arithmetic"
753,774,WOS:000314258200032,2013,LEARNING AND INDIVIDUAL DIFFERENCES,The role of explicit need strength for emotions during learning
646,881,WOS:001493743200002,2025,CONTEMPORARY EDUCATIONAL PSYCHOLOGY,"A situated perspective on CONIC: Evidence of compensatory effects of
conscientiousness and situational interest on the task level"
646,881,WOS:001379092300002,2024,PSYCHOLOGIE IN ERZIEHUNG UND UNTERRICHT,"Comparing Generative AI and Expert Feedback to Students' Writing:
Insights from Student Teachers"
794,1199,WOS:001542943200001,2026,BRITISH JOURNAL OF EDUCATIONAL PSYCHOLOGY,"The potential and limitations of large language models for automatic
classification of teachers' motivational messages in educational
research"
794,1199,WOS:001477804800001,2025,BRITISH JOURNAL OF EDUCATIONAL PSYCHOLOGY,"A process-oriented perspective on pre-service teachers' self-efficacy
and their motivational messages: Using large language models to classify
teachers' speech"
673,994,WOS:000322752200015,2013,JOURNAL OF EDUCATIONAL PSYCHOLOGY,"How Teachers' Self-Efficacy Is Related to Instructional Quality: A
Longitudinal Analysis"
646,881,WOS:001003149600001,2024,ZEITSCHRIFT FUR PADAGOGISCHE PSYCHOLOGIE,"Feedback on teachers' text assessment: Does it foster assessment
accuracy and motivation?"
668,1060,WOS:001656888100001,2026,JOURNAL OF RESEARCH IN PERSONALITY,"Comparing machine learning methods for predicting dark triad personality
traits using social media text data"
753,774,WOS:000302935800006,2012,EUROPEAN JOURNAL OF PERSONALITY,"Discrepancies Between Implicit and Explicit Self-concepts of
Intelligence Predict Performance on Tests of Intelligence"
753,774,WOS:000266065800031,2009,JOURNAL OF RESEARCH IN PERSONALITY,Person x situation-interactions as moderators
753,774,WOS:000321492200006,2013,PERSONALITY AND SOCIAL PSYCHOLOGY BULLETIN,"Interventions Against Norm Violations: Dispositional Determinants of
Self-Reported and Real Moral Courage"
753,774,WOS:000523531200001,2021,SOCIAL PSYCHOLOGICAL AND PERSONALITY SCIENCE,A Multilab Replication of the Ego Depletion Effect
753,1210,WOS:000523531200001,2021,SOCIAL PSYCHOLOGICAL AND PERSONALITY SCIENCE,A Multilab Replication of the Ego Depletion Effect
774,1210,WOS:000523531200001,2021,SOCIAL PSYCHOLOGICAL AND PERSONALITY SCIENCE,A Multilab Replication of the Ego Depletion Effect
910,1015,WOS:000403887200008,2017,EUROPEAN JOURNAL OF PERSONALITY,"Whose Job Will Be Taken Over by a Computer? The Role of Personality in
Predicting Job Computerizability over the Lifespan"
328,659,WOS:000383807100006,2016,JOURNAL OF PERSONALITY AND SOCIAL PSYCHOLOGY,"Personality Trait Development at the End of Life: Antecedents and
Correlates of Mean-Level Trajectories"
642,794,WOS:000337566600008,2014,JOURNAL OF CROSS-CULTURAL PSYCHOLOGY,"Relational Self Versus Collective Self: A Cross-Cultural Study in
Interdependent Self-Construal Between Han and Uyghur in China"
921,1015,WOS:000897806400001,2024,EUROPEAN JOURNAL OF PERSONALITY,"Personality change through a digital-coaching intervention: Using
measurement invariance testing to distinguish between trait domain,
facet, and nuance change"
325,794,WOS:000518502100019,2020,PERSONALITY AND INDIVIDUAL DIFFERENCES,"A longitudinal study of inferiority impacting on aggression among
college students: The mediation role of cognitive reappraisal and
expression suppression"
302,794,WOS:000345343200002,2014,SOCIAL BEHAVIOR AND PERSONALITY,"PERSUASIVENESS OF HIV/AIDS PUBLIC SERVICE ANNOUNCEMENTS AS A FUNCTION OF
ARGUMENT QUALITY, PERSONAL RELEVANCE, AND EVIDENCE FORM"
719,882,WOS:000278324100005,2010,JOURNAL OF INDIVIDUAL DIFFERENCES,Use of Strategy in a 3-Dimensional Spatial Ability Test
767,1121,WOS:000269402300008,2009,PERSONALITY AND INDIVIDUAL DIFFERENCES,"Positive evidence for Eysenck's arousal hypothesis: A combined EEG and
MRI study with multiple measurement occasions"
753,774,WOS:000314434800013,2013,PERSONALITY AND INDIVIDUAL DIFFERENCES,Rasch analysis of a simplified Beck Depression Inventory
794,1210,WOS:001710531300002,2026,SOCIAL BEHAVIOR AND PERSONALITY,"Exploring factors related to ChatGPT usage among Chinese users: A
mixed-methods study"
325,794,WOS:001491070700001,2025,PERSONALITY AND SOCIAL PSYCHOLOGY BULLETIN,"From Challenge to Confidence: The Collapse of Trust in the Pandemic Era
and the Protective Role of Belief in a Just World"
642,1188,WOS:000869719600004,2022,SOCIAL BEHAVIOR AND PERSONALITY,"Psychological disorders and related factors among Chinese adolescent
earthquake survivors during the COVID-19 pandemic"
753,774,WOS:000256101100002,2008,JOURNAL OF INDIVIDUAL DIFFERENCES,"Differential stability - The effects of acute and chronic construct
accessibility on the temporal stability of the implicit association test"
668,1060,WOS:001138927600001,2024,JOURNAL OF RESEARCH IN PERSONALITY,"From Intellectual Investment Trait Theory to Dynamic Intellectual
Investment Trait and State Theory: Theory extension, methodological
advancement, and empirical illustration"
794,816,WOS:000766093300008,2022,JOURNAL OF RESEARCH IN PERSONALITY,"Subtypes of social withdrawal and mental health trajectories during
COVID-19 pandemic"
142,767,WOS:000257034000003,2008,JOURNAL OF PERSONALITY AND SOCIAL PSYCHOLOGY,Why positive information is processed faster:: The density hypothesis
302,794,WOS:001693504500006,2026,SOCIAL BEHAVIOR AND PERSONALITY,"Psychometric validation of the English-language version of the Second
Language Grit Scale in a Group-Oriented Societal Context with college
students in Macau"
302,794,WOS:001423822600001,2025,JOURNAL OF COMMUNITY \& APPLIED SOCIAL PSYCHOLOGY,"``When Too Many Become Too Much{''}: Social Crowding and Its
Consequences for Social Exclusion"
753,774,WOS:000413761600038,2017,EUROPEAN JOURNAL OF PERSONALITY,"Integrating Personality Structure, Personality Process, and Personality
Development"
753,1015,WOS:000413761600038,2017,EUROPEAN JOURNAL OF PERSONALITY,"Integrating Personality Structure, Personality Process, and Personality
Development"
774,1015,WOS:000413761600038,2017,EUROPEAN JOURNAL OF PERSONALITY,"Integrating Personality Structure, Personality Process, and Personality
Development"
753,774,WOS:000295234300009,2011,EUROPEAN JOURNAL OF PERSONALITY,Justice Sensitivity and the Processing of Justice-related Information
753,774,WOS:000266809800004,2009,EUROPEAN JOURNAL OF PERSONALITY,"The Road to the Unconscious Self Not Taken: Discrepancies between Self-
and Observer-Inferences about Implicit Dispositions from Nonverbal
Behavioural Cues"
646,881,WOS:000929529200001,2023,JOURNAL OF RESEARCH IN PERSONALITY,"Openness to experience and museum visits: Intellectual curiosity,
aesthetic sensitivity, and creative imagination predict the frequency of
visits to different types of museums"
794,816,WOS:000382591800028,2016,PERSONALITY AND INDIVIDUAL DIFFERENCES,"Present-fatalistic time perspective and life satisfaction: The
moderating role of age"
794,1210,WOS:000382591800028,2016,PERSONALITY AND INDIVIDUAL DIFFERENCES,"Present-fatalistic time perspective and life satisfaction: The
moderating role of age"
816,1210,WOS:000382591800028,2016,PERSONALITY AND INDIVIDUAL DIFFERENCES,"Present-fatalistic time perspective and life satisfaction: The
moderating role of age"
753,774,WOS:000305127400007,2012,BRITISH JOURNAL OF SOCIAL PSYCHOLOGY,"When East meets West: A longitudinal examination of the relationship
between group relative deprivation and intergroup contact in reunified
Germany"
753,774,WOS:000289362200011,2011,EUROPEAN JOURNAL OF SOCIAL PSYCHOLOGY,What gives victims satisfaction when they seek revenge?
753,774,WOS:000524207300001,2020,SOCIAL PSYCHOLOGICAL AND PERSONALITY SCIENCE,"A Cross-Cultural Study of Justice Sensitivity and Its Consequences for
Cooperation"
753,774,WOS:000318045700002,2013,EUROPEAN JOURNAL OF PERSONALITY,Recommendations for Increasing Replicability in Psychology
753,1015,WOS:000318045700002,2013,EUROPEAN JOURNAL OF PERSONALITY,Recommendations for Increasing Replicability in Psychology
774,1015,WOS:000318045700002,2013,EUROPEAN JOURNAL OF PERSONALITY,Recommendations for Increasing Replicability in Psychology
921,1015,WOS:001571001700001,2025,EUROPEAN JOURNAL OF PERSONALITY,"Exploring individual differences in volitional personality state and
trait change: The role of motivation and engagement during a 12-week
intervention"
910,1015,WOS:000479313700010,2019,JOURNAL OF PERSONALITY AND SOCIAL PSYCHOLOGY,"Sixteen Going on Sixty-Six: A Longitudinal Study of Personality
Stability and Change Across 50 Years"
753,774,WOS:000320782100003,2013,EUROPEAN JOURNAL OF PERSONALITY,"How Implicit-Explicit Consistency of the Intelligence Self-Concept
Moderates Reactions to Performance Feedback"
753,774,WOS:000356642400004,2015,PERSONALITY AND INDIVIDUAL DIFFERENCES,Perfectionism in the Transactional Stress Model
646,881,WOS:000321630800004,2013,JOURNAL OF APPLIED SOCIAL PSYCHOLOGY,Predictors of treated and untreated water consumption in rural Bolivia
753,774,WOS:000311418800004,2012,EUROPEAN JOURNAL OF PERSONALITY,"Women are Bad at Math, but I'm Not, am I?' Fragile Mathematical
Self-concept Predicts Vulnerability to a Stereotype Threat Effect on
Mathematical Performance"
794,816,WOS:001368446700001,2026,EUROPEAN JOURNAL OF PERSONALITY,"Wherefore art thou competitors? How situational affordances help
differentiate among prosociality, individualism, and competition"
753,774,WOS:000349966900006,2015,EUROPEAN JOURNAL OF SOCIAL PSYCHOLOGY,"Anger as driving factor of moral courage in comparison with guilt and
global mood: A multimethod approach"
753,774,WOS:000207492100004,2008,EUROPEAN REVIEW OF SOCIAL PSYCHOLOGY,"When and why do implicit measures predict behaviour? Empirical evidence
for the moderating role of opportunity, motivation, and process reliance"
753,774,WOS:000471731500004,2019,PERSONALITY AND INDIVIDUAL DIFFERENCES,"Towards an explanatory personality psychology: Integrating personality
structure, personality process, and personality development"
753,774,WOS:000723317500001,2022,JOURNAL OF PERSONALITY,"A school rampage threatens beliefs in justice: A longitudinal study of
the belief in a just world among Chinese adolescents"
910,1015,WOS:000429155900007,2018,JOURNAL OF PERSONALITY AND SOCIAL PSYCHOLOGY,"How You Behave in School Predicts Life Success Above and Beyond Family
Background, Broad Traits, and Cognitive Ability"
642,794,WOS:001420207200002,2025,JOURNAL OF POPULATION ECONOMICS,The motherhood penalty and low fertility in China: a pseudo-event study
667,681,WOS:000377207400002,2016,JOURNAL OF EDUCATIONAL MEASUREMENT,"A Comparison of Linking Methods for Estimating National Trends in
International Comparative Large-Scale Assessments in the Presence of
Cross-National DIF"
667,1157,WOS:000377207400002,2016,JOURNAL OF EDUCATIONAL MEASUREMENT,"A Comparison of Linking Methods for Estimating National Trends in
International Comparative Large-Scale Assessments in the Presence of
Cross-National DIF"
681,1157,WOS:000377207400002,2016,JOURNAL OF EDUCATIONAL MEASUREMENT,"A Comparison of Linking Methods for Estimating National Trends in
International Comparative Large-Scale Assessments in the Presence of
Cross-National DIF"
645,842,WOS:000346084000003,2014,JOURNAL OF EDUCATIONAL MEASUREMENT,"Modeling Instructional Sensitivity Using a Longitudinal Multilevel
Differential Item Functioning Approach"
104,857,WOS:000648939100010,2021,EUROPEAN SOCIOLOGICAL REVIEW,"The European Values Study 2017: On the Way to the Future Using
Mixed-Modes"
104,861,WOS:000648939100010,2021,EUROPEAN SOCIOLOGICAL REVIEW,"The European Values Study 2017: On the Way to the Future Using
Mixed-Modes"
104,873,WOS:000648939100010,2021,EUROPEAN SOCIOLOGICAL REVIEW,"The European Values Study 2017: On the Way to the Future Using
Mixed-Modes"
857,861,WOS:000648939100010,2021,EUROPEAN SOCIOLOGICAL REVIEW,"The European Values Study 2017: On the Way to the Future Using
Mixed-Modes"
857,873,WOS:000648939100010,2021,EUROPEAN SOCIOLOGICAL REVIEW,"The European Values Study 2017: On the Way to the Future Using
Mixed-Modes"
861,873,WOS:000648939100010,2021,EUROPEAN SOCIOLOGICAL REVIEW,"The European Values Study 2017: On the Way to the Future Using
Mixed-Modes"
649,650,WOS:000965718000001,2023,COMPUTERS \& EDUCATION,"Will, skills, or conscientiousness: What predicts teachers? intentions
to participate in technology-related professional development?"
325,794,WOS:001530549100001,2026,INTERNATIONAL JOURNAL OF APPLIED LINGUISTICS,"Moving Beyond Surface Changes: How Novice L2 Writers Strategically
Revise in DDL-Supported Argumentative Writing"
143,737,WOS:000261188700003,2008,DISCOURSE PROCESSES,"Lexical Entrainment in Written Discourse: Is Experts' Word Use Adapted
to the Addressee?"
794,1210,WOS:001075462500001,2024,CHILD DEVELOPMENT,"Daily ethnic-racial support from family and peers: Changes from before
to during the COVID-19 pandemic"
794,1210,WOS:000988613400001,2023,CHILD DEVELOPMENT,"Family and peer ethnic-racial socialization in adolescents' everyday
life: A daily transactional model with ethnic-racial identity and
discrimination"
935,937,WOS:001651205300006,2025,BMC PSYCHOLOGY,"Development and validation of digital resilience scale for primary and
secondary school students"
935,939,WOS:001651205300006,2025,BMC PSYCHOLOGY,"Development and validation of digital resilience scale for primary and
secondary school students"
937,939,WOS:001651205300006,2025,BMC PSYCHOLOGY,"Development and validation of digital resilience scale for primary and
secondary school students"
302,794,WOS:001355397700003,2024,HUMANITIES \& SOCIAL SCIENCES COMMUNICATIONS,"Development of the core occupational adaptabilities through the
learning-orientated interaction of employees' proactivity and
organizational support"
302,642,WOS:001252013300002,2024,HUMANITIES \& SOCIAL SCIENCES COMMUNICATIONS,"Exploring the spatiotemporal evolution mechanism of rural e-commerce:
insights from the experience of Taobao towns in China"
302,794,WOS:001529947700004,2025,HUMANITIES \& SOCIAL SCIENCES COMMUNICATIONS,"The impact of weather patterns on increasing violent crime and social
cost in South Africa"
302,794,WOS:001302592200006,2024,HUMANITIES \& SOCIAL SCIENCES COMMUNICATIONS,"A multiscale and multiperspective quantifying framework for spatial
patterns and influencing mechanisms of geographical indications"
794,1210,WOS:001044401600001,2023,HUMANITIES \& SOCIAL SCIENCES COMMUNICATIONS,"Sinophobia was popular in Chinese language communities on Twitter during
the early COVID-19 pandemic"
794,1210,WOS:000893378100002,2022,HUMANITIES \& SOCIAL SCIENCES COMMUNICATIONS,"The development of independent colleges and their separation from their
parent public universities in China"
937,938,WOS:000663722900002,2021,COMPUTERS IN HUMAN BEHAVIOR,"Do background characteristics matter in Children's mastery of digital
literacy? A cognitive diagnosis model analysis"
937,939,WOS:000663722900002,2021,COMPUTERS IN HUMAN BEHAVIOR,"Do background characteristics matter in Children's mastery of digital
literacy? A cognitive diagnosis model analysis"
938,939,WOS:000663722900002,2021,COMPUTERS IN HUMAN BEHAVIOR,"Do background characteristics matter in Children's mastery of digital
literacy? A cognitive diagnosis model analysis"
935,937,WOS:001149903800001,2024,COMPUTERS IN HUMAN BEHAVIOR,"Adolescents' cyberbullying experience and subjective well-being: Sex
difference in the moderating role of cognitive-emotional regulation
strategy"
935,939,WOS:001149903800001,2024,COMPUTERS IN HUMAN BEHAVIOR,"Adolescents' cyberbullying experience and subjective well-being: Sex
difference in the moderating role of cognitive-emotional regulation
strategy"
937,939,WOS:001149903800001,2024,COMPUTERS IN HUMAN BEHAVIOR,"Adolescents' cyberbullying experience and subjective well-being: Sex
difference in the moderating role of cognitive-emotional regulation
strategy"
935,937,WOS:001187161900001,2024,COMPUTERS IN HUMAN BEHAVIOR,"Protective factors contributing to adolescents' multifaceted digital
resilience for their wellbeing: A socio-ecological perspective"
935,939,WOS:001187161900001,2024,COMPUTERS IN HUMAN BEHAVIOR,"Protective factors contributing to adolescents' multifaceted digital
resilience for their wellbeing: A socio-ecological perspective"
937,939,WOS:001187161900001,2024,COMPUTERS IN HUMAN BEHAVIOR,"Protective factors contributing to adolescents' multifaceted digital
resilience for their wellbeing: A socio-ecological perspective"
325,794,WOS:001157684300001,2024,RESEARCH IN AUTISM SPECTRUM DISORDERS,"Maternal multivitamin supplementation is associated with symptoms in
offspring with autism spectrum disorder: A multi-center study in China"
302,794,WOS:000955062700001,2023,PERSONALITY AND MENTAL HEALTH,"The relationship between trait mindfulness and resilience: A
meta-analysis"
302,1210,WOS:000955062700001,2023,PERSONALITY AND MENTAL HEALTH,"The relationship between trait mindfulness and resilience: A
meta-analysis"
794,1210,WOS:000955062700001,2023,PERSONALITY AND MENTAL HEALTH,"The relationship between trait mindfulness and resilience: A
meta-analysis"
843,845,WOS:000669424800004,2021,LONGITUDINAL AND LIFE COURSE STUDIES,"Formal differentiation at upper secondary education in Finland:
subject-level choices and stratified pathways to socio-economic status
and unemployment"
843,1053,WOS:000669424800004,2021,LONGITUDINAL AND LIFE COURSE STUDIES,"Formal differentiation at upper secondary education in Finland:
subject-level choices and stratified pathways to socio-economic status
and unemployment"
845,1053,WOS:000669424800004,2021,LONGITUDINAL AND LIFE COURSE STUDIES,"Formal differentiation at upper secondary education in Finland:
subject-level choices and stratified pathways to socio-economic status
and unemployment"
695,831,WOS:000783781200001,2023,STRUCTURAL EQUATION MODELING-A MULTIDISCIPLINARY JOURNAL,"Using Structural Equation Modeling in place of Between-Subjects Analysis
of Variance"
922,1060,WOS:000541961000001,2021,STRUCTURAL EQUATION MODELING-A MULTIDISCIPLINARY JOURNAL,"On the Performance of Bayesian Approaches in Small Samples: A Comment on
Smid, McNeish, Miocevic, and van de Schoot (2020)"
847,849,WOS:000446192900005,2018,EUROPEAN SOCIOLOGICAL REVIEW,"The Role of Perceived Benefits, Costs, and Probability of Success in
Students' Plans for Higher Education. A Quasi-experimental Test o
Rational Choice Theory"
636,742,WOS:000556308200006,2020,"SOZIALE WELT-ZEITSCHRIFT FUR SOZIALWISSENSCHAFTLICHE FORSCHUNG UND
PRAXIS","Education of Refugee Adolescents at the End of Secondary School: The
Role of Educational Policies, Individual and Family Resources"
779,825,WOS:000404448700006,2017,EUROPEAN SOCIOLOGICAL REVIEW,"Parenthood, Gender, and Personal Wealth"
637,701,WOS:000412231700005,2017,EUROPEAN SOCIOLOGICAL REVIEW,"The Expansion of Low-Cost, State-Subsidized Childcare Availability and
Mothers' Return-to-Work Behaviour in East and West Germany"
646,881,WOS:001542036800001,2025,COMPUTERS \& EDUCATION,"On the role of engagement in automated feedback effectiveness: Insights
from keystroke logging"
795,796,WOS:000477765200005,2019,RESEARCH IN SOCIAL STRATIFICATION AND MOBILITY,"The intergenerational effects of unemployment: How parental unemployment
affects educational transitions in Germany"
825,886,WOS:000272026400007,2009,EUROPEAN SOCIETIES,SOCIAL SELECTIVITY OF TRACK MOBILITY IN SECONDARY SCHOOLS
844,845,WOS:000498874700001,2019,RESEARCH IN SOCIAL STRATIFICATION AND MOBILITY,"The heterogeneous effects of parental unemployment on siblings'
educational outcomes"
646,881,WOS:001523182000001,2025,COMPUTERS \& EDUCATION,"Self-assessment accuracy in the age of artificial Intelligence:
Differential effects of LLM-generated feedback"
795,796,WOS:000593204500028,2020,SOCIAL FORCES,"Parental Unemployment and the Transition into Tertiary Education: Can
Institutions Moderate the Adverse Effects?"
729,795,WOS:000335827400001,2014,INTERNATIONAL JOURNAL OF COMPARATIVE SOCIOLOGY,"Contextual effects on subjective social position: Evidence from European
countries"
853,858,WOS:001408078500002,2025,SOCIOLOGICAL METHODOLOGY,"Comparing the Accuracy of Univariate, Bivariate, and Multivariate
Estimates across Probability and Nonprobability Surveys with Population
Benchmarks"
853,1122,WOS:001408078500002,2025,SOCIOLOGICAL METHODOLOGY,"Comparing the Accuracy of Univariate, Bivariate, and Multivariate
Estimates across Probability and Nonprobability Surveys with Population
Benchmarks"
858,1122,WOS:001408078500002,2025,SOCIOLOGICAL METHODOLOGY,"Comparing the Accuracy of Univariate, Bivariate, and Multivariate
Estimates across Probability and Nonprobability Surveys with Population
Benchmarks"
646,881,WOS:001332925800001,2024,COMPUTERS \& EDUCATION,"Understanding the effectiveness of automated feedback: Using process
data to uncover the role of behavioral engagement"
284,862,WOS:000493117300002,2019,PUBLIC OPINION QUARTERLY,"INTERVIEWER INVOLVEMENT IN SAMPLE SELECTION SHAPES THE RELATIONSHIP
BETWEEN RESPONSE RATES AND DATA QUALITY"
861,1136,WOS:001032799900001,2023,PUBLIC OPINION QUARTERLY,"How to Detect and Influence Looking Up Answers to Political Knowledge
Questions in Web Surveys"
695,696,WOS:000383393500003,2016,EDUCATIONAL AND PSYCHOLOGICAL MEASUREMENT,"Hypothesis Testing Using Factor Score Regression: A Comparison of Four
Methods"
735,737,WOS:000404931000003,2017,PSYCHOLOGISCHE RUNDSCHAU,"Selection, Integration, and Evaluation: How We Use the Internet to Find
Information About Science"
691,695,WOS:001375669100001,2024,PSYCHOLOGICAL METHODS,Definition and Identification of Causal Ratio Effects
772,775,WOS:000985698100001,2025,PSYCHOLOGICAL METHODS,"Modeling Careless Responding in Ambulatory Assessment Studies Using
Multilevel Latent Class Analysis: Factors Influencing Careless
Responding"
932,933,WOS:000837122800001,2022,FRONTIERS IN PSYCHOLOGY,"A comparison between different ways to assess demands-abilities fit in
higher education: Empirical results and recommendations for research
practice"
650,668,WOS:000402854300001,2017,FRONTIERS IN PSYCHOLOGY,"``Learning Science Is About Facts and Language Learning Is About Being
Discursive{''}-An Empirical Investigation of Students' Disciplinary
Beliefs in the Context of Argumentation"
695,696,WOS:000876957700001,2022,FRONTIERS IN PSYCHOLOGY,"Overview and evaluation of various frequentist test statistics using
constrained statistical inference in the context of linear regression"
935,1210,WOS:000811836900001,2022,FRONTIERS IN PSYCHOLOGY,"Parental Home Monitoring and Support and Students' Online Learning and
Socioemotional Well-Being During COVID-19 School Suspension in Hong Kong"
858,865,WOS:000638960400001,2022,SOCIAL SCIENCE COMPUTER REVIEW,"Recruiting a Probability-Based Online Panel via Postal Mail:
Experimental Evidence"
858,949,WOS:000638960400001,2022,SOCIAL SCIENCE COMPUTER REVIEW,"Recruiting a Probability-Based Online Panel via Postal Mail:
Experimental Evidence"
858,1124,WOS:000638960400001,2022,SOCIAL SCIENCE COMPUTER REVIEW,"Recruiting a Probability-Based Online Panel via Postal Mail:
Experimental Evidence"
865,949,WOS:000638960400001,2022,SOCIAL SCIENCE COMPUTER REVIEW,"Recruiting a Probability-Based Online Panel via Postal Mail:
Experimental Evidence"
865,1124,WOS:000638960400001,2022,SOCIAL SCIENCE COMPUTER REVIEW,"Recruiting a Probability-Based Online Panel via Postal Mail:
Experimental Evidence"
949,1124,WOS:000638960400001,2022,SOCIAL SCIENCE COMPUTER REVIEW,"Recruiting a Probability-Based Online Panel via Postal Mail:
Experimental Evidence"
858,865,WOS:000797856100001,2023,SOCIAL SCIENCE COMPUTER REVIEW,"The Early Bird Catches the Worm! Setting a Deadline for Online Panel
Recruitment Incentives"
858,949,WOS:000797856100001,2023,SOCIAL SCIENCE COMPUTER REVIEW,"The Early Bird Catches the Worm! Setting a Deadline for Online Panel
Recruitment Incentives"
858,1124,WOS:000797856100001,2023,SOCIAL SCIENCE COMPUTER REVIEW,"The Early Bird Catches the Worm! Setting a Deadline for Online Panel
Recruitment Incentives"
865,949,WOS:000797856100001,2023,SOCIAL SCIENCE COMPUTER REVIEW,"The Early Bird Catches the Worm! Setting a Deadline for Online Panel
Recruitment Incentives"
865,1124,WOS:000797856100001,2023,SOCIAL SCIENCE COMPUTER REVIEW,"The Early Bird Catches the Worm! Setting a Deadline for Online Panel
Recruitment Incentives"
949,1124,WOS:000797856100001,2023,SOCIAL SCIENCE COMPUTER REVIEW,"The Early Bird Catches the Worm! Setting a Deadline for Online Panel
Recruitment Incentives"
853,858,WOS:001372342000001,2025,SOCIAL SCIENCE COMPUTER REVIEW,"Asking for Traces: A Vignette Study on Acceptability Norms and Personal
Willingness to Donate Digital Trace Data"
794,1210,WOS:001398588900001,2025,CULTURAL DIVERSITY \& ETHNIC MINORITY PSYCHOLOGY,"Everyday Ethnic Discrimination and Early Substance Use Based on Hair
Samples in High-Risk Racial/Ethnic Minority Early Adolescents"
753,774,WOS:000974717800001,2023,POLITICAL PSYCHOLOGY,"The Interplay Between Explicit and Implicit Right-Wing Populism in
Germany and Switzerland"
650,994,WOS:001416091600001,2025,PSYCHOLOGICAL BULLETIN,"Teacher-Student Relationships and Student Outcomes: A Systematic
Second-Order Meta-Analytic Review"
646,881,WOS:001346505600002,2024,PSYCHOLOGICAL BULLETIN,"Who Am I? A Second-Order Meta-Analytic Review of Correlates of the Self
in Childhood and Adolescence"
668,1060,WOS:001375667600001,2026,PSYCHOLOGICAL REVIEW,Illusory Traits: Wrong but Sometimes Useful
668,1060,WOS:000519436900001,2020,STRUCTURAL EQUATION MODELING-A MULTIDISCIPLINARY JOURNAL,"A Computationally More Efficient Bayesian Approach for Estimating
Continuous-Time Models"
668,1060,WOS:001153724600001,2024,STRUCTURAL EQUATION MODELING-A MULTIDISCIPLINARY JOURNAL,"Quantifying Individual Personality Change More Accurately by
Regression-Based Change Scores"
668,1060,WOS:001287736000001,2025,STRUCTURAL EQUATION MODELING-A MULTIDISCIPLINARY JOURNAL,"Shrinking Small Sample Problems in Multilevel Structural Equation
Modeling via Regularization of the Sample Covariance Matrix"
668,1060,WOS:000551614600001,2021,STRUCTURAL EQUATION MODELING-A MULTIDISCIPLINARY JOURNAL,"Sample size recommendations for continuous-time models: compensating
shorter time series with larger numbers of persons and vice versa"
922,1060,WOS:000383882200003,2016,STRUCTURAL EQUATION MODELING-A MULTIDISCIPLINARY JOURNAL,A Bayesian Approach for Estimating Multilevel Latent Contextual Models
668,1060,WOS:000980869400001,2024,STRUCTURAL EQUATION MODELING-A MULTIDISCIPLINARY JOURNAL,"Studying Between-Subject Differences in Trends and Dynamics: Introducing
the Random Coefficients Continuous-Time Latent Curve Model with
Structured Residuals"
668,1060,WOS:000487659500001,2020,STRUCTURAL EQUATION MODELING-A MULTIDISCIPLINARY JOURNAL,"Integrating Out Nuisance Parameters for Computationally More Efficient
Bayesian Estimation - An Illustration and Tutorial"
668,1060,WOS:000650498900001,2021,STRUCTURAL EQUATION MODELING-A MULTIDISCIPLINARY JOURNAL,"Exploring the Unfolding of Dynamic Effects with Continuous-Time Models:
Recommendations Concerning Statistical Power to Detect Peak Cross-Lagged
Effects"
668,1060,WOS:001052709100001,2024,STRUCTURAL EQUATION MODELING-A MULTIDISCIPLINARY JOURNAL,"Finding the Optimal Number of Persons (N) and Time Points
(T) for Maximal Power in Dynamic Longitudinal Models Given a
Fixed Budget"
668,1060,WOS:000475503100010,2019,STRUCTURAL EQUATION MODELING-A MULTIDISCIPLINARY JOURNAL,"Going Beyond Convergence in Bayesian Estimation: Why Precision Matters
Too and How to Assess It"
699,1022,WOS:001502434100001,2025,EUROPEAN SOCIOLOGICAL REVIEW,"What does successful university graduation signal to employers? A
factorial survey experiment on sheepskin effects"
825,1192,WOS:000311914800004,2011,RESEARCH IN SOCIAL STRATIFICATION AND MOBILITY,Class origin and young adults' re-enrollment
795,1192,WOS:001098096300001,2023,EUROPEAN SOCIOLOGICAL REVIEW,"Parental job loss and the role of unemployment duration and income
changes for children's education"
699,1192,WOS:000455166100004,2018,ZEITSCHRIFT FUR SOZIOLOGIE,"A Transition without Tradition: Earnings and Unemployment Risks of
Academic versus Vocational Education after the Bologna Process"
865,949,WOS:000578335200001,2021,EUROPEAN SOCIETIES,"The COVID-19 pandemic and subjective well-being: longitudinal evidence
on satisfaction with work and family"
865,1121,WOS:000578335200001,2021,EUROPEAN SOCIETIES,"The COVID-19 pandemic and subjective well-being: longitudinal evidence
on satisfaction with work and family"
865,1124,WOS:000578335200001,2021,EUROPEAN SOCIETIES,"The COVID-19 pandemic and subjective well-being: longitudinal evidence
on satisfaction with work and family"
865,1136,WOS:000578335200001,2021,EUROPEAN SOCIETIES,"The COVID-19 pandemic and subjective well-being: longitudinal evidence
on satisfaction with work and family"
949,1121,WOS:000578335200001,2021,EUROPEAN SOCIETIES,"The COVID-19 pandemic and subjective well-being: longitudinal evidence
on satisfaction with work and family"
949,1124,WOS:000578335200001,2021,EUROPEAN SOCIETIES,"The COVID-19 pandemic and subjective well-being: longitudinal evidence
on satisfaction with work and family"
949,1136,WOS:000578335200001,2021,EUROPEAN SOCIETIES,"The COVID-19 pandemic and subjective well-being: longitudinal evidence
on satisfaction with work and family"
1121,1124,WOS:000578335200001,2021,EUROPEAN SOCIETIES,"The COVID-19 pandemic and subjective well-being: longitudinal evidence
on satisfaction with work and family"
1121,1136,WOS:000578335200001,2021,EUROPEAN SOCIETIES,"The COVID-19 pandemic and subjective well-being: longitudinal evidence
on satisfaction with work and family"
1124,1136,WOS:000578335200001,2021,EUROPEAN SOCIETIES,"The COVID-19 pandemic and subjective well-being: longitudinal evidence
on satisfaction with work and family"
646,881,WOS:000664604200002,2021,"SOZIALE WELT-ZEITSCHRIFT FUR SOZIALWISSENSCHAFTLICHE FORSCHUNG UND
PRAXIS","A revolving door effect in the German higher educational system?
Educational paths after students' dropout from gender-atypical study
programs"
845,1057,WOS:000352163400011,2015,SOCIOLOGY-THE JOURNAL OF THE BRITISH SOCIOLOGICAL ASSOCIATION,"No Crisis but Methodological Separatism: A Comparative Study of Finnish
and Danish Publication Trends between 1990 and 2009"
676,1084,WOS:000790125200001,2022,EUROPEAN SOCIOLOGICAL REVIEW,"Studying Youth' Group Identities, Intergroup Relations, and Friendship
Networks: The Friendship and Identity in School Data"
911,1031,WOS:000366591800020,2015,JOURNAL OF SOCIOLOGY,"Will closing the achievement gap solve the problem? An analysis of
primary and secondary effects for indigenous university entry"
911,1032,WOS:000366591800020,2015,JOURNAL OF SOCIOLOGY,"Will closing the achievement gap solve the problem? An analysis of
primary and secondary effects for indigenous university entry"
1031,1032,WOS:000366591800020,2015,JOURNAL OF SOCIOLOGY,"Will closing the achievement gap solve the problem? An analysis of
primary and secondary effects for indigenous university entry"
695,696,WOS:000755325500004,2021,"METHODOLOGY-EUROPEAN JOURNAL OF RESEARCH METHODS FOR THE BEHAVIORAL AND
SOCIAL SCIENCES",Integrating Informative Hypotheses Into the EffectLiteR Framework
668,1153,WOS:000364813700006,2015,EDUCATIONAL AND PSYCHOLOGICAL MEASUREMENT,"Effects of Design Properties on Parameter Estimation in Large-Scale
Assessments"
668,1060,WOS:001362215500001,2025,EDUCATIONAL AND PSYCHOLOGICAL MEASUREMENT,"Novick Meets Bayes: Improving the Assessment of Individual Students in
Educational Practice and Research by Capitalizing on Assessors' Prior
Beliefs"
668,1153,WOS:000357731900002,2015,EDUCATIONAL AND PSYCHOLOGICAL MEASUREMENT,"Modeling Booklet Effects for Nonequivalent Group Designs in Large-Scale
Assessment"
302,794,WOS:001167934300001,2024,CURRENT PSYCHOLOGY,"How faith in Tibetan Buddhism is associated with positive social
mentalities for Tibetan students: The roles of psychological resilience
and self-harmony"
794,1210,WOS:000863306300001,2022,FRONTIERS IN PSYCHOLOGY,"A landmark-based approach to locate symptom-specific transcranial
magnetic stimulation targets of depression"
794,1210,WOS:000705091300001,2021,FRONTIERS IN PSYCHOLOGY,"Can MOOC Instructor Be Portrayed by Semantic Features? Using Discourse
and Clustering Analysis to Identify Lecture-Style of Instructors in
MOOCs"
794,1210,WOS:001685235000001,2026,INTERNATIONAL JOURNAL OF PSYCHOLOGY,"Regional Differences in Intergroup Trust Between Northern and Southern
China"
302,794,WOS:001446796600001,2025,FRONTIERS IN PSYCHOLOGY,"From erosion to fluency: reversing language shift in Chinese Australian
households"
646,881,WOS:001156460800001,2024,FRONTIERS IN PSYCHOLOGY,"Read at home to do well at school: informal reading predicts achievement
and motivation in English as a foreign language"
753,774,WOS:000331185100001,2013,FRONTIERS IN PSYCHOLOGY,Proposal of a Nonlinear Interaction of Person and Situation (NIPS) model
325,794,WOS:001177453000001,2024,CURRENT PSYCHOLOGY,"Cultural values and homestead retention: insights from rural tourism
residents"
794,816,WOS:000866182400001,2023,PSYCH JOURNAL,"Parental neglect, anxious attachment, perceived social support, and
mental health among Chinese college students with left-behind
experience: A longitudinal study"
794,1030,WOS:000866182400001,2023,PSYCH JOURNAL,"Parental neglect, anxious attachment, perceived social support, and
mental health among Chinese college students with left-behind
experience: A longitudinal study"
816,1030,WOS:000866182400001,2023,PSYCH JOURNAL,"Parental neglect, anxious attachment, perceived social support, and
mental health among Chinese college students with left-behind
experience: A longitudinal study"
753,774,WOS:000368008800001,2016,FRONTIERS IN PSYCHOLOGY,"How Victim Sensitivity leads to Uncooperative Behavior via Expectancies
of Injustice"
265,696,WOS:000366386100008,2015,PSYCHOLOGICAL REPORTS,"SELF-REPORT OF EMPATHY: A SHORTENED FRENCH ADAPTATION OF THE
INTERPERSONAL REACTIVITY INDEX (IRI) USING TWO LARGE BELGIAN SAMPLES"
794,1210,WOS:001370368700001,2025,CURRENT PSYCHOLOGY,"Time perspectives and wisdom during zero-COVID: the boundary effect of
emotions"
325,642,WOS:000785917500002,2023,CURRENT PSYCHOLOGY,"Parent-adolescent relationship and friendship quality: Psychological
capital as mediator and neighborhood safety and satisfaction as
moderator"
325,816,WOS:000785917500002,2023,CURRENT PSYCHOLOGY,"Parent-adolescent relationship and friendship quality: Psychological
capital as mediator and neighborhood safety and satisfaction as
moderator"
642,816,WOS:000785917500002,2023,CURRENT PSYCHOLOGY,"Parent-adolescent relationship and friendship quality: Psychological
capital as mediator and neighborhood safety and satisfaction as
moderator"
350,884,WOS:000708159600004,2021,ZEITSCHRIFT FUR PSYCHOLOGIE-JOURNAL OF PSYCHOLOGY,"Rejection Sensitivity in Intimate Relationships Implications for
Perceived Partner Responsiveness"
794,1210,WOS:001148313000001,2024,BMC PSYCHOLOGY,"Using a longitudinal network structure to subgroup depressive symptoms
among adolescents"
302,794,WOS:001082207900001,2023,FRONTIERS IN PSYCHOLOGY,"Psychometric properties of the Chinese version of the Trait Gratitude to
Nature Scale"
794,1210,WOS:000890527200001,2022,FRONTIERS IN PSYCHOLOGY,"Judging the emotional states of customer service staff in the workplace:
A multimodal dataset analysis"
753,774,WOS:000891723900001,2022,FRONTIERS IN PSYCHOLOGY,"Responses Toward Injustice Shaped by Justice Sensitivity - Evidence From
Germany"
325,794,WOS:000375389600002,2016,FRONTIERS IN PSYCHOLOGY,"Cue-induced Behavioral and Neural Changes among Excessive Internet
Gamers and Possible Application of Cue Exposure Therapy to Internet
Gaming Disorder"
325,1210,WOS:000375389600002,2016,FRONTIERS IN PSYCHOLOGY,"Cue-induced Behavioral and Neural Changes among Excessive Internet
Gamers and Possible Application of Cue Exposure Therapy to Internet
Gaming Disorder"
794,1210,WOS:000375389600002,2016,FRONTIERS IN PSYCHOLOGY,"Cue-induced Behavioral and Neural Changes among Excessive Internet
Gamers and Possible Application of Cue Exposure Therapy to Internet
Gaming Disorder"
794,1210,WOS:001600269200003,2025,BMC PSYCHOLOGY,"Development and validation of the mental internal friction scale (MIFS)
for chinese college students"
794,1030,WOS:001580335300001,2025,BEHAVIORAL SCIENCES,"Differential Modulation of Attention by Aversive Associative and
Statistical Learning in Distinct Visual Search Modes"
753,774,WOS:000316845200006,2013,CESKOSLOVENSKA PSYCHOLOGIE,"Belief in a just world and its protective function in relation to
subjective well-being: study of specific coping reactions"
753,774,WOS:000388961000008,2016,CESKOSLOVENSKA PSYCHOLOGIE,"A CONFIRMATORY FACTOR ANALYSIS OF THE MODEL OF QUALITY OF LIFE
CONTAINING INTERNAL AND EXTERNAL DOMAINS"
794,1210,WOS:001401094200001,2025,CURRENT PSYCHOLOGY,"Body surveillance and physical activity: The parallel yet opposite
mediating roles of internal and external shame"
794,1210,WOS:001394357600001,2024,FRONTIERS IN PSYCHOLOGY,Cross-regional cultural recognition of adolescent voice emotion
794,1210,WOS:001389365200001,2024,FRONTIERS IN PSYCHOLOGY,"Psychological stress and influence factors in elderly patients with mild
coronary heart disease: a longitudinal follow-up study in Shanghai,
China"
794,816,WOS:001191521900001,2024,BEHAVIORAL SCIENCES,"From Stress to Screen: Understanding Cyberloafing through Cognitive and
Affective Pathways"
794,816,WOS:000819712800004,2023,CURRENT PSYCHOLOGY,"The relationship between anger and learning from failure: The moderating
effect of resilience and project commitment"
302,938,WOS:000577855300001,2020,FRONTIERS IN PSYCHOLOGY,Estimating CDMs Using the Slice-Within-Gibbs Sampler
302,1030,WOS:000577855300001,2020,FRONTIERS IN PSYCHOLOGY,Estimating CDMs Using the Slice-Within-Gibbs Sampler
938,1030,WOS:000577855300001,2020,FRONTIERS IN PSYCHOLOGY,Estimating CDMs Using the Slice-Within-Gibbs Sampler
302,794,WOS:001490857800007,2025,BMC PSYCHOLOGY,"The impact of cumulative family risk on the social adaptation of
left-behind children: the chain mediation of teacher support and sense
of self-worth"
794,1188,WOS:001236850900001,2024,CURRENT PSYCHOLOGY,"Does residential photovoltaic installation matter for
coal-to-electricity transition? Evidence from self-determination theory
perspective"
642,794,WOS:000742602300005,2023,CURRENT PSYCHOLOGY,"Neuroticism and problematic online gaming: The mediating role of social
anxiety and the moderating role of family socioeconomic status"
668,1060,WOS:000615818100001,2021,FRONTIERS IN PSYCHOLOGY,"Prior Specification for More Stable Bayesian Estimation of Multilevel
Latent Variable Models in Small Samples: A Comparative Investigation of
Two Different Approaches"
325,794,WOS:001607098100001,2025,FRONTIERS IN PSYCHOLOGY,"Development and feasibility pilot study of positive psychological
intervention for maintenance hemodialysis patients in China"
350,884,WOS:001254163000001,2024,BMC PSYCHOLOGY,"Rejection in romantic relationships: Does rejection sensitivity modulate
emotional responses to perceptions of negative interactions?"
753,774,WOS:000277458700003,2010,INTERNATIONAL JOURNAL OF PSYCHOLOGY,"Longitudinal effects of egoistic and fraternal relative deprivation on
well-being and protest"
794,1210,WOS:001689175300001,2026,FRONTIERS IN PSYCHOLOGY,"Neural mechanisms during role-playing in music psychodrama: an fNIRS
Hyperscanning study"
753,774,WOS:001555457000001,2025,COLLABRA-PSYCHOLOGY,"Do Indirect Measures Predict effect-Specific Automatic Behavior
-Moderated by Cognitive Control Resources? An Investigation Into the
Domains of Disgust, Speech Anxiety, and Liking vs. Disliking of a
Minority Group"
794,816,WOS:000726076200001,2021,FRONTIERS IN PSYCHOLOGY,"Mental Health Problems Among School-Aged Children After School
Reopening: A Cross-Sectional Study During the COVID-19 Post-pandemic in
East China"
794,1210,WOS:001431247900001,2025,PSYCH JOURNAL,"Motivation and Pleasure Domain Links to Social Function in College
Students: A Network Analysis"
794,1188,WOS:001037924800001,2023,BEHAVIORAL SCIENCES,"Does the Pro-Environmental Behavior of Household PV Installation
Contribute to the Shaping of Users' Green Purchasing Behavior?-Evidence
from China"
302,794,WOS:000995118100003,2024,CURRENT PSYCHOLOGY,"The relationship between insecure attachment and alexithymia: A
meta-analysis"
302,1210,WOS:000995118100003,2024,CURRENT PSYCHOLOGY,"The relationship between insecure attachment and alexithymia: A
meta-analysis"
794,1210,WOS:000995118100003,2024,CURRENT PSYCHOLOGY,"The relationship between insecure attachment and alexithymia: A
meta-analysis"
302,794,WOS:000823865100001,2022,FRONTIERS IN PSYCHOLOGY,"The Impact of Hotel Customer Engagement and Service Evaluation on
Customer Behavior Intention: The Mediating Effect of Brand Trust"
302,816,WOS:000823865100001,2022,FRONTIERS IN PSYCHOLOGY,"The Impact of Hotel Customer Engagement and Service Evaluation on
Customer Behavior Intention: The Mediating Effect of Brand Trust"
794,816,WOS:000823865100001,2022,FRONTIERS IN PSYCHOLOGY,"The Impact of Hotel Customer Engagement and Service Evaluation on
Customer Behavior Intention: The Mediating Effect of Brand Trust"
302,794,WOS:000467445700001,2019,FRONTIERS IN PSYCHOLOGY,The Influence of Culture on Attitudes Towards Humorous Advertising
794,1210,WOS:001702142000013,2026,PSYCH JOURNAL,"The Effects of Online Working Memory Training on Enhancing Hedonic
Processing in People With Social Anhedonia and Subsyndromal Depression:
An Exploratory Study"
302,794,WOS:001093770800001,2023,BEHAVIORAL SCIENCES,"Effect of Sleep Quality on Anxiety and Depression Symptoms among College
Students in China's Xizang Region: The Mediating Effect of Cognitive
Emotion Regulation"
302,1188,WOS:001093770800001,2023,BEHAVIORAL SCIENCES,"Effect of Sleep Quality on Anxiety and Depression Symptoms among College
Students in China's Xizang Region: The Mediating Effect of Cognitive
Emotion Regulation"
794,1188,WOS:001093770800001,2023,BEHAVIORAL SCIENCES,"Effect of Sleep Quality on Anxiety and Depression Symptoms among College
Students in China's Xizang Region: The Mediating Effect of Cognitive
Emotion Regulation"
350,884,WOS:001201819900002,2024,BMC PSYCHOLOGY,"Attachment insecurities, emotion dynamics and stress in intimate
relationships during the transition to parenthood"
794,1210,WOS:000652980700001,2023,CURRENT PSYCHOLOGY,A new application of TMR: A study on implicit self-esteem
302,794,WOS:001322803100001,2025,JOURNAL OF GENERAL PSYCHOLOGY,"Mindfulness matters: Unveiling the relationship between trait
mindfulness and procrastination - A three level meta-analysis"
794,1210,WOS:001452872700001,2025,AMERICAN PSYCHOLOGIST,"Racism and Resilience in Daily Life: A Psychosocial, Cultural, and
Neurobiological Model of Daily Resilience Among Ethnically and Racially
Minoritized Young People"
794,1210,WOS:001672991800001,2026,FRONTIERS IN PSYCHOLOGY,"Isotemporal substitution from sedentary behavior or sleep to physical
activity: associations with depression risk in older adults-a systematic
review and meta-analysis"
794,1188,WOS:001056968700001,2023,BEHAVIORAL SCIENCES,"Other-Benefiting Lying Behavior in Preschool Children and Its Relation
to Theory of Mind and Empathy"
281,633,WOS:000360046500001,2015,FRONTIERS IN PSYCHOLOGY,"Effects of visualizing statistical information - an empirical study on
tree diagrams and 2 x 2 tables"
753,774,WOS:000263704600002,2009,AUSTRALIAN JOURNAL OF PSYCHOLOGY,Justice-sensitive interpretations of ambiguous situations
928,994,WOS:000819598100006,2022,ZEITSCHRIFT FUR PSYCHOLOGIE-JOURNAL OF PSYCHOLOGY,"Promoting Student Teachers' Well-Being A Multi-Study Approach
Investigating the Longitudinal Relationship Between Emotional
Exhaustion, Emotional Support, and the Intentions of Dropping Out of
University"
350,884,WOS:000598152400001,2020,FRONTIERS IN PSYCHOLOGY,"Common Ground Information Affects Reference Resolution: Evidence From
Behavioral Data, ERPs, and Eye-Tracking"
281,633,WOS:000467962400001,2019,FRONTIERS IN PSYCHOLOGY,"An Eye-Tracking Study of Statistical Reasoning With Tree Diagrams and 2
x 2 Tables"
642,816,WOS:001103674500001,2024,CURRENT PSYCHOLOGY,"Trace elements, cognitive function and behavioral problems in children
with attention-deficit hyperactivity disorder"
794,1188,WOS:000639325300001,2022,PSYCH JOURNAL,"Association between depressive symptoms and suicidal risk: Based on
self-reported and clinical-interview measurements from a network
perspective"
794,1210,WOS:000731496100001,2021,FRONTIERS IN PSYCHOLOGY,"Physical and Psychoacoustic Characteristics of Typical Noise on
Construction Site: ``How Does Noise Impact Construction Workers'
Experience?{''}"
302,794,WOS:000700952900001,2021,BMC PSYCHOLOGY,"Prevalence of mental health problems and associated factors among
front-line public health workers during the COVID-19 pandemic in China:
an effort-reward imbalance model-informed study"
642,816,WOS:001596834900001,2025,PSYCHOLOGICAL REPORTS,"Cognitive, Behavioral, and Physiological Factors Influencing
Oppositional Defiant Disorder in Children With ADHD: A Comparative
Cross-Sectional Study"
794,1210,WOS:000896692000001,2022,FRONTIERS IN PSYCHOLOGY,"Behavioral differences of individuals with different self-regulation
levels in a real-life example of teamwork-DOTA 2"
794,1188,WOS:000738845900001,2021,FRONTIERS IN PSYCHOLOGY,"Self-Reported Sleep and Executive Function in Early Primary School
Children"
753,774,WOS:000263029000002,2009,PSYCHOLOGISCHE RUNDSCHAU,Sensitivity to injustice
794,1030,WOS:001452944400001,2025,BEHAVIORAL SCIENCES,"Development and Validation of Telephone Cognitive Testing for
Community-Dwelling Older Adults (TCTCOA) in China"
302,794,WOS:001412748600001,2025,CURRENT PSYCHOLOGY,"The relationship between workplace benign envy and employee innovation
behavior: a moderated mediation model"
794,1210,WOS:000889684100001,2023,PSYCH JOURNAL,"Characterizing emotion profiles in non-clinical population: A cluster
analytical study"
646,881,WOS:000576716700001,2020,FRONTIERS IN PSYCHOLOGY,"Is a Long Essay Always a Good Essay? The Effect of Text Length on
Writing Assessment"
134,650,WOS:000369860800001,2016,FRONTIERS IN PSYCHOLOGY,"Evaluating Individual Students' Perceptions of Instructional Quality: An
Investigation of their Factor Structure, Measurement Invariance, and
Relations to Educational Outcomes"
753,774,WOS:000331254400001,2013,FRONTIERS IN PSYCHOLOGY,"Learning to interpret one's own outcome as unjustified amplifies
altruistic compensation: a training study"
794,1210,WOS:001104930000001,2024,AMERICAN PSYCHOLOGIST,"Increased Functional Connectivity Between the Midbrain and Frontal
Cortex Following Bright Light Therapy in Subthreshold Depression: A
Randomized Clinical Trial"
794,816,WOS:000619619700001,2021,FRONTIERS IN PSYCHOLOGY,"The Integration and Development of Piano Art and Media Education and Its
Influence on the Long-Term Care and Happiness of the Elderly People"
642,794,WOS:000341522100015,2014,PSYCHOLOGICAL REPORTS,"ANALYSIS OF THE PRIVATE, COLLECTIVE, AND RELATIONAL SELF-COGNITIONS
AMONG HAN AND TIBETAN CHINESE"
816,1188,WOS:001334045800001,2024,FRONTIERS IN PSYCHOLOGY,"Psychological status of general population 1 year after the outbreak of
COVID-19: a cross-sectional study based on SCL-90"
794,1210,WOS:001215869100001,2024,FRONTIERS IN PSYCHOLOGY,"Synchrony or asynchrony: development of facial expression recognition
from childhood to adolescence based on large-scale evidence"
325,938,WOS:000442444600001,2018,FRONTIERS IN PSYCHOLOGY,Introducing the General Polytomous Diagnosis Modeling Framework
868,1124,WOS:000618424000001,2021,SOCIAL SCIENCE COMPUTER REVIEW,"The Long-Term Impact of Different Offline Population Inclusion
Strategies in Probability-Based Online Panels: Evidence From the German
Internet Panel and the GESIS Panel"
865,949,WOS:000367839100002,2016,SOCIAL SCIENCE COMPUTER REVIEW,"A Comparison of Four Probability-Based Online and Mixed-Mode Panels in
Europe"
642,816,WOS:001144895800001,2024,SOCIAL SCIENCE COMPUTER REVIEW,"How to Regulate Platforms Through a Non-Exploitative
User-Generated-Content Levy"
794,1210,WOS:000350081500030,2015,COMPUTERS IN HUMAN BEHAVIOR,"Understanding SaaS adoption from the perspective of organizational
users: A tripod readiness model"
642,794,WOS:000455260000013,2019,PSYCHOSOMATIC MEDICINE,"The Effect of Traditional Chinese Medicine Zhike-Houpu Herbal Pair on
Depressive Behaviors and Hippocampal Serotonin 1A Receptors in Rats
After Chronic Unpredictable Mild Stress"
302,794,WOS:001488857200001,2025,JOURNAL OF SOCIAL AND PERSONAL RELATIONSHIPS,"The relationship between insecure attachment and social anxiety in adult
people: A three-level Meta-analysis"
302,1210,WOS:001488857200001,2025,JOURNAL OF SOCIAL AND PERSONAL RELATIONSHIPS,"The relationship between insecure attachment and social anxiety in adult
people: A three-level Meta-analysis"
794,1210,WOS:001488857200001,2025,JOURNAL OF SOCIAL AND PERSONAL RELATIONSHIPS,"The relationship between insecure attachment and social anxiety in adult
people: A three-level Meta-analysis"
302,794,WOS:001465570200001,2025,JOURNAL OF SOCIAL AND PERSONAL RELATIONSHIPS,"The relationship between insecure attachment and Machiavellianism: A
meta-analysis"
302,1210,WOS:001465570200001,2025,JOURNAL OF SOCIAL AND PERSONAL RELATIONSHIPS,"The relationship between insecure attachment and Machiavellianism: A
meta-analysis"
794,1210,WOS:001465570200001,2025,JOURNAL OF SOCIAL AND PERSONAL RELATIONSHIPS,"The relationship between insecure attachment and Machiavellianism: A
meta-analysis"
729,795,WOS:000309717900008,2012,ETHNIC AND RACIAL STUDIES,Ethnic inequalities in education: second-generation Russians in Estonia
701,780,WOS:001626926500001,2025,JOURNAL OF MARRIAGE AND FAMILY,The Job Task Penalty for Motherhood
776,777,WOS:000942487300009,2022,PSYCHOLOGY OF AESTHETICS CREATIVITY AND THE ARTS,"The Relationship Between Lifetime Book Reading and Empathy in
Adolescents: Examining Transportability as a Moderator"
776,777,WOS:000898988200001,2025,PSYCHOLOGY OF AESTHETICS CREATIVITY AND THE ARTS,"Does Reading a Single Short Story of Literary Fiction Improve
Social-Cognitive Skills? Testing the Priming Hypothesis"
794,1188,WOS:001208514500001,2024,ACCIDENT ANALYSIS AND PREVENTION,"Quantification of safety improvements and human-machine tradeoffs in the
transition to automated driving"
794,1030,WOS:000911551000001,2022,ACCIDENT ANALYSIS AND PREVENTION,"A hybrid deep learning approach for driver anomalous lane changing
identification"
794,1210,WOS:000542613300008,2020,JOURNAL OF SAFETY RESEARCH,"Who uses a mobile phone while driving for food delivery? The role of
personality, risk perception, and driving self-efficacy"
794,1188,WOS:000592031400003,2020,ACCIDENT ANALYSIS AND PREVENTION,"Guidance-oriented advanced curve speed warning system in a connected
vehicle environment"
794,1188,WOS:001123760200001,2024,ACCIDENT ANALYSIS AND PREVENTION,"Evidence of automated vehicle safety's influence on people's acceptance
of the automated driving technology"
104,861,WOS:000429353200001,2018,INFORMATION COMMUNICATION \& SOCIETY,"``Show me the money and the party!' - variation in Facebook and Twitter
adoption by politicians"
794,1119,WOS:000679205700001,2022,MEDIA CULTURE \& SOCIETY,"Representing the victorious past: Chinese revolutionary TV drama between
propaganda and marketization"
794,1188,WOS:001218061600001,2024,PSYCHOLOGY RESEARCH AND BEHAVIOR MANAGEMENT,"The Impact of Problematic Smartphone Use on Sleep Quality Among Chinese
Young Adults: Investigating Anxiety and Depression as Mediators in a
Three-Wave Longitudinal Study"
325,794,WOS:000664648200008,2021,AMERICAN JOURNAL OF ECONOMICS AND SOCIOLOGY,"Privatizing the Urban Commons Under Ambiguous Property Rights in China:
Is Marketization a Remedy to the Tragedy of the Commons?"
325,938,WOS:000323178500001,2013,APPLIED PSYCHOLOGICAL MEASUREMENT,"A General Cognitive Diagnosis Model for Expert-Defined Polytomous
Attributes"
668,1157,WOS:000406581300003,2017,APPLIED PSYCHOLOGICAL MEASUREMENT,Item Position Effects Are Moderated by Changes in Test-Taking Effort
146,794,WOS:000463114500008,2018,AIDS CARE-PSYCHOLOGICAL AND SOCIO-MEDICAL ASPECTS OF AIDS/HIV,"Exploring social ecological pathways from resilience to quality of life
among women living with HIV in Canada"
642,794,WOS:000957251000001,2023,JOURNAL OF NEUROSCIENCE PSYCHOLOGY AND ECONOMICS,"Relinquishing Control Promotes Cooperative Behavior by Positive Social
Judgments in Adolescents"
795,796,WOS:001230753000001,2024,SOCIO-ECONOMIC REVIEW,"How does a poor labour market affect inequalities in access to
postsecondary education? Empirical evidence from 31 affluent countries"
315,857,WOS:000893952200001,2024,SOCIOLOGICAL METHODS \& RESEARCH,"The Impact of Survey Mode Design and Questionnaire Length on Measurement
Quality"
315,861,WOS:000893952200001,2024,SOCIOLOGICAL METHODS \& RESEARCH,"The Impact of Survey Mode Design and Questionnaire Length on Measurement
Quality"
857,861,WOS:000893952200001,2024,SOCIOLOGICAL METHODS \& RESEARCH,"The Impact of Survey Mode Design and Questionnaire Length on Measurement
Quality"
853,861,WOS:000607126200008,2021,SOCIOLOGICAL METHODS \& RESEARCH,"Using Instructed Response Items as Attention Checks in Web Surveys:
Properties and Implementation"
350,884,WOS:000590512500006,2020,JOURNAL OF GAMBLING STUDIES,"Social Representations of People with Gambling Problems: The Influence
of Prevention Classes on Non-gamblers"
816,913,WOS:001364147000001,2024,JOURNAL OF ENVIRONMENTAL PSYCHOLOGY,"Exposure and connectedness to natural environments: An examination of
the measurement invariance of the Nature Exposure Scale (NES) and
Connectedness to Nature Scale (CNS) across 65 nations, 40 languages,
gender identities, and age groups"
794,816,WOS:001209856400001,2024,AGGRESSION AND VIOLENT BEHAVIOR,"Experiences of bullying and victimization and adolescents' life
satisfaction: A meta-analysis"
631,923,WOS:001489736500001,2025,PSYCHOLOGY CRIME \& LAW,"The dynamics of criminal contagion: a text-mining analysis of offense
reports"
923,1001,WOS:000488865400004,2019,BEHAVIOR GENETICS,"Cognitive Performance in Young APOE ε4 Carriers: A Latent Variable
Approach for Assessing the Genotype-Phenotype Relationship"
858,949,WOS:000500878900001,2022,SOCIOLOGICAL METHODS \& RESEARCH,"Acceptance of the Automated Online Collection of Geographical
Information"
642,1188,WOS:000435747100001,2018,ANNALS OF TOURISM RESEARCH,Airports as liminal space
853,949,WOS:000548592300001,2020,SOCIOLOGICAL METHODS \& RESEARCH,Generalization of Classic Question Order Effects Across Cultures
265,899,WOS:000532855900003,2020,INTERNATIONAL REVIEW FOR THE SOCIOLOGY OF SPORT,"In whom do we trust? The level and radius of social trust among sport
club members"
1101,1102,WOS:000432219100002,2018,STUDIES IN SCIENCE EDUCATION,Learning and engagement through natural history museums
1028,1029,WOS:000924855000001,2023,SCIENTIFIC STUDIES OF READING,"The Big-Fish-Little-Pond Effect for Reading Self-Beliefs: A
Cross-National Exploration with PISA 2018"
1028,1030,WOS:000924855000001,2023,SCIENTIFIC STUDIES OF READING,"The Big-Fish-Little-Pond Effect for Reading Self-Beliefs: A
Cross-National Exploration with PISA 2018"
1028,1031,WOS:000924855000001,2023,SCIENTIFIC STUDIES OF READING,"The Big-Fish-Little-Pond Effect for Reading Self-Beliefs: A
Cross-National Exploration with PISA 2018"
1028,1032,WOS:000924855000001,2023,SCIENTIFIC STUDIES OF READING,"The Big-Fish-Little-Pond Effect for Reading Self-Beliefs: A
Cross-National Exploration with PISA 2018"
1029,1030,WOS:000924855000001,2023,SCIENTIFIC STUDIES OF READING,"The Big-Fish-Little-Pond Effect for Reading Self-Beliefs: A
Cross-National Exploration with PISA 2018"
1029,1031,WOS:000924855000001,2023,SCIENTIFIC STUDIES OF READING,"The Big-Fish-Little-Pond Effect for Reading Self-Beliefs: A
Cross-National Exploration with PISA 2018"
1029,1032,WOS:000924855000001,2023,SCIENTIFIC STUDIES OF READING,"The Big-Fish-Little-Pond Effect for Reading Self-Beliefs: A
Cross-National Exploration with PISA 2018"
1030,1031,WOS:000924855000001,2023,SCIENTIFIC STUDIES OF READING,"The Big-Fish-Little-Pond Effect for Reading Self-Beliefs: A
Cross-National Exploration with PISA 2018"
1030,1032,WOS:000924855000001,2023,SCIENTIFIC STUDIES OF READING,"The Big-Fish-Little-Pond Effect for Reading Self-Beliefs: A
Cross-National Exploration with PISA 2018"
1031,1032,WOS:000924855000001,2023,SCIENTIFIC STUDIES OF READING,"The Big-Fish-Little-Pond Effect for Reading Self-Beliefs: A
Cross-National Exploration with PISA 2018"
1028,1029,WOS:000947212000001,2023,LEARNING AND INSTRUCTION,"The happy-fish-little-pond effect on enjoyment: Generalizability across
multiple domains and countries"
1028,1030,WOS:000947212000001,2023,LEARNING AND INSTRUCTION,"The happy-fish-little-pond effect on enjoyment: Generalizability across
multiple domains and countries"
1028,1031,WOS:000947212000001,2023,LEARNING AND INSTRUCTION,"The happy-fish-little-pond effect on enjoyment: Generalizability across
multiple domains and countries"
1028,1032,WOS:000947212000001,2023,LEARNING AND INSTRUCTION,"The happy-fish-little-pond effect on enjoyment: Generalizability across
multiple domains and countries"
1029,1030,WOS:000947212000001,2023,LEARNING AND INSTRUCTION,"The happy-fish-little-pond effect on enjoyment: Generalizability across
multiple domains and countries"
1029,1031,WOS:000947212000001,2023,LEARNING AND INSTRUCTION,"The happy-fish-little-pond effect on enjoyment: Generalizability across
multiple domains and countries"
1029,1032,WOS:000947212000001,2023,LEARNING AND INSTRUCTION,"The happy-fish-little-pond effect on enjoyment: Generalizability across
multiple domains and countries"
1030,1031,WOS:000947212000001,2023,LEARNING AND INSTRUCTION,"The happy-fish-little-pond effect on enjoyment: Generalizability across
multiple domains and countries"
1030,1032,WOS:000947212000001,2023,LEARNING AND INSTRUCTION,"The happy-fish-little-pond effect on enjoyment: Generalizability across
multiple domains and countries"
1031,1032,WOS:000947212000001,2023,LEARNING AND INSTRUCTION,"The happy-fish-little-pond effect on enjoyment: Generalizability across
multiple domains and countries"
1028,1029,WOS:001171045400001,2024,LEARNING AND INSTRUCTION,"Do intercultural education and attitudes promote student wellbeing and
social outcomes? An examination across PISA countries"
1028,1031,WOS:001171045400001,2024,LEARNING AND INSTRUCTION,"Do intercultural education and attitudes promote student wellbeing and
social outcomes? An examination across PISA countries"
1028,1032,WOS:001171045400001,2024,LEARNING AND INSTRUCTION,"Do intercultural education and attitudes promote student wellbeing and
social outcomes? An examination across PISA countries"
1029,1031,WOS:001171045400001,2024,LEARNING AND INSTRUCTION,"Do intercultural education and attitudes promote student wellbeing and
social outcomes? An examination across PISA countries"
1029,1032,WOS:001171045400001,2024,LEARNING AND INSTRUCTION,"Do intercultural education and attitudes promote student wellbeing and
social outcomes? An examination across PISA countries"
1031,1032,WOS:001171045400001,2024,LEARNING AND INSTRUCTION,"Do intercultural education and attitudes promote student wellbeing and
social outcomes? An examination across PISA countries"
1028,1030,WOS:000725569800004,2022,LEARNING AND INSTRUCTION,"The immigrant paradox and math self-concept: An SES-of-origin-country
hypothesis"
1028,1031,WOS:000725569800004,2022,LEARNING AND INSTRUCTION,"The immigrant paradox and math self-concept: An SES-of-origin-country
hypothesis"
1028,1032,WOS:000725569800004,2022,LEARNING AND INSTRUCTION,"The immigrant paradox and math self-concept: An SES-of-origin-country
hypothesis"
1030,1031,WOS:000725569800004,2022,LEARNING AND INSTRUCTION,"The immigrant paradox and math self-concept: An SES-of-origin-country
hypothesis"
1030,1032,WOS:000725569800004,2022,LEARNING AND INSTRUCTION,"The immigrant paradox and math self-concept: An SES-of-origin-country
hypothesis"
1031,1032,WOS:000725569800004,2022,LEARNING AND INSTRUCTION,"The immigrant paradox and math self-concept: An SES-of-origin-country
hypothesis"
1100,1102,WOS:000639694100001,2023,JOURNAL OF BIOLOGICAL EDUCATION,"Primary children's views about appreciating, supporting, and learning
about nature"
1029,1030,WOS:000447479800020,2018,LEARNING AND INSTRUCTION,"Cross-cultural generalizability of social and dimensional comparison
effects on reading, math, and science self-concepts for primary school
students using the combined PIRLS and TIMSS data"
1029,1031,WOS:000447479800020,2018,LEARNING AND INSTRUCTION,"Cross-cultural generalizability of social and dimensional comparison
effects on reading, math, and science self-concepts for primary school
students using the combined PIRLS and TIMSS data"
1029,1032,WOS:000447479800020,2018,LEARNING AND INSTRUCTION,"Cross-cultural generalizability of social and dimensional comparison
effects on reading, math, and science self-concepts for primary school
students using the combined PIRLS and TIMSS data"
1030,1031,WOS:000447479800020,2018,LEARNING AND INSTRUCTION,"Cross-cultural generalizability of social and dimensional comparison
effects on reading, math, and science self-concepts for primary school
students using the combined PIRLS and TIMSS data"
1030,1032,WOS:000447479800020,2018,LEARNING AND INSTRUCTION,"Cross-cultural generalizability of social and dimensional comparison
effects on reading, math, and science self-concepts for primary school
students using the combined PIRLS and TIMSS data"
1031,1032,WOS:000447479800020,2018,LEARNING AND INSTRUCTION,"Cross-cultural generalizability of social and dimensional comparison
effects on reading, math, and science self-concepts for primary school
students using the combined PIRLS and TIMSS data"
1029,1030,WOS:000403117400008,2017,LEARNING AND INSTRUCTION,"Extending expectancy-value theory predictions of achievement and
aspirations in science: Dimensional comparison processes and
expectancy-by-value interactions"
1029,1031,WOS:000403117400008,2017,LEARNING AND INSTRUCTION,"Extending expectancy-value theory predictions of achievement and
aspirations in science: Dimensional comparison processes and
expectancy-by-value interactions"
1029,1032,WOS:000403117400008,2017,LEARNING AND INSTRUCTION,"Extending expectancy-value theory predictions of achievement and
aspirations in science: Dimensional comparison processes and
expectancy-by-value interactions"
1030,1031,WOS:000403117400008,2017,LEARNING AND INSTRUCTION,"Extending expectancy-value theory predictions of achievement and
aspirations in science: Dimensional comparison processes and
expectancy-by-value interactions"
1030,1032,WOS:000403117400008,2017,LEARNING AND INSTRUCTION,"Extending expectancy-value theory predictions of achievement and
aspirations in science: Dimensional comparison processes and
expectancy-by-value interactions"
1031,1032,WOS:000403117400008,2017,LEARNING AND INSTRUCTION,"Extending expectancy-value theory predictions of achievement and
aspirations in science: Dimensional comparison processes and
expectancy-by-value interactions"
1030,1032,WOS:000390502400003,2017,LEARNING AND INSTRUCTION,"How well do parents know their adolescent children? Parent inferences of
student self-concepts reflect dimensional comparison processes"
1170,1171,WOS:001154160800001,2024,JOURNAL OF ENGINEERING EDUCATION,"Investigating engineering undergraduates' agentic and communal career
values in writing responses"
1026,1027,WOS:001538084600001,2025,JOURNAL OF HAPPINESS STUDIES,"One Size Does Not Make All Happy: Idionomic Links Between Striving for
Positive States and Happiness in Experience Sampling"
1029,1032,WOS:000599715900002,2021,LEARNING AND INSTRUCTION,"Phantom and big-fish-little-pond-effects on academic self-concept and
academic achievement: Evidence from English early primary schools"
1170,1171,WOS:000709912300001,2021,LEARNING AND INSTRUCTION,"Less direct than you thought: Do teachers transmit math value to
students through their cognitive support for understanding?"
1027,1031,WOS:000329424300003,2014,EDUCATIONAL PSYCHOLOGY,"Juxtaposing math self-efficacy and self-concept as predictors of
long-term achievement outcomes"
1027,1032,WOS:000329424300003,2014,EDUCATIONAL PSYCHOLOGY,"Juxtaposing math self-efficacy and self-concept as predictors of
long-term achievement outcomes"
1031,1032,WOS:000329424300003,2014,EDUCATIONAL PSYCHOLOGY,"Juxtaposing math self-efficacy and self-concept as predictors of
long-term achievement outcomes"
132,1060,WOS:000803843300002,2022,LEARNING AND INSTRUCTION,"Development of German reading comprehension in two-way immersive primary
schools"
132,1060,WOS:001353681500001,2025,LEARNING AND INSTRUCTION,"Nine partner languages, one path: Minority language reading proficiency
development among German two-way immersion students"
997,1191,WOS:000382869800004,2016,INSTRUCTIONAL SCIENCE,"Developing argumentation skills in mathematics through
computer-supported collaborative learning: the role of transactivity"
132,1060,WOS:000491618600007,2019,LEARNING AND INSTRUCTION,"Ready to read in two languages? Testing the native language hypothesis
and the majority language hypothesis in two-way immersion students"
997,1191,WOS:000335111900003,2014,LEARNING AND INSTRUCTION,"Effects of collaboration scripts and heuristic worked examples on the
acquisition of mathematical argumentation skills of teacher students
with different levels of prior achievement"
1031,1032,WOS:000329424300004,2014,EDUCATIONAL PSYCHOLOGY,"The reciprocal relations between self-concept, motivation and
achievement: juxtaposing academic self-concept and achievement goal
orientations for mathematics success"
1206,1207,WOS:000483716200001,2020,EARLY EDUCATION AND DEVELOPMENT,"Linking Quantity and Quality of Early Childhood Education and Care to
Children's Socio-Emotional Adjustment: A German Cross-Sectional Study"
1206,1207,WOS:000526653900001,2021,EARLY EDUCATION AND DEVELOPMENT,"Family Literacy Activities and Their Interplay with Family and Preschool
Language Environments: Links to Gains in Dual Language Learners' German
Vocabulary"
1031,1032,WOS:000357695500001,2015,GIFTED CHILD QUARTERLY,"The Reciprocal Effects Model Revisited: Extending Its Reach to Gifted
Students Attending Academically Selective Schools"
1153,1154,WOS:000331658500010,2014,INTERNATIONAL JOURNAL FOR EDUCATIONAL AND VOCATIONAL GUIDANCE,"Transferable competences of young people with a high dropout risk in
vocational training in Germany"
1140,1171,WOS:000360691900007,2015,BRITISH JOURNAL OF SOCIOLOGY OF EDUCATION,"Socioeconomic background, education, and labor force outcomes: evidence
from a regional US sample"
1047,1054,WOS:000627628400001,2021,BRITISH JOURNAL OF SOCIOLOGY OF EDUCATION,"Explaining gender segregation in higher education: longitudinal evidence
on the French case"
417,1114,WOS:000484532500002,2019,JOURNAL OF EDUCATIONAL AND BEHAVIORAL STATISTICS,"More Than One Replication Study Is Needed for Unambiguous Tests of
Replication"
1027,1028,WOS:000865127800001,2024,PERSONALITY AND SOCIAL PSYCHOLOGY BULLETIN,"The Equality Paradox: Gender Equality Intensifies Male Advantages in
Adolescent Subjective Well-Being"
1027,1029,WOS:000865127800001,2024,PERSONALITY AND SOCIAL PSYCHOLOGY BULLETIN,"The Equality Paradox: Gender Equality Intensifies Male Advantages in
Adolescent Subjective Well-Being"
1027,1030,WOS:000865127800001,2024,PERSONALITY AND SOCIAL PSYCHOLOGY BULLETIN,"The Equality Paradox: Gender Equality Intensifies Male Advantages in
Adolescent Subjective Well-Being"
1027,1031,WOS:000865127800001,2024,PERSONALITY AND SOCIAL PSYCHOLOGY BULLETIN,"The Equality Paradox: Gender Equality Intensifies Male Advantages in
Adolescent Subjective Well-Being"
1027,1032,WOS:000865127800001,2024,PERSONALITY AND SOCIAL PSYCHOLOGY BULLETIN,"The Equality Paradox: Gender Equality Intensifies Male Advantages in
Adolescent Subjective Well-Being"
1028,1029,WOS:000865127800001,2024,PERSONALITY AND SOCIAL PSYCHOLOGY BULLETIN,"The Equality Paradox: Gender Equality Intensifies Male Advantages in
Adolescent Subjective Well-Being"
1028,1030,WOS:000865127800001,2024,PERSONALITY AND SOCIAL PSYCHOLOGY BULLETIN,"The Equality Paradox: Gender Equality Intensifies Male Advantages in
Adolescent Subjective Well-Being"
1028,1031,WOS:000865127800001,2024,PERSONALITY AND SOCIAL PSYCHOLOGY BULLETIN,"The Equality Paradox: Gender Equality Intensifies Male Advantages in
Adolescent Subjective Well-Being"
1028,1032,WOS:000865127800001,2024,PERSONALITY AND SOCIAL PSYCHOLOGY BULLETIN,"The Equality Paradox: Gender Equality Intensifies Male Advantages in
Adolescent Subjective Well-Being"
1029,1030,WOS:000865127800001,2024,PERSONALITY AND SOCIAL PSYCHOLOGY BULLETIN,"The Equality Paradox: Gender Equality Intensifies Male Advantages in
Adolescent Subjective Well-Being"
1029,1031,WOS:000865127800001,2024,PERSONALITY AND SOCIAL PSYCHOLOGY BULLETIN,"The Equality Paradox: Gender Equality Intensifies Male Advantages in
Adolescent Subjective Well-Being"
1029,1032,WOS:000865127800001,2024,PERSONALITY AND SOCIAL PSYCHOLOGY BULLETIN,"The Equality Paradox: Gender Equality Intensifies Male Advantages in
Adolescent Subjective Well-Being"
1030,1031,WOS:000865127800001,2024,PERSONALITY AND SOCIAL PSYCHOLOGY BULLETIN,"The Equality Paradox: Gender Equality Intensifies Male Advantages in
Adolescent Subjective Well-Being"
1030,1032,WOS:000865127800001,2024,PERSONALITY AND SOCIAL PSYCHOLOGY BULLETIN,"The Equality Paradox: Gender Equality Intensifies Male Advantages in
Adolescent Subjective Well-Being"
1031,1032,WOS:000865127800001,2024,PERSONALITY AND SOCIAL PSYCHOLOGY BULLETIN,"The Equality Paradox: Gender Equality Intensifies Male Advantages in
Adolescent Subjective Well-Being"
1029,1030,WOS:000439585700006,2018,AMERICAN EDUCATIONAL RESEARCH JOURNAL,"Inequity and Excellence in Academic Performance: Evidence From 27
Countries"
1029,1031,WOS:000439585700006,2018,AMERICAN EDUCATIONAL RESEARCH JOURNAL,"Inequity and Excellence in Academic Performance: Evidence From 27
Countries"
1029,1032,WOS:000439585700006,2018,AMERICAN EDUCATIONAL RESEARCH JOURNAL,"Inequity and Excellence in Academic Performance: Evidence From 27
Countries"
1030,1031,WOS:000439585700006,2018,AMERICAN EDUCATIONAL RESEARCH JOURNAL,"Inequity and Excellence in Academic Performance: Evidence From 27
Countries"
1030,1032,WOS:000439585700006,2018,AMERICAN EDUCATIONAL RESEARCH JOURNAL,"Inequity and Excellence in Academic Performance: Evidence From 27
Countries"
1031,1032,WOS:000439585700006,2018,AMERICAN EDUCATIONAL RESEARCH JOURNAL,"Inequity and Excellence in Academic Performance: Evidence From 27
Countries"
1029,1030,WOS:000844310800001,2022,INTERNATIONAL JOURNAL OF EDUCATIONAL RESEARCH,"School autonomy policies lead to increases in principal autonomy and job
satisfaction"
1029,1031,WOS:000844310800001,2022,INTERNATIONAL JOURNAL OF EDUCATIONAL RESEARCH,"School autonomy policies lead to increases in principal autonomy and job
satisfaction"
1029,1032,WOS:000844310800001,2022,INTERNATIONAL JOURNAL OF EDUCATIONAL RESEARCH,"School autonomy policies lead to increases in principal autonomy and job
satisfaction"
1030,1031,WOS:000844310800001,2022,INTERNATIONAL JOURNAL OF EDUCATIONAL RESEARCH,"School autonomy policies lead to increases in principal autonomy and job
satisfaction"
1030,1032,WOS:000844310800001,2022,INTERNATIONAL JOURNAL OF EDUCATIONAL RESEARCH,"School autonomy policies lead to increases in principal autonomy and job
satisfaction"
1031,1032,WOS:000844310800001,2022,INTERNATIONAL JOURNAL OF EDUCATIONAL RESEARCH,"School autonomy policies lead to increases in principal autonomy and job
satisfaction"
974,976,WOS:000606901600001,2021,EUROPEAN JOURNAL OF SPECIAL NEEDS EDUCATION,"`Homeschooling in times of corona': exploring Mexican and German primary
school students' and parents' chances and challenges during
homeschooling"
974,977,WOS:000606901600001,2021,EUROPEAN JOURNAL OF SPECIAL NEEDS EDUCATION,"`Homeschooling in times of corona': exploring Mexican and German primary
school students' and parents' chances and challenges during
homeschooling"
976,977,WOS:000606901600001,2021,EUROPEAN JOURNAL OF SPECIAL NEEDS EDUCATION,"`Homeschooling in times of corona': exploring Mexican and German primary
school students' and parents' chances and challenges during
homeschooling"
1020,1103,WOS:001594071300001,2025,KOLNER ZEITSCHRIFT FUR SOZIOLOGIE UND SOZIALPSYCHOLOGIE,"Family Integration and Social Contacts of People from Syria and Eritrea
in Germany"
1045,1082,WOS:001201747900001,2024,KOLNER ZEITSCHRIFT FUR SOZIOLOGIE UND SOZIALPSYCHOLOGIE,"Signalling Effect of Educational Careers on the Chances of Entering
Vocational Education and Training: Results of a Vignette Study"
1020,1103,WOS:000316217700004,2013,KOLNER ZEITSCHRIFT FUR SOZIOLOGIE UND SOZIALPSYCHOLOGIE,"Sons preferred? Gender specific differences with regard to pupils with
Turkish background attending a Gymnasium"
1087,1090,WOS:001657769900001,2026,KOLNER ZEITSCHRIFT FUR SOZIOLOGIE UND SOZIALPSYCHOLOGIE,"Changing Job Tasks as Risk or Chance for Employees' Perceived Job
Quality? A Longitudinal Analysis"
579,1046,WOS:000895894300002,2023,SOCIAL INDICATORS RESEARCH,"The Persistence of the Gender Earnings Gap: Cohort Trends and the Role
of Education in Twelve Countries"
1100,1101,WOS:000501034400013,2019,RESEARCH IN SCIENCE EDUCATION,"Students' Changing Attitudes and Aspirations Towards Physics During
Secondary School"
1100,1102,WOS:000501034400013,2019,RESEARCH IN SCIENCE EDUCATION,"Students' Changing Attitudes and Aspirations Towards Physics During
Secondary School"
1101,1102,WOS:000501034400013,2019,RESEARCH IN SCIENCE EDUCATION,"Students' Changing Attitudes and Aspirations Towards Physics During
Secondary School"
1030,1031,WOS:000485293300003,2019,AMERICAN EDUCATIONAL RESEARCH JOURNAL,"Young Women Face Disadvantage to Enrollment in University STEM
Coursework Regardless of Prior Achievement and Attitudes"
1030,1032,WOS:000485293300003,2019,AMERICAN EDUCATIONAL RESEARCH JOURNAL,"Young Women Face Disadvantage to Enrollment in University STEM
Coursework Regardless of Prior Achievement and Attitudes"
1031,1032,WOS:000485293300003,2019,AMERICAN EDUCATIONAL RESEARCH JOURNAL,"Young Women Face Disadvantage to Enrollment in University STEM
Coursework Regardless of Prior Achievement and Attitudes"
1028,1029,WOS:000624852100001,2021,EDUCATIONAL RESEARCHER,"Ability Stratification Predicts the Size of the Big-Fish-Little-Pond
Effect"
1028,1030,WOS:000624852100001,2021,EDUCATIONAL RESEARCHER,"Ability Stratification Predicts the Size of the Big-Fish-Little-Pond
Effect"
1028,1031,WOS:000624852100001,2021,EDUCATIONAL RESEARCHER,"Ability Stratification Predicts the Size of the Big-Fish-Little-Pond
Effect"
1029,1030,WOS:000624852100001,2021,EDUCATIONAL RESEARCHER,"Ability Stratification Predicts the Size of the Big-Fish-Little-Pond
Effect"
1029,1031,WOS:000624852100001,2021,EDUCATIONAL RESEARCHER,"Ability Stratification Predicts the Size of the Big-Fish-Little-Pond
Effect"
1030,1031,WOS:000624852100001,2021,EDUCATIONAL RESEARCHER,"Ability Stratification Predicts the Size of the Big-Fish-Little-Pond
Effect"
993,994,WOS:001151673100001,2025,REVIEW OF EDUCATIONAL RESEARCH,"``Yes, I Can!{''} A Systematic Review and Meta-Analysis of Intervention
Studies Promoting Teacher Self-Efficacy"
993,1029,WOS:001151673100001,2025,REVIEW OF EDUCATIONAL RESEARCH,"``Yes, I Can!{''} A Systematic Review and Meta-Analysis of Intervention
Studies Promoting Teacher Self-Efficacy"
994,1029,WOS:001151673100001,2025,REVIEW OF EDUCATIONAL RESEARCH,"``Yes, I Can!{''} A Systematic Review and Meta-Analysis of Intervention
Studies Promoting Teacher Self-Efficacy"
1100,1101,WOS:000356625000006,2015,BRITISH EDUCATIONAL RESEARCH JOURNAL,"Students' intentions to study non-compulsory mathematics: the importance
of how good you think you are"
1100,1102,WOS:000356625000006,2015,BRITISH EDUCATIONAL RESEARCH JOURNAL,"Students' intentions to study non-compulsory mathematics: the importance
of how good you think you are"
1101,1102,WOS:000356625000006,2015,BRITISH EDUCATIONAL RESEARCH JOURNAL,"Students' intentions to study non-compulsory mathematics: the importance
of how good you think you are"
974,976,WOS:000603768800001,2025,INTERNATIONAL JOURNAL OF INCLUSIVE EDUCATION,"`It's all about the attitudes!' - Introducing a scale to assess
teachers' attitudes towards the practice of differentiated instruction"
974,977,WOS:000603768800001,2025,INTERNATIONAL JOURNAL OF INCLUSIVE EDUCATION,"`It's all about the attitudes!' - Introducing a scale to assess
teachers' attitudes towards the practice of differentiated instruction"
976,977,WOS:000603768800001,2025,INTERNATIONAL JOURNAL OF INCLUSIVE EDUCATION,"`It's all about the attitudes!' - Introducing a scale to assess
teachers' attitudes towards the practice of differentiated instruction"
1100,1101,WOS:000412039400015,2017,INTERNATIONAL JOURNAL OF EDUCATIONAL RESEARCH,"Science teaching and students' attitudes and aspirations: The importance
of conveying the applications and relevance of science"
1100,1102,WOS:000412039400015,2017,INTERNATIONAL JOURNAL OF EDUCATIONAL RESEARCH,"Science teaching and students' attitudes and aspirations: The importance
of conveying the applications and relevance of science"
1101,1102,WOS:000412039400015,2017,INTERNATIONAL JOURNAL OF EDUCATIONAL RESEARCH,"Science teaching and students' attitudes and aspirations: The importance
of conveying the applications and relevance of science"
1100,1101,WOS:000429097400004,2018,INTERNATIONAL JOURNAL OF SCIENCE EDUCATION,"Students' science attitudes, beliefs, and context: associations with
science and chemistry aspirations"
1100,1102,WOS:000429097400004,2018,INTERNATIONAL JOURNAL OF SCIENCE EDUCATION,"Students' science attitudes, beliefs, and context: associations with
science and chemistry aspirations"
1101,1102,WOS:000429097400004,2018,INTERNATIONAL JOURNAL OF SCIENCE EDUCATION,"Students' science attitudes, beliefs, and context: associations with
science and chemistry aspirations"
1030,1031,WOS:000352033600006,2015,AMERICAN EDUCATIONAL RESEARCH JOURNAL,"Directionality of the Associations of High School Expectancy-Value,
Aspirations, and Attainment: A Longitudinal Study"
1030,1032,WOS:000352033600006,2015,AMERICAN EDUCATIONAL RESEARCH JOURNAL,"Directionality of the Associations of High School Expectancy-Value,
Aspirations, and Attainment: A Longitudinal Study"
1031,1032,WOS:000352033600006,2015,AMERICAN EDUCATIONAL RESEARCH JOURNAL,"Directionality of the Associations of High School Expectancy-Value,
Aspirations, and Attainment: A Longitudinal Study"
1100,1101,WOS:000350830200006,2014,INTERNATIONAL JOURNAL OF EDUCATIONAL RESEARCH,"Calibration of self-evaluations of mathematical ability for students in
England aged 13 and 15, and their intentions to study non-compulsory
mathematics after age 16"
1100,1102,WOS:000350830200006,2014,INTERNATIONAL JOURNAL OF EDUCATIONAL RESEARCH,"Calibration of self-evaluations of mathematical ability for students in
England aged 13 and 15, and their intentions to study non-compulsory
mathematics after age 16"
1101,1102,WOS:000350830200006,2014,INTERNATIONAL JOURNAL OF EDUCATIONAL RESEARCH,"Calibration of self-evaluations of mathematical ability for students in
England aged 13 and 15, and their intentions to study non-compulsory
mathematics after age 16"
1067,1134,WOS:001575775600001,2025,KOLNER ZEITSCHRIFT FUR SOZIOLOGIE UND SOZIALPSYCHOLOGIE,"CASMIN Versus ISCED: Validating Standard Education Variables for German
Microdata"
1028,1029,WOS:001021008800001,2023,EDUCATIONAL PSYCHOLOGY REVIEW,"Disentangling the Long-Term Compositional Effects of School-Average
Achievement and SES: a Substantive-Methodological Synergy"
1028,1030,WOS:001021008800001,2023,EDUCATIONAL PSYCHOLOGY REVIEW,"Disentangling the Long-Term Compositional Effects of School-Average
Achievement and SES: a Substantive-Methodological Synergy"
1028,1032,WOS:001021008800001,2023,EDUCATIONAL PSYCHOLOGY REVIEW,"Disentangling the Long-Term Compositional Effects of School-Average
Achievement and SES: a Substantive-Methodological Synergy"
1029,1030,WOS:001021008800001,2023,EDUCATIONAL PSYCHOLOGY REVIEW,"Disentangling the Long-Term Compositional Effects of School-Average
Achievement and SES: a Substantive-Methodological Synergy"
1029,1032,WOS:001021008800001,2023,EDUCATIONAL PSYCHOLOGY REVIEW,"Disentangling the Long-Term Compositional Effects of School-Average
Achievement and SES: a Substantive-Methodological Synergy"
1030,1032,WOS:001021008800001,2023,EDUCATIONAL PSYCHOLOGY REVIEW,"Disentangling the Long-Term Compositional Effects of School-Average
Achievement and SES: a Substantive-Methodological Synergy"
1028,1030,WOS:000957143800001,2023,CONTEMPORARY EDUCATIONAL PSYCHOLOGY,"School leaders? self-efficacy and job satisfaction over nine annual
waves: A substantive-methodological synergy juxtaposing competing models
of directional ordering"
1028,1031,WOS:000957143800001,2023,CONTEMPORARY EDUCATIONAL PSYCHOLOGY,"School leaders? self-efficacy and job satisfaction over nine annual
waves: A substantive-methodological synergy juxtaposing competing models
of directional ordering"
1028,1032,WOS:000957143800001,2023,CONTEMPORARY EDUCATIONAL PSYCHOLOGY,"School leaders? self-efficacy and job satisfaction over nine annual
waves: A substantive-methodological synergy juxtaposing competing models
of directional ordering"
1030,1031,WOS:000957143800001,2023,CONTEMPORARY EDUCATIONAL PSYCHOLOGY,"School leaders? self-efficacy and job satisfaction over nine annual
waves: A substantive-methodological synergy juxtaposing competing models
of directional ordering"
1030,1032,WOS:000957143800001,2023,CONTEMPORARY EDUCATIONAL PSYCHOLOGY,"School leaders? self-efficacy and job satisfaction over nine annual
waves: A substantive-methodological synergy juxtaposing competing models
of directional ordering"
1031,1032,WOS:000957143800001,2023,CONTEMPORARY EDUCATIONAL PSYCHOLOGY,"School leaders? self-efficacy and job satisfaction over nine annual
waves: A substantive-methodological synergy juxtaposing competing models
of directional ordering"
1028,1029,WOS:000733126100001,2022,JOURNAL OF EDUCATIONAL PSYCHOLOGY,"Ubiquitous Emotional Exhaustion in School Principals: Stable Trait,
Enduring Autoregressive Trend, or Occasion-Specific State?"
1028,1030,WOS:000733126100001,2022,JOURNAL OF EDUCATIONAL PSYCHOLOGY,"Ubiquitous Emotional Exhaustion in School Principals: Stable Trait,
Enduring Autoregressive Trend, or Occasion-Specific State?"
1028,1031,WOS:000733126100001,2022,JOURNAL OF EDUCATIONAL PSYCHOLOGY,"Ubiquitous Emotional Exhaustion in School Principals: Stable Trait,
Enduring Autoregressive Trend, or Occasion-Specific State?"
1028,1032,WOS:000733126100001,2022,JOURNAL OF EDUCATIONAL PSYCHOLOGY,"Ubiquitous Emotional Exhaustion in School Principals: Stable Trait,
Enduring Autoregressive Trend, or Occasion-Specific State?"
1029,1030,WOS:000733126100001,2022,JOURNAL OF EDUCATIONAL PSYCHOLOGY,"Ubiquitous Emotional Exhaustion in School Principals: Stable Trait,
Enduring Autoregressive Trend, or Occasion-Specific State?"
1029,1031,WOS:000733126100001,2022,JOURNAL OF EDUCATIONAL PSYCHOLOGY,"Ubiquitous Emotional Exhaustion in School Principals: Stable Trait,
Enduring Autoregressive Trend, or Occasion-Specific State?"
1029,1032,WOS:000733126100001,2022,JOURNAL OF EDUCATIONAL PSYCHOLOGY,"Ubiquitous Emotional Exhaustion in School Principals: Stable Trait,
Enduring Autoregressive Trend, or Occasion-Specific State?"
1030,1031,WOS:000733126100001,2022,JOURNAL OF EDUCATIONAL PSYCHOLOGY,"Ubiquitous Emotional Exhaustion in School Principals: Stable Trait,
Enduring Autoregressive Trend, or Occasion-Specific State?"
1030,1032,WOS:000733126100001,2022,JOURNAL OF EDUCATIONAL PSYCHOLOGY,"Ubiquitous Emotional Exhaustion in School Principals: Stable Trait,
Enduring Autoregressive Trend, or Occasion-Specific State?"
1031,1032,WOS:000733126100001,2022,JOURNAL OF EDUCATIONAL PSYCHOLOGY,"Ubiquitous Emotional Exhaustion in School Principals: Stable Trait,
Enduring Autoregressive Trend, or Occasion-Specific State?"
1028,1029,WOS:001660304700001,2026,CONTEMPORARY EDUCATIONAL PSYCHOLOGY,"Investigating the effects of class average achievement: attending a
high-achieving class is neither beneficial for student achievement nor
for academic self-concept"
1028,1030,WOS:001660304700001,2026,CONTEMPORARY EDUCATIONAL PSYCHOLOGY,"Investigating the effects of class average achievement: attending a
high-achieving class is neither beneficial for student achievement nor
for academic self-concept"
1028,1031,WOS:001660304700001,2026,CONTEMPORARY EDUCATIONAL PSYCHOLOGY,"Investigating the effects of class average achievement: attending a
high-achieving class is neither beneficial for student achievement nor
for academic self-concept"
1028,1032,WOS:001660304700001,2026,CONTEMPORARY EDUCATIONAL PSYCHOLOGY,"Investigating the effects of class average achievement: attending a
high-achieving class is neither beneficial for student achievement nor
for academic self-concept"
1029,1030,WOS:001660304700001,2026,CONTEMPORARY EDUCATIONAL PSYCHOLOGY,"Investigating the effects of class average achievement: attending a
high-achieving class is neither beneficial for student achievement nor
for academic self-concept"
1029,1031,WOS:001660304700001,2026,CONTEMPORARY EDUCATIONAL PSYCHOLOGY,"Investigating the effects of class average achievement: attending a
high-achieving class is neither beneficial for student achievement nor
for academic self-concept"
1029,1032,WOS:001660304700001,2026,CONTEMPORARY EDUCATIONAL PSYCHOLOGY,"Investigating the effects of class average achievement: attending a
high-achieving class is neither beneficial for student achievement nor
for academic self-concept"
1030,1031,WOS:001660304700001,2026,CONTEMPORARY EDUCATIONAL PSYCHOLOGY,"Investigating the effects of class average achievement: attending a
high-achieving class is neither beneficial for student achievement nor
for academic self-concept"
1030,1032,WOS:001660304700001,2026,CONTEMPORARY EDUCATIONAL PSYCHOLOGY,"Investigating the effects of class average achievement: attending a
high-achieving class is neither beneficial for student achievement nor
for academic self-concept"
1031,1032,WOS:001660304700001,2026,CONTEMPORARY EDUCATIONAL PSYCHOLOGY,"Investigating the effects of class average achievement: attending a
high-achieving class is neither beneficial for student achievement nor
for academic self-concept"
1101,1102,WOS:000324904300007,2013,INTERNATIONAL JOURNAL OF SCIENCE EDUCATION,"What Sort of Girl Wants to Study Physics After the Age of 16? Findings
from a Large-scale UK Survey"
1045,1082,WOS:000708636000001,2022,ADULT EDUCATION QUARTERLY,"Age and Social Background as Predictors of Dropout in Second Chance
Education in Germany"
1181,1184,WOS:001087297900005,2021,ZEITSCHRIFT FUR SOZIOLOGIE DER ERZIEHUNG UND SOZIALISATION,"Eine Typologie digitaler Mediennutzung in Familien On solitary internet
parents and community-oriented TV families. A typology of digital media
usage in families"
997,1018,WOS:000248075500010,2007,ZEITSCHRIFT FUR PADAGOGIK,"Knowledge of mathematics and language competence among children with
migration background at the beginning of elementary school"
1017,1018,WOS:001199188500001,2024,ZDM-MATHEMATICS EDUCATION,"Teaching quality in kindergarten: professional development and quality
of adaptive learning support enhances mathematical competency"
1100,1102,WOS:001283220000001,2025,INTERNATIONAL JOURNAL OF SCIENCE EDUCATION,"What do you think being a good scientist involves? School students'
views about science, scientific research, and being scientists"
1045,1082,WOS:001159384600001,2025,STUDIES IN CONTINUING EDUCATION,"Teacher practice under the structural challenges of academic second
chance education"
1029,1032,WOS:001567384400001,2025,TEACHING AND TEACHER EDUCATION,"Teaching with confidence: How a skill-based intervention develops
teacher self-efficacy and improves educational outcomes"
1049,1050,WOS:001099902200001,2024,BRITISH EDUCATIONAL RESEARCH JOURNAL,"Does grammar school attendance increase the likelihood of attending a
prestigious UK university?"
1045,1082,WOS:001446639800001,2025,TEACHING AND TEACHER EDUCATION,"Pupils' knowledge of rules and its influence on rule-breaking behaviour
in the classroom - A mixed methods study"
1180,1184,WOS:000519653300005,2020,ZEITSCHRIFT FUR SOZIOLOGIE DER ERZIEHUNG UND SOZIALISATION,"Care Models in Separation Families: A Focus on Shared Parenting
Arrangements"
1017,1018,WOS:000379506100004,2016,ZEITSCHRIFT FUR ERZIEHUNGSWISSENSCHAFT,"Academic vs school-related content knowledge: A differentiated model of
discpline-specific teacher knowledge of pre-service secondary
Mathematics teachers"
1017,1018,WOS:000477917600004,2019,ZEITSCHRIFT FUR PADAGOGIK,"What is the Relationship Between Knowledge in Mathematics and Knowledge
in Economics? Investigating the professional knowledge of
(pre-service) teachers trained in two subjects"
1017,1018,WOS:000352657000004,2015,INTERNATIONAL JOURNAL OF SCIENCE AND MATHEMATICS EDUCATION,"Beyond Knowledge: Measuring Primary Teachers' Subject-Specific
Competences in and for Teaching Mathematics with Items Based on Video
Vignettes"
1100,1102,WOS:001461295600001,2025,RESEARCH IN SCIENCE \& TECHNOLOGICAL EDUCATION,Students' experiences of investigative school science research projects
1101,1102,WOS:000334682200007,2014,INTERNATIONAL JOURNAL OF SCIENCE AND MATHEMATICS EDUCATION,"A SURVEY OF PSYCHOLOGICAL, MOTIVATIONAL, FAMILY AND PERCEPTIONS OF
PHYSICS EDUCATION FACTORS THAT EXPLAIN 15-YEAR-OLD STUDENTS' ASPIRATIONS
TO STUDY PHYSICS IN POST-COMPULSORY ENGLISH SCHOOLS"
1017,1018,WOS:001677080700001,2026,ZEITSCHRIFT FUR ERZIEHUNGSWISSENSCHAFT,"General vs. vocation-related mathematical competence-a longitudinal
study with trainees as industrial clerks"
1029,1032,WOS:001644972300001,2025,EDUCATIONAL MANAGEMENT ADMINISTRATION \& LEADERSHIP,"School leader well-being under pressure: Emotional and quantitative
demands, resilience, and burnout in Australian schools"
997,1018,WOS:000253386100007,2007,ZEITSCHRIFT FUR ERZIEHUNGSWISSENSCHAFT,Mathematic competency and its development in primary education
1101,1102,WOS:000322211400003,2013,INTERNATIONAL JOURNAL OF SCIENCE EDUCATION,"Inequality in Experiences of Physics Education: Secondary School Girls'
and Boys' Perceptions of their Physics Education and Intentions to
Continue with Physics After the Age of 16"
1100,1101,WOS:001461941600001,2025,INTERNATIONAL JOURNAL OF SCIENCE EDUCATION,"`I would like a job that involves using science': science-related job
aspirations and the relevance of family circumstances, personal
motivations, and working scientifically for primary school students"
1017,1018,WOS:000673427300001,2021,STUDIES IN HIGHER EDUCATION,"Synergy effects in learning? The influence of mathematics as a second
subject on teacher students' physics content knowledge"
1206,1207,WOS:000509668200001,2019,AERA OPEN,"Classroom Quality, Classroom Composition, and Age at Entry: Experiences
in Early Childhood Education and Care and Single and Dual Language
Learners' German Vocabulary"
1096,1098,WOS:000968065200001,2024,JOURNAL OF RESEARCH ON EDUCATIONAL EFFECTIVENESS,"Universal Early Childhood Education and Care for Toddlers and
Achievement Outcomes in Middle Childhood"
998,1191,WOS:000473098200007,2019,ZEITSCHRIFT FUR ERZIEHUNGSWISSENSCHAFT,Collaborative problem solving in PISA 2015: focusing on Germany
1017,1018,WOS:000807056500001,2023,EUROPEAN EARLY CHILDHOOD EDUCATION RESEARCH JOURNAL,"Improving the quality of adaptive learning support provided by
kindergarten teachers in play-based mathematical learning situations"
1055,1059,WOS:000288740500003,2011,OXFORD REVIEW OF EDUCATION,"Do all roads lead to inequality? Trends in French upper secondary school
analysed with four longitudinal surveys"
1026,1028,WOS:000868361200001,2023,PERSPECTIVES ON PSYCHOLOGICAL SCIENCE,"Overcoming Limitations in Peer-Victimization Research That Impede
Successful Intervention: Challenges and New Directions"
1026,1029,WOS:000868361200001,2023,PERSPECTIVES ON PSYCHOLOGICAL SCIENCE,"Overcoming Limitations in Peer-Victimization Research That Impede
Successful Intervention: Challenges and New Directions"
1026,1030,WOS:000868361200001,2023,PERSPECTIVES ON PSYCHOLOGICAL SCIENCE,"Overcoming Limitations in Peer-Victimization Research That Impede
Successful Intervention: Challenges and New Directions"
1026,1031,WOS:000868361200001,2023,PERSPECTIVES ON PSYCHOLOGICAL SCIENCE,"Overcoming Limitations in Peer-Victimization Research That Impede
Successful Intervention: Challenges and New Directions"
1026,1032,WOS:000868361200001,2023,PERSPECTIVES ON PSYCHOLOGICAL SCIENCE,"Overcoming Limitations in Peer-Victimization Research That Impede
Successful Intervention: Challenges and New Directions"
1028,1029,WOS:000868361200001,2023,PERSPECTIVES ON PSYCHOLOGICAL SCIENCE,"Overcoming Limitations in Peer-Victimization Research That Impede
Successful Intervention: Challenges and New Directions"
1028,1030,WOS:000868361200001,2023,PERSPECTIVES ON PSYCHOLOGICAL SCIENCE,"Overcoming Limitations in Peer-Victimization Research That Impede
Successful Intervention: Challenges and New Directions"
1028,1031,WOS:000868361200001,2023,PERSPECTIVES ON PSYCHOLOGICAL SCIENCE,"Overcoming Limitations in Peer-Victimization Research That Impede
Successful Intervention: Challenges and New Directions"
1028,1032,WOS:000868361200001,2023,PERSPECTIVES ON PSYCHOLOGICAL SCIENCE,"Overcoming Limitations in Peer-Victimization Research That Impede
Successful Intervention: Challenges and New Directions"
1029,1030,WOS:000868361200001,2023,PERSPECTIVES ON PSYCHOLOGICAL SCIENCE,"Overcoming Limitations in Peer-Victimization Research That Impede
Successful Intervention: Challenges and New Directions"
1029,1031,WOS:000868361200001,2023,PERSPECTIVES ON PSYCHOLOGICAL SCIENCE,"Overcoming Limitations in Peer-Victimization Research That Impede
Successful Intervention: Challenges and New Directions"
1029,1032,WOS:000868361200001,2023,PERSPECTIVES ON PSYCHOLOGICAL SCIENCE,"Overcoming Limitations in Peer-Victimization Research That Impede
Successful Intervention: Challenges and New Directions"
1030,1031,WOS:000868361200001,2023,PERSPECTIVES ON PSYCHOLOGICAL SCIENCE,"Overcoming Limitations in Peer-Victimization Research That Impede
Successful Intervention: Challenges and New Directions"
1030,1032,WOS:000868361200001,2023,PERSPECTIVES ON PSYCHOLOGICAL SCIENCE,"Overcoming Limitations in Peer-Victimization Research That Impede
Successful Intervention: Challenges and New Directions"
1031,1032,WOS:000868361200001,2023,PERSPECTIVES ON PSYCHOLOGICAL SCIENCE,"Overcoming Limitations in Peer-Victimization Research That Impede
Successful Intervention: Challenges and New Directions"
1029,1030,WOS:000472319900001,2020,MULTIVARIATE BEHAVIORAL RESEARCH,"Confirmatory Factor Analysis (CFA), Exploratory Structural Equation
Modeling (ESEM), and Set-ESEM: Optimal Balance Between Goodness of Fit
and Parsimony"
1029,1031,WOS:000472319900001,2020,MULTIVARIATE BEHAVIORAL RESEARCH,"Confirmatory Factor Analysis (CFA), Exploratory Structural Equation
Modeling (ESEM), and Set-ESEM: Optimal Balance Between Goodness of Fit
and Parsimony"
1029,1032,WOS:000472319900001,2020,MULTIVARIATE BEHAVIORAL RESEARCH,"Confirmatory Factor Analysis (CFA), Exploratory Structural Equation
Modeling (ESEM), and Set-ESEM: Optimal Balance Between Goodness of Fit
and Parsimony"
1030,1031,WOS:000472319900001,2020,MULTIVARIATE BEHAVIORAL RESEARCH,"Confirmatory Factor Analysis (CFA), Exploratory Structural Equation
Modeling (ESEM), and Set-ESEM: Optimal Balance Between Goodness of Fit
and Parsimony"
1030,1032,WOS:000472319900001,2020,MULTIVARIATE BEHAVIORAL RESEARCH,"Confirmatory Factor Analysis (CFA), Exploratory Structural Equation
Modeling (ESEM), and Set-ESEM: Optimal Balance Between Goodness of Fit
and Parsimony"
1031,1032,WOS:000472319900001,2020,MULTIVARIATE BEHAVIORAL RESEARCH,"Confirmatory Factor Analysis (CFA), Exploratory Structural Equation
Modeling (ESEM), and Set-ESEM: Optimal Balance Between Goodness of Fit
and Parsimony"
1028,1029,WOS:001607527000002,2026,LEARNING AND INDIVIDUAL DIFFERENCES,"Mapping the intellectual landscape of educational psychology: Citation
rankings and network structures of 60 journals, scholars, and
institutions"
1028,1030,WOS:001607527000002,2026,LEARNING AND INDIVIDUAL DIFFERENCES,"Mapping the intellectual landscape of educational psychology: Citation
rankings and network structures of 60 journals, scholars, and
institutions"
1028,1032,WOS:001607527000002,2026,LEARNING AND INDIVIDUAL DIFFERENCES,"Mapping the intellectual landscape of educational psychology: Citation
rankings and network structures of 60 journals, scholars, and
institutions"
1029,1030,WOS:001607527000002,2026,LEARNING AND INDIVIDUAL DIFFERENCES,"Mapping the intellectual landscape of educational psychology: Citation
rankings and network structures of 60 journals, scholars, and
institutions"
1029,1032,WOS:001607527000002,2026,LEARNING AND INDIVIDUAL DIFFERENCES,"Mapping the intellectual landscape of educational psychology: Citation
rankings and network structures of 60 journals, scholars, and
institutions"
1030,1032,WOS:001607527000002,2026,LEARNING AND INDIVIDUAL DIFFERENCES,"Mapping the intellectual landscape of educational psychology: Citation
rankings and network structures of 60 journals, scholars, and
institutions"
1029,1030,WOS:000546636800013,2020,JOURNAL OF EDUCATIONAL PSYCHOLOGY,"Job Satisfaction of Teachers and Their Principals in Relation to Climate
and Student Achievement"
1029,1031,WOS:000546636800013,2020,JOURNAL OF EDUCATIONAL PSYCHOLOGY,"Job Satisfaction of Teachers and Their Principals in Relation to Climate
and Student Achievement"
1029,1032,WOS:000546636800013,2020,JOURNAL OF EDUCATIONAL PSYCHOLOGY,"Job Satisfaction of Teachers and Their Principals in Relation to Climate
and Student Achievement"
1030,1031,WOS:000546636800013,2020,JOURNAL OF EDUCATIONAL PSYCHOLOGY,"Job Satisfaction of Teachers and Their Principals in Relation to Climate
and Student Achievement"
1030,1032,WOS:000546636800013,2020,JOURNAL OF EDUCATIONAL PSYCHOLOGY,"Job Satisfaction of Teachers and Their Principals in Relation to Climate
and Student Achievement"
1031,1032,WOS:000546636800013,2020,JOURNAL OF EDUCATIONAL PSYCHOLOGY,"Job Satisfaction of Teachers and Their Principals in Relation to Climate
and Student Achievement"
1026,1029,WOS:000748000500015,2022,JOURNAL OF EDUCATIONAL PSYCHOLOGY,"Academic Self-Concept Formation and Peer-Group Contagion: Development of
the Big-Fish-Little-Pond Effect in Primary-School Classrooms and Peer
Groups"
1026,1030,WOS:000748000500015,2022,JOURNAL OF EDUCATIONAL PSYCHOLOGY,"Academic Self-Concept Formation and Peer-Group Contagion: Development of
the Big-Fish-Little-Pond Effect in Primary-School Classrooms and Peer
Groups"
1026,1031,WOS:000748000500015,2022,JOURNAL OF EDUCATIONAL PSYCHOLOGY,"Academic Self-Concept Formation and Peer-Group Contagion: Development of
the Big-Fish-Little-Pond Effect in Primary-School Classrooms and Peer
Groups"
1026,1032,WOS:000748000500015,2022,JOURNAL OF EDUCATIONAL PSYCHOLOGY,"Academic Self-Concept Formation and Peer-Group Contagion: Development of
the Big-Fish-Little-Pond Effect in Primary-School Classrooms and Peer
Groups"
1029,1030,WOS:000748000500015,2022,JOURNAL OF EDUCATIONAL PSYCHOLOGY,"Academic Self-Concept Formation and Peer-Group Contagion: Development of
the Big-Fish-Little-Pond Effect in Primary-School Classrooms and Peer
Groups"
1029,1031,WOS:000748000500015,2022,JOURNAL OF EDUCATIONAL PSYCHOLOGY,"Academic Self-Concept Formation and Peer-Group Contagion: Development of
the Big-Fish-Little-Pond Effect in Primary-School Classrooms and Peer
Groups"
1029,1032,WOS:000748000500015,2022,JOURNAL OF EDUCATIONAL PSYCHOLOGY,"Academic Self-Concept Formation and Peer-Group Contagion: Development of
the Big-Fish-Little-Pond Effect in Primary-School Classrooms and Peer
Groups"
1030,1031,WOS:000748000500015,2022,JOURNAL OF EDUCATIONAL PSYCHOLOGY,"Academic Self-Concept Formation and Peer-Group Contagion: Development of
the Big-Fish-Little-Pond Effect in Primary-School Classrooms and Peer
Groups"
1030,1032,WOS:000748000500015,2022,JOURNAL OF EDUCATIONAL PSYCHOLOGY,"Academic Self-Concept Formation and Peer-Group Contagion: Development of
the Big-Fish-Little-Pond Effect in Primary-School Classrooms and Peer
Groups"
1031,1032,WOS:000748000500015,2022,JOURNAL OF EDUCATIONAL PSYCHOLOGY,"Academic Self-Concept Formation and Peer-Group Contagion: Development of
the Big-Fish-Little-Pond Effect in Primary-School Classrooms and Peer
Groups"
1029,1030,WOS:000448793500004,2018,JOURNAL OF EDUCATIONAL PSYCHOLOGY,"Effects of School-Average Achievement on Individual Self-Concept and
Achievement: Unmasking Phantom Effects Masquerading as True
Compositional Effects"
1029,1031,WOS:000448793500004,2018,JOURNAL OF EDUCATIONAL PSYCHOLOGY,"Effects of School-Average Achievement on Individual Self-Concept and
Achievement: Unmasking Phantom Effects Masquerading as True
Compositional Effects"
1029,1032,WOS:000448793500004,2018,JOURNAL OF EDUCATIONAL PSYCHOLOGY,"Effects of School-Average Achievement on Individual Self-Concept and
Achievement: Unmasking Phantom Effects Masquerading as True
Compositional Effects"
1030,1031,WOS:000448793500004,2018,JOURNAL OF EDUCATIONAL PSYCHOLOGY,"Effects of School-Average Achievement on Individual Self-Concept and
Achievement: Unmasking Phantom Effects Masquerading as True
Compositional Effects"
1030,1032,WOS:000448793500004,2018,JOURNAL OF EDUCATIONAL PSYCHOLOGY,"Effects of School-Average Achievement on Individual Self-Concept and
Achievement: Unmasking Phantom Effects Masquerading as True
Compositional Effects"
1031,1032,WOS:000448793500004,2018,JOURNAL OF EDUCATIONAL PSYCHOLOGY,"Effects of School-Average Achievement on Individual Self-Concept and
Achievement: Unmasking Phantom Effects Masquerading as True
Compositional Effects"
1029,1030,WOS:000429737200009,2018,JOURNAL OF EDUCATIONAL PSYCHOLOGY,"An Information Distortion Model of Social Class Differences in Math
Self-Concept, Intrinsic Value, and Utility Value"
1029,1031,WOS:000429737200009,2018,JOURNAL OF EDUCATIONAL PSYCHOLOGY,"An Information Distortion Model of Social Class Differences in Math
Self-Concept, Intrinsic Value, and Utility Value"
1029,1032,WOS:000429737200009,2018,JOURNAL OF EDUCATIONAL PSYCHOLOGY,"An Information Distortion Model of Social Class Differences in Math
Self-Concept, Intrinsic Value, and Utility Value"
1030,1031,WOS:000429737200009,2018,JOURNAL OF EDUCATIONAL PSYCHOLOGY,"An Information Distortion Model of Social Class Differences in Math
Self-Concept, Intrinsic Value, and Utility Value"
1030,1032,WOS:000429737200009,2018,JOURNAL OF EDUCATIONAL PSYCHOLOGY,"An Information Distortion Model of Social Class Differences in Math
Self-Concept, Intrinsic Value, and Utility Value"
1031,1032,WOS:000429737200009,2018,JOURNAL OF EDUCATIONAL PSYCHOLOGY,"An Information Distortion Model of Social Class Differences in Math
Self-Concept, Intrinsic Value, and Utility Value"
1029,1030,WOS:000399094200008,2017,JOURNAL OF EDUCATIONAL PSYCHOLOGY,"Long-Term Positive Effects of Repeating a Year in School: Six-Year
Longitudinal Study of Self-Beliefs, Anxiety, Social Relations, School
Grades, and Test Scores"
1029,1031,WOS:000399094200008,2017,JOURNAL OF EDUCATIONAL PSYCHOLOGY,"Long-Term Positive Effects of Repeating a Year in School: Six-Year
Longitudinal Study of Self-Beliefs, Anxiety, Social Relations, School
Grades, and Test Scores"
1029,1032,WOS:000399094200008,2017,JOURNAL OF EDUCATIONAL PSYCHOLOGY,"Long-Term Positive Effects of Repeating a Year in School: Six-Year
Longitudinal Study of Self-Beliefs, Anxiety, Social Relations, School
Grades, and Test Scores"
1030,1031,WOS:000399094200008,2017,JOURNAL OF EDUCATIONAL PSYCHOLOGY,"Long-Term Positive Effects of Repeating a Year in School: Six-Year
Longitudinal Study of Self-Beliefs, Anxiety, Social Relations, School
Grades, and Test Scores"
1030,1032,WOS:000399094200008,2017,JOURNAL OF EDUCATIONAL PSYCHOLOGY,"Long-Term Positive Effects of Repeating a Year in School: Six-Year
Longitudinal Study of Self-Beliefs, Anxiety, Social Relations, School
Grades, and Test Scores"
1031,1032,WOS:000399094200008,2017,JOURNAL OF EDUCATIONAL PSYCHOLOGY,"Long-Term Positive Effects of Repeating a Year in School: Six-Year
Longitudinal Study of Self-Beliefs, Anxiety, Social Relations, School
Grades, and Test Scores"
1029,1030,WOS:000725826200013,2021,JOURNAL OF EDUCATIONAL PSYCHOLOGY,"Burning Passion, Burning Out: The Passionate School Principal, Burnout,
Job Satisfaction, and Extending the Dualistic Model of Passion"
1029,1031,WOS:000725826200013,2021,JOURNAL OF EDUCATIONAL PSYCHOLOGY,"Burning Passion, Burning Out: The Passionate School Principal, Burnout,
Job Satisfaction, and Extending the Dualistic Model of Passion"
1029,1032,WOS:000725826200013,2021,JOURNAL OF EDUCATIONAL PSYCHOLOGY,"Burning Passion, Burning Out: The Passionate School Principal, Burnout,
Job Satisfaction, and Extending the Dualistic Model of Passion"
1030,1031,WOS:000725826200013,2021,JOURNAL OF EDUCATIONAL PSYCHOLOGY,"Burning Passion, Burning Out: The Passionate School Principal, Burnout,
Job Satisfaction, and Extending the Dualistic Model of Passion"
1030,1032,WOS:000725826200013,2021,JOURNAL OF EDUCATIONAL PSYCHOLOGY,"Burning Passion, Burning Out: The Passionate School Principal, Burnout,
Job Satisfaction, and Extending the Dualistic Model of Passion"
1031,1032,WOS:000725826200013,2021,JOURNAL OF EDUCATIONAL PSYCHOLOGY,"Burning Passion, Burning Out: The Passionate School Principal, Burnout,
Job Satisfaction, and Extending the Dualistic Model of Passion"
1029,1030,WOS:000458027200009,2019,JOURNAL OF EDUCATIONAL PSYCHOLOGY,"The Murky Distinction Between Self-Concept and Self-Efficacy: Beware of
Lurking Jingle-Jangle Fallacies"
1029,1031,WOS:000458027200009,2019,JOURNAL OF EDUCATIONAL PSYCHOLOGY,"The Murky Distinction Between Self-Concept and Self-Efficacy: Beware of
Lurking Jingle-Jangle Fallacies"
1029,1032,WOS:000458027200009,2019,JOURNAL OF EDUCATIONAL PSYCHOLOGY,"The Murky Distinction Between Self-Concept and Self-Efficacy: Beware of
Lurking Jingle-Jangle Fallacies"
1030,1031,WOS:000458027200009,2019,JOURNAL OF EDUCATIONAL PSYCHOLOGY,"The Murky Distinction Between Self-Concept and Self-Efficacy: Beware of
Lurking Jingle-Jangle Fallacies"
1030,1032,WOS:000458027200009,2019,JOURNAL OF EDUCATIONAL PSYCHOLOGY,"The Murky Distinction Between Self-Concept and Self-Efficacy: Beware of
Lurking Jingle-Jangle Fallacies"
1031,1032,WOS:000458027200009,2019,JOURNAL OF EDUCATIONAL PSYCHOLOGY,"The Murky Distinction Between Self-Concept and Self-Efficacy: Beware of
Lurking Jingle-Jangle Fallacies"
1028,1029,WOS:000783955400001,2022,JOURNAL OF EDUCATIONAL PSYCHOLOGY,"School Belonging Predicts Whether an Emerging Adult Will Be Not in
Education, Employment, or Training (NEET) After School"
1028,1030,WOS:000783955400001,2022,JOURNAL OF EDUCATIONAL PSYCHOLOGY,"School Belonging Predicts Whether an Emerging Adult Will Be Not in
Education, Employment, or Training (NEET) After School"
1028,1031,WOS:000783955400001,2022,JOURNAL OF EDUCATIONAL PSYCHOLOGY,"School Belonging Predicts Whether an Emerging Adult Will Be Not in
Education, Employment, or Training (NEET) After School"
1029,1030,WOS:000783955400001,2022,JOURNAL OF EDUCATIONAL PSYCHOLOGY,"School Belonging Predicts Whether an Emerging Adult Will Be Not in
Education, Employment, or Training (NEET) After School"
1029,1031,WOS:000783955400001,2022,JOURNAL OF EDUCATIONAL PSYCHOLOGY,"School Belonging Predicts Whether an Emerging Adult Will Be Not in
Education, Employment, or Training (NEET) After School"
1030,1031,WOS:000783955400001,2022,JOURNAL OF EDUCATIONAL PSYCHOLOGY,"School Belonging Predicts Whether an Emerging Adult Will Be Not in
Education, Employment, or Training (NEET) After School"
1026,1027,WOS:000409059800003,2017,EUROPEAN JOURNAL OF PERSONALITY,"Are People Mindful in Different Ways? Disentangling the Quantity and
Quality of Mindfulness in Latent Profiles and Exploring their Links to
Mental Health and Life Effectiveness"
1026,1031,WOS:000409059800003,2017,EUROPEAN JOURNAL OF PERSONALITY,"Are People Mindful in Different Ways? Disentangling the Quantity and
Quality of Mindfulness in Latent Profiles and Exploring their Links to
Mental Health and Life Effectiveness"
1027,1031,WOS:000409059800003,2017,EUROPEAN JOURNAL OF PERSONALITY,"Are People Mindful in Different Ways? Disentangling the Quantity and
Quality of Mindfulness in Latent Profiles and Exploring their Links to
Mental Health and Life Effectiveness"
1028,1030,WOS:000692687500010,2021,JOURNAL OF PERSONALITY AND SOCIAL PSYCHOLOGY,"Illusory Gender-Equality Paradox, Math Self-Concept, and
Frame-of-Reference Effects: New Integrative Explanations for Multiple
Paradoxes"
1028,1031,WOS:000692687500010,2021,JOURNAL OF PERSONALITY AND SOCIAL PSYCHOLOGY,"Illusory Gender-Equality Paradox, Math Self-Concept, and
Frame-of-Reference Effects: New Integrative Explanations for Multiple
Paradoxes"
1028,1032,WOS:000692687500010,2021,JOURNAL OF PERSONALITY AND SOCIAL PSYCHOLOGY,"Illusory Gender-Equality Paradox, Math Self-Concept, and
Frame-of-Reference Effects: New Integrative Explanations for Multiple
Paradoxes"
1030,1031,WOS:000692687500010,2021,JOURNAL OF PERSONALITY AND SOCIAL PSYCHOLOGY,"Illusory Gender-Equality Paradox, Math Self-Concept, and
Frame-of-Reference Effects: New Integrative Explanations for Multiple
Paradoxes"
1030,1032,WOS:000692687500010,2021,JOURNAL OF PERSONALITY AND SOCIAL PSYCHOLOGY,"Illusory Gender-Equality Paradox, Math Self-Concept, and
Frame-of-Reference Effects: New Integrative Explanations for Multiple
Paradoxes"
1031,1032,WOS:000692687500010,2021,JOURNAL OF PERSONALITY AND SOCIAL PSYCHOLOGY,"Illusory Gender-Equality Paradox, Math Self-Concept, and
Frame-of-Reference Effects: New Integrative Explanations for Multiple
Paradoxes"
1028,1030,WOS:000509606600001,2020,EUROPEAN JOURNAL OF PERSONALITY,"Psychological Comparison Processes and Self-Concept in Relation to Five
Distinct Frame-of-Reference Effects: Pan-Human Cross-Cultural
Generalizability over 68 Countries"
1028,1031,WOS:000509606600001,2020,EUROPEAN JOURNAL OF PERSONALITY,"Psychological Comparison Processes and Self-Concept in Relation to Five
Distinct Frame-of-Reference Effects: Pan-Human Cross-Cultural
Generalizability over 68 Countries"
1028,1032,WOS:000509606600001,2020,EUROPEAN JOURNAL OF PERSONALITY,"Psychological Comparison Processes and Self-Concept in Relation to Five
Distinct Frame-of-Reference Effects: Pan-Human Cross-Cultural
Generalizability over 68 Countries"
1030,1031,WOS:000509606600001,2020,EUROPEAN JOURNAL OF PERSONALITY,"Psychological Comparison Processes and Self-Concept in Relation to Five
Distinct Frame-of-Reference Effects: Pan-Human Cross-Cultural
Generalizability over 68 Countries"
1030,1032,WOS:000509606600001,2020,EUROPEAN JOURNAL OF PERSONALITY,"Psychological Comparison Processes and Self-Concept in Relation to Five
Distinct Frame-of-Reference Effects: Pan-Human Cross-Cultural
Generalizability over 68 Countries"
1031,1032,WOS:000509606600001,2020,EUROPEAN JOURNAL OF PERSONALITY,"Psychological Comparison Processes and Self-Concept in Relation to Five
Distinct Frame-of-Reference Effects: Pan-Human Cross-Cultural
Generalizability over 68 Countries"
1026,1027,WOS:000439550000004,2018,JOURNAL OF PERSONALITY,"A worthy self is a caring self: Examining the developmental relations
between self-esteem and self-compassion in adolescents"
1026,1030,WOS:000439550000004,2018,JOURNAL OF PERSONALITY,"A worthy self is a caring self: Examining the developmental relations
between self-esteem and self-compassion in adolescents"
1026,1031,WOS:000439550000004,2018,JOURNAL OF PERSONALITY,"A worthy self is a caring self: Examining the developmental relations
between self-esteem and self-compassion in adolescents"
1027,1030,WOS:000439550000004,2018,JOURNAL OF PERSONALITY,"A worthy self is a caring self: Examining the developmental relations
between self-esteem and self-compassion in adolescents"
1027,1031,WOS:000439550000004,2018,JOURNAL OF PERSONALITY,"A worthy self is a caring self: Examining the developmental relations
between self-esteem and self-compassion in adolescents"
1030,1031,WOS:000439550000004,2018,JOURNAL OF PERSONALITY,"A worthy self is a caring self: Examining the developmental relations
between self-esteem and self-compassion in adolescents"
801,1032,WOS:000450317600006,2018,AMERICAN EDUCATIONAL RESEARCH JOURNAL,"Control-Value Appraisals, Enjoyment, and Boredom in Mathematics: A
Longitudinal Latent Interaction Analysis"
1101,1102,WOS:000322157000003,2013,RESEARCH IN SCIENCE \& TECHNOLOGICAL EDUCATION,"Undergraduates talk about their choice to study physics at university:
what was key to their participation?"
1101,1102,WOS:000292150600003,2011,INTERNATIONAL JOURNAL OF SCIENCE AND MATHEMATICS EDUCATION,"UNDERSTANDING PARTICIPATION RATES IN POST-16 MATHEMATICS AND PHYSICS:
CONCEPTUALISING AND OPERATIONALISING THE UPMAP PROJECT"
528,1032,WOS:000268581300005,2009,OXFORD REVIEW OF EDUCATION,"Academic resilience and academic buoyancy: multidimensional and
hierarchical conceptual framing of causes, correlates and cognate
constructs"
528,1031,WOS:000262664500008,2009,TEACHING AND TEACHER EDUCATION,"Coping and buoyancy in the workplace: Understanding their effects on
teachers' work-related well-being and engagement"
528,1031,WOS:000301566100003,2012,TEACHING AND TEACHER EDUCATION,"Teachers' workplace well-being: Exploring a process model of goal
orientation, coping behavior, engagement, and burnout"
432,994,WOS:000788404200001,2022,ZEITSCHRIFT FUR ERZIEHUNGSWISSENSCHAFT,"Supporting student motivation in class: the motivational potential of
tasks"
1027,1031,WOS:000780367700001,2022,BRITISH EDUCATIONAL RESEARCH JOURNAL,"The role of achievement, gender, SES, location and policy in explaining
the Indigenous gap in high-school completion"
417,1114,WOS:000572531000001,2020,JOURNAL OF RESEARCH ON EDUCATIONAL EFFECTIVENESS,The Effects of Microsuppression on State Education Data Quality
528,1032,WOS:000317353800004,2013,AMERICAN EDUCATIONAL RESEARCH JOURNAL,"The Big-Fish-Little-Pond Effect and a National Policy of Within-School
Ability Streaming: Alternative Frames of Reference"
579,1046,WOS:000481784000006,2019,HIGHER EDUCATION,"More necessary and less sufficient: an age-period-cohort approach to
overeducation from a comparative perspective"
1101,1102,WOS:000327866100004,2013,OXFORD REVIEW OF EDUCATION,"Factors that lead to positive or negative stress in secondary school
teachers of mathematics and science"
1101,1102,WOS:000474973600001,2021,BRITISH JOURNAL OF RELIGIOUS EDUCATION,"`Science is purely about the truth so I don't think you could compare it
to non-truth versus the truth.' Students' perceptions of religion and
science, and the relationship(s) between them: religious education and
the need for epistemic literacy."
1030,1032,WOS:001079614500001,2023,EDUCATIONAL PSYCHOLOGY REVIEW,"Peer Spillover and Big-Fish-Little-Pond Effects with SIMS80: Revisiting
a Historical Database Through the Lens of a Modern Methodological
Perspective"
974,976,WOS:000829794300001,2023,BRITISH JOURNAL OF EDUCATIONAL PSYCHOLOGY,"Challenging but positive! - An exploration into teacher attitude
profiles towards differentiated instruction (DI) in Germany"
974,977,WOS:000829794300001,2023,BRITISH JOURNAL OF EDUCATIONAL PSYCHOLOGY,"Challenging but positive! - An exploration into teacher attitude
profiles towards differentiated instruction (DI) in Germany"
976,977,WOS:000829794300001,2023,BRITISH JOURNAL OF EDUCATIONAL PSYCHOLOGY,"Challenging but positive! - An exploration into teacher attitude
profiles towards differentiated instruction (DI) in Germany"
1029,1032,WOS:000769657200001,2023,JOURNAL OF EDUCATIONAL PSYCHOLOGY,"Individualized Teacher Frame of Reference and Student Self-Concept
Within and Between School Subjects"
1029,1060,WOS:000769657200001,2023,JOURNAL OF EDUCATIONAL PSYCHOLOGY,"Individualized Teacher Frame of Reference and Student Self-Concept
Within and Between School Subjects"
1032,1060,WOS:000769657200001,2023,JOURNAL OF EDUCATIONAL PSYCHOLOGY,"Individualized Teacher Frame of Reference and Student Self-Concept
Within and Between School Subjects"
1170,1171,WOS:000503454800005,2020,JOURNAL OF EDUCATIONAL PSYCHOLOGY,"Profiles of Motivational Beliefs in Math: Exploring Their Development,
Relations to Student-Perceived Classroom Characteristics, and Impact on
Future Career Aspirations and Choices"
1170,1199,WOS:000503454800005,2020,JOURNAL OF EDUCATIONAL PSYCHOLOGY,"Profiles of Motivational Beliefs in Math: Exploring Their Development,
Relations to Student-Perceived Classroom Characteristics, and Impact on
Future Career Aspirations and Choices"
1171,1199,WOS:000503454800005,2020,JOURNAL OF EDUCATIONAL PSYCHOLOGY,"Profiles of Motivational Beliefs in Math: Exploring Their Development,
Relations to Student-Perceived Classroom Characteristics, and Impact on
Future Career Aspirations and Choices"
1028,1030,WOS:001049412400001,2024,JOURNAL OF EDUCATIONAL PSYCHOLOGY,"Longitudinal Reciprocal Effects of Agentic Engagement and Autonomy
Support: Between- and Within-Person Perspectives"
1030,1031,WOS:000349876900016,2015,LEARNING AND INDIVIDUAL DIFFERENCES,"Expectancy-value in mathematics, gender and socioeconomic background as
predictors of achievement and aspirations: A multi-cohort study"
1030,1032,WOS:000349876900016,2015,LEARNING AND INDIVIDUAL DIFFERENCES,"Expectancy-value in mathematics, gender and socioeconomic background as
predictors of achievement and aspirations: A multi-cohort study"
1031,1032,WOS:000349876900016,2015,LEARNING AND INDIVIDUAL DIFFERENCES,"Expectancy-value in mathematics, gender and socioeconomic background as
predictors of achievement and aspirations: A multi-cohort study"
1067,1134,WOS:001503024200001,2025,INTERNATIONAL JOURNAL OF DEVELOPMENTAL DISABILITIES,Profiles of ability in CHARGE syndrome
1013,1014,WOS:000433616700008,2018,SOCIAL PSYCHOLOGICAL AND PERSONALITY SCIENCE,"The Relations Between Parental Socioeconomic Status, Personality, and
Life Outcomes"
1013,1015,WOS:000433616700008,2018,SOCIAL PSYCHOLOGICAL AND PERSONALITY SCIENCE,"The Relations Between Parental Socioeconomic Status, Personality, and
Life Outcomes"
1014,1015,WOS:000433616700008,2018,SOCIAL PSYCHOLOGICAL AND PERSONALITY SCIENCE,"The Relations Between Parental Socioeconomic Status, Personality, and
Life Outcomes"
1028,1030,WOS:000855902300001,2023,JOURNAL OF PERSONALITY AND SOCIAL PSYCHOLOGY,"Mastery-Approach Goals: A Large-Scale Cross-Cultural Analysis of
Antecedents and Consequences"
1028,1031,WOS:000855902300001,2023,JOURNAL OF PERSONALITY AND SOCIAL PSYCHOLOGY,"Mastery-Approach Goals: A Large-Scale Cross-Cultural Analysis of
Antecedents and Consequences"
1028,1032,WOS:000855902300001,2023,JOURNAL OF PERSONALITY AND SOCIAL PSYCHOLOGY,"Mastery-Approach Goals: A Large-Scale Cross-Cultural Analysis of
Antecedents and Consequences"
1030,1031,WOS:000855902300001,2023,JOURNAL OF PERSONALITY AND SOCIAL PSYCHOLOGY,"Mastery-Approach Goals: A Large-Scale Cross-Cultural Analysis of
Antecedents and Consequences"
1030,1032,WOS:000855902300001,2023,JOURNAL OF PERSONALITY AND SOCIAL PSYCHOLOGY,"Mastery-Approach Goals: A Large-Scale Cross-Cultural Analysis of
Antecedents and Consequences"
1031,1032,WOS:000855902300001,2023,JOURNAL OF PERSONALITY AND SOCIAL PSYCHOLOGY,"Mastery-Approach Goals: A Large-Scale Cross-Cultural Analysis of
Antecedents and Consequences"
1026,1027,WOS:000406873100005,2017,JOURNAL OF PERSONALITY,When Empathy Matters: The Role of Sex and Empathy in Close Friendships
1026,1031,WOS:000406873100005,2017,JOURNAL OF PERSONALITY,When Empathy Matters: The Role of Sex and Empathy in Close Friendships
1027,1031,WOS:000406873100005,2017,JOURNAL OF PERSONALITY,When Empathy Matters: The Role of Sex and Empathy in Close Friendships
1164,1165,WOS:000320909900009,2013,JOURNAL OF PERSONALITY AND SOCIAL PSYCHOLOGY,"Trajectories of Physical Growth and Personality Dimensions of the
Five-Factor Model"
1026,1027,WOS:000483819600005,2019,JOURNAL OF PERSONALITY,"Compulsive internet use and the development of self-esteem and hope: A
four-year longitudinal study"
1026,1031,WOS:000483819600005,2019,JOURNAL OF PERSONALITY,"Compulsive internet use and the development of self-esteem and hope: A
four-year longitudinal study"
1027,1031,WOS:000483819600005,2019,JOURNAL OF PERSONALITY,"Compulsive internet use and the development of self-esteem and hope: A
four-year longitudinal study"
1026,1030,WOS:000805606400001,2023,JOURNAL OF PERSONALITY AND SOCIAL PSYCHOLOGY,"The Roles of Social-Emotional Skills in Students' Academic and Life
Success: A Multi-Informant and Multicohort Perspective"
1026,1031,WOS:000805606400001,2023,JOURNAL OF PERSONALITY AND SOCIAL PSYCHOLOGY,"The Roles of Social-Emotional Skills in Students' Academic and Life
Success: A Multi-Informant and Multicohort Perspective"
1026,1032,WOS:000805606400001,2023,JOURNAL OF PERSONALITY AND SOCIAL PSYCHOLOGY,"The Roles of Social-Emotional Skills in Students' Academic and Life
Success: A Multi-Informant and Multicohort Perspective"
1030,1031,WOS:000805606400001,2023,JOURNAL OF PERSONALITY AND SOCIAL PSYCHOLOGY,"The Roles of Social-Emotional Skills in Students' Academic and Life
Success: A Multi-Informant and Multicohort Perspective"
1030,1032,WOS:000805606400001,2023,JOURNAL OF PERSONALITY AND SOCIAL PSYCHOLOGY,"The Roles of Social-Emotional Skills in Students' Academic and Life
Success: A Multi-Informant and Multicohort Perspective"
1031,1032,WOS:000805606400001,2023,JOURNAL OF PERSONALITY AND SOCIAL PSYCHOLOGY,"The Roles of Social-Emotional Skills in Students' Academic and Life
Success: A Multi-Informant and Multicohort Perspective"
1013,1015,WOS:000379911300006,2016,JOURNAL OF PERSONALITY,"Personality Trait Differences Between Young and Middle-Aged Adults:
Measurement Artifacts or Actual Trends?"
1026,1027,WOS:000607610500013,2021,JOURNAL OF PERSONALITY AND SOCIAL PSYCHOLOGY,"A Configural Approach to Aspirations: The Social Breadth of Aspiration
Profiles Predicts Well-Being Over and Above the Intrinsic and Extrinsic
Aspirations That Comprise the Profiles"
528,1031,WOS:000259384900003,2008,AUSTRALIAN JOURNAL OF GUIDANCE AND COUNSELLING,"Factors predicting life satisfaction: A process model of personality,
multidimensional self-concept, and life satisfaction"
528,1032,WOS:000259384900003,2008,AUSTRALIAN JOURNAL OF GUIDANCE AND COUNSELLING,"Factors predicting life satisfaction: A process model of personality,
multidimensional self-concept, and life satisfaction"
1031,1032,WOS:000259384900003,2008,AUSTRALIAN JOURNAL OF GUIDANCE AND COUNSELLING,"Factors predicting life satisfaction: A process model of personality,
multidimensional self-concept, and life satisfaction"
1170,1171,WOS:000617887100003,2021,JOURNAL OF SCHOOL PSYCHOLOGY,"Teachers caring for students and students caring for math: The
development of culturally and linguistically diverse adolescents' math
motivation"
1031,1032,WOS:000345539400005,2014,CONTEMPORARY EDUCATIONAL PSYCHOLOGY,"Dimensional comparison theory: an extension of the internal/external
frame of reference effect on academic self-concept formation"
1206,1207,WOS:000335091600002,2014,PSYCHOLOGIE IN ERZIEHUNG UND UNTERRICHT,"Parents and School - How Do Turkish Immigrant and German Mothers as well
as German Teachers Rate Parental Responsibility and Involvement?"
1206,1207,WOS:000733188700001,2022,JOURNAL OF EDUCATIONAL PSYCHOLOGY,"Do Peers Matter? Peer Effects on Young Children's Vocabulary Gains in
German Classrooms"
1030,1032,WOS:000733128500001,2022,JOURNAL OF EDUCATIONAL PSYCHOLOGY,"Revealing Dynamic Relations Between Mathematics Self-Concept and
Perceived Achievement From Lesson to Lesson: An Experience-Sampling
Study"
1031,1032,WOS:000454515900009,2019,JOURNAL OF EDUCATIONAL PSYCHOLOGY,"The Negative Year in School Effect: Extending Scope and Strengthening
Causal Claims"
1031,1032,WOS:000733133000001,2022,JOURNAL OF EDUCATIONAL PSYCHOLOGY,"Relative Age Effects on Academic Achievement in the First Ten Years of
Formal Schooling: A Nationally Representative Longitudinal Prospective
Study"
1031,1032,WOS:000354494400004,2015,BRITISH JOURNAL OF EDUCATIONAL PSYCHOLOGY,"If one goes up the other must come down: Examining ipsative
relationships between math and English self-concept trajectories across
high school"
1030,1032,WOS:001228659700001,2024,EDUCATIONAL PSYCHOLOGY REVIEW,"Cracking Chicken-Egg Conundrums: Juxtaposing Contemporaneous and Lagged
Reciprocal Effects Models of Academic Self-Concept and Achievement's
Directional Ordering"
1029,1030,WOS:000871073000001,2022,LEARNING AND INDIVIDUAL DIFFERENCES,"A moderated mediation analysis of conscientiousness, time management
strategies, effort regulation strategies, and university students'
performance"
1029,1032,WOS:000483008600001,2019,CONTEMPORARY EDUCATIONAL PSYCHOLOGY,"A tale of two quests: The (almost) non-overlapping research literatures
on students' evaluations of secondary-school and university teachers"
997,1032,WOS:000804359600001,2023,JOURNAL OF EDUCATIONAL PSYCHOLOGY,"Achievement Emotions and Elementary School Children's Academic
Performance: Longitudinal Models of Developmental Ordering"
1045,1082,WOS:000762892900001,2022,SOCIAL PSYCHOLOGY OF EDUCATION,"The development of the intention to study of pupils from different
social backgrounds in non-traditional pathways to higher education"
1181,1184,WOS:000711579200010,2021,PSYCHOLOGIE IN ERZIEHUNG UND UNTERRICHT,"Friendship Contacts of Kindergarten Children during the initial
COVID-19-Lockdown in Germany in Spring 2020"
1030,1032,WOS:000733042900001,2022,JOURNAL OF EDUCATIONAL PSYCHOLOGY,"Relations of Epistemic Beliefs With Motivation, Achievement, and
Aspirations in Science: Generalizability Across 72 Societies"
1080,1199,WOS:000584910200001,2021,EUROPEAN JOURNAL OF PSYCHOLOGY OF EDUCATION,"The relation between teacher self-reported individualization and
student-perceived teaching quality in linguistically heterogeneous
classes: an exploratory study"
1017,1018,WOS:000482455500010,2019,BRITISH JOURNAL OF EDUCATIONAL PSYCHOLOGY,"Performance assessment to investigate the domain specificity of
instructional skills among pre-service and in-service teachers of
mathematics and economics"
1013,1014,WOS:000858445000001,2023,JOURNAL OF PERSONALITY AND SOCIAL PSYCHOLOGY,"Regional Personality Differences Predict Variation in Early COVID-19
Infections and Mobility Patterns Indicative of Social Distancing"
1013,1014,WOS:000250397700011,2007,JOURNAL OF PERSONALITY AND SOCIAL PSYCHOLOGY,"Normality evaluations and their relation to personality traits and
well-being"
1027,1030,WOS:000884969000001,2024,PERSONALITY AND SOCIAL PSYCHOLOGY BULLETIN,"Connected or Cutoff? A 4-Year Longitudinal Study of the Links Between
Adolescents' Compulsive Internet Use and Social Support"
1030,1031,WOS:000409325600011,2017,JOURNAL OF PERSONALITY,"Cognitive Defusion Predicts More Approach and Less Avoidance Coping With
Stress, Independent of Threat and Self-Efficacy Appraisals"
1013,1014,WOS:000271349900026,2009,JOURNAL OF RESEARCH IN PERSONALITY,Does self-esteem account for the higher-order factors of the Big Five?
1013,1014,WOS:000370365000001,2016,SOCIAL PSYCHOLOGICAL AND PERSONALITY SCIENCE,"Macropsychological Factors Predict Regional Economic Resilience During a
Major Economic Crisis"
1013,1014,WOS:000433616700003,2018,SOCIAL PSYCHOLOGICAL AND PERSONALITY SCIENCE,"Fear, Populism, and the Geopolitical Landscape: The ``Sleeper Effect{''}
of Neurotic Personality Traits on Regional Voting Behavior in the 2016
Brexit and Trump Elections"
1013,1014,WOS:000328673800008,2013,JOURNAL OF PERSONALITY AND SOCIAL PSYCHOLOGY,"Divided We Stand: Three Psychological Regions of the United States and
Their Political, Economic, Social, and Health Correlates"
1013,1014,WOS:000963544400001,2024,JOURNAL OF PERSONALITY,"The lay of the land: Associations between environmental features and
personality"
1029,1030,WOS:000475503100003,2019,STRUCTURAL EQUATION MODELING-A MULTIDISCIPLINARY JOURNAL,"A Systematic Evaluation and Comparison Between Exploratory Structural
Equation Modeling and Bayesian Structural Equation Modeling"
1029,1031,WOS:000475503100003,2019,STRUCTURAL EQUATION MODELING-A MULTIDISCIPLINARY JOURNAL,"A Systematic Evaluation and Comparison Between Exploratory Structural
Equation Modeling and Bayesian Structural Equation Modeling"
1029,1032,WOS:000475503100003,2019,STRUCTURAL EQUATION MODELING-A MULTIDISCIPLINARY JOURNAL,"A Systematic Evaluation and Comparison Between Exploratory Structural
Equation Modeling and Bayesian Structural Equation Modeling"
1030,1031,WOS:000475503100003,2019,STRUCTURAL EQUATION MODELING-A MULTIDISCIPLINARY JOURNAL,"A Systematic Evaluation and Comparison Between Exploratory Structural
Equation Modeling and Bayesian Structural Equation Modeling"
1030,1032,WOS:000475503100003,2019,STRUCTURAL EQUATION MODELING-A MULTIDISCIPLINARY JOURNAL,"A Systematic Evaluation and Comparison Between Exploratory Structural
Equation Modeling and Bayesian Structural Equation Modeling"
1031,1032,WOS:000475503100003,2019,STRUCTURAL EQUATION MODELING-A MULTIDISCIPLINARY JOURNAL,"A Systematic Evaluation and Comparison Between Exploratory Structural
Equation Modeling and Bayesian Structural Equation Modeling"
1047,1054,WOS:000669424800005,2021,LONGITUDINAL AND LIFE COURSE STUDIES,"Social origins, track choices and labour-market outcomes: evidence from
the French case"
1047,1055,WOS:000669424800005,2021,LONGITUDINAL AND LIFE COURSE STUDIES,"Social origins, track choices and labour-market outcomes: evidence from
the French case"
1047,1059,WOS:000669424800005,2021,LONGITUDINAL AND LIFE COURSE STUDIES,"Social origins, track choices and labour-market outcomes: evidence from
the French case"
1054,1055,WOS:000669424800005,2021,LONGITUDINAL AND LIFE COURSE STUDIES,"Social origins, track choices and labour-market outcomes: evidence from
the French case"
1054,1059,WOS:000669424800005,2021,LONGITUDINAL AND LIFE COURSE STUDIES,"Social origins, track choices and labour-market outcomes: evidence from
the French case"
1055,1059,WOS:000669424800005,2021,LONGITUDINAL AND LIFE COURSE STUDIES,"Social origins, track choices and labour-market outcomes: evidence from
the French case"
528,1031,WOS:000278947000003,2010,MEASUREMENT AND EVALUATION IN COUNSELING AND DEVELOPMENT,"Longitudinal Approaches to Stages of Change Measurement: Effects on
Cognitive and Behavioral Physical Activity Factors"
528,1032,WOS:000278947000003,2010,MEASUREMENT AND EVALUATION IN COUNSELING AND DEVELOPMENT,"Longitudinal Approaches to Stages of Change Measurement: Effects on
Cognitive and Behavioral Physical Activity Factors"
1031,1032,WOS:000278947000003,2010,MEASUREMENT AND EVALUATION IN COUNSELING AND DEVELOPMENT,"Longitudinal Approaches to Stages of Change Measurement: Effects on
Cognitive and Behavioral Physical Activity Factors"
1026,1027,WOS:000352104000020,2015,CHILD DEVELOPMENT,"Hope, Friends, and Subjective Well-Being: A Social Network Approach to
Peer Group Contextual Effects"
1026,1031,WOS:000352104000020,2015,CHILD DEVELOPMENT,"Hope, Friends, and Subjective Well-Being: A Social Network Approach to
Peer Group Contextual Effects"
1027,1031,WOS:000352104000020,2015,CHILD DEVELOPMENT,"Hope, Friends, and Subjective Well-Being: A Social Network Approach to
Peer Group Contextual Effects"
528,1032,WOS:000257191800001,2007,AUSTRALIAN JOURNAL OF GUIDANCE AND COUNSELLING,"Getting along with teachers and parents: The yields of good
relationsh.ips for students' achievement motivation and self-esteem"
1029,1030,WOS:000431187700001,2018,FRONTIERS IN PSYCHOLOGY,"Validating the Copenhagen Psychosocial Questionnaire (COPSOQ-II) Using
Set-ESEM: Identifying Psychosocial Risk Factors in a Sample of School
Principals"
1029,1031,WOS:000431187700001,2018,FRONTIERS IN PSYCHOLOGY,"Validating the Copenhagen Psychosocial Questionnaire (COPSOQ-II) Using
Set-ESEM: Identifying Psychosocial Risk Factors in a Sample of School
Principals"
1029,1032,WOS:000431187700001,2018,FRONTIERS IN PSYCHOLOGY,"Validating the Copenhagen Psychosocial Questionnaire (COPSOQ-II) Using
Set-ESEM: Identifying Psychosocial Risk Factors in a Sample of School
Principals"
1030,1031,WOS:000431187700001,2018,FRONTIERS IN PSYCHOLOGY,"Validating the Copenhagen Psychosocial Questionnaire (COPSOQ-II) Using
Set-ESEM: Identifying Psychosocial Risk Factors in a Sample of School
Principals"
1030,1032,WOS:000431187700001,2018,FRONTIERS IN PSYCHOLOGY,"Validating the Copenhagen Psychosocial Questionnaire (COPSOQ-II) Using
Set-ESEM: Identifying Psychosocial Risk Factors in a Sample of School
Principals"
1031,1032,WOS:000431187700001,2018,FRONTIERS IN PSYCHOLOGY,"Validating the Copenhagen Psychosocial Questionnaire (COPSOQ-II) Using
Set-ESEM: Identifying Psychosocial Risk Factors in a Sample of School
Principals"
1170,1171,WOS:000966610200001,2023,MOTIVATION AND EMOTION,"Classroom transmission processes between teacher support, interest value
and negative affect: An investigation guided by situated
expectancy-value theory and control-value theory"
1169,1171,WOS:000827383500002,2022,MOTIVATION AND EMOTION,"College Students' motivational beliefs and use of goal-oriented control
strategies: Integrating two theories of motivated behavior"
1120,1128,WOS:000432001300014,2018,INTERNATIONAL MIGRATION,"Emotional Integration across Immigrant Generations in Baden-Wurttemberg,
Germany: the Role of Discrimination"
646,881,WOS:000371147800013,2016,HUMAN RELATIONS,"Longitudinal associations between employees' beliefs about the quality
of the change management process, affective commitment to change and
psychological empowerment"
646,1031,WOS:000371147800013,2016,HUMAN RELATIONS,"Longitudinal associations between employees' beliefs about the quality
of the change management process, affective commitment to change and
psychological empowerment"
881,1031,WOS:000371147800013,2016,HUMAN RELATIONS,"Longitudinal associations between employees' beliefs about the quality
of the change management process, affective commitment to change and
psychological empowerment"
1030,1171,WOS:000454378100012,2018,CONTEMPORARY EDUCATIONAL PSYCHOLOGY,"Joint trajectories of task value in multiple subject domains: From both
variable- and pattern-centered perspectives"
528,1032,WOS:000288822900005,2011,BRITISH JOURNAL OF EDUCATIONAL PSYCHOLOGY,"Academic self-concept and academic achievement: Relations and causal
ordering"
528,1032,WOS:000249863000007,2007,LEARNING AND INDIVIDUAL DIFFERENCES,"Motivation and engagement in English, mathematics and science high
school subjects: Towards an understanding of multidimensional domain
specificity"
1079,1171,WOS:000415164600008,2017,JOURNAL OF EDUCATIONAL PSYCHOLOGY,"Ethnic Composition and Heterogeneity in the Classroom: Their Measurement
and Relationship With Student Outcomes"
528,1032,WOS:000253337900006,2008,JOURNAL OF EDUCATIONAL PSYCHOLOGY,"A multilevel perspective on gender in classroom motivation and climate:
Potential benefits of male teachers for boys?"
528,1032,WOS:000256043000006,2008,JOURNAL OF PSYCHOEDUCATIONAL ASSESSMENT,"Workplace and academic buoyancy - Psychometric assessment and construct
validity amongst school personnel and students"
528,1031,WOS:000261604500013,2008,LEARNING AND INDIVIDUAL DIFFERENCES,"Personal capacity building for the human services: The roles of
curriculum and individual differences in predicting self-concept in
college/university students"
794,1171,WOS:001598760800001,2025,CONTEMPORARY EDUCATIONAL PSYCHOLOGY,"Leveraging environmental civic science and the communal attainment value
of STEM to foster science motivation among minoritized youth"
1031,1032,WOS:000519370300007,2020,EDUCATIONAL PSYCHOLOGY REVIEW,"The Intersection of Gender, Social Class, and Cultural Context: a
Meta-Analysis"
560,1015,WOS:001120548300001,2023,JOURNAL OF PERSONALITY AND SOCIAL PSYCHOLOGY,"Age and Gender Differences in Narcissism: A Comprehensive Study Across
Eight Measures and Over 250,000 Participants"
1027,1031,WOS:000347596300021,2015,PERSONALITY AND INDIVIDUAL DIFFERENCES,"Self-compassion protects against the negative effects of low
self-esteem: A longitudinal study in a large adolescent"
1067,1134,WOS:000560417900001,2020,JOURNAL OF CROSS-CULTURAL PSYCHOLOGY,"Bullies Get Away With It, But Not Everywhere: Mental Health Sequelae of
Bullying in Chinese and German Students"
1067,1167,WOS:000560417900001,2020,JOURNAL OF CROSS-CULTURAL PSYCHOLOGY,"Bullies Get Away With It, But Not Everywhere: Mental Health Sequelae of
Bullying in Chinese and German Students"
1134,1167,WOS:000560417900001,2020,JOURNAL OF CROSS-CULTURAL PSYCHOLOGY,"Bullies Get Away With It, But Not Everywhere: Mental Health Sequelae of
Bullying in Chinese and German Students"
1026,1027,WOS:000505166600009,2020,CULTURAL DIVERSITY \& ETHNIC MINORITY PSYCHOLOGY,"Discrimination as a Frame-of-Reference Effect in Overlapping Friendship
Communities of Ethnically Diverse Youth"
1026,1031,WOS:000505166600009,2020,CULTURAL DIVERSITY \& ETHNIC MINORITY PSYCHOLOGY,"Discrimination as a Frame-of-Reference Effect in Overlapping Friendship
Communities of Ethnically Diverse Youth"
1027,1031,WOS:000505166600009,2020,CULTURAL DIVERSITY \& ETHNIC MINORITY PSYCHOLOGY,"Discrimination as a Frame-of-Reference Effect in Overlapping Friendship
Communities of Ethnically Diverse Youth"
1049,1050,WOS:000648574800001,2021,BRITISH JOURNAL OF SOCIOLOGY,"Lives on track? Long-term earnings returns to selective school placement
in England and Denmark"
949,1124,WOS:000807737000008,2020,PUBLIC OPINION QUARTERLY,Looking up Answers to Political Knowledge Questions in Web Surveys
1027,1031,WOS:000335786600031,2014,CHILD DEVELOPMENT,"Is Self-Esteem a Cause or Consequence of Social Support? A 4-Year
Longitudinal Study"
1127,1167,WOS:000314112000012,2013,CHILD DEVELOPMENT,Systems and Cascades in Cognitive Development and Academic Achievement
1026,1027,WOS:000351627500001,2015,FRONTIERS IN PSYCHOLOGY,"Empathy and nonattachment independently predict peer nominations of
prosocial behavior of adolescents"
1026,1031,WOS:000351627500001,2015,FRONTIERS IN PSYCHOLOGY,"Empathy and nonattachment independently predict peer nominations of
prosocial behavior of adolescents"
1027,1031,WOS:000351627500001,2015,FRONTIERS IN PSYCHOLOGY,"Empathy and nonattachment independently predict peer nominations of
prosocial behavior of adolescents"
794,1210,WOS:001651039400001,2025,HUMANITIES \& SOCIAL SCIENCES COMMUNICATIONS,Lay beliefs about social class and rationality
1013,1014,WOS:000260337900001,2008,POLITICAL PSYCHOLOGY,"The Secret Lives of Liberals and Conservatives: Personality Profiles,
Interaction Styles, and the Things They Leave Behind"
1056,1057,WOS:000669424800002,2021,LONGITUDINAL AND LIFE COURSE STUDIES,"Upper secondary school tracking, labour market outcomes and
intergenerational inequality in Denmark"
1046,1052,WOS:000669424800007,2021,LONGITUDINAL AND LIFE COURSE STUDIES,"Tracking in Israeli high schools: social inequality after 50 years of
educational reforms"
1049,1050,WOS:000669424800003,2021,LONGITUDINAL AND LIFE COURSE STUDIES,"The early labour-market returns to upper secondary qualifications track
in England"
1049,1050,WOS:000768002000001,2021,RESEARCH IN SOCIAL STRATIFICATION AND MOBILITY,"Does ability grouping affect UK primary school pupils' enjoyment of
Maths and English?"
1096,1098,WOS:001427414400001,2025,SOCIAL SCIENCE RESEARCH,"Ethnic minorities in disadvantaged neighborhoods: Differential effects
on educational outcomes"
1020,1103,WOS:000397304800007,2016,EUROPEAN SOCIOLOGICAL REVIEW,"Does the Selectivity of an Educational System Affect Social Inequality
in Educational Attainment? Empirical Findings for the Transition from
Primary to Secondary Level in Germany"
1046,1052,WOS:000768002000004,2021,RESEARCH IN SOCIAL STRATIFICATION AND MOBILITY,"From social origin to selective high school courses: Ability grouping as
a mechanism of securing social advantage in Israeli secondary education"
1047,1055,WOS:000620318600001,2021,RATIONALITY AND SOCIETY,Relative risk aversion models: How plausible are their assumptions?
997,1191,WOS:000771322400001,2022,INTERNATIONAL JOURNAL OF COMPUTER-SUPPORTED COLLABORATIVE LEARNING,"Adaptable scaffolding of mathematical argumentation skills: The role of
self-regulation when scaffolded with CSCL scripts and heuristic worked
examples"
954,982,WOS:000402274900004,2017,ZEITSCHRIFT FUR SOZIOLOGIE,"Income Related Inequalities in Mortality in Germany. An Empirical
Attempt to Decompose the Income-Mortality Association"
1020,1103,WOS:000353663600003,2015,ZEITSCHRIFT FUR SOZIOLOGIE,"Freedom versus Equality? The Effect of Compulsory Primary School
Recommendations on Social Inequality in Secondary Education"
1170,1171,WOS:000890098300001,2022,SEX ROLES,"Parents' Math Gender Stereotypes and Their Correlates: An Examination of
the Similarities and Differences Over the Past 25 Years"
1026,1027,WOS:000458954900001,2019,FRONTIERS IN PSYCHOLOGY,"The Upsides and Downsides of the Dark Side: A Longitudinal Study Into
the Role of Prosocial and Antisocial Strategies in Close Friendship
Formation"
1027,1031,WOS:000385195200001,2016,FRONTIERS IN PSYCHOLOGY,"Contextual Positive Psychology: Policy Recommendations for Implementing
Positive Psychology into Schools"
1013,1014,WOS:000383878900001,2016,PSYCHOLOGICAL METHODS,"Comparing the Pearson and Spearman Correlation Coefficients Across
Distributions and Sample Sizes: A Tutorial Using Simulations and
Empirical Data"
1170,1171,WOS:000945285500001,2022,HISPANIC JOURNAL OF BEHAVIORAL SCIENCES,"Disentangling Perceived Educational Support Sources and Types in
Adolescence and Latinas' Educational Attainment in Adulthood"
1031,1032,WOS:000489564800003,2019,EUROPEAN PSYCHOLOGIST,"Three Paradoxical Effects on Academic Self-Concept Across Countries,
Schools, and Students Frame-of-Reference as a Unifying Theoretical
Explanation"
1170,1171,WOS:000467447600001,2019,FRONTIERS IN PSYCHOLOGY,"Traditional Gender Role Beliefs and Career Attainment in STEM: A
Gendered Story?"
1026,1027,WOS:000370784000001,2016,FRONTIERS IN PSYCHOLOGY,"Using Genetic Algorithms in a Large Nationally Representative American
Sample to Abbreviate the Multidimensional Experiential Avoidance
Questionnaire"
1026,1031,WOS:000370784000001,2016,FRONTIERS IN PSYCHOLOGY,"Using Genetic Algorithms in a Large Nationally Representative American
Sample to Abbreviate the Multidimensional Experiential Avoidance
Questionnaire"
1027,1031,WOS:000370784000001,2016,FRONTIERS IN PSYCHOLOGY,"Using Genetic Algorithms in a Large Nationally Representative American
Sample to Abbreviate the Multidimensional Experiential Avoidance
Questionnaire"
1013,1014,WOS:000730412200014,2021,AMERICAN PSYCHOLOGIST,"Local Housing Market Dynamics Predict Rapid Shifts in Cultural Openness:
A 9-Year Study Across 199 Cities"
1013,1014,WOS:001610193800001,2026,SCANDINAVIAN JOURNAL OF PSYCHOLOGY,"Regional Personality Variation in Sweden: Trait Clusters, Links to
Health and Well-Being, and Historical Context"
1013,1014,WOS:000477766300001,2019,PSYCHOLOGISCHE RUNDSCHAU,"Reserved Northerners, Jovial Southerners, and Open Urbanites: Regional
Personality Differences in Germany"
1067,1134,WOS:000519340500004,2020,JOURNAL OF ETHNIC AND MIGRATION STUDIES,"Ethnic and cultural diversity in Europe: validating measures of ethnic
and cultural background"
1067,1134,WOS:000208550000005,2010,RESEARCH IN SOCIAL STRATIFICATION AND MOBILITY,"Nominal comparability is not enough: (In-)equivalence of construct
validity of cross-national measures of educational attainment in the
European Social Survey"
1096,1098,WOS:001336146600001,2025,EUROPEAN SOCIOLOGICAL REVIEW,How neighbourhood effects vary by achievement level
104,1137,WOS:000530037000001,2019,ZEITSCHRIFT FUR SOZIOLOGIE,Social Networks among the Long-term Unemployed and Regaining Employment
1067,1134,WOS:000252543500004,2008,EUROPEAN SOCIOLOGICAL REVIEW,"Anti-immigrant attitudes in Europe: Outgroup size and perceived ethnic
threat"
528,1032,WOS:000255721200007,2008,EDUCATIONAL AND PSYCHOLOGICAL MEASUREMENT,"Performance and mastery orientation of high school and
university/college students - A Rasch perspective"
302,1188,WOS:000576838600001,2020,FRONTIERS IN PSYCHOLOGY,"Nurses' Job Insecurity and Emotional Exhaustion: The Mediating Effect of
Presenteeism and the Moderating Effect of Supervisor Support"
328,1015,WOS:000265774700008,2009,PSYCHOLOGICAL SCIENCE,Compensatory Conscientiousness and Health in Older Couples
1206,1207,WOS:000428192900006,2018,EUROPEAN PSYCHOLOGIST,"Parenting in a New Land Immigrant Parents and the Positive Development
of Their Children and Youth"
974,976,WOS:001563988600001,2025,FRONTIERS IN PSYCHOLOGY,"The psychometric properties of the Arabic version of the Teachers'
Attitudes towards Differentiated Instructional Scale"
432,998,WOS:000508841100001,2020,FRONTIERS IN PSYCHOLOGY,"Assessing Emotion Regulation Strategies in Chile: A Spanish Language
Adaptation of the German SSKJ 3-8 Scales"
1030,1171,WOS:000437009700001,2018,FRONTIERS IN PSYCHOLOGY,"Gendered Pathways Toward STEM Careers: The Incremental Roles of Work
Value Profiles Above Academic Task Values"
417,1114,WOS:000488839300002,2019,PSYCHOLOGICAL METHODS,"Statistical Analyses for Studying Replication: Meta-Analytic
Perspectives"
1067,1134,WOS:000729100300001,2021,FRONTIERS IN PSYCHOLOGY,"A Challenge for Contrastive L1/L2 Corpus Studies: Large Inter- and
Intra-Individual Variation Across Morphological, but Not Global
Syntactic Categories in Task-Based Corpus Data of a Homogeneous L1
German Group"
265,1153,WOS:001452923500001,2025,BEHAVIORAL SCIENCES,"A Machine-Learning-Based Approach to Informing Student Admission
Decisions"
302,1188,WOS:000477997300001,2019,FRONTIERS IN PSYCHOLOGY,"The Effect of Presenteeism on Productivity Loss in Nurses: The Mediation
of Health and the Moderation of General Self-Efficacy"
1060,1171,WOS:001038347400005,2024,CURRENT PSYCHOLOGY,"Epistemic virtue in higher education: testing the mechanisms of
intellectual character development"
1188,1210,WOS:000736937200002,2023,CURRENT PSYCHOLOGY,"Cross-level effects of health-promoting leadership on nurse
presenteeism: The mediation and moderation effect of workload and
performance pressure"
1027,1031,WOS:000360911900005,2015,JOURNAL OF POSITIVE PSYCHOLOGY,"Hope and emotional well-being: A six-year study to distinguish
antecedents, correlates, and consequences"
949,1124,WOS:000532940300001,2023,SOCIOLOGICAL METHODS \& RESEARCH,Response Quality in Nonprobability and Probability-based Online Panels
1067,1134,WOS:000375706900013,2016,AGRICULTURE AND HUMAN VALUES,Increasing food sovereignty with urban agriculture in Cuba
